pathway	pathway_rn	pathway_label	kegg_reaction_id	present_model_count	absent_model_count	frequency_percent	status	model_reaction_ids_observed	present_models	absent_models
map00010	rn00010	Glycolysis / gluconeogenesis	R00014	2	85	2.3	variable	ACLSa	iCN718|iJB785	STM_v1_0|iAF1260|iAF1260b|iAF692|iAF987|iAPECO1_1312|iB21_1397|iBWG_1329|iCN900|iE2348C_1286|iEC042_1314|iEC1344_C|iEC1349_Crooks|iEC1356_Bl21DE3|iEC1364_W|iEC1368_DH5a|iEC1372_W3110|iEC55989_1330|iECABU_c1320|iECBD_1354|iECB_1328|iECDH10B_1368|iECDH1ME8569_1439|iECD_1391|iECED1_1282|iECH74115_1262|iECIAI1_1343|iECIAI39_1322|iECNA114_1301|iECO103_1326|iECO111_1330|iECO26_1355|iECOK1_1307|iECP_1309|iECS88_1305|iECSE_1348|iECSF_1327|iECSP_1301|iECUMN_1333|iECW_1372|iECs_1301|iEK1008|iEKO11_1354|iETEC_1333|iEcDH1_1363|iEcE24377_1341|iEcHS_1320|iEcSMS35_1347|iEcolC_1368|iG2583_1286|iHN637|iIT341|iJN1463|iJN678|iJN746|iJO1366|iJR904|iLF82_1304|iLJ478|iML1515|iNF517|iNJ661|iNRG857_1313|iPC815|iSB619|iSBO_1134|iSDY_1059|iSFV_1184|iSF_1195|iSFxv_1172|iSSON_1240|iS_1188|iSbBS512_1146|iSynCJ816|iUMN146_1321|iUMNK88_1353|iUTI89_1310|iWFL_1372|iY75_1357|iYL1228|iYO844|iYS1720|iYS854|iZ_1308|ic_1306
map00010	rn00010	Glycolysis / gluconeogenesis	R00199	80	7	91.95	variable	PPS	STM_v1_0|iAF1260|iAF1260b|iAF692|iAF987|iAPECO1_1312|iB21_1397|iBWG_1329|iCN718|iCN900|iE2348C_1286|iEC042_1314|iEC1344_C|iEC1349_Crooks|iEC1356_Bl21DE3|iEC1364_W|iEC1368_DH5a|iEC1372_W3110|iEC55989_1330|iECABU_c1320|iECBD_1354|iECB_1328|iECDH10B_1368|iECDH1ME8569_1439|iECD_1391|iECED1_1282|iECH74115_1262|iECIAI1_1343|iECIAI39_1322|iECNA114_1301|iECO103_1326|iECO111_1330|iECO26_1355|iECOK1_1307|iECP_1309|iECS88_1305|iECSE_1348|iECSF_1327|iECSP_1301|iECUMN_1333|iECW_1372|iECs_1301|iEKO11_1354|iETEC_1333|iEcDH1_1363|iEcE24377_1341|iEcHS_1320|iEcSMS35_1347|iEcolC_1368|iG2583_1286|iIT341|iJB785|iJN1463|iJN678|iJN746|iJO1366|iJR904|iLF82_1304|iML1515|iNRG857_1313|iPC815|iSBO_1134|iSDY_1059|iSFV_1184|iSF_1195|iSFxv_1172|iSSON_1240|iS_1188|iSbBS512_1146|iSynCJ816|iUMN146_1321|iUMNK88_1353|iUTI89_1310|iWFL_1372|iY75_1357|iYL1228|iYO844|iYS1720|iZ_1308|ic_1306	iEK1008|iHN637|iLJ478|iNF517|iNJ661|iSB619|iYS854
map00010	rn00010	Glycolysis / gluconeogenesis	R00200	85	2	97.7	variable	PYK	STM_v1_0|iAF1260|iAF1260b|iAF692|iAF987|iAPECO1_1312|iB21_1397|iBWG_1329|iCN900|iE2348C_1286|iEC042_1314|iEC1344_C|iEC1349_Crooks|iEC1356_Bl21DE3|iEC1364_W|iEC1368_DH5a|iEC1372_W3110|iEC55989_1330|iECABU_c1320|iECBD_1354|iECB_1328|iECDH10B_1368|iECDH1ME8569_1439|iECD_1391|iECED1_1282|iECH74115_1262|iECIAI1_1343|iECIAI39_1322|iECNA114_1301|iECO103_1326|iECO111_1330|iECO26_1355|iECOK1_1307|iECP_1309|iECS88_1305|iECSE_1348|iECSF_1327|iECSP_1301|iECUMN_1333|iECW_1372|iECs_1301|iEK1008|iEKO11_1354|iETEC_1333|iEcDH1_1363|iEcE24377_1341|iEcHS_1320|iEcSMS35_1347|iEcolC_1368|iG2583_1286|iHN637|iJB785|iJN1463|iJN678|iJN746|iJO1366|iJR904|iLF82_1304|iLJ478|iML1515|iNF517|iNJ661|iNRG857_1313|iPC815|iSB619|iSBO_1134|iSDY_1059|iSFV_1184|iSF_1195|iSFxv_1172|iSSON_1240|iS_1188|iSbBS512_1146|iSynCJ816|iUMN146_1321|iUMNK88_1353|iUTI89_1310|iWFL_1372|iY75_1357|iYL1228|iYO844|iYS1720|iYS854|iZ_1308|ic_1306	iCN718|iIT341
map00010	rn00010	Glycolysis / gluconeogenesis	R00206	7	80	8.05	variable	PPDK	iAF692|iAF987|iCN900|iEK1008|iHN637|iLJ478|iNJ661	STM_v1_0|iAF1260|iAF1260b|iAPECO1_1312|iB21_1397|iBWG_1329|iCN718|iE2348C_1286|iEC042_1314|iEC1344_C|iEC1349_Crooks|iEC1356_Bl21DE3|iEC1364_W|iEC1368_DH5a|iEC1372_W3110|iEC55989_1330|iECABU_c1320|iECBD_1354|iECB_1328|iECDH10B_1368|iECDH1ME8569_1439|iECD_1391|iECED1_1282|iECH74115_1262|iECIAI1_1343|iECIAI39_1322|iECNA114_1301|iECO103_1326|iECO111_1330|iECO26_1355|iECOK1_1307|iECP_1309|iECS88_1305|iECSE_1348|iECSF_1327|iECSP_1301|iECUMN_1333|iECW_1372|iECs_1301|iEKO11_1354|iETEC_1333|iEcDH1_1363|iEcE24377_1341|iEcHS_1320|iEcSMS35_1347|iEcolC_1368|iG2583_1286|iIT341|iJB785|iJN1463|iJN678|iJN746|iJO1366|iJR904|iLF82_1304|iML1515|iNF517|iNRG857_1313|iPC815|iSB619|iSBO_1134|iSDY_1059|iSFV_1184|iSF_1195|iSFxv_1172|iSSON_1240|iS_1188|iSbBS512_1146|iSynCJ816|iUMN146_1321|iUMNK88_1353|iUTI89_1310|iWFL_1372|iY75_1357|iYL1228|iYO844|iYS1720|iYS854|iZ_1308|ic_1306
map00010	rn00010	Glycolysis / gluconeogenesis	R00235	78	9	89.66	variable	ACS|ACS_1	STM_v1_0|iAF1260|iAF1260b|iAF987|iAPECO1_1312|iB21_1397|iBWG_1329|iCN718|iCN900|iE2348C_1286|iEC042_1314|iEC1344_C|iEC1349_Crooks|iEC1356_Bl21DE3|iEC1364_W|iEC1368_DH5a|iEC1372_W3110|iEC55989_1330|iECABU_c1320|iECBD_1354|iECB_1328|iECDH10B_1368|iECDH1ME8569_1439|iECD_1391|iECED1_1282|iECH74115_1262|iECIAI1_1343|iECIAI39_1322|iECNA114_1301|iECO103_1326|iECO111_1330|iECO26_1355|iECOK1_1307|iECP_1309|iECS88_1305|iECSE_1348|iECSF_1327|iECSP_1301|iECUMN_1333|iECW_1372|iECs_1301|iEK1008|iEKO11_1354|iETEC_1333|iEcDH1_1363|iEcE24377_1341|iEcHS_1320|iEcSMS35_1347|iEcolC_1368|iG2583_1286|iIT341|iJB785|iJN1463|iJN678|iJN746|iJO1366|iJR904|iLF82_1304|iML1515|iNJ661|iNRG857_1313|iPC815|iSB619|iSFV_1184|iSSON_1240|iSbBS512_1146|iSynCJ816|iUMN146_1321|iUMNK88_1353|iUTI89_1310|iWFL_1372|iY75_1357|iYL1228|iYO844|iYS1720|iYS854|iZ_1308|ic_1306	iAF692|iHN637|iLJ478|iNF517|iSBO_1134|iSDY_1059|iSF_1195|iSFxv_1172|iS_1188
map00010	rn00010	Glycolysis / gluconeogenesis	R00341	77	10	88.51	variable	PPCK	STM_v1_0|iAF1260|iAF1260b|iAF987|iAPECO1_1312|iB21_1397|iBWG_1329|iCN900|iE2348C_1286|iEC042_1314|iEC1344_C|iEC1349_Crooks|iEC1356_Bl21DE3|iEC1364_W|iEC1368_DH5a|iEC1372_W3110|iEC55989_1330|iECABU_c1320|iECBD_1354|iECB_1328|iECDH10B_1368|iECDH1ME8569_1439|iECD_1391|iECED1_1282|iECH74115_1262|iECIAI1_1343|iECIAI39_1322|iECNA114_1301|iECO103_1326|iECO111_1330|iECO26_1355|iECOK1_1307|iECP_1309|iECS88_1305|iECSE_1348|iECSF_1327|iECSP_1301|iECUMN_1333|iECW_1372|iECs_1301|iEKO11_1354|iETEC_1333|iEcDH1_1363|iEcE24377_1341|iEcHS_1320|iEcSMS35_1347|iEcolC_1368|iG2583_1286|iHN637|iJN1463|iJO1366|iJR904|iLF82_1304|iML1515|iNJ661|iNRG857_1313|iPC815|iSB619|iSBO_1134|iSDY_1059|iSFV_1184|iSF_1195|iSFxv_1172|iSSON_1240|iS_1188|iSbBS512_1146|iUMN146_1321|iUMNK88_1353|iUTI89_1310|iWFL_1372|iY75_1357|iYL1228|iYO844|iYS1720|iYS854|iZ_1308|ic_1306	iAF692|iCN718|iEK1008|iIT341|iJB785|iJN678|iJN746|iLJ478|iNF517|iSynCJ816
map00010	rn00010	Glycolysis / gluconeogenesis	R00431	4	83	4.6	variable	PEPCK_re	iAF987|iCN718|iEK1008|iNJ661	STM_v1_0|iAF1260|iAF1260b|iAF692|iAPECO1_1312|iB21_1397|iBWG_1329|iCN900|iE2348C_1286|iEC042_1314|iEC1344_C|iEC1349_Crooks|iEC1356_Bl21DE3|iEC1364_W|iEC1368_DH5a|iEC1372_W3110|iEC55989_1330|iECABU_c1320|iECBD_1354|iECB_1328|iECDH10B_1368|iECDH1ME8569_1439|iECD_1391|iECED1_1282|iECH74115_1262|iECIAI1_1343|iECIAI39_1322|iECNA114_1301|iECO103_1326|iECO111_1330|iECO26_1355|iECOK1_1307|iECP_1309|iECS88_1305|iECSE_1348|iECSF_1327|iECSP_1301|iECUMN_1333|iECW_1372|iECs_1301|iEKO11_1354|iETEC_1333|iEcDH1_1363|iEcE24377_1341|iEcHS_1320|iEcSMS35_1347|iEcolC_1368|iG2583_1286|iHN637|iIT341|iJB785|iJN1463|iJN678|iJN746|iJO1366|iJR904|iLF82_1304|iLJ478|iML1515|iNF517|iNRG857_1313|iPC815|iSB619|iSBO_1134|iSDY_1059|iSFV_1184|iSF_1195|iSFxv_1172|iSSON_1240|iS_1188|iSbBS512_1146|iSynCJ816|iUMN146_1321|iUMNK88_1353|iUTI89_1310|iWFL_1372|iY75_1357|iYL1228|iYO844|iYS1720|iYS854|iZ_1308|ic_1306
map00010	rn00010	Glycolysis / gluconeogenesis	R00658	87	0	100.0	core	ENO	STM_v1_0|iAF1260|iAF1260b|iAF692|iAF987|iAPECO1_1312|iB21_1397|iBWG_1329|iCN718|iCN900|iE2348C_1286|iEC042_1314|iEC1344_C|iEC1349_Crooks|iEC1356_Bl21DE3|iEC1364_W|iEC1368_DH5a|iEC1372_W3110|iEC55989_1330|iECABU_c1320|iECBD_1354|iECB_1328|iECDH10B_1368|iECDH1ME8569_1439|iECD_1391|iECED1_1282|iECH74115_1262|iECIAI1_1343|iECIAI39_1322|iECNA114_1301|iECO103_1326|iECO111_1330|iECO26_1355|iECOK1_1307|iECP_1309|iECS88_1305|iECSE_1348|iECSF_1327|iECSP_1301|iECUMN_1333|iECW_1372|iECs_1301|iEK1008|iEKO11_1354|iETEC_1333|iEcDH1_1363|iEcE24377_1341|iEcHS_1320|iEcSMS35_1347|iEcolC_1368|iG2583_1286|iHN637|iIT341|iJB785|iJN1463|iJN678|iJN746|iJO1366|iJR904|iLF82_1304|iLJ478|iML1515|iNF517|iNJ661|iNRG857_1313|iPC815|iSB619|iSBO_1134|iSDY_1059|iSFV_1184|iSF_1195|iSFxv_1172|iSSON_1240|iS_1188|iSbBS512_1146|iSynCJ816|iUMN146_1321|iUMNK88_1353|iUTI89_1310|iWFL_1372|iY75_1357|iYL1228|iYO844|iYS1720|iYS854|iZ_1308|ic_1306	
map00010	rn00010	Glycolysis / gluconeogenesis	R00703	11	76	12.64	variable	LDH_L	iAF692|iCN718|iCN900|iEK1008|iLJ478|iNF517|iNJ661|iPC815|iSB619|iYO844|iYS854	STM_v1_0|iAF1260|iAF1260b|iAF987|iAPECO1_1312|iB21_1397|iBWG_1329|iE2348C_1286|iEC042_1314|iEC1344_C|iEC1349_Crooks|iEC1356_Bl21DE3|iEC1364_W|iEC1368_DH5a|iEC1372_W3110|iEC55989_1330|iECABU_c1320|iECBD_1354|iECB_1328|iECDH10B_1368|iECDH1ME8569_1439|iECD_1391|iECED1_1282|iECH74115_1262|iECIAI1_1343|iECIAI39_1322|iECNA114_1301|iECO103_1326|iECO111_1330|iECO26_1355|iECOK1_1307|iECP_1309|iECS88_1305|iECSE_1348|iECSF_1327|iECSP_1301|iECUMN_1333|iECW_1372|iECs_1301|iEKO11_1354|iETEC_1333|iEcDH1_1363|iEcE24377_1341|iEcHS_1320|iEcSMS35_1347|iEcolC_1368|iG2583_1286|iHN637|iIT341|iJB785|iJN1463|iJN678|iJN746|iJO1366|iJR904|iLF82_1304|iML1515|iNRG857_1313|iSBO_1134|iSDY_1059|iSFV_1184|iSF_1195|iSFxv_1172|iSSON_1240|iS_1188|iSbBS512_1146|iSynCJ816|iUMN146_1321|iUMNK88_1353|iUTI89_1310|iWFL_1372|iY75_1357|iYL1228|iYS1720|iZ_1308|ic_1306
map00010	rn00010	Glycolysis / gluconeogenesis	R00710	67	20	77.01	variable	ALDD2x	iAF1260|iAF1260b|iAF692|iAF987|iB21_1397|iBWG_1329|iCN718|iCN900|iEC042_1314|iEC1344_C|iEC1349_Crooks|iEC1356_Bl21DE3|iEC1364_W|iEC1368_DH5a|iEC1372_W3110|iEC55989_1330|iECBD_1354|iECB_1328|iECDH10B_1368|iECDH1ME8569_1439|iECD_1391|iECH74115_1262|iECIAI1_1343|iECIAI39_1322|iECNA114_1301|iECO103_1326|iECO111_1330|iECO26_1355|iECSE_1348|iECSP_1301|iECUMN_1333|iECW_1372|iECs_1301|iEK1008|iEKO11_1354|iETEC_1333|iEcDH1_1363|iEcE24377_1341|iEcHS_1320|iEcSMS35_1347|iEcolC_1368|iG2583_1286|iJN1463|iJN678|iJN746|iJO1366|iJR904|iLF82_1304|iNJ661|iNRG857_1313|iSB619|iSBO_1134|iSDY_1059|iSFV_1184|iSF_1195|iSFxv_1172|iSSON_1240|iS_1188|iSbBS512_1146|iSynCJ816|iUMNK88_1353|iWFL_1372|iY75_1357|iYL1228|iYO844|iYS854|iZ_1308	STM_v1_0|iAPECO1_1312|iE2348C_1286|iECABU_c1320|iECED1_1282|iECOK1_1307|iECP_1309|iECS88_1305|iECSF_1327|iHN637|iIT341|iJB785|iLJ478|iML1515|iNF517|iPC815|iUMN146_1321|iUTI89_1310|iYS1720|ic_1306
map00010	rn00010	Glycolysis / gluconeogenesis	R00711	68	19	78.16	variable	ALDD2y	STM_v1_0|iAF1260|iAF1260b|iAPECO1_1312|iB21_1397|iBWG_1329|iCN718|iE2348C_1286|iEC042_1314|iEC1344_C|iEC1349_Crooks|iEC1356_Bl21DE3|iEC1364_W|iEC1368_DH5a|iEC1372_W3110|iEC55989_1330|iECABU_c1320|iECBD_1354|iECB_1328|iECDH10B_1368|iECDH1ME8569_1439|iECD_1391|iECED1_1282|iECH74115_1262|iECIAI1_1343|iECIAI39_1322|iECNA114_1301|iECO103_1326|iECO111_1330|iECO26_1355|iECOK1_1307|iECP_1309|iECS88_1305|iECSE_1348|iECSF_1327|iECSP_1301|iECUMN_1333|iECW_1372|iECs_1301|iEKO11_1354|iETEC_1333|iEcDH1_1363|iEcE24377_1341|iEcHS_1320|iEcSMS35_1347|iEcolC_1368|iG2583_1286|iJB785|iJN1463|iJO1366|iLF82_1304|iML1515|iNRG857_1313|iSBO_1134|iSFV_1184|iSF_1195|iSFxv_1172|iS_1188|iSbBS512_1146|iUMN146_1321|iUMNK88_1353|iUTI89_1310|iWFL_1372|iY75_1357|iYL1228|iYS1720|iZ_1308|ic_1306	iAF692|iAF987|iCN900|iEK1008|iHN637|iIT341|iJN678|iJN746|iJR904|iLJ478|iNF517|iNJ661|iPC815|iSB619|iSDY_1059|iSSON_1240|iSynCJ816|iYO844|iYS854
map00010	rn00010	Glycolysis / gluconeogenesis	R00726	1	86	1.15	variable	ITPOXAL	iCN718	STM_v1_0|iAF1260|iAF1260b|iAF692|iAF987|iAPECO1_1312|iB21_1397|iBWG_1329|iCN900|iE2348C_1286|iEC042_1314|iEC1344_C|iEC1349_Crooks|iEC1356_Bl21DE3|iEC1364_W|iEC1368_DH5a|iEC1372_W3110|iEC55989_1330|iECABU_c1320|iECBD_1354|iECB_1328|iECDH10B_1368|iECDH1ME8569_1439|iECD_1391|iECED1_1282|iECH74115_1262|iECIAI1_1343|iECIAI39_1322|iECNA114_1301|iECO103_1326|iECO111_1330|iECO26_1355|iECOK1_1307|iECP_1309|iECS88_1305|iECSE_1348|iECSF_1327|iECSP_1301|iECUMN_1333|iECW_1372|iECs_1301|iEK1008|iEKO11_1354|iETEC_1333|iEcDH1_1363|iEcE24377_1341|iEcHS_1320|iEcSMS35_1347|iEcolC_1368|iG2583_1286|iHN637|iIT341|iJB785|iJN1463|iJN678|iJN746|iJO1366|iJR904|iLF82_1304|iLJ478|iML1515|iNF517|iNJ661|iNRG857_1313|iPC815|iSB619|iSBO_1134|iSDY_1059|iSFV_1184|iSF_1195|iSFxv_1172|iSSON_1240|iS_1188|iSbBS512_1146|iSynCJ816|iUMN146_1321|iUMNK88_1353|iUTI89_1310|iWFL_1372|iY75_1357|iYL1228|iYO844|iYS1720|iYS854|iZ_1308|ic_1306
map00010	rn00010	Glycolysis / gluconeogenesis	R00746	6	81	6.9	variable	ALCD2y	iAF692|iHN637|iIT341|iJN678|iSynCJ816|iYO844	STM_v1_0|iAF1260|iAF1260b|iAF987|iAPECO1_1312|iB21_1397|iBWG_1329|iCN718|iCN900|iE2348C_1286|iEC042_1314|iEC1344_C|iEC1349_Crooks|iEC1356_Bl21DE3|iEC1364_W|iEC1368_DH5a|iEC1372_W3110|iEC55989_1330|iECABU_c1320|iECBD_1354|iECB_1328|iECDH10B_1368|iECDH1ME8569_1439|iECD_1391|iECED1_1282|iECH74115_1262|iECIAI1_1343|iECIAI39_1322|iECNA114_1301|iECO103_1326|iECO111_1330|iECO26_1355|iECOK1_1307|iECP_1309|iECS88_1305|iECSE_1348|iECSF_1327|iECSP_1301|iECUMN_1333|iECW_1372|iECs_1301|iEK1008|iEKO11_1354|iETEC_1333|iEcDH1_1363|iEcE24377_1341|iEcHS_1320|iEcSMS35_1347|iEcolC_1368|iG2583_1286|iJB785|iJN1463|iJN746|iJO1366|iJR904|iLF82_1304|iLJ478|iML1515|iNF517|iNJ661|iNRG857_1313|iPC815|iSB619|iSBO_1134|iSDY_1059|iSFV_1184|iSF_1195|iSFxv_1172|iSSON_1240|iS_1188|iSbBS512_1146|iUMN146_1321|iUMNK88_1353|iUTI89_1310|iWFL_1372|iY75_1357|iYL1228|iYS1720|iYS854|iZ_1308|ic_1306
map00010	rn00010	Glycolysis / gluconeogenesis	R00754	79	8	90.8	variable	ALCD2ir|ALCD2x	STM_v1_0|iAF1260|iAF1260b|iAF987|iAPECO1_1312|iB21_1397|iBWG_1329|iCN718|iCN900|iE2348C_1286|iEC042_1314|iEC1344_C|iEC1349_Crooks|iEC1356_Bl21DE3|iEC1364_W|iEC1368_DH5a|iEC1372_W3110|iEC55989_1330|iECABU_c1320|iECBD_1354|iECB_1328|iECDH10B_1368|iECDH1ME8569_1439|iECD_1391|iECED1_1282|iECH74115_1262|iECIAI1_1343|iECIAI39_1322|iECNA114_1301|iECO103_1326|iECO111_1330|iECO26_1355|iECOK1_1307|iECP_1309|iECS88_1305|iECSE_1348|iECSF_1327|iECSP_1301|iECUMN_1333|iECW_1372|iECs_1301|iEK1008|iEKO11_1354|iETEC_1333|iEcDH1_1363|iEcE24377_1341|iEcHS_1320|iEcSMS35_1347|iEcolC_1368|iG2583_1286|iHN637|iJN1463|iJN746|iJO1366|iLF82_1304|iML1515|iNF517|iNRG857_1313|iPC815|iSB619|iSBO_1134|iSDY_1059|iSFV_1184|iSF_1195|iSFxv_1172|iSSON_1240|iS_1188|iSbBS512_1146|iSynCJ816|iUMN146_1321|iUMNK88_1353|iUTI89_1310|iWFL_1372|iY75_1357|iYL1228|iYS1720|iYS854|iZ_1308|ic_1306	iAF692|iIT341|iJB785|iJN678|iJR904|iLJ478|iNJ661|iYO844
map00010	rn00010	Glycolysis / gluconeogenesis	R00755	1	86	1.15	variable	PDC	iCN718	STM_v1_0|iAF1260|iAF1260b|iAF692|iAF987|iAPECO1_1312|iB21_1397|iBWG_1329|iCN900|iE2348C_1286|iEC042_1314|iEC1344_C|iEC1349_Crooks|iEC1356_Bl21DE3|iEC1364_W|iEC1368_DH5a|iEC1372_W3110|iEC55989_1330|iECABU_c1320|iECBD_1354|iECB_1328|iECDH10B_1368|iECDH1ME8569_1439|iECD_1391|iECED1_1282|iECH74115_1262|iECIAI1_1343|iECIAI39_1322|iECNA114_1301|iECO103_1326|iECO111_1330|iECO26_1355|iECOK1_1307|iECP_1309|iECS88_1305|iECSE_1348|iECSF_1327|iECSP_1301|iECUMN_1333|iECW_1372|iECs_1301|iEK1008|iEKO11_1354|iETEC_1333|iEcDH1_1363|iEcE24377_1341|iEcHS_1320|iEcSMS35_1347|iEcolC_1368|iG2583_1286|iHN637|iIT341|iJB785|iJN1463|iJN678|iJN746|iJO1366|iJR904|iLF82_1304|iLJ478|iML1515|iNF517|iNJ661|iNRG857_1313|iPC815|iSB619|iSBO_1134|iSDY_1059|iSFV_1184|iSF_1195|iSFxv_1172|iSSON_1240|iS_1188|iSbBS512_1146|iSynCJ816|iUMN146_1321|iUMNK88_1353|iUTI89_1310|iWFL_1372|iY75_1357|iYL1228|iYO844|iYS1720|iYS854|iZ_1308|ic_1306
map00010	rn00010	Glycolysis / gluconeogenesis	R00756	82	5	94.25	variable	PFK	STM_v1_0|iAF1260|iAF1260b|iAF987|iAPECO1_1312|iB21_1397|iBWG_1329|iCN900|iE2348C_1286|iEC042_1314|iEC1344_C|iEC1349_Crooks|iEC1356_Bl21DE3|iEC1364_W|iEC1368_DH5a|iEC1372_W3110|iEC55989_1330|iECABU_c1320|iECBD_1354|iECB_1328|iECDH10B_1368|iECDH1ME8569_1439|iECD_1391|iECED1_1282|iECH74115_1262|iECIAI1_1343|iECIAI39_1322|iECNA114_1301|iECO103_1326|iECO111_1330|iECO26_1355|iECOK1_1307|iECP_1309|iECS88_1305|iECSE_1348|iECSF_1327|iECSP_1301|iECUMN_1333|iECW_1372|iECs_1301|iEK1008|iEKO11_1354|iETEC_1333|iEcDH1_1363|iEcE24377_1341|iEcHS_1320|iEcSMS35_1347|iEcolC_1368|iG2583_1286|iHN637|iJB785|iJN678|iJO1366|iJR904|iLF82_1304|iLJ478|iML1515|iNF517|iNJ661|iNRG857_1313|iPC815|iSB619|iSBO_1134|iSDY_1059|iSFV_1184|iSF_1195|iSFxv_1172|iSSON_1240|iS_1188|iSbBS512_1146|iSynCJ816|iUMN146_1321|iUMNK88_1353|iUTI89_1310|iWFL_1372|iY75_1357|iYL1228|iYO844|iYS1720|iYS854|iZ_1308|ic_1306	iAF692|iCN718|iIT341|iJN1463|iJN746
map00010	rn00010	Glycolysis / gluconeogenesis	R00762	87	0	100.0	core	FBP	STM_v1_0|iAF1260|iAF1260b|iAF692|iAF987|iAPECO1_1312|iB21_1397|iBWG_1329|iCN718|iCN900|iE2348C_1286|iEC042_1314|iEC1344_C|iEC1349_Crooks|iEC1356_Bl21DE3|iEC1364_W|iEC1368_DH5a|iEC1372_W3110|iEC55989_1330|iECABU_c1320|iECBD_1354|iECB_1328|iECDH10B_1368|iECDH1ME8569_1439|iECD_1391|iECED1_1282|iECH74115_1262|iECIAI1_1343|iECIAI39_1322|iECNA114_1301|iECO103_1326|iECO111_1330|iECO26_1355|iECOK1_1307|iECP_1309|iECS88_1305|iECSE_1348|iECSF_1327|iECSP_1301|iECUMN_1333|iECW_1372|iECs_1301|iEK1008|iEKO11_1354|iETEC_1333|iEcDH1_1363|iEcE24377_1341|iEcHS_1320|iEcSMS35_1347|iEcolC_1368|iG2583_1286|iHN637|iIT341|iJB785|iJN1463|iJN678|iJN746|iJO1366|iJR904|iLF82_1304|iLJ478|iML1515|iNF517|iNJ661|iNRG857_1313|iPC815|iSB619|iSBO_1134|iSDY_1059|iSFV_1184|iSF_1195|iSFxv_1172|iSSON_1240|iS_1188|iSbBS512_1146|iSynCJ816|iUMN146_1321|iUMNK88_1353|iUTI89_1310|iWFL_1372|iY75_1357|iYL1228|iYO844|iYS1720|iYS854|iZ_1308|ic_1306	
map00010	rn00010	Glycolysis / gluconeogenesis	R00764	1	86	1.15	variable	PFK_ppi	iLJ478	STM_v1_0|iAF1260|iAF1260b|iAF692|iAF987|iAPECO1_1312|iB21_1397|iBWG_1329|iCN718|iCN900|iE2348C_1286|iEC042_1314|iEC1344_C|iEC1349_Crooks|iEC1356_Bl21DE3|iEC1364_W|iEC1368_DH5a|iEC1372_W3110|iEC55989_1330|iECABU_c1320|iECBD_1354|iECB_1328|iECDH10B_1368|iECDH1ME8569_1439|iECD_1391|iECED1_1282|iECH74115_1262|iECIAI1_1343|iECIAI39_1322|iECNA114_1301|iECO103_1326|iECO111_1330|iECO26_1355|iECOK1_1307|iECP_1309|iECS88_1305|iECSE_1348|iECSF_1327|iECSP_1301|iECUMN_1333|iECW_1372|iECs_1301|iEK1008|iEKO11_1354|iETEC_1333|iEcDH1_1363|iEcE24377_1341|iEcHS_1320|iEcSMS35_1347|iEcolC_1368|iG2583_1286|iHN637|iIT341|iJB785|iJN1463|iJN678|iJN746|iJO1366|iJR904|iLF82_1304|iML1515|iNF517|iNJ661|iNRG857_1313|iPC815|iSB619|iSBO_1134|iSDY_1059|iSFV_1184|iSF_1195|iSFxv_1172|iSSON_1240|iS_1188|iSbBS512_1146|iSynCJ816|iUMN146_1321|iUMNK88_1353|iUTI89_1310|iWFL_1372|iY75_1357|iYL1228|iYO844|iYS1720|iYS854|iZ_1308|ic_1306
map00010	rn00010	Glycolysis / gluconeogenesis	R00959	1	86	1.15	variable		iCN900	STM_v1_0|iAF1260|iAF1260b|iAF692|iAF987|iAPECO1_1312|iB21_1397|iBWG_1329|iCN718|iE2348C_1286|iEC042_1314|iEC1344_C|iEC1349_Crooks|iEC1356_Bl21DE3|iEC1364_W|iEC1368_DH5a|iEC1372_W3110|iEC55989_1330|iECABU_c1320|iECBD_1354|iECB_1328|iECDH10B_1368|iECDH1ME8569_1439|iECD_1391|iECED1_1282|iECH74115_1262|iECIAI1_1343|iECIAI39_1322|iECNA114_1301|iECO103_1326|iECO111_1330|iECO26_1355|iECOK1_1307|iECP_1309|iECS88_1305|iECSE_1348|iECSF_1327|iECSP_1301|iECUMN_1333|iECW_1372|iECs_1301|iEK1008|iEKO11_1354|iETEC_1333|iEcDH1_1363|iEcE24377_1341|iEcHS_1320|iEcSMS35_1347|iEcolC_1368|iG2583_1286|iHN637|iIT341|iJB785|iJN1463|iJN678|iJN746|iJO1366|iJR904|iLF82_1304|iLJ478|iML1515|iNF517|iNJ661|iNRG857_1313|iPC815|iSB619|iSBO_1134|iSDY_1059|iSFV_1184|iSF_1195|iSFxv_1172|iSSON_1240|iS_1188|iSbBS512_1146|iSynCJ816|iUMN146_1321|iUMNK88_1353|iUTI89_1310|iWFL_1372|iY75_1357|iYL1228|iYO844|iYS1720|iYS854|iZ_1308|ic_1306
map00010	rn00010	Glycolysis / gluconeogenesis	R01015	87	0	100.0	core		STM_v1_0|iAF1260|iAF1260b|iAF692|iAF987|iAPECO1_1312|iB21_1397|iBWG_1329|iCN718|iCN900|iE2348C_1286|iEC042_1314|iEC1344_C|iEC1349_Crooks|iEC1356_Bl21DE3|iEC1364_W|iEC1368_DH5a|iEC1372_W3110|iEC55989_1330|iECABU_c1320|iECBD_1354|iECB_1328|iECDH10B_1368|iECDH1ME8569_1439|iECD_1391|iECED1_1282|iECH74115_1262|iECIAI1_1343|iECIAI39_1322|iECNA114_1301|iECO103_1326|iECO111_1330|iECO26_1355|iECOK1_1307|iECP_1309|iECS88_1305|iECSE_1348|iECSF_1327|iECSP_1301|iECUMN_1333|iECW_1372|iECs_1301|iEK1008|iEKO11_1354|iETEC_1333|iEcDH1_1363|iEcE24377_1341|iEcHS_1320|iEcSMS35_1347|iEcolC_1368|iG2583_1286|iHN637|iIT341|iJB785|iJN1463|iJN678|iJN746|iJO1366|iJR904|iLF82_1304|iLJ478|iML1515|iNF517|iNJ661|iNRG857_1313|iPC815|iSB619|iSBO_1134|iSDY_1059|iSFV_1184|iSF_1195|iSFxv_1172|iSSON_1240|iS_1188|iSbBS512_1146|iSynCJ816|iUMN146_1321|iUMNK88_1353|iUTI89_1310|iWFL_1372|iY75_1357|iYL1228|iYO844|iYS1720|iYS854|iZ_1308|ic_1306	
map00010	rn00010	Glycolysis / gluconeogenesis	R01061	86	1	98.85	variable		STM_v1_0|iAF1260|iAF1260b|iAF692|iAF987|iAPECO1_1312|iB21_1397|iBWG_1329|iCN718|iCN900|iE2348C_1286|iEC042_1314|iEC1344_C|iEC1349_Crooks|iEC1356_Bl21DE3|iEC1364_W|iEC1368_DH5a|iEC1372_W3110|iEC55989_1330|iECABU_c1320|iECBD_1354|iECB_1328|iECDH10B_1368|iECDH1ME8569_1439|iECD_1391|iECED1_1282|iECH74115_1262|iECIAI1_1343|iECIAI39_1322|iECNA114_1301|iECO103_1326|iECO111_1330|iECO26_1355|iECOK1_1307|iECP_1309|iECS88_1305|iECSE_1348|iECSF_1327|iECSP_1301|iECUMN_1333|iECW_1372|iECs_1301|iEK1008|iEKO11_1354|iETEC_1333|iEcDH1_1363|iEcE24377_1341|iEcHS_1320|iEcSMS35_1347|iEcolC_1368|iG2583_1286|iHN637|iIT341|iJB785|iJN1463|iJN678|iJN746|iJO1366|iJR904|iLF82_1304|iLJ478|iML1515|iNF517|iNJ661|iNRG857_1313|iPC815|iSB619|iSBO_1134|iSDY_1059|iSFV_1184|iSF_1195|iSFxv_1172|iSSON_1240|iS_1188|iSbBS512_1146|iSynCJ816|iUMN146_1321|iUMNK88_1353|iUTI89_1310|iWFL_1372|iY75_1357|iYL1228|iYO844|iYS1720|iZ_1308|ic_1306	iYS854
map00010	rn00010	Glycolysis / gluconeogenesis	R01063	7	80	8.05	variable		iAF692|iCN900|iJB785|iJN1463|iJN678|iSynCJ816|iYO844	STM_v1_0|iAF1260|iAF1260b|iAF987|iAPECO1_1312|iB21_1397|iBWG_1329|iCN718|iE2348C_1286|iEC042_1314|iEC1344_C|iEC1349_Crooks|iEC1356_Bl21DE3|iEC1364_W|iEC1368_DH5a|iEC1372_W3110|iEC55989_1330|iECABU_c1320|iECBD_1354|iECB_1328|iECDH10B_1368|iECDH1ME8569_1439|iECD_1391|iECED1_1282|iECH74115_1262|iECIAI1_1343|iECIAI39_1322|iECNA114_1301|iECO103_1326|iECO111_1330|iECO26_1355|iECOK1_1307|iECP_1309|iECS88_1305|iECSE_1348|iECSF_1327|iECSP_1301|iECUMN_1333|iECW_1372|iECs_1301|iEK1008|iEKO11_1354|iETEC_1333|iEcDH1_1363|iEcE24377_1341|iEcHS_1320|iEcSMS35_1347|iEcolC_1368|iG2583_1286|iHN637|iIT341|iJN746|iJO1366|iJR904|iLF82_1304|iLJ478|iML1515|iNF517|iNJ661|iNRG857_1313|iPC815|iSB619|iSBO_1134|iSDY_1059|iSFV_1184|iSF_1195|iSFxv_1172|iSSON_1240|iS_1188|iSbBS512_1146|iUMN146_1321|iUMNK88_1353|iUTI89_1310|iWFL_1372|iY75_1357|iYL1228|iYS1720|iYS854|iZ_1308|ic_1306
map00010	rn00010	Glycolysis / gluconeogenesis	R01068	87	0	100.0	core		STM_v1_0|iAF1260|iAF1260b|iAF692|iAF987|iAPECO1_1312|iB21_1397|iBWG_1329|iCN718|iCN900|iE2348C_1286|iEC042_1314|iEC1344_C|iEC1349_Crooks|iEC1356_Bl21DE3|iEC1364_W|iEC1368_DH5a|iEC1372_W3110|iEC55989_1330|iECABU_c1320|iECBD_1354|iECB_1328|iECDH10B_1368|iECDH1ME8569_1439|iECD_1391|iECED1_1282|iECH74115_1262|iECIAI1_1343|iECIAI39_1322|iECNA114_1301|iECO103_1326|iECO111_1330|iECO26_1355|iECOK1_1307|iECP_1309|iECS88_1305|iECSE_1348|iECSF_1327|iECSP_1301|iECUMN_1333|iECW_1372|iECs_1301|iEK1008|iEKO11_1354|iETEC_1333|iEcDH1_1363|iEcE24377_1341|iEcHS_1320|iEcSMS35_1347|iEcolC_1368|iG2583_1286|iHN637|iIT341|iJB785|iJN1463|iJN678|iJN746|iJO1366|iJR904|iLF82_1304|iLJ478|iML1515|iNF517|iNJ661|iNRG857_1313|iPC815|iSB619|iSBO_1134|iSDY_1059|iSFV_1184|iSF_1195|iSFxv_1172|iSSON_1240|iS_1188|iSbBS512_1146|iSynCJ816|iUMN146_1321|iUMNK88_1353|iUTI89_1310|iWFL_1372|iY75_1357|iYL1228|iYO844|iYS1720|iYS854|iZ_1308|ic_1306	
map00010	rn00010	Glycolysis / gluconeogenesis	R01196	3	84	3.45	variable	POR_syn	iCN900|iJN678|iSynCJ816	STM_v1_0|iAF1260|iAF1260b|iAF692|iAF987|iAPECO1_1312|iB21_1397|iBWG_1329|iCN718|iE2348C_1286|iEC042_1314|iEC1344_C|iEC1349_Crooks|iEC1356_Bl21DE3|iEC1364_W|iEC1368_DH5a|iEC1372_W3110|iEC55989_1330|iECABU_c1320|iECBD_1354|iECB_1328|iECDH10B_1368|iECDH1ME8569_1439|iECD_1391|iECED1_1282|iECH74115_1262|iECIAI1_1343|iECIAI39_1322|iECNA114_1301|iECO103_1326|iECO111_1330|iECO26_1355|iECOK1_1307|iECP_1309|iECS88_1305|iECSE_1348|iECSF_1327|iECSP_1301|iECUMN_1333|iECW_1372|iECs_1301|iEK1008|iEKO11_1354|iETEC_1333|iEcDH1_1363|iEcE24377_1341|iEcHS_1320|iEcSMS35_1347|iEcolC_1368|iG2583_1286|iHN637|iIT341|iJB785|iJN1463|iJN746|iJO1366|iJR904|iLF82_1304|iLJ478|iML1515|iNF517|iNJ661|iNRG857_1313|iPC815|iSB619|iSBO_1134|iSDY_1059|iSFV_1184|iSF_1195|iSFxv_1172|iSSON_1240|iS_1188|iSbBS512_1146|iUMN146_1321|iUMNK88_1353|iUTI89_1310|iWFL_1372|iY75_1357|iYL1228|iYO844|iYS1720|iYS854|iZ_1308|ic_1306
map00010	rn00010	Glycolysis / gluconeogenesis	R01512	87	0	100.0	core	PGK	STM_v1_0|iAF1260|iAF1260b|iAF692|iAF987|iAPECO1_1312|iB21_1397|iBWG_1329|iCN718|iCN900|iE2348C_1286|iEC042_1314|iEC1344_C|iEC1349_Crooks|iEC1356_Bl21DE3|iEC1364_W|iEC1368_DH5a|iEC1372_W3110|iEC55989_1330|iECABU_c1320|iECBD_1354|iECB_1328|iECDH10B_1368|iECDH1ME8569_1439|iECD_1391|iECED1_1282|iECH74115_1262|iECIAI1_1343|iECIAI39_1322|iECNA114_1301|iECO103_1326|iECO111_1330|iECO26_1355|iECOK1_1307|iECP_1309|iECS88_1305|iECSE_1348|iECSF_1327|iECSP_1301|iECUMN_1333|iECW_1372|iECs_1301|iEK1008|iEKO11_1354|iETEC_1333|iEcDH1_1363|iEcE24377_1341|iEcHS_1320|iEcSMS35_1347|iEcolC_1368|iG2583_1286|iHN637|iIT341|iJB785|iJN1463|iJN678|iJN746|iJO1366|iJR904|iLF82_1304|iLJ478|iML1515|iNF517|iNJ661|iNRG857_1313|iPC815|iSB619|iSBO_1134|iSDY_1059|iSFV_1184|iSF_1195|iSFxv_1172|iSSON_1240|iS_1188|iSbBS512_1146|iSynCJ816|iUMN146_1321|iUMNK88_1353|iUTI89_1310|iWFL_1372|iY75_1357|iYL1228|iYO844|iYS1720|iYS854|iZ_1308|ic_1306	
map00010	rn00010	Glycolysis / gluconeogenesis	R01518	87	0	100.0	core	PGM	STM_v1_0|iAF1260|iAF1260b|iAF692|iAF987|iAPECO1_1312|iB21_1397|iBWG_1329|iCN718|iCN900|iE2348C_1286|iEC042_1314|iEC1344_C|iEC1349_Crooks|iEC1356_Bl21DE3|iEC1364_W|iEC1368_DH5a|iEC1372_W3110|iEC55989_1330|iECABU_c1320|iECBD_1354|iECB_1328|iECDH10B_1368|iECDH1ME8569_1439|iECD_1391|iECED1_1282|iECH74115_1262|iECIAI1_1343|iECIAI39_1322|iECNA114_1301|iECO103_1326|iECO111_1330|iECO26_1355|iECOK1_1307|iECP_1309|iECS88_1305|iECSE_1348|iECSF_1327|iECSP_1301|iECUMN_1333|iECW_1372|iECs_1301|iEK1008|iEKO11_1354|iETEC_1333|iEcDH1_1363|iEcE24377_1341|iEcHS_1320|iEcSMS35_1347|iEcolC_1368|iG2583_1286|iHN637|iIT341|iJB785|iJN1463|iJN678|iJN746|iJO1366|iJR904|iLF82_1304|iLJ478|iML1515|iNF517|iNJ661|iNRG857_1313|iPC815|iSB619|iSBO_1134|iSDY_1059|iSFV_1184|iSF_1195|iSFxv_1172|iSSON_1240|iS_1188|iSbBS512_1146|iSynCJ816|iUMN146_1321|iUMNK88_1353|iUTI89_1310|iWFL_1372|iY75_1357|iYL1228|iYO844|iYS1720|iYS854|iZ_1308|ic_1306	
map00010	rn00010	Glycolysis / gluconeogenesis	R01600	3	84	3.45	variable	GLCBPP|GLUK_syn	iJN678|iSynCJ816|iYS854	STM_v1_0|iAF1260|iAF1260b|iAF692|iAF987|iAPECO1_1312|iB21_1397|iBWG_1329|iCN718|iCN900|iE2348C_1286|iEC042_1314|iEC1344_C|iEC1349_Crooks|iEC1356_Bl21DE3|iEC1364_W|iEC1368_DH5a|iEC1372_W3110|iEC55989_1330|iECABU_c1320|iECBD_1354|iECB_1328|iECDH10B_1368|iECDH1ME8569_1439|iECD_1391|iECED1_1282|iECH74115_1262|iECIAI1_1343|iECIAI39_1322|iECNA114_1301|iECO103_1326|iECO111_1330|iECO26_1355|iECOK1_1307|iECP_1309|iECS88_1305|iECSE_1348|iECSF_1327|iECSP_1301|iECUMN_1333|iECW_1372|iECs_1301|iEK1008|iEKO11_1354|iETEC_1333|iEcDH1_1363|iEcE24377_1341|iEcHS_1320|iEcSMS35_1347|iEcolC_1368|iG2583_1286|iHN637|iIT341|iJB785|iJN1463|iJN746|iJO1366|iJR904|iLF82_1304|iLJ478|iML1515|iNF517|iNJ661|iNRG857_1313|iPC815|iSB619|iSBO_1134|iSDY_1059|iSFV_1184|iSF_1195|iSFxv_1172|iSSON_1240|iS_1188|iSbBS512_1146|iUMN146_1321|iUMNK88_1353|iUTI89_1310|iWFL_1372|iY75_1357|iYL1228|iYO844|iYS1720|iZ_1308|ic_1306
map00010	rn00010	Glycolysis / gluconeogenesis	R01602	1	86	1.15	variable	GalMr	iLJ478	STM_v1_0|iAF1260|iAF1260b|iAF692|iAF987|iAPECO1_1312|iB21_1397|iBWG_1329|iCN718|iCN900|iE2348C_1286|iEC042_1314|iEC1344_C|iEC1349_Crooks|iEC1356_Bl21DE3|iEC1364_W|iEC1368_DH5a|iEC1372_W3110|iEC55989_1330|iECABU_c1320|iECBD_1354|iECB_1328|iECDH10B_1368|iECDH1ME8569_1439|iECD_1391|iECED1_1282|iECH74115_1262|iECIAI1_1343|iECIAI39_1322|iECNA114_1301|iECO103_1326|iECO111_1330|iECO26_1355|iECOK1_1307|iECP_1309|iECS88_1305|iECSE_1348|iECSF_1327|iECSP_1301|iECUMN_1333|iECW_1372|iECs_1301|iEK1008|iEKO11_1354|iETEC_1333|iEcDH1_1363|iEcE24377_1341|iEcHS_1320|iEcSMS35_1347|iEcolC_1368|iG2583_1286|iHN637|iIT341|iJB785|iJN1463|iJN678|iJN746|iJO1366|iJR904|iLF82_1304|iML1515|iNF517|iNJ661|iNRG857_1313|iPC815|iSB619|iSBO_1134|iSDY_1059|iSFV_1184|iSF_1195|iSFxv_1172|iSSON_1240|iS_1188|iSbBS512_1146|iSynCJ816|iUMN146_1321|iUMNK88_1353|iUTI89_1310|iWFL_1372|iY75_1357|iYL1228|iYO844|iYS1720|iYS854|iZ_1308|ic_1306
map00010	rn00010	Glycolysis / gluconeogenesis	R01662	2	85	2.3	variable	DPGM	iJN678|iSynCJ816	STM_v1_0|iAF1260|iAF1260b|iAF692|iAF987|iAPECO1_1312|iB21_1397|iBWG_1329|iCN718|iCN900|iE2348C_1286|iEC042_1314|iEC1344_C|iEC1349_Crooks|iEC1356_Bl21DE3|iEC1364_W|iEC1368_DH5a|iEC1372_W3110|iEC55989_1330|iECABU_c1320|iECBD_1354|iECB_1328|iECDH10B_1368|iECDH1ME8569_1439|iECD_1391|iECED1_1282|iECH74115_1262|iECIAI1_1343|iECIAI39_1322|iECNA114_1301|iECO103_1326|iECO111_1330|iECO26_1355|iECOK1_1307|iECP_1309|iECS88_1305|iECSE_1348|iECSF_1327|iECSP_1301|iECUMN_1333|iECW_1372|iECs_1301|iEK1008|iEKO11_1354|iETEC_1333|iEcDH1_1363|iEcE24377_1341|iEcHS_1320|iEcSMS35_1347|iEcolC_1368|iG2583_1286|iHN637|iIT341|iJB785|iJN1463|iJN746|iJO1366|iJR904|iLF82_1304|iLJ478|iML1515|iNF517|iNJ661|iNRG857_1313|iPC815|iSB619|iSBO_1134|iSDY_1059|iSFV_1184|iSF_1195|iSFxv_1172|iSSON_1240|iS_1188|iSbBS512_1146|iUMN146_1321|iUMNK88_1353|iUTI89_1310|iWFL_1372|iY75_1357|iYL1228|iYO844|iYS1720|iYS854|iZ_1308|ic_1306
map00010	rn00010	Glycolysis / gluconeogenesis	R01786	1	86	1.15	variable	GLUKA_1	iCN900	STM_v1_0|iAF1260|iAF1260b|iAF692|iAF987|iAPECO1_1312|iB21_1397|iBWG_1329|iCN718|iE2348C_1286|iEC042_1314|iEC1344_C|iEC1349_Crooks|iEC1356_Bl21DE3|iEC1364_W|iEC1368_DH5a|iEC1372_W3110|iEC55989_1330|iECABU_c1320|iECBD_1354|iECB_1328|iECDH10B_1368|iECDH1ME8569_1439|iECD_1391|iECED1_1282|iECH74115_1262|iECIAI1_1343|iECIAI39_1322|iECNA114_1301|iECO103_1326|iECO111_1330|iECO26_1355|iECOK1_1307|iECP_1309|iECS88_1305|iECSE_1348|iECSF_1327|iECSP_1301|iECUMN_1333|iECW_1372|iECs_1301|iEK1008|iEKO11_1354|iETEC_1333|iEcDH1_1363|iEcE24377_1341|iEcHS_1320|iEcSMS35_1347|iEcolC_1368|iG2583_1286|iHN637|iIT341|iJB785|iJN1463|iJN678|iJN746|iJO1366|iJR904|iLF82_1304|iLJ478|iML1515|iNF517|iNJ661|iNRG857_1313|iPC815|iSB619|iSBO_1134|iSDY_1059|iSFV_1184|iSF_1195|iSFxv_1172|iSSON_1240|iS_1188|iSbBS512_1146|iSynCJ816|iUMN146_1321|iUMNK88_1353|iUTI89_1310|iWFL_1372|iY75_1357|iYL1228|iYO844|iYS1720|iYS854|iZ_1308|ic_1306
map00010	rn00010	Glycolysis / gluconeogenesis	R05133	1	86	1.15	variable	AB6PGH_1	iYS854	STM_v1_0|iAF1260|iAF1260b|iAF692|iAF987|iAPECO1_1312|iB21_1397|iBWG_1329|iCN718|iCN900|iE2348C_1286|iEC042_1314|iEC1344_C|iEC1349_Crooks|iEC1356_Bl21DE3|iEC1364_W|iEC1368_DH5a|iEC1372_W3110|iEC55989_1330|iECABU_c1320|iECBD_1354|iECB_1328|iECDH10B_1368|iECDH1ME8569_1439|iECD_1391|iECED1_1282|iECH74115_1262|iECIAI1_1343|iECIAI39_1322|iECNA114_1301|iECO103_1326|iECO111_1330|iECO26_1355|iECOK1_1307|iECP_1309|iECS88_1305|iECSE_1348|iECSF_1327|iECSP_1301|iECUMN_1333|iECW_1372|iECs_1301|iEK1008|iEKO11_1354|iETEC_1333|iEcDH1_1363|iEcE24377_1341|iEcHS_1320|iEcSMS35_1347|iEcolC_1368|iG2583_1286|iHN637|iIT341|iJB785|iJN1463|iJN678|iJN746|iJO1366|iJR904|iLF82_1304|iLJ478|iML1515|iNF517|iNJ661|iNRG857_1313|iPC815|iSB619|iSBO_1134|iSDY_1059|iSFV_1184|iSF_1195|iSFxv_1172|iSSON_1240|iS_1188|iSbBS512_1146|iSynCJ816|iUMN146_1321|iUMNK88_1353|iUTI89_1310|iWFL_1372|iY75_1357|iYL1228|iYO844|iYS1720|iZ_1308|ic_1306
map00010	rn00010	Glycolysis / gluconeogenesis	R05134	1	86	1.15	variable	6PHBG2	iYS854	STM_v1_0|iAF1260|iAF1260b|iAF692|iAF987|iAPECO1_1312|iB21_1397|iBWG_1329|iCN718|iCN900|iE2348C_1286|iEC042_1314|iEC1344_C|iEC1349_Crooks|iEC1356_Bl21DE3|iEC1364_W|iEC1368_DH5a|iEC1372_W3110|iEC55989_1330|iECABU_c1320|iECBD_1354|iECB_1328|iECDH10B_1368|iECDH1ME8569_1439|iECD_1391|iECED1_1282|iECH74115_1262|iECIAI1_1343|iECIAI39_1322|iECNA114_1301|iECO103_1326|iECO111_1330|iECO26_1355|iECOK1_1307|iECP_1309|iECS88_1305|iECSE_1348|iECSF_1327|iECSP_1301|iECUMN_1333|iECW_1372|iECs_1301|iEK1008|iEKO11_1354|iETEC_1333|iEcDH1_1363|iEcE24377_1341|iEcHS_1320|iEcSMS35_1347|iEcolC_1368|iG2583_1286|iHN637|iIT341|iJB785|iJN1463|iJN678|iJN746|iJO1366|iJR904|iLF82_1304|iLJ478|iML1515|iNF517|iNJ661|iNRG857_1313|iPC815|iSB619|iSBO_1134|iSDY_1059|iSFV_1184|iSF_1195|iSFxv_1172|iSSON_1240|iS_1188|iSbBS512_1146|iSynCJ816|iUMN146_1321|iUMNK88_1353|iUTI89_1310|iWFL_1372|iY75_1357|iYL1228|iYO844|iYS1720|iZ_1308|ic_1306
map00010	rn00010	Glycolysis / gluconeogenesis	R05805	2	85	2.3	variable	PFK_adp	iAF692|iCN900	STM_v1_0|iAF1260|iAF1260b|iAF987|iAPECO1_1312|iB21_1397|iBWG_1329|iCN718|iE2348C_1286|iEC042_1314|iEC1344_C|iEC1349_Crooks|iEC1356_Bl21DE3|iEC1364_W|iEC1368_DH5a|iEC1372_W3110|iEC55989_1330|iECABU_c1320|iECBD_1354|iECB_1328|iECDH10B_1368|iECDH1ME8569_1439|iECD_1391|iECED1_1282|iECH74115_1262|iECIAI1_1343|iECIAI39_1322|iECNA114_1301|iECO103_1326|iECO111_1330|iECO26_1355|iECOK1_1307|iECP_1309|iECS88_1305|iECSE_1348|iECSF_1327|iECSP_1301|iECUMN_1333|iECW_1372|iECs_1301|iEK1008|iEKO11_1354|iETEC_1333|iEcDH1_1363|iEcE24377_1341|iEcHS_1320|iEcSMS35_1347|iEcolC_1368|iG2583_1286|iHN637|iIT341|iJB785|iJN1463|iJN678|iJN746|iJO1366|iJR904|iLF82_1304|iLJ478|iML1515|iNF517|iNJ661|iNRG857_1313|iPC815|iSB619|iSBO_1134|iSDY_1059|iSFV_1184|iSF_1195|iSFxv_1172|iSSON_1240|iS_1188|iSbBS512_1146|iSynCJ816|iUMN146_1321|iUMNK88_1353|iUTI89_1310|iWFL_1372|iY75_1357|iYL1228|iYO844|iYS1720|iYS854|iZ_1308|ic_1306
map00010	rn00010	Glycolysis / gluconeogenesis	R13199	1	86	1.15	variable	PGI1c	iCN900	STM_v1_0|iAF1260|iAF1260b|iAF692|iAF987|iAPECO1_1312|iB21_1397|iBWG_1329|iCN718|iE2348C_1286|iEC042_1314|iEC1344_C|iEC1349_Crooks|iEC1356_Bl21DE3|iEC1364_W|iEC1368_DH5a|iEC1372_W3110|iEC55989_1330|iECABU_c1320|iECBD_1354|iECB_1328|iECDH10B_1368|iECDH1ME8569_1439|iECD_1391|iECED1_1282|iECH74115_1262|iECIAI1_1343|iECIAI39_1322|iECNA114_1301|iECO103_1326|iECO111_1330|iECO26_1355|iECOK1_1307|iECP_1309|iECS88_1305|iECSE_1348|iECSF_1327|iECSP_1301|iECUMN_1333|iECW_1372|iECs_1301|iEK1008|iEKO11_1354|iETEC_1333|iEcDH1_1363|iEcE24377_1341|iEcHS_1320|iEcSMS35_1347|iEcolC_1368|iG2583_1286|iHN637|iIT341|iJB785|iJN1463|iJN678|iJN746|iJO1366|iJR904|iLF82_1304|iLJ478|iML1515|iNF517|iNJ661|iNRG857_1313|iPC815|iSB619|iSBO_1134|iSDY_1059|iSFV_1184|iSF_1195|iSFxv_1172|iSSON_1240|iS_1188|iSbBS512_1146|iSynCJ816|iUMN146_1321|iUMNK88_1353|iUTI89_1310|iWFL_1372|iY75_1357|iYL1228|iYO844|iYS1720|iYS854|iZ_1308|ic_1306
map00020	rn00020	Citrate cycle (TCA cycle)	R00014	2	85	2.3	variable	ACLSa	iCN718|iJB785	STM_v1_0|iAF1260|iAF1260b|iAF692|iAF987|iAPECO1_1312|iB21_1397|iBWG_1329|iCN900|iE2348C_1286|iEC042_1314|iEC1344_C|iEC1349_Crooks|iEC1356_Bl21DE3|iEC1364_W|iEC1368_DH5a|iEC1372_W3110|iEC55989_1330|iECABU_c1320|iECBD_1354|iECB_1328|iECDH10B_1368|iECDH1ME8569_1439|iECD_1391|iECED1_1282|iECH74115_1262|iECIAI1_1343|iECIAI39_1322|iECNA114_1301|iECO103_1326|iECO111_1330|iECO26_1355|iECOK1_1307|iECP_1309|iECS88_1305|iECSE_1348|iECSF_1327|iECSP_1301|iECUMN_1333|iECW_1372|iECs_1301|iEK1008|iEKO11_1354|iETEC_1333|iEcDH1_1363|iEcE24377_1341|iEcHS_1320|iEcSMS35_1347|iEcolC_1368|iG2583_1286|iHN637|iIT341|iJN1463|iJN678|iJN746|iJO1366|iJR904|iLF82_1304|iLJ478|iML1515|iNF517|iNJ661|iNRG857_1313|iPC815|iSB619|iSBO_1134|iSDY_1059|iSFV_1184|iSF_1195|iSFxv_1172|iSSON_1240|iS_1188|iSbBS512_1146|iSynCJ816|iUMN146_1321|iUMNK88_1353|iUTI89_1310|iWFL_1372|iY75_1357|iYL1228|iYO844|iYS1720|iYS854|iZ_1308|ic_1306
map00020	rn00020	Citrate cycle (TCA cycle)	R00268	1	86	1.15	variable	OSUCCL	iYS854	STM_v1_0|iAF1260|iAF1260b|iAF692|iAF987|iAPECO1_1312|iB21_1397|iBWG_1329|iCN718|iCN900|iE2348C_1286|iEC042_1314|iEC1344_C|iEC1349_Crooks|iEC1356_Bl21DE3|iEC1364_W|iEC1368_DH5a|iEC1372_W3110|iEC55989_1330|iECABU_c1320|iECBD_1354|iECB_1328|iECDH10B_1368|iECDH1ME8569_1439|iECD_1391|iECED1_1282|iECH74115_1262|iECIAI1_1343|iECIAI39_1322|iECNA114_1301|iECO103_1326|iECO111_1330|iECO26_1355|iECOK1_1307|iECP_1309|iECS88_1305|iECSE_1348|iECSF_1327|iECSP_1301|iECUMN_1333|iECW_1372|iECs_1301|iEK1008|iEKO11_1354|iETEC_1333|iEcDH1_1363|iEcE24377_1341|iEcHS_1320|iEcSMS35_1347|iEcolC_1368|iG2583_1286|iHN637|iIT341|iJB785|iJN1463|iJN678|iJN746|iJO1366|iJR904|iLF82_1304|iLJ478|iML1515|iNF517|iNJ661|iNRG857_1313|iPC815|iSB619|iSBO_1134|iSDY_1059|iSFV_1184|iSF_1195|iSFxv_1172|iSSON_1240|iS_1188|iSbBS512_1146|iSynCJ816|iUMN146_1321|iUMNK88_1353|iUTI89_1310|iWFL_1372|iY75_1357|iYL1228|iYO844|iYS1720|iZ_1308|ic_1306
map00020	rn00020	Citrate cycle (TCA cycle)	R00341	77	10	88.51	variable	PPCK	STM_v1_0|iAF1260|iAF1260b|iAF987|iAPECO1_1312|iB21_1397|iBWG_1329|iCN900|iE2348C_1286|iEC042_1314|iEC1344_C|iEC1349_Crooks|iEC1356_Bl21DE3|iEC1364_W|iEC1368_DH5a|iEC1372_W3110|iEC55989_1330|iECABU_c1320|iECBD_1354|iECB_1328|iECDH10B_1368|iECDH1ME8569_1439|iECD_1391|iECED1_1282|iECH74115_1262|iECIAI1_1343|iECIAI39_1322|iECNA114_1301|iECO103_1326|iECO111_1330|iECO26_1355|iECOK1_1307|iECP_1309|iECS88_1305|iECSE_1348|iECSF_1327|iECSP_1301|iECUMN_1333|iECW_1372|iECs_1301|iEKO11_1354|iETEC_1333|iEcDH1_1363|iEcE24377_1341|iEcHS_1320|iEcSMS35_1347|iEcolC_1368|iG2583_1286|iHN637|iJN1463|iJO1366|iJR904|iLF82_1304|iML1515|iNJ661|iNRG857_1313|iPC815|iSB619|iSBO_1134|iSDY_1059|iSFV_1184|iSF_1195|iSFxv_1172|iSSON_1240|iS_1188|iSbBS512_1146|iUMN146_1321|iUMNK88_1353|iUTI89_1310|iWFL_1372|iY75_1357|iYL1228|iYO844|iYS1720|iYS854|iZ_1308|ic_1306	iAF692|iCN718|iEK1008|iIT341|iJB785|iJN678|iJN746|iLJ478|iNF517|iSynCJ816
map00020	rn00020	Citrate cycle (TCA cycle)	R00342	83	4	95.4	variable	MDH	STM_v1_0|iAF1260|iAF1260b|iAF692|iAF987|iAPECO1_1312|iB21_1397|iBWG_1329|iCN718|iCN900|iE2348C_1286|iEC042_1314|iEC1344_C|iEC1349_Crooks|iEC1356_Bl21DE3|iEC1364_W|iEC1368_DH5a|iEC1372_W3110|iEC55989_1330|iECABU_c1320|iECBD_1354|iECB_1328|iECDH10B_1368|iECDH1ME8569_1439|iECD_1391|iECED1_1282|iECH74115_1262|iECIAI1_1343|iECIAI39_1322|iECNA114_1301|iECO103_1326|iECO111_1330|iECO26_1355|iECOK1_1307|iECP_1309|iECS88_1305|iECSE_1348|iECSF_1327|iECSP_1301|iECUMN_1333|iECW_1372|iECs_1301|iEK1008|iEKO11_1354|iETEC_1333|iEcDH1_1363|iEcE24377_1341|iEcHS_1320|iEcSMS35_1347|iEcolC_1368|iG2583_1286|iHN637|iJN1463|iJN678|iJN746|iJO1366|iJR904|iLF82_1304|iLJ478|iML1515|iNJ661|iNRG857_1313|iPC815|iSB619|iSBO_1134|iSDY_1059|iSFV_1184|iSF_1195|iSFxv_1172|iSSON_1240|iS_1188|iSbBS512_1146|iSynCJ816|iUMN146_1321|iUMNK88_1353|iUTI89_1310|iWFL_1372|iY75_1357|iYL1228|iYO844|iYS1720|iZ_1308|ic_1306	iIT341|iJB785|iNF517|iYS854
map00020	rn00020	Citrate cycle (TCA cycle)	R00344	13	74	14.94	variable	PC	iAF692|iAF987|iCN900|iEK1008|iHN637|iJN1463|iJN746|iLJ478|iNF517|iNJ661|iSB619|iYO844|iYS854	STM_v1_0|iAF1260|iAF1260b|iAPECO1_1312|iB21_1397|iBWG_1329|iCN718|iE2348C_1286|iEC042_1314|iEC1344_C|iEC1349_Crooks|iEC1356_Bl21DE3|iEC1364_W|iEC1368_DH5a|iEC1372_W3110|iEC55989_1330|iECABU_c1320|iECBD_1354|iECB_1328|iECDH10B_1368|iECDH1ME8569_1439|iECD_1391|iECED1_1282|iECH74115_1262|iECIAI1_1343|iECIAI39_1322|iECNA114_1301|iECO103_1326|iECO111_1330|iECO26_1355|iECOK1_1307|iECP_1309|iECS88_1305|iECSE_1348|iECSF_1327|iECSP_1301|iECUMN_1333|iECW_1372|iECs_1301|iEKO11_1354|iETEC_1333|iEcDH1_1363|iEcE24377_1341|iEcHS_1320|iEcSMS35_1347|iEcolC_1368|iG2583_1286|iIT341|iJB785|iJN678|iJO1366|iJR904|iLF82_1304|iML1515|iNRG857_1313|iPC815|iSBO_1134|iSDY_1059|iSFV_1184|iSF_1195|iSFxv_1172|iSSON_1240|iS_1188|iSbBS512_1146|iSynCJ816|iUMN146_1321|iUMNK88_1353|iUTI89_1310|iWFL_1372|iY75_1357|iYL1228|iYS1720|iZ_1308|ic_1306
map00020	rn00020	Citrate cycle (TCA cycle)	R00351	87	0	100.0	core	CS	STM_v1_0|iAF1260|iAF1260b|iAF692|iAF987|iAPECO1_1312|iB21_1397|iBWG_1329|iCN718|iCN900|iE2348C_1286|iEC042_1314|iEC1344_C|iEC1349_Crooks|iEC1356_Bl21DE3|iEC1364_W|iEC1368_DH5a|iEC1372_W3110|iEC55989_1330|iECABU_c1320|iECBD_1354|iECB_1328|iECDH10B_1368|iECDH1ME8569_1439|iECD_1391|iECED1_1282|iECH74115_1262|iECIAI1_1343|iECIAI39_1322|iECNA114_1301|iECO103_1326|iECO111_1330|iECO26_1355|iECOK1_1307|iECP_1309|iECS88_1305|iECSE_1348|iECSF_1327|iECSP_1301|iECUMN_1333|iECW_1372|iECs_1301|iEK1008|iEKO11_1354|iETEC_1333|iEcDH1_1363|iEcE24377_1341|iEcHS_1320|iEcSMS35_1347|iEcolC_1368|iG2583_1286|iHN637|iIT341|iJB785|iJN1463|iJN678|iJN746|iJO1366|iJR904|iLF82_1304|iLJ478|iML1515|iNF517|iNJ661|iNRG857_1313|iPC815|iSB619|iSBO_1134|iSDY_1059|iSFV_1184|iSF_1195|iSFxv_1172|iSSON_1240|iS_1188|iSbBS512_1146|iSynCJ816|iUMN146_1321|iUMNK88_1353|iUTI89_1310|iWFL_1372|iY75_1357|iYL1228|iYO844|iYS1720|iYS854|iZ_1308|ic_1306	
map00020	rn00020	Citrate cycle (TCA cycle)	R00352	1	86	1.15	variable	ACITL	iAF987	STM_v1_0|iAF1260|iAF1260b|iAF692|iAPECO1_1312|iB21_1397|iBWG_1329|iCN718|iCN900|iE2348C_1286|iEC042_1314|iEC1344_C|iEC1349_Crooks|iEC1356_Bl21DE3|iEC1364_W|iEC1368_DH5a|iEC1372_W3110|iEC55989_1330|iECABU_c1320|iECBD_1354|iECB_1328|iECDH10B_1368|iECDH1ME8569_1439|iECD_1391|iECED1_1282|iECH74115_1262|iECIAI1_1343|iECIAI39_1322|iECNA114_1301|iECO103_1326|iECO111_1330|iECO26_1355|iECOK1_1307|iECP_1309|iECS88_1305|iECSE_1348|iECSF_1327|iECSP_1301|iECUMN_1333|iECW_1372|iECs_1301|iEK1008|iEKO11_1354|iETEC_1333|iEcDH1_1363|iEcE24377_1341|iEcHS_1320|iEcSMS35_1347|iEcolC_1368|iG2583_1286|iHN637|iIT341|iJB785|iJN1463|iJN678|iJN746|iJO1366|iJR904|iLF82_1304|iLJ478|iML1515|iNF517|iNJ661|iNRG857_1313|iPC815|iSB619|iSBO_1134|iSDY_1059|iSFV_1184|iSF_1195|iSFxv_1172|iSSON_1240|iS_1188|iSbBS512_1146|iSynCJ816|iUMN146_1321|iUMNK88_1353|iUTI89_1310|iWFL_1372|iY75_1357|iYL1228|iYO844|iYS1720|iYS854|iZ_1308|ic_1306
map00020	rn00020	Citrate cycle (TCA cycle)	R00405	82	5	94.25	variable	SUCOAS	STM_v1_0|iAF1260|iAF1260b|iAF987|iAPECO1_1312|iB21_1397|iBWG_1329|iCN718|iCN900|iE2348C_1286|iEC042_1314|iEC1344_C|iEC1349_Crooks|iEC1356_Bl21DE3|iEC1364_W|iEC1368_DH5a|iEC1372_W3110|iEC55989_1330|iECABU_c1320|iECBD_1354|iECB_1328|iECDH10B_1368|iECDH1ME8569_1439|iECD_1391|iECED1_1282|iECH74115_1262|iECIAI1_1343|iECIAI39_1322|iECNA114_1301|iECO103_1326|iECO111_1330|iECO26_1355|iECOK1_1307|iECP_1309|iECS88_1305|iECSE_1348|iECSF_1327|iECSP_1301|iECUMN_1333|iECW_1372|iECs_1301|iEK1008|iEKO11_1354|iETEC_1333|iEcDH1_1363|iEcE24377_1341|iEcHS_1320|iEcSMS35_1347|iEcolC_1368|iG2583_1286|iJN1463|iJN678|iJN746|iJO1366|iJR904|iLF82_1304|iLJ478|iML1515|iNJ661|iNRG857_1313|iPC815|iSB619|iSBO_1134|iSDY_1059|iSFV_1184|iSF_1195|iSFxv_1172|iSSON_1240|iS_1188|iSbBS512_1146|iSynCJ816|iUMN146_1321|iUMNK88_1353|iUTI89_1310|iWFL_1372|iY75_1357|iYL1228|iYO844|iYS1720|iYS854|iZ_1308|ic_1306	iAF692|iHN637|iIT341|iJB785|iNF517
map00020	rn00020	Citrate cycle (TCA cycle)	R00431	4	83	4.6	variable	PEPCK_re	iAF987|iCN718|iEK1008|iNJ661	STM_v1_0|iAF1260|iAF1260b|iAF692|iAPECO1_1312|iB21_1397|iBWG_1329|iCN900|iE2348C_1286|iEC042_1314|iEC1344_C|iEC1349_Crooks|iEC1356_Bl21DE3|iEC1364_W|iEC1368_DH5a|iEC1372_W3110|iEC55989_1330|iECABU_c1320|iECBD_1354|iECB_1328|iECDH10B_1368|iECDH1ME8569_1439|iECD_1391|iECED1_1282|iECH74115_1262|iECIAI1_1343|iECIAI39_1322|iECNA114_1301|iECO103_1326|iECO111_1330|iECO26_1355|iECOK1_1307|iECP_1309|iECS88_1305|iECSE_1348|iECSF_1327|iECSP_1301|iECUMN_1333|iECW_1372|iECs_1301|iEKO11_1354|iETEC_1333|iEcDH1_1363|iEcE24377_1341|iEcHS_1320|iEcSMS35_1347|iEcolC_1368|iG2583_1286|iHN637|iIT341|iJB785|iJN1463|iJN678|iJN746|iJO1366|iJR904|iLF82_1304|iLJ478|iML1515|iNF517|iNRG857_1313|iPC815|iSB619|iSBO_1134|iSDY_1059|iSFV_1184|iSF_1195|iSFxv_1172|iSSON_1240|iS_1188|iSbBS512_1146|iSynCJ816|iUMN146_1321|iUMNK88_1353|iUTI89_1310|iWFL_1372|iY75_1357|iYL1228|iYO844|iYS1720|iYS854|iZ_1308|ic_1306
map00020	rn00020	Citrate cycle (TCA cycle)	R00709	2	85	2.3	variable	ICDHx	iCN900|iHN637	STM_v1_0|iAF1260|iAF1260b|iAF692|iAF987|iAPECO1_1312|iB21_1397|iBWG_1329|iCN718|iE2348C_1286|iEC042_1314|iEC1344_C|iEC1349_Crooks|iEC1356_Bl21DE3|iEC1364_W|iEC1368_DH5a|iEC1372_W3110|iEC55989_1330|iECABU_c1320|iECBD_1354|iECB_1328|iECDH10B_1368|iECDH1ME8569_1439|iECD_1391|iECED1_1282|iECH74115_1262|iECIAI1_1343|iECIAI39_1322|iECNA114_1301|iECO103_1326|iECO111_1330|iECO26_1355|iECOK1_1307|iECP_1309|iECS88_1305|iECSE_1348|iECSF_1327|iECSP_1301|iECUMN_1333|iECW_1372|iECs_1301|iEK1008|iEKO11_1354|iETEC_1333|iEcDH1_1363|iEcE24377_1341|iEcHS_1320|iEcSMS35_1347|iEcolC_1368|iG2583_1286|iIT341|iJB785|iJN1463|iJN678|iJN746|iJO1366|iJR904|iLF82_1304|iLJ478|iML1515|iNF517|iNJ661|iNRG857_1313|iPC815|iSB619|iSBO_1134|iSDY_1059|iSFV_1184|iSF_1195|iSFxv_1172|iSSON_1240|iS_1188|iSbBS512_1146|iSynCJ816|iUMN146_1321|iUMNK88_1353|iUTI89_1310|iWFL_1372|iY75_1357|iYL1228|iYO844|iYS1720|iYS854|iZ_1308|ic_1306
map00020	rn00020	Citrate cycle (TCA cycle)	R00726	1	86	1.15	variable	ITPOXAL	iCN718	STM_v1_0|iAF1260|iAF1260b|iAF692|iAF987|iAPECO1_1312|iB21_1397|iBWG_1329|iCN900|iE2348C_1286|iEC042_1314|iEC1344_C|iEC1349_Crooks|iEC1356_Bl21DE3|iEC1364_W|iEC1368_DH5a|iEC1372_W3110|iEC55989_1330|iECABU_c1320|iECBD_1354|iECB_1328|iECDH10B_1368|iECDH1ME8569_1439|iECD_1391|iECED1_1282|iECH74115_1262|iECIAI1_1343|iECIAI39_1322|iECNA114_1301|iECO103_1326|iECO111_1330|iECO26_1355|iECOK1_1307|iECP_1309|iECS88_1305|iECSE_1348|iECSF_1327|iECSP_1301|iECUMN_1333|iECW_1372|iECs_1301|iEK1008|iEKO11_1354|iETEC_1333|iEcDH1_1363|iEcE24377_1341|iEcHS_1320|iEcSMS35_1347|iEcolC_1368|iG2583_1286|iHN637|iIT341|iJB785|iJN1463|iJN678|iJN746|iJO1366|iJR904|iLF82_1304|iLJ478|iML1515|iNF517|iNJ661|iNRG857_1313|iPC815|iSB619|iSBO_1134|iSDY_1059|iSFV_1184|iSF_1195|iSFxv_1172|iSSON_1240|iS_1188|iSbBS512_1146|iSynCJ816|iUMN146_1321|iUMNK88_1353|iUTI89_1310|iWFL_1372|iY75_1357|iYL1228|iYO844|iYS1720|iYS854|iZ_1308|ic_1306
map00020	rn00020	Citrate cycle (TCA cycle)	R01082	86	1	98.85	variable	FUM	STM_v1_0|iAF1260|iAF1260b|iAF692|iAF987|iAPECO1_1312|iB21_1397|iBWG_1329|iCN718|iCN900|iE2348C_1286|iEC042_1314|iEC1344_C|iEC1349_Crooks|iEC1356_Bl21DE3|iEC1364_W|iEC1368_DH5a|iEC1372_W3110|iEC55989_1330|iECABU_c1320|iECBD_1354|iECB_1328|iECDH10B_1368|iECDH1ME8569_1439|iECD_1391|iECED1_1282|iECH74115_1262|iECIAI1_1343|iECIAI39_1322|iECNA114_1301|iECO103_1326|iECO111_1330|iECO26_1355|iECOK1_1307|iECP_1309|iECS88_1305|iECSE_1348|iECSF_1327|iECSP_1301|iECUMN_1333|iECW_1372|iECs_1301|iEK1008|iEKO11_1354|iETEC_1333|iEcDH1_1363|iEcE24377_1341|iEcHS_1320|iEcSMS35_1347|iEcolC_1368|iG2583_1286|iHN637|iIT341|iJB785|iJN1463|iJN678|iJN746|iJO1366|iJR904|iLF82_1304|iLJ478|iML1515|iNJ661|iNRG857_1313|iPC815|iSB619|iSBO_1134|iSDY_1059|iSFV_1184|iSF_1195|iSFxv_1172|iSSON_1240|iS_1188|iSbBS512_1146|iSynCJ816|iUMN146_1321|iUMNK88_1353|iUTI89_1310|iWFL_1372|iY75_1357|iYL1228|iYO844|iYS1720|iYS854|iZ_1308|ic_1306	iNF517
map00020	rn00020	Citrate cycle (TCA cycle)	R01196	3	84	3.45	variable	POR_syn	iCN900|iJN678|iSynCJ816	STM_v1_0|iAF1260|iAF1260b|iAF692|iAF987|iAPECO1_1312|iB21_1397|iBWG_1329|iCN718|iE2348C_1286|iEC042_1314|iEC1344_C|iEC1349_Crooks|iEC1356_Bl21DE3|iEC1364_W|iEC1368_DH5a|iEC1372_W3110|iEC55989_1330|iECABU_c1320|iECBD_1354|iECB_1328|iECDH10B_1368|iECDH1ME8569_1439|iECD_1391|iECED1_1282|iECH74115_1262|iECIAI1_1343|iECIAI39_1322|iECNA114_1301|iECO103_1326|iECO111_1330|iECO26_1355|iECOK1_1307|iECP_1309|iECS88_1305|iECSE_1348|iECSF_1327|iECSP_1301|iECUMN_1333|iECW_1372|iECs_1301|iEK1008|iEKO11_1354|iETEC_1333|iEcDH1_1363|iEcE24377_1341|iEcHS_1320|iEcSMS35_1347|iEcolC_1368|iG2583_1286|iHN637|iIT341|iJB785|iJN1463|iJN746|iJO1366|iJR904|iLF82_1304|iLJ478|iML1515|iNF517|iNJ661|iNRG857_1313|iPC815|iSB619|iSBO_1134|iSDY_1059|iSFV_1184|iSF_1195|iSFxv_1172|iSSON_1240|iS_1188|iSbBS512_1146|iUMN146_1321|iUMNK88_1353|iUTI89_1310|iWFL_1372|iY75_1357|iYL1228|iYO844|iYS1720|iYS854|iZ_1308|ic_1306
map00020	rn00020	Citrate cycle (TCA cycle)	R01197	1	86	1.15	variable	KGD2	iEK1008	STM_v1_0|iAF1260|iAF1260b|iAF692|iAF987|iAPECO1_1312|iB21_1397|iBWG_1329|iCN718|iCN900|iE2348C_1286|iEC042_1314|iEC1344_C|iEC1349_Crooks|iEC1356_Bl21DE3|iEC1364_W|iEC1368_DH5a|iEC1372_W3110|iEC55989_1330|iECABU_c1320|iECBD_1354|iECB_1328|iECDH10B_1368|iECDH1ME8569_1439|iECD_1391|iECED1_1282|iECH74115_1262|iECIAI1_1343|iECIAI39_1322|iECNA114_1301|iECO103_1326|iECO111_1330|iECO26_1355|iECOK1_1307|iECP_1309|iECS88_1305|iECSE_1348|iECSF_1327|iECSP_1301|iECUMN_1333|iECW_1372|iECs_1301|iEKO11_1354|iETEC_1333|iEcDH1_1363|iEcE24377_1341|iEcHS_1320|iEcSMS35_1347|iEcolC_1368|iG2583_1286|iHN637|iIT341|iJB785|iJN1463|iJN678|iJN746|iJO1366|iJR904|iLF82_1304|iLJ478|iML1515|iNF517|iNJ661|iNRG857_1313|iPC815|iSB619|iSBO_1134|iSDY_1059|iSFV_1184|iSF_1195|iSFxv_1172|iSSON_1240|iS_1188|iSbBS512_1146|iSynCJ816|iUMN146_1321|iUMNK88_1353|iUTI89_1310|iWFL_1372|iY75_1357|iYL1228|iYO844|iYS1720|iYS854|iZ_1308|ic_1306
map00020	rn00020	Citrate cycle (TCA cycle)	R01325	75	12	86.21	variable	ACONTa|ACONTa_1	STM_v1_0|iAF1260|iAF1260b|iAF987|iAPECO1_1312|iB21_1397|iBWG_1329|iCN900|iE2348C_1286|iEC042_1314|iEC1344_C|iEC1349_Crooks|iEC1356_Bl21DE3|iEC1364_W|iEC1368_DH5a|iEC1372_W3110|iEC55989_1330|iECABU_c1320|iECBD_1354|iECB_1328|iECDH10B_1368|iECDH1ME8569_1439|iECD_1391|iECED1_1282|iECH74115_1262|iECIAI1_1343|iECIAI39_1322|iECNA114_1301|iECO103_1326|iECO111_1330|iECO26_1355|iECOK1_1307|iECP_1309|iECS88_1305|iECSE_1348|iECSF_1327|iECSP_1301|iECUMN_1333|iECW_1372|iECs_1301|iEKO11_1354|iETEC_1333|iEcDH1_1363|iEcE24377_1341|iEcHS_1320|iEcSMS35_1347|iEcolC_1368|iG2583_1286|iHN637|iJN1463|iJN746|iJO1366|iLF82_1304|iML1515|iNRG857_1313|iPC815|iSBO_1134|iSDY_1059|iSFV_1184|iSF_1195|iSFxv_1172|iSSON_1240|iS_1188|iSbBS512_1146|iSynCJ816|iUMN146_1321|iUMNK88_1353|iUTI89_1310|iWFL_1372|iY75_1357|iYL1228|iYS1720|iYS854|iZ_1308|ic_1306	iAF692|iCN718|iEK1008|iIT341|iJB785|iJN678|iJR904|iLJ478|iNF517|iNJ661|iSB619|iYO844
map00020	rn00020	Citrate cycle (TCA cycle)	R01899	1	86	1.15	variable	ICITRED	iYS854	STM_v1_0|iAF1260|iAF1260b|iAF692|iAF987|iAPECO1_1312|iB21_1397|iBWG_1329|iCN718|iCN900|iE2348C_1286|iEC042_1314|iEC1344_C|iEC1349_Crooks|iEC1356_Bl21DE3|iEC1364_W|iEC1368_DH5a|iEC1372_W3110|iEC55989_1330|iECABU_c1320|iECBD_1354|iECB_1328|iECDH10B_1368|iECDH1ME8569_1439|iECD_1391|iECED1_1282|iECH74115_1262|iECIAI1_1343|iECIAI39_1322|iECNA114_1301|iECO103_1326|iECO111_1330|iECO26_1355|iECOK1_1307|iECP_1309|iECS88_1305|iECSE_1348|iECSF_1327|iECSP_1301|iECUMN_1333|iECW_1372|iECs_1301|iEK1008|iEKO11_1354|iETEC_1333|iEcDH1_1363|iEcE24377_1341|iEcHS_1320|iEcSMS35_1347|iEcolC_1368|iG2583_1286|iHN637|iIT341|iJB785|iJN1463|iJN678|iJN746|iJO1366|iJR904|iLF82_1304|iLJ478|iML1515|iNF517|iNJ661|iNRG857_1313|iPC815|iSB619|iSBO_1134|iSDY_1059|iSFV_1184|iSF_1195|iSFxv_1172|iSSON_1240|iS_1188|iSbBS512_1146|iSynCJ816|iUMN146_1321|iUMNK88_1353|iUTI89_1310|iWFL_1372|iY75_1357|iYL1228|iYO844|iYS1720|iZ_1308|ic_1306
map00020	rn00020	Citrate cycle (TCA cycle)	R01900	75	12	86.21	variable	ACONTb|ACONTb_1	STM_v1_0|iAF1260|iAF1260b|iAF987|iAPECO1_1312|iB21_1397|iBWG_1329|iCN900|iE2348C_1286|iEC042_1314|iEC1344_C|iEC1349_Crooks|iEC1356_Bl21DE3|iEC1364_W|iEC1368_DH5a|iEC1372_W3110|iEC55989_1330|iECABU_c1320|iECBD_1354|iECB_1328|iECDH10B_1368|iECDH1ME8569_1439|iECD_1391|iECED1_1282|iECH74115_1262|iECIAI1_1343|iECIAI39_1322|iECNA114_1301|iECO103_1326|iECO111_1330|iECO26_1355|iECOK1_1307|iECP_1309|iECS88_1305|iECSE_1348|iECSF_1327|iECSP_1301|iECUMN_1333|iECW_1372|iECs_1301|iEKO11_1354|iETEC_1333|iEcDH1_1363|iEcE24377_1341|iEcHS_1320|iEcSMS35_1347|iEcolC_1368|iG2583_1286|iHN637|iJN1463|iJN746|iJO1366|iLF82_1304|iML1515|iNRG857_1313|iPC815|iSBO_1134|iSDY_1059|iSFV_1184|iSF_1195|iSFxv_1172|iSSON_1240|iS_1188|iSbBS512_1146|iSynCJ816|iUMN146_1321|iUMNK88_1353|iUTI89_1310|iWFL_1372|iY75_1357|iYL1228|iYS1720|iYS854|iZ_1308|ic_1306	iAF692|iCN718|iEK1008|iIT341|iJB785|iJN678|iJR904|iLJ478|iNF517|iNJ661|iSB619|iYO844
map00020	rn00020	Citrate cycle (TCA cycle)	R10343	2	85	2.3	variable	SUCOAACTr	iAF987|iCN900	STM_v1_0|iAF1260|iAF1260b|iAF692|iAPECO1_1312|iB21_1397|iBWG_1329|iCN718|iE2348C_1286|iEC042_1314|iEC1344_C|iEC1349_Crooks|iEC1356_Bl21DE3|iEC1364_W|iEC1368_DH5a|iEC1372_W3110|iEC55989_1330|iECABU_c1320|iECBD_1354|iECB_1328|iECDH10B_1368|iECDH1ME8569_1439|iECD_1391|iECED1_1282|iECH74115_1262|iECIAI1_1343|iECIAI39_1322|iECNA114_1301|iECO103_1326|iECO111_1330|iECO26_1355|iECOK1_1307|iECP_1309|iECS88_1305|iECSE_1348|iECSF_1327|iECSP_1301|iECUMN_1333|iECW_1372|iECs_1301|iEK1008|iEKO11_1354|iETEC_1333|iEcDH1_1363|iEcE24377_1341|iEcHS_1320|iEcSMS35_1347|iEcolC_1368|iG2583_1286|iHN637|iIT341|iJB785|iJN1463|iJN678|iJN746|iJO1366|iJR904|iLF82_1304|iLJ478|iML1515|iNF517|iNJ661|iNRG857_1313|iPC815|iSB619|iSBO_1134|iSDY_1059|iSFV_1184|iSF_1195|iSFxv_1172|iSSON_1240|iS_1188|iSbBS512_1146|iSynCJ816|iUMN146_1321|iUMNK88_1353|iUTI89_1310|iWFL_1372|iY75_1357|iYL1228|iYO844|iYS1720|iYS854|iZ_1308|ic_1306
map00030	rn00030	Pentose phosphate pathway	R00756	82	5	94.25	variable	PFK	STM_v1_0|iAF1260|iAF1260b|iAF987|iAPECO1_1312|iB21_1397|iBWG_1329|iCN900|iE2348C_1286|iEC042_1314|iEC1344_C|iEC1349_Crooks|iEC1356_Bl21DE3|iEC1364_W|iEC1368_DH5a|iEC1372_W3110|iEC55989_1330|iECABU_c1320|iECBD_1354|iECB_1328|iECDH10B_1368|iECDH1ME8569_1439|iECD_1391|iECED1_1282|iECH74115_1262|iECIAI1_1343|iECIAI39_1322|iECNA114_1301|iECO103_1326|iECO111_1330|iECO26_1355|iECOK1_1307|iECP_1309|iECS88_1305|iECSE_1348|iECSF_1327|iECSP_1301|iECUMN_1333|iECW_1372|iECs_1301|iEK1008|iEKO11_1354|iETEC_1333|iEcDH1_1363|iEcE24377_1341|iEcHS_1320|iEcSMS35_1347|iEcolC_1368|iG2583_1286|iHN637|iJB785|iJN678|iJO1366|iJR904|iLF82_1304|iLJ478|iML1515|iNF517|iNJ661|iNRG857_1313|iPC815|iSB619|iSBO_1134|iSDY_1059|iSFV_1184|iSF_1195|iSFxv_1172|iSSON_1240|iS_1188|iSbBS512_1146|iSynCJ816|iUMN146_1321|iUMNK88_1353|iUTI89_1310|iWFL_1372|iY75_1357|iYL1228|iYO844|iYS1720|iYS854|iZ_1308|ic_1306	iAF692|iCN718|iIT341|iJN1463|iJN746
map00030	rn00030	Pentose phosphate pathway	R00762	87	0	100.0	core	FBP	STM_v1_0|iAF1260|iAF1260b|iAF692|iAF987|iAPECO1_1312|iB21_1397|iBWG_1329|iCN718|iCN900|iE2348C_1286|iEC042_1314|iEC1344_C|iEC1349_Crooks|iEC1356_Bl21DE3|iEC1364_W|iEC1368_DH5a|iEC1372_W3110|iEC55989_1330|iECABU_c1320|iECBD_1354|iECB_1328|iECDH10B_1368|iECDH1ME8569_1439|iECD_1391|iECED1_1282|iECH74115_1262|iECIAI1_1343|iECIAI39_1322|iECNA114_1301|iECO103_1326|iECO111_1330|iECO26_1355|iECOK1_1307|iECP_1309|iECS88_1305|iECSE_1348|iECSF_1327|iECSP_1301|iECUMN_1333|iECW_1372|iECs_1301|iEK1008|iEKO11_1354|iETEC_1333|iEcDH1_1363|iEcE24377_1341|iEcHS_1320|iEcSMS35_1347|iEcolC_1368|iG2583_1286|iHN637|iIT341|iJB785|iJN1463|iJN678|iJN746|iJO1366|iJR904|iLF82_1304|iLJ478|iML1515|iNF517|iNJ661|iNRG857_1313|iPC815|iSB619|iSBO_1134|iSDY_1059|iSFV_1184|iSF_1195|iSFxv_1172|iSSON_1240|iS_1188|iSbBS512_1146|iSynCJ816|iUMN146_1321|iUMNK88_1353|iUTI89_1310|iWFL_1372|iY75_1357|iYL1228|iYO844|iYS1720|iYS854|iZ_1308|ic_1306	
map00030	rn00030	Pentose phosphate pathway	R00764	1	86	1.15	variable	PFK_ppi	iLJ478	STM_v1_0|iAF1260|iAF1260b|iAF692|iAF987|iAPECO1_1312|iB21_1397|iBWG_1329|iCN718|iCN900|iE2348C_1286|iEC042_1314|iEC1344_C|iEC1349_Crooks|iEC1356_Bl21DE3|iEC1364_W|iEC1368_DH5a|iEC1372_W3110|iEC55989_1330|iECABU_c1320|iECBD_1354|iECB_1328|iECDH10B_1368|iECDH1ME8569_1439|iECD_1391|iECED1_1282|iECH74115_1262|iECIAI1_1343|iECIAI39_1322|iECNA114_1301|iECO103_1326|iECO111_1330|iECO26_1355|iECOK1_1307|iECP_1309|iECS88_1305|iECSE_1348|iECSF_1327|iECSP_1301|iECUMN_1333|iECW_1372|iECs_1301|iEK1008|iEKO11_1354|iETEC_1333|iEcDH1_1363|iEcE24377_1341|iEcHS_1320|iEcSMS35_1347|iEcolC_1368|iG2583_1286|iHN637|iIT341|iJB785|iJN1463|iJN678|iJN746|iJO1366|iJR904|iLF82_1304|iML1515|iNF517|iNJ661|iNRG857_1313|iPC815|iSB619|iSBO_1134|iSDY_1059|iSFV_1184|iSF_1195|iSFxv_1172|iSSON_1240|iS_1188|iSbBS512_1146|iSynCJ816|iUMN146_1321|iUMNK88_1353|iUTI89_1310|iWFL_1372|iY75_1357|iYL1228|iYO844|iYS1720|iYS854|iZ_1308|ic_1306
map00030	rn00030	Pentose phosphate pathway	R01049	87	0	100.0	core	PRPPS	STM_v1_0|iAF1260|iAF1260b|iAF692|iAF987|iAPECO1_1312|iB21_1397|iBWG_1329|iCN718|iCN900|iE2348C_1286|iEC042_1314|iEC1344_C|iEC1349_Crooks|iEC1356_Bl21DE3|iEC1364_W|iEC1368_DH5a|iEC1372_W3110|iEC55989_1330|iECABU_c1320|iECBD_1354|iECB_1328|iECDH10B_1368|iECDH1ME8569_1439|iECD_1391|iECED1_1282|iECH74115_1262|iECIAI1_1343|iECIAI39_1322|iECNA114_1301|iECO103_1326|iECO111_1330|iECO26_1355|iECOK1_1307|iECP_1309|iECS88_1305|iECSE_1348|iECSF_1327|iECSP_1301|iECUMN_1333|iECW_1372|iECs_1301|iEK1008|iEKO11_1354|iETEC_1333|iEcDH1_1363|iEcE24377_1341|iEcHS_1320|iEcSMS35_1347|iEcolC_1368|iG2583_1286|iHN637|iIT341|iJB785|iJN1463|iJN678|iJN746|iJO1366|iJR904|iLF82_1304|iLJ478|iML1515|iNF517|iNJ661|iNRG857_1313|iPC815|iSB619|iSBO_1134|iSDY_1059|iSFV_1184|iSF_1195|iSFxv_1172|iSSON_1240|iS_1188|iSbBS512_1146|iSynCJ816|iUMN146_1321|iUMNK88_1353|iUTI89_1310|iWFL_1372|iY75_1357|iYL1228|iYO844|iYS1720|iYS854|iZ_1308|ic_1306	
map00030	rn00030	Pentose phosphate pathway	R01051	82	5	94.25	variable	RBK	STM_v1_0|iAF1260|iAF1260b|iAF692|iAF987|iAPECO1_1312|iB21_1397|iBWG_1329|iCN900|iE2348C_1286|iEC042_1314|iEC1344_C|iEC1349_Crooks|iEC1356_Bl21DE3|iEC1368_DH5a|iEC1372_W3110|iEC55989_1330|iECABU_c1320|iECBD_1354|iECB_1328|iECDH10B_1368|iECDH1ME8569_1439|iECD_1391|iECED1_1282|iECH74115_1262|iECIAI1_1343|iECIAI39_1322|iECNA114_1301|iECO103_1326|iECO111_1330|iECO26_1355|iECOK1_1307|iECP_1309|iECS88_1305|iECSE_1348|iECSF_1327|iECSP_1301|iECUMN_1333|iECW_1372|iECs_1301|iEK1008|iETEC_1333|iEcDH1_1363|iEcE24377_1341|iEcHS_1320|iEcSMS35_1347|iEcolC_1368|iG2583_1286|iHN637|iJN1463|iJN678|iJN746|iJO1366|iJR904|iLF82_1304|iLJ478|iML1515|iNF517|iNJ661|iNRG857_1313|iPC815|iSB619|iSBO_1134|iSDY_1059|iSFV_1184|iSF_1195|iSFxv_1172|iSSON_1240|iS_1188|iSbBS512_1146|iSynCJ816|iUMN146_1321|iUMNK88_1353|iUTI89_1310|iWFL_1372|iY75_1357|iYL1228|iYO844|iYS1720|iYS854|iZ_1308|ic_1306	iCN718|iEC1364_W|iEKO11_1354|iIT341|iJB785
map00030	rn00030	Pentose phosphate pathway	R01056	87	0	100.0	core	RPI	STM_v1_0|iAF1260|iAF1260b|iAF692|iAF987|iAPECO1_1312|iB21_1397|iBWG_1329|iCN718|iCN900|iE2348C_1286|iEC042_1314|iEC1344_C|iEC1349_Crooks|iEC1356_Bl21DE3|iEC1364_W|iEC1368_DH5a|iEC1372_W3110|iEC55989_1330|iECABU_c1320|iECBD_1354|iECB_1328|iECDH10B_1368|iECDH1ME8569_1439|iECD_1391|iECED1_1282|iECH74115_1262|iECIAI1_1343|iECIAI39_1322|iECNA114_1301|iECO103_1326|iECO111_1330|iECO26_1355|iECOK1_1307|iECP_1309|iECS88_1305|iECSE_1348|iECSF_1327|iECSP_1301|iECUMN_1333|iECW_1372|iECs_1301|iEK1008|iEKO11_1354|iETEC_1333|iEcDH1_1363|iEcE24377_1341|iEcHS_1320|iEcSMS35_1347|iEcolC_1368|iG2583_1286|iHN637|iIT341|iJB785|iJN1463|iJN678|iJN746|iJO1366|iJR904|iLF82_1304|iLJ478|iML1515|iNF517|iNJ661|iNRG857_1313|iPC815|iSB619|iSBO_1134|iSDY_1059|iSFV_1184|iSF_1195|iSFxv_1172|iSSON_1240|iS_1188|iSbBS512_1146|iSynCJ816|iUMN146_1321|iUMNK88_1353|iUTI89_1310|iWFL_1372|iY75_1357|iYL1228|iYO844|iYS1720|iYS854|iZ_1308|ic_1306	
map00030	rn00030	Pentose phosphate pathway	R01057	83	4	95.4	variable	PPM	STM_v1_0|iAF1260|iAF1260b|iAF987|iAPECO1_1312|iB21_1397|iBWG_1329|iCN718|iCN900|iE2348C_1286|iEC042_1314|iEC1344_C|iEC1349_Crooks|iEC1356_Bl21DE3|iEC1364_W|iEC1368_DH5a|iEC1372_W3110|iEC55989_1330|iECABU_c1320|iECBD_1354|iECB_1328|iECDH10B_1368|iECDH1ME8569_1439|iECD_1391|iECED1_1282|iECH74115_1262|iECIAI1_1343|iECIAI39_1322|iECNA114_1301|iECO103_1326|iECO111_1330|iECO26_1355|iECOK1_1307|iECP_1309|iECS88_1305|iECSE_1348|iECSF_1327|iECSP_1301|iECUMN_1333|iECW_1372|iECs_1301|iEKO11_1354|iETEC_1333|iEcDH1_1363|iEcE24377_1341|iEcHS_1320|iEcSMS35_1347|iEcolC_1368|iG2583_1286|iHN637|iIT341|iJN1463|iJN678|iJN746|iJO1366|iJR904|iLF82_1304|iLJ478|iML1515|iNF517|iNRG857_1313|iPC815|iSB619|iSBO_1134|iSDY_1059|iSFV_1184|iSF_1195|iSFxv_1172|iSSON_1240|iS_1188|iSbBS512_1146|iSynCJ816|iUMN146_1321|iUMNK88_1353|iUTI89_1310|iWFL_1372|iY75_1357|iYL1228|iYO844|iYS1720|iYS854|iZ_1308|ic_1306	iAF692|iEK1008|iJB785|iNJ661
map00030	rn00030	Pentose phosphate pathway	R01066	81	6	93.1	variable		STM_v1_0|iAF1260|iAF1260b|iAPECO1_1312|iB21_1397|iBWG_1329|iCN718|iCN900|iE2348C_1286|iEC042_1314|iEC1344_C|iEC1349_Crooks|iEC1356_Bl21DE3|iEC1364_W|iEC1368_DH5a|iEC1372_W3110|iEC55989_1330|iECABU_c1320|iECBD_1354|iECB_1328|iECDH10B_1368|iECDH1ME8569_1439|iECD_1391|iECED1_1282|iECH74115_1262|iECIAI1_1343|iECIAI39_1322|iECNA114_1301|iECO103_1326|iECO111_1330|iECO26_1355|iECOK1_1307|iECP_1309|iECS88_1305|iECSE_1348|iECSF_1327|iECSP_1301|iECUMN_1333|iECW_1372|iECs_1301|iEK1008|iEKO11_1354|iETEC_1333|iEcDH1_1363|iEcE24377_1341|iEcHS_1320|iEcSMS35_1347|iEcolC_1368|iG2583_1286|iHN637|iJN678|iJO1366|iJR904|iLF82_1304|iLJ478|iML1515|iNF517|iNJ661|iNRG857_1313|iPC815|iSB619|iSBO_1134|iSDY_1059|iSFV_1184|iSF_1195|iSFxv_1172|iSSON_1240|iS_1188|iSbBS512_1146|iSynCJ816|iUMN146_1321|iUMNK88_1353|iUTI89_1310|iWFL_1372|iY75_1357|iYL1228|iYO844|iYS1720|iYS854|iZ_1308|ic_1306	iAF692|iAF987|iIT341|iJB785|iJN1463|iJN746
map00030	rn00030	Pentose phosphate pathway	R01067	87	0	100.0	core		STM_v1_0|iAF1260|iAF1260b|iAF692|iAF987|iAPECO1_1312|iB21_1397|iBWG_1329|iCN718|iCN900|iE2348C_1286|iEC042_1314|iEC1344_C|iEC1349_Crooks|iEC1356_Bl21DE3|iEC1364_W|iEC1368_DH5a|iEC1372_W3110|iEC55989_1330|iECABU_c1320|iECBD_1354|iECB_1328|iECDH10B_1368|iECDH1ME8569_1439|iECD_1391|iECED1_1282|iECH74115_1262|iECIAI1_1343|iECIAI39_1322|iECNA114_1301|iECO103_1326|iECO111_1330|iECO26_1355|iECOK1_1307|iECP_1309|iECS88_1305|iECSE_1348|iECSF_1327|iECSP_1301|iECUMN_1333|iECW_1372|iECs_1301|iEK1008|iEKO11_1354|iETEC_1333|iEcDH1_1363|iEcE24377_1341|iEcHS_1320|iEcSMS35_1347|iEcolC_1368|iG2583_1286|iHN637|iIT341|iJB785|iJN1463|iJN678|iJN746|iJO1366|iJR904|iLF82_1304|iLJ478|iML1515|iNF517|iNJ661|iNRG857_1313|iPC815|iSB619|iSBO_1134|iSDY_1059|iSFV_1184|iSF_1195|iSFxv_1172|iSSON_1240|iS_1188|iSbBS512_1146|iSynCJ816|iUMN146_1321|iUMNK88_1353|iUTI89_1310|iWFL_1372|iY75_1357|iYL1228|iYO844|iYS1720|iYS854|iZ_1308|ic_1306	
map00030	rn00030	Pentose phosphate pathway	R01068	87	0	100.0	core		STM_v1_0|iAF1260|iAF1260b|iAF692|iAF987|iAPECO1_1312|iB21_1397|iBWG_1329|iCN718|iCN900|iE2348C_1286|iEC042_1314|iEC1344_C|iEC1349_Crooks|iEC1356_Bl21DE3|iEC1364_W|iEC1368_DH5a|iEC1372_W3110|iEC55989_1330|iECABU_c1320|iECBD_1354|iECB_1328|iECDH10B_1368|iECDH1ME8569_1439|iECD_1391|iECED1_1282|iECH74115_1262|iECIAI1_1343|iECIAI39_1322|iECNA114_1301|iECO103_1326|iECO111_1330|iECO26_1355|iECOK1_1307|iECP_1309|iECS88_1305|iECSE_1348|iECSF_1327|iECSP_1301|iECUMN_1333|iECW_1372|iECs_1301|iEK1008|iEKO11_1354|iETEC_1333|iEcDH1_1363|iEcE24377_1341|iEcHS_1320|iEcSMS35_1347|iEcolC_1368|iG2583_1286|iHN637|iIT341|iJB785|iJN1463|iJN678|iJN746|iJO1366|iJR904|iLF82_1304|iLJ478|iML1515|iNF517|iNJ661|iNRG857_1313|iPC815|iSB619|iSBO_1134|iSDY_1059|iSFV_1184|iSF_1195|iSFxv_1172|iSSON_1240|iS_1188|iSbBS512_1146|iSynCJ816|iUMN146_1321|iUMNK88_1353|iUTI89_1310|iWFL_1372|iY75_1357|iYL1228|iYO844|iYS1720|iYS854|iZ_1308|ic_1306	
map00030	rn00030	Pentose phosphate pathway	R01528	85	2	97.7	variable	GND	STM_v1_0|iAF1260|iAF1260b|iAF987|iAPECO1_1312|iB21_1397|iBWG_1329|iCN900|iE2348C_1286|iEC042_1314|iEC1344_C|iEC1349_Crooks|iEC1356_Bl21DE3|iEC1364_W|iEC1368_DH5a|iEC1372_W3110|iEC55989_1330|iECABU_c1320|iECBD_1354|iECB_1328|iECDH10B_1368|iECDH1ME8569_1439|iECD_1391|iECED1_1282|iECH74115_1262|iECIAI1_1343|iECIAI39_1322|iECNA114_1301|iECO103_1326|iECO111_1330|iECO26_1355|iECOK1_1307|iECP_1309|iECS88_1305|iECSE_1348|iECSF_1327|iECSP_1301|iECUMN_1333|iECW_1372|iECs_1301|iEK1008|iEKO11_1354|iETEC_1333|iEcDH1_1363|iEcE24377_1341|iEcHS_1320|iEcSMS35_1347|iEcolC_1368|iG2583_1286|iHN637|iIT341|iJB785|iJN1463|iJN678|iJN746|iJO1366|iJR904|iLF82_1304|iLJ478|iML1515|iNF517|iNJ661|iNRG857_1313|iPC815|iSB619|iSBO_1134|iSDY_1059|iSFV_1184|iSF_1195|iSFxv_1172|iSSON_1240|iS_1188|iSbBS512_1146|iSynCJ816|iUMN146_1321|iUMNK88_1353|iUTI89_1310|iWFL_1372|iY75_1357|iYL1228|iYO844|iYS1720|iYS854|iZ_1308|ic_1306	iAF692|iCN718
map00030	rn00030	Pentose phosphate pathway	R01529	87	0	100.0	core	RPE	STM_v1_0|iAF1260|iAF1260b|iAF692|iAF987|iAPECO1_1312|iB21_1397|iBWG_1329|iCN718|iCN900|iE2348C_1286|iEC042_1314|iEC1344_C|iEC1349_Crooks|iEC1356_Bl21DE3|iEC1364_W|iEC1368_DH5a|iEC1372_W3110|iEC55989_1330|iECABU_c1320|iECBD_1354|iECB_1328|iECDH10B_1368|iECDH1ME8569_1439|iECD_1391|iECED1_1282|iECH74115_1262|iECIAI1_1343|iECIAI39_1322|iECNA114_1301|iECO103_1326|iECO111_1330|iECO26_1355|iECOK1_1307|iECP_1309|iECS88_1305|iECSE_1348|iECSF_1327|iECSP_1301|iECUMN_1333|iECW_1372|iECs_1301|iEK1008|iEKO11_1354|iETEC_1333|iEcDH1_1363|iEcE24377_1341|iEcHS_1320|iEcSMS35_1347|iEcolC_1368|iG2583_1286|iHN637|iIT341|iJB785|iJN1463|iJN678|iJN746|iJO1366|iJR904|iLF82_1304|iLJ478|iML1515|iNF517|iNJ661|iNRG857_1313|iPC815|iSB619|iSBO_1134|iSDY_1059|iSFV_1184|iSF_1195|iSFxv_1172|iSSON_1240|iS_1188|iSbBS512_1146|iSynCJ816|iUMN146_1321|iUMNK88_1353|iUTI89_1310|iWFL_1372|iY75_1357|iYL1228|iYO844|iYS1720|iYS854|iZ_1308|ic_1306	
map00030	rn00030	Pentose phosphate pathway	R01541	73	14	83.91	variable	DDGLK	STM_v1_0|iAF1260|iAF1260b|iAPECO1_1312|iB21_1397|iBWG_1329|iCN900|iE2348C_1286|iEC042_1314|iEC1344_C|iEC1349_Crooks|iEC1356_Bl21DE3|iEC1364_W|iEC1368_DH5a|iEC1372_W3110|iEC55989_1330|iECABU_c1320|iECBD_1354|iECB_1328|iECDH10B_1368|iECDH1ME8569_1439|iECD_1391|iECED1_1282|iECH74115_1262|iECIAI1_1343|iECIAI39_1322|iECNA114_1301|iECO103_1326|iECO111_1330|iECO26_1355|iECOK1_1307|iECP_1309|iECS88_1305|iECSE_1348|iECSF_1327|iECSP_1301|iECUMN_1333|iECW_1372|iECs_1301|iEKO11_1354|iETEC_1333|iEcDH1_1363|iEcE24377_1341|iEcHS_1320|iEcSMS35_1347|iEcolC_1368|iG2583_1286|iJN1463|iJO1366|iJR904|iLF82_1304|iLJ478|iML1515|iNRG857_1313|iPC815|iSBO_1134|iSFV_1184|iSF_1195|iSFxv_1172|iSSON_1240|iS_1188|iSbBS512_1146|iUMN146_1321|iUMNK88_1353|iUTI89_1310|iWFL_1372|iY75_1357|iYL1228|iYO844|iYS1720|iYS854|iZ_1308|ic_1306	iAF692|iAF987|iCN718|iEK1008|iHN637|iIT341|iJB785|iJN678|iJN746|iNF517|iNJ661|iSB619|iSDY_1059|iSynCJ816
map00030	rn00030	Pentose phosphate pathway	R01737	79	8	90.8	variable	GNK|GNK_1|GNKr	STM_v1_0|iAF1260|iAF1260b|iAPECO1_1312|iB21_1397|iBWG_1329|iCN718|iCN900|iE2348C_1286|iEC042_1314|iEC1344_C|iEC1349_Crooks|iEC1356_Bl21DE3|iEC1364_W|iEC1368_DH5a|iEC1372_W3110|iEC55989_1330|iECABU_c1320|iECBD_1354|iECB_1328|iECDH10B_1368|iECDH1ME8569_1439|iECD_1391|iECED1_1282|iECH74115_1262|iECIAI1_1343|iECIAI39_1322|iECNA114_1301|iECO103_1326|iECO111_1330|iECO26_1355|iECOK1_1307|iECP_1309|iECS88_1305|iECSE_1348|iECSF_1327|iECSP_1301|iECUMN_1333|iECW_1372|iECs_1301|iEKO11_1354|iETEC_1333|iEcDH1_1363|iEcE24377_1341|iEcHS_1320|iEcSMS35_1347|iEcolC_1368|iG2583_1286|iHN637|iJN1463|iJN746|iJO1366|iJR904|iLF82_1304|iLJ478|iML1515|iNF517|iNRG857_1313|iPC815|iSB619|iSBO_1134|iSDY_1059|iSFV_1184|iSF_1195|iSFxv_1172|iSSON_1240|iS_1188|iSbBS512_1146|iUMN146_1321|iUMNK88_1353|iUTI89_1310|iWFL_1372|iY75_1357|iYL1228|iYO844|iYS1720|iYS854|iZ_1308|ic_1306	iAF692|iAF987|iEK1008|iIT341|iJB785|iJN678|iNJ661|iSynCJ816
map00030	rn00030	Pentose phosphate pathway	R01739	13	74	14.94	variable	2DGLCNRy	STM_v1_0|iAF1260|iAF1260b|iEC1344_C|iEC1349_Crooks|iEC1356_Bl21DE3|iEC1364_W|iEC1368_DH5a|iEC1372_W3110|iJR904|iPC815|iYL1228|iYS1720	iAF692|iAF987|iAPECO1_1312|iB21_1397|iBWG_1329|iCN718|iCN900|iE2348C_1286|iEC042_1314|iEC55989_1330|iECABU_c1320|iECBD_1354|iECB_1328|iECDH10B_1368|iECDH1ME8569_1439|iECD_1391|iECED1_1282|iECH74115_1262|iECIAI1_1343|iECIAI39_1322|iECNA114_1301|iECO103_1326|iECO111_1330|iECO26_1355|iECOK1_1307|iECP_1309|iECS88_1305|iECSE_1348|iECSF_1327|iECSP_1301|iECUMN_1333|iECW_1372|iECs_1301|iEK1008|iEKO11_1354|iETEC_1333|iEcDH1_1363|iEcE24377_1341|iEcHS_1320|iEcSMS35_1347|iEcolC_1368|iG2583_1286|iHN637|iIT341|iJB785|iJN1463|iJN678|iJN746|iJO1366|iLF82_1304|iLJ478|iML1515|iNF517|iNJ661|iNRG857_1313|iSB619|iSBO_1134|iSDY_1059|iSFV_1184|iSF_1195|iSFxv_1172|iSSON_1240|iS_1188|iSbBS512_1146|iSynCJ816|iUMN146_1321|iUMNK88_1353|iUTI89_1310|iWFL_1372|iY75_1357|iYO844|iYS854|iZ_1308|ic_1306
map00030	rn00030	Pentose phosphate pathway	R02034	3	84	3.45	variable	PGLCNDH|PGLCNDH_1	iEC1364_W|iJN1463|iJN746	STM_v1_0|iAF1260|iAF1260b|iAF692|iAF987|iAPECO1_1312|iB21_1397|iBWG_1329|iCN718|iCN900|iE2348C_1286|iEC042_1314|iEC1344_C|iEC1349_Crooks|iEC1356_Bl21DE3|iEC1368_DH5a|iEC1372_W3110|iEC55989_1330|iECABU_c1320|iECBD_1354|iECB_1328|iECDH10B_1368|iECDH1ME8569_1439|iECD_1391|iECED1_1282|iECH74115_1262|iECIAI1_1343|iECIAI39_1322|iECNA114_1301|iECO103_1326|iECO111_1330|iECO26_1355|iECOK1_1307|iECP_1309|iECS88_1305|iECSE_1348|iECSF_1327|iECSP_1301|iECUMN_1333|iECW_1372|iECs_1301|iEK1008|iEKO11_1354|iETEC_1333|iEcDH1_1363|iEcE24377_1341|iEcHS_1320|iEcSMS35_1347|iEcolC_1368|iG2583_1286|iHN637|iIT341|iJB785|iJN678|iJO1366|iJR904|iLF82_1304|iLJ478|iML1515|iNF517|iNJ661|iNRG857_1313|iPC815|iSB619|iSBO_1134|iSDY_1059|iSFV_1184|iSF_1195|iSFxv_1172|iSSON_1240|iS_1188|iSbBS512_1146|iSynCJ816|iUMN146_1321|iUMNK88_1353|iUTI89_1310|iWFL_1372|iY75_1357|iYL1228|iYO844|iYS1720|iYS854|iZ_1308|ic_1306
map00030	rn00030	Pentose phosphate pathway	R02035	79	8	90.8	variable	PGL	STM_v1_0|iAF1260|iAF1260b|iAF987|iAPECO1_1312|iBWG_1329|iCN900|iE2348C_1286|iEC042_1314|iEC1344_C|iEC1349_Crooks|iEC1364_W|iEC1368_DH5a|iEC1372_W3110|iEC55989_1330|iECABU_c1320|iECB_1328|iECDH10B_1368|iECDH1ME8569_1439|iECED1_1282|iECH74115_1262|iECIAI1_1343|iECIAI39_1322|iECNA114_1301|iECO103_1326|iECO111_1330|iECO26_1355|iECOK1_1307|iECP_1309|iECS88_1305|iECSE_1348|iECSF_1327|iECSP_1301|iECUMN_1333|iECW_1372|iECs_1301|iEK1008|iEKO11_1354|iETEC_1333|iEcDH1_1363|iEcE24377_1341|iEcHS_1320|iEcSMS35_1347|iEcolC_1368|iG2583_1286|iIT341|iJB785|iJN1463|iJN678|iJN746|iJO1366|iJR904|iLF82_1304|iLJ478|iML1515|iNF517|iNJ661|iNRG857_1313|iPC815|iSBO_1134|iSDY_1059|iSFV_1184|iSF_1195|iSFxv_1172|iSSON_1240|iS_1188|iSbBS512_1146|iSynCJ816|iUMN146_1321|iUMNK88_1353|iUTI89_1310|iWFL_1372|iY75_1357|iYL1228|iYO844|iYS1720|iYS854|iZ_1308|ic_1306	iAF692|iB21_1397|iCN718|iEC1356_Bl21DE3|iECBD_1354|iECD_1391|iHN637|iSB619
map00030	rn00030	Pentose phosphate pathway	R02036	75	12	86.21	variable	EDD	STM_v1_0|iAF1260|iAF1260b|iAPECO1_1312|iB21_1397|iBWG_1329|iCN718|iCN900|iE2348C_1286|iEC042_1314|iEC1344_C|iEC1349_Crooks|iEC1356_Bl21DE3|iEC1364_W|iEC1368_DH5a|iEC1372_W3110|iEC55989_1330|iECABU_c1320|iECBD_1354|iECB_1328|iECDH10B_1368|iECDH1ME8569_1439|iECD_1391|iECED1_1282|iECH74115_1262|iECIAI1_1343|iECIAI39_1322|iECNA114_1301|iECO103_1326|iECO111_1330|iECO26_1355|iECOK1_1307|iECP_1309|iECS88_1305|iECSE_1348|iECSF_1327|iECSP_1301|iECUMN_1333|iECW_1372|iECs_1301|iEKO11_1354|iETEC_1333|iEcDH1_1363|iEcE24377_1341|iEcHS_1320|iEcSMS35_1347|iEcolC_1368|iG2583_1286|iIT341|iJN1463|iJN746|iJO1366|iJR904|iLF82_1304|iLJ478|iML1515|iNRG857_1313|iPC815|iSBO_1134|iSDY_1059|iSFV_1184|iSF_1195|iSFxv_1172|iSSON_1240|iS_1188|iSbBS512_1146|iUMN146_1321|iUMNK88_1353|iUTI89_1310|iWFL_1372|iY75_1357|iYL1228|iYS1720|iZ_1308|ic_1306	iAF692|iAF987|iEK1008|iHN637|iJB785|iJN678|iNF517|iNJ661|iSB619|iSynCJ816|iYO844|iYS854
map00030	rn00030	Pentose phosphate pathway	R02658	2	85	2.3	variable	2DHGLCK	iJN1463|iJN746	STM_v1_0|iAF1260|iAF1260b|iAF692|iAF987|iAPECO1_1312|iB21_1397|iBWG_1329|iCN718|iCN900|iE2348C_1286|iEC042_1314|iEC1344_C|iEC1349_Crooks|iEC1356_Bl21DE3|iEC1364_W|iEC1368_DH5a|iEC1372_W3110|iEC55989_1330|iECABU_c1320|iECBD_1354|iECB_1328|iECDH10B_1368|iECDH1ME8569_1439|iECD_1391|iECED1_1282|iECH74115_1262|iECIAI1_1343|iECIAI39_1322|iECNA114_1301|iECO103_1326|iECO111_1330|iECO26_1355|iECOK1_1307|iECP_1309|iECS88_1305|iECSE_1348|iECSF_1327|iECSP_1301|iECUMN_1333|iECW_1372|iECs_1301|iEK1008|iEKO11_1354|iETEC_1333|iEcDH1_1363|iEcE24377_1341|iEcHS_1320|iEcSMS35_1347|iEcolC_1368|iG2583_1286|iHN637|iIT341|iJB785|iJN678|iJO1366|iJR904|iLF82_1304|iLJ478|iML1515|iNF517|iNJ661|iNRG857_1313|iPC815|iSB619|iSBO_1134|iSDY_1059|iSFV_1184|iSF_1195|iSFxv_1172|iSSON_1240|iS_1188|iSbBS512_1146|iSynCJ816|iUMN146_1321|iUMNK88_1353|iUTI89_1310|iWFL_1372|iY75_1357|iYL1228|iYO844|iYS1720|iYS854|iZ_1308|ic_1306
map00030	rn00030	Pentose phosphate pathway	R02736	5	82	5.75	variable	G6PBDH	iJN1463|iJN678|iJN746|iSynCJ816|iYS854	STM_v1_0|iAF1260|iAF1260b|iAF692|iAF987|iAPECO1_1312|iB21_1397|iBWG_1329|iCN718|iCN900|iE2348C_1286|iEC042_1314|iEC1344_C|iEC1349_Crooks|iEC1356_Bl21DE3|iEC1364_W|iEC1368_DH5a|iEC1372_W3110|iEC55989_1330|iECABU_c1320|iECBD_1354|iECB_1328|iECDH10B_1368|iECDH1ME8569_1439|iECD_1391|iECED1_1282|iECH74115_1262|iECIAI1_1343|iECIAI39_1322|iECNA114_1301|iECO103_1326|iECO111_1330|iECO26_1355|iECOK1_1307|iECP_1309|iECS88_1305|iECSE_1348|iECSF_1327|iECSP_1301|iECUMN_1333|iECW_1372|iECs_1301|iEK1008|iEKO11_1354|iETEC_1333|iEcDH1_1363|iEcE24377_1341|iEcHS_1320|iEcSMS35_1347|iEcolC_1368|iG2583_1286|iHN637|iIT341|iJB785|iJO1366|iJR904|iLF82_1304|iLJ478|iML1515|iNF517|iNJ661|iNRG857_1313|iPC815|iSB619|iSBO_1134|iSDY_1059|iSFV_1184|iSF_1195|iSFxv_1172|iSSON_1240|iS_1188|iSbBS512_1146|iUMN146_1321|iUMNK88_1353|iUTI89_1310|iWFL_1372|iY75_1357|iYL1228|iYO844|iYS1720|iZ_1308|ic_1306
map00030	rn00030	Pentose phosphate pathway	R02749	77	10	88.51	variable	PPM2	STM_v1_0|iAF1260|iAF1260b|iAPECO1_1312|iB21_1397|iBWG_1329|iCN718|iE2348C_1286|iEC042_1314|iEC1344_C|iEC1349_Crooks|iEC1356_Bl21DE3|iEC1364_W|iEC1368_DH5a|iEC1372_W3110|iEC55989_1330|iECABU_c1320|iECBD_1354|iECB_1328|iECDH10B_1368|iECDH1ME8569_1439|iECD_1391|iECED1_1282|iECH74115_1262|iECIAI1_1343|iECIAI39_1322|iECNA114_1301|iECO103_1326|iECO111_1330|iECO26_1355|iECOK1_1307|iECP_1309|iECS88_1305|iECSE_1348|iECSF_1327|iECSP_1301|iECUMN_1333|iECW_1372|iECs_1301|iEKO11_1354|iETEC_1333|iEcDH1_1363|iEcE24377_1341|iEcHS_1320|iEcSMS35_1347|iEcolC_1368|iG2583_1286|iHN637|iIT341|iJO1366|iJR904|iLF82_1304|iLJ478|iML1515|iNF517|iNRG857_1313|iPC815|iSB619|iSBO_1134|iSDY_1059|iSFV_1184|iSF_1195|iSFxv_1172|iSSON_1240|iS_1188|iSbBS512_1146|iUMN146_1321|iUMNK88_1353|iUTI89_1310|iWFL_1372|iY75_1357|iYL1228|iYO844|iYS1720|iYS854|iZ_1308|ic_1306	iAF692|iAF987|iCN900|iEK1008|iJB785|iJN1463|iJN678|iJN746|iNJ661|iSynCJ816
map00030	rn00030	Pentose phosphate pathway	R02750	20	67	22.99	variable	DRBK|DRBK_1	STM_v1_0|iCN900|iEC042_1314|iEC55989_1330|iECABU_c1320|iECED1_1282|iECNA114_1301|iECP_1309|iECSF_1327|iEK1008|iETEC_1333|iJN678|iLJ478|iNF517|iSB619|iSynCJ816|iYO844|iYS1720|iYS854|ic_1306	iAF1260|iAF1260b|iAF692|iAF987|iAPECO1_1312|iB21_1397|iBWG_1329|iCN718|iE2348C_1286|iEC1344_C|iEC1349_Crooks|iEC1356_Bl21DE3|iEC1364_W|iEC1368_DH5a|iEC1372_W3110|iECBD_1354|iECB_1328|iECDH10B_1368|iECDH1ME8569_1439|iECD_1391|iECH74115_1262|iECIAI1_1343|iECIAI39_1322|iECO103_1326|iECO111_1330|iECO26_1355|iECOK1_1307|iECS88_1305|iECSE_1348|iECSP_1301|iECUMN_1333|iECW_1372|iECs_1301|iEKO11_1354|iEcDH1_1363|iEcE24377_1341|iEcHS_1320|iEcSMS35_1347|iEcolC_1368|iG2583_1286|iHN637|iIT341|iJB785|iJN1463|iJN746|iJO1366|iJR904|iLF82_1304|iML1515|iNJ661|iNRG857_1313|iPC815|iSBO_1134|iSDY_1059|iSFV_1184|iSF_1195|iSFxv_1172|iSSON_1240|iS_1188|iSbBS512_1146|iUMN146_1321|iUMNK88_1353|iUTI89_1310|iWFL_1372|iY75_1357|iYL1228|iZ_1308
map00030	rn00030	Pentose phosphate pathway	R05605	79	8	90.8	variable		STM_v1_0|iAF1260|iAF1260b|iAPECO1_1312|iB21_1397|iBWG_1329|iCN718|iCN900|iE2348C_1286|iEC042_1314|iEC1344_C|iEC1349_Crooks|iEC1356_Bl21DE3|iEC1364_W|iEC1368_DH5a|iEC1372_W3110|iEC55989_1330|iECABU_c1320|iECBD_1354|iECB_1328|iECDH10B_1368|iECDH1ME8569_1439|iECD_1391|iECED1_1282|iECH74115_1262|iECIAI1_1343|iECIAI39_1322|iECNA114_1301|iECO103_1326|iECO111_1330|iECO26_1355|iECOK1_1307|iECP_1309|iECS88_1305|iECSE_1348|iECSF_1327|iECSP_1301|iECUMN_1333|iECW_1372|iECs_1301|iEKO11_1354|iETEC_1333|iEcDH1_1363|iEcE24377_1341|iEcHS_1320|iEcSMS35_1347|iEcolC_1368|iG2583_1286|iHN637|iIT341|iJN1463|iJN746|iJO1366|iJR904|iLF82_1304|iLJ478|iML1515|iNF517|iNRG857_1313|iPC815|iSBO_1134|iSDY_1059|iSFV_1184|iSF_1195|iSFxv_1172|iSSON_1240|iS_1188|iSbBS512_1146|iUMN146_1321|iUMNK88_1353|iUTI89_1310|iWFL_1372|iY75_1357|iYL1228|iYO844|iYS1720|iYS854|iZ_1308|ic_1306	iAF692|iAF987|iEK1008|iJB785|iJN678|iNJ661|iSB619|iSynCJ816
map00030	rn00030	Pentose phosphate pathway	R05805	2	85	2.3	variable	PFK_adp	iAF692|iCN900	STM_v1_0|iAF1260|iAF1260b|iAF987|iAPECO1_1312|iB21_1397|iBWG_1329|iCN718|iE2348C_1286|iEC042_1314|iEC1344_C|iEC1349_Crooks|iEC1356_Bl21DE3|iEC1364_W|iEC1368_DH5a|iEC1372_W3110|iEC55989_1330|iECABU_c1320|iECBD_1354|iECB_1328|iECDH10B_1368|iECDH1ME8569_1439|iECD_1391|iECED1_1282|iECH74115_1262|iECIAI1_1343|iECIAI39_1322|iECNA114_1301|iECO103_1326|iECO111_1330|iECO26_1355|iECOK1_1307|iECP_1309|iECS88_1305|iECSE_1348|iECSF_1327|iECSP_1301|iECUMN_1333|iECW_1372|iECs_1301|iEK1008|iEKO11_1354|iETEC_1333|iEcDH1_1363|iEcE24377_1341|iEcHS_1320|iEcSMS35_1347|iEcolC_1368|iG2583_1286|iHN637|iIT341|iJB785|iJN1463|iJN678|iJN746|iJO1366|iJR904|iLF82_1304|iLJ478|iML1515|iNF517|iNJ661|iNRG857_1313|iPC815|iSB619|iSBO_1134|iSDY_1059|iSFV_1184|iSF_1195|iSFxv_1172|iSSON_1240|iS_1188|iSbBS512_1146|iSynCJ816|iUMN146_1321|iUMNK88_1353|iUTI89_1310|iWFL_1372|iY75_1357|iYL1228|iYO844|iYS1720|iYS854|iZ_1308|ic_1306
map00030	rn00030	Pentose phosphate pathway	R06836	63	24	72.41	variable	R15BPK	iAF1260|iAF1260b|iAPECO1_1312|iB21_1397|iBWG_1329|iE2348C_1286|iEC042_1314|iEC1344_C|iEC1349_Crooks|iEC1356_Bl21DE3|iEC1364_W|iEC1368_DH5a|iEC1372_W3110|iEC55989_1330|iECABU_c1320|iECBD_1354|iECB_1328|iECDH10B_1368|iECDH1ME8569_1439|iECD_1391|iECED1_1282|iECH74115_1262|iECIAI1_1343|iECIAI39_1322|iECNA114_1301|iECO103_1326|iECO111_1330|iECO26_1355|iECOK1_1307|iECP_1309|iECS88_1305|iECSE_1348|iECSF_1327|iECSP_1301|iECUMN_1333|iECW_1372|iECs_1301|iEKO11_1354|iETEC_1333|iEcDH1_1363|iEcE24377_1341|iEcHS_1320|iEcSMS35_1347|iEcolC_1368|iG2583_1286|iJN1463|iJN746|iJO1366|iLF82_1304|iML1515|iNRG857_1313|iPC815|iSBO_1134|iSDY_1059|iSSON_1240|iUMN146_1321|iUMNK88_1353|iUTI89_1310|iWFL_1372|iY75_1357|iYL1228|iZ_1308|ic_1306	STM_v1_0|iAF692|iAF987|iCN718|iCN900|iEK1008|iHN637|iIT341|iJB785|iJN678|iJR904|iLJ478|iNF517|iNJ661|iSB619|iSFV_1184|iSF_1195|iSFxv_1172|iS_1188|iSbBS512_1146|iSynCJ816|iYO844|iYS1720|iYS854
map00030	rn00030	Pentose phosphate pathway	R08572	71	16	81.61	variable	GLYCK2	STM_v1_0|iAF1260|iAF1260b|iAPECO1_1312|iB21_1397|iBWG_1329|iCN900|iE2348C_1286|iEC042_1314|iEC1344_C|iEC1349_Crooks|iEC1356_Bl21DE3|iEC1364_W|iEC1368_DH5a|iEC1372_W3110|iEC55989_1330|iECABU_c1320|iECBD_1354|iECB_1328|iECDH10B_1368|iECDH1ME8569_1439|iECD_1391|iECED1_1282|iECH74115_1262|iECIAI1_1343|iECIAI39_1322|iECNA114_1301|iECO103_1326|iECO111_1330|iECO26_1355|iECOK1_1307|iECP_1309|iECS88_1305|iECSE_1348|iECSF_1327|iECSP_1301|iECUMN_1333|iECW_1372|iECs_1301|iEKO11_1354|iETEC_1333|iEcDH1_1363|iEcE24377_1341|iEcHS_1320|iEcSMS35_1347|iEcolC_1368|iG2583_1286|iJO1366|iLF82_1304|iLJ478|iML1515|iNRG857_1313|iPC815|iSBO_1134|iSDY_1059|iSFV_1184|iSF_1195|iSFxv_1172|iSSON_1240|iS_1188|iSbBS512_1146|iSynCJ816|iUMN146_1321|iUMNK88_1353|iUTI89_1310|iWFL_1372|iY75_1357|iYL1228|iYS1720|iZ_1308|ic_1306	iAF692|iAF987|iCN718|iEK1008|iHN637|iIT341|iJB785|iJN1463|iJN678|iJN746|iJR904|iNF517|iNJ661|iSB619|iYO844|iYS854
map00030	rn00030	Pentose phosphate pathway	R08575	86	1	98.85	variable		STM_v1_0|iAF1260|iAF1260b|iAF692|iAF987|iAPECO1_1312|iB21_1397|iBWG_1329|iCN718|iCN900|iE2348C_1286|iEC042_1314|iEC1344_C|iEC1349_Crooks|iEC1356_Bl21DE3|iEC1364_W|iEC1368_DH5a|iEC1372_W3110|iEC55989_1330|iECABU_c1320|iECBD_1354|iECB_1328|iECDH10B_1368|iECDH1ME8569_1439|iECD_1391|iECED1_1282|iECH74115_1262|iECIAI1_1343|iECIAI39_1322|iECNA114_1301|iECO103_1326|iECO111_1330|iECO26_1355|iECOK1_1307|iECP_1309|iECS88_1305|iECSE_1348|iECSF_1327|iECSP_1301|iECUMN_1333|iECW_1372|iECs_1301|iEK1008|iEKO11_1354|iETEC_1333|iEcDH1_1363|iEcE24377_1341|iEcHS_1320|iEcSMS35_1347|iEcolC_1368|iG2583_1286|iHN637|iIT341|iJB785|iJN1463|iJN678|iJN746|iJO1366|iJR904|iLF82_1304|iLJ478|iML1515|iNJ661|iNRG857_1313|iPC815|iSB619|iSBO_1134|iSDY_1059|iSFV_1184|iSF_1195|iSFxv_1172|iSSON_1240|iS_1188|iSbBS512_1146|iSynCJ816|iUMN146_1321|iUMNK88_1353|iUTI89_1310|iWFL_1372|iY75_1357|iYL1228|iYO844|iYS1720|iYS854|iZ_1308|ic_1306	iNF517
map00030	rn00030	Pentose phosphate pathway	R10555	1	86	1.15	variable		iAF692	STM_v1_0|iAF1260|iAF1260b|iAF987|iAPECO1_1312|iB21_1397|iBWG_1329|iCN718|iCN900|iE2348C_1286|iEC042_1314|iEC1344_C|iEC1349_Crooks|iEC1356_Bl21DE3|iEC1364_W|iEC1368_DH5a|iEC1372_W3110|iEC55989_1330|iECABU_c1320|iECBD_1354|iECB_1328|iECDH10B_1368|iECDH1ME8569_1439|iECD_1391|iECED1_1282|iECH74115_1262|iECIAI1_1343|iECIAI39_1322|iECNA114_1301|iECO103_1326|iECO111_1330|iECO26_1355|iECOK1_1307|iECP_1309|iECS88_1305|iECSE_1348|iECSF_1327|iECSP_1301|iECUMN_1333|iECW_1372|iECs_1301|iEK1008|iEKO11_1354|iETEC_1333|iEcDH1_1363|iEcE24377_1341|iEcHS_1320|iEcSMS35_1347|iEcolC_1368|iG2583_1286|iHN637|iIT341|iJB785|iJN1463|iJN678|iJN746|iJO1366|iJR904|iLF82_1304|iLJ478|iML1515|iNF517|iNJ661|iNRG857_1313|iPC815|iSB619|iSBO_1134|iSDY_1059|iSFV_1184|iSF_1195|iSFxv_1172|iSSON_1240|iS_1188|iSbBS512_1146|iSynCJ816|iUMN146_1321|iUMNK88_1353|iUTI89_1310|iWFL_1372|iY75_1357|iYL1228|iYO844|iYS1720|iYS854|iZ_1308|ic_1306
map00030	rn00030	Pentose phosphate pathway	R10615	1	86	1.15	variable	GLYALDDy	iJB785	STM_v1_0|iAF1260|iAF1260b|iAF692|iAF987|iAPECO1_1312|iB21_1397|iBWG_1329|iCN718|iCN900|iE2348C_1286|iEC042_1314|iEC1344_C|iEC1349_Crooks|iEC1356_Bl21DE3|iEC1364_W|iEC1368_DH5a|iEC1372_W3110|iEC55989_1330|iECABU_c1320|iECBD_1354|iECB_1328|iECDH10B_1368|iECDH1ME8569_1439|iECD_1391|iECED1_1282|iECH74115_1262|iECIAI1_1343|iECIAI39_1322|iECNA114_1301|iECO103_1326|iECO111_1330|iECO26_1355|iECOK1_1307|iECP_1309|iECS88_1305|iECSE_1348|iECSF_1327|iECSP_1301|iECUMN_1333|iECW_1372|iECs_1301|iEK1008|iEKO11_1354|iETEC_1333|iEcDH1_1363|iEcE24377_1341|iEcHS_1320|iEcSMS35_1347|iEcolC_1368|iG2583_1286|iHN637|iIT341|iJN1463|iJN678|iJN746|iJO1366|iJR904|iLF82_1304|iLJ478|iML1515|iNF517|iNJ661|iNRG857_1313|iPC815|iSB619|iSBO_1134|iSDY_1059|iSFV_1184|iSF_1195|iSFxv_1172|iSSON_1240|iS_1188|iSbBS512_1146|iSynCJ816|iUMN146_1321|iUMNK88_1353|iUTI89_1310|iWFL_1372|iY75_1357|iYL1228|iYO844|iYS1720|iYS854|iZ_1308|ic_1306
map00030	rn00030	Pentose phosphate pathway	R13089	67	20	77.01	variable	R1PK	iAF1260|iAF1260b|iAPECO1_1312|iB21_1397|iBWG_1329|iE2348C_1286|iEC042_1314|iEC1344_C|iEC1349_Crooks|iEC1356_Bl21DE3|iEC1364_W|iEC1368_DH5a|iEC1372_W3110|iEC55989_1330|iECABU_c1320|iECBD_1354|iECB_1328|iECDH10B_1368|iECDH1ME8569_1439|iECD_1391|iECED1_1282|iECH74115_1262|iECIAI1_1343|iECIAI39_1322|iECNA114_1301|iECO103_1326|iECO111_1330|iECO26_1355|iECOK1_1307|iECP_1309|iECS88_1305|iECSE_1348|iECSF_1327|iECSP_1301|iECUMN_1333|iECW_1372|iECs_1301|iEKO11_1354|iETEC_1333|iEcDH1_1363|iEcE24377_1341|iEcHS_1320|iEcSMS35_1347|iEcolC_1368|iG2583_1286|iJN1463|iJN746|iJO1366|iLF82_1304|iML1515|iNRG857_1313|iSBO_1134|iSDY_1059|iSFV_1184|iSF_1195|iSFxv_1172|iSSON_1240|iS_1188|iSbBS512_1146|iUMN146_1321|iUMNK88_1353|iUTI89_1310|iWFL_1372|iY75_1357|iYL1228|iZ_1308|ic_1306	STM_v1_0|iAF692|iAF987|iCN718|iCN900|iEK1008|iHN637|iIT341|iJB785|iJN678|iJR904|iLJ478|iNF517|iNJ661|iPC815|iSB619|iSynCJ816|iYO844|iYS1720|iYS854
map00030	rn00030	Pentose phosphate pathway	R13199	1	86	1.15	variable	PGI1c	iCN900	STM_v1_0|iAF1260|iAF1260b|iAF692|iAF987|iAPECO1_1312|iB21_1397|iBWG_1329|iCN718|iE2348C_1286|iEC042_1314|iEC1344_C|iEC1349_Crooks|iEC1356_Bl21DE3|iEC1364_W|iEC1368_DH5a|iEC1372_W3110|iEC55989_1330|iECABU_c1320|iECBD_1354|iECB_1328|iECDH10B_1368|iECDH1ME8569_1439|iECD_1391|iECED1_1282|iECH74115_1262|iECIAI1_1343|iECIAI39_1322|iECNA114_1301|iECO103_1326|iECO111_1330|iECO26_1355|iECOK1_1307|iECP_1309|iECS88_1305|iECSE_1348|iECSF_1327|iECSP_1301|iECUMN_1333|iECW_1372|iECs_1301|iEK1008|iEKO11_1354|iETEC_1333|iEcDH1_1363|iEcE24377_1341|iEcHS_1320|iEcSMS35_1347|iEcolC_1368|iG2583_1286|iHN637|iIT341|iJB785|iJN1463|iJN678|iJN746|iJO1366|iJR904|iLF82_1304|iLJ478|iML1515|iNF517|iNJ661|iNRG857_1313|iPC815|iSB619|iSBO_1134|iSDY_1059|iSFV_1184|iSF_1195|iSFxv_1172|iSSON_1240|iS_1188|iSbBS512_1146|iSynCJ816|iUMN146_1321|iUMNK88_1353|iUTI89_1310|iWFL_1372|iY75_1357|iYL1228|iYO844|iYS1720|iYS854|iZ_1308|ic_1306
map00680	rn00680	Methane metabolism / C1 metabolism	R00134	2	85	2.3	variable	FDH6r	iCN900|iEC1349_Crooks	STM_v1_0|iAF1260|iAF1260b|iAF692|iAF987|iAPECO1_1312|iB21_1397|iBWG_1329|iCN718|iE2348C_1286|iEC042_1314|iEC1344_C|iEC1356_Bl21DE3|iEC1364_W|iEC1368_DH5a|iEC1372_W3110|iEC55989_1330|iECABU_c1320|iECBD_1354|iECB_1328|iECDH10B_1368|iECDH1ME8569_1439|iECD_1391|iECED1_1282|iECH74115_1262|iECIAI1_1343|iECIAI39_1322|iECNA114_1301|iECO103_1326|iECO111_1330|iECO26_1355|iECOK1_1307|iECP_1309|iECS88_1305|iECSE_1348|iECSF_1327|iECSP_1301|iECUMN_1333|iECW_1372|iECs_1301|iEK1008|iEKO11_1354|iETEC_1333|iEcDH1_1363|iEcE24377_1341|iEcHS_1320|iEcSMS35_1347|iEcolC_1368|iG2583_1286|iHN637|iIT341|iJB785|iJN1463|iJN678|iJN746|iJO1366|iJR904|iLF82_1304|iLJ478|iML1515|iNF517|iNJ661|iNRG857_1313|iPC815|iSB619|iSBO_1134|iSDY_1059|iSFV_1184|iSF_1195|iSFxv_1172|iSSON_1240|iS_1188|iSbBS512_1146|iSynCJ816|iUMN146_1321|iUMNK88_1353|iUTI89_1310|iWFL_1372|iY75_1357|iYL1228|iYO844|iYS1720|iYS854|iZ_1308|ic_1306
map00680	rn00680	Methane metabolism / C1 metabolism	R00199	80	7	91.95	variable	PPS	STM_v1_0|iAF1260|iAF1260b|iAF692|iAF987|iAPECO1_1312|iB21_1397|iBWG_1329|iCN718|iCN900|iE2348C_1286|iEC042_1314|iEC1344_C|iEC1349_Crooks|iEC1356_Bl21DE3|iEC1364_W|iEC1368_DH5a|iEC1372_W3110|iEC55989_1330|iECABU_c1320|iECBD_1354|iECB_1328|iECDH10B_1368|iECDH1ME8569_1439|iECD_1391|iECED1_1282|iECH74115_1262|iECIAI1_1343|iECIAI39_1322|iECNA114_1301|iECO103_1326|iECO111_1330|iECO26_1355|iECOK1_1307|iECP_1309|iECS88_1305|iECSE_1348|iECSF_1327|iECSP_1301|iECUMN_1333|iECW_1372|iECs_1301|iEKO11_1354|iETEC_1333|iEcDH1_1363|iEcE24377_1341|iEcHS_1320|iEcSMS35_1347|iEcolC_1368|iG2583_1286|iIT341|iJB785|iJN1463|iJN678|iJN746|iJO1366|iJR904|iLF82_1304|iML1515|iNRG857_1313|iPC815|iSBO_1134|iSDY_1059|iSFV_1184|iSF_1195|iSFxv_1172|iSSON_1240|iS_1188|iSbBS512_1146|iSynCJ816|iUMN146_1321|iUMNK88_1353|iUTI89_1310|iWFL_1372|iY75_1357|iYL1228|iYO844|iYS1720|iZ_1308|ic_1306	iEK1008|iHN637|iLJ478|iNF517|iNJ661|iSB619|iYS854
map00680	rn00680	Methane metabolism / C1 metabolism	R00230	86	1	98.85	variable	PTAr	STM_v1_0|iAF1260|iAF1260b|iAF692|iAF987|iAPECO1_1312|iB21_1397|iBWG_1329|iCN718|iCN900|iE2348C_1286|iEC042_1314|iEC1344_C|iEC1349_Crooks|iEC1356_Bl21DE3|iEC1364_W|iEC1368_DH5a|iEC1372_W3110|iEC55989_1330|iECABU_c1320|iECBD_1354|iECB_1328|iECDH10B_1368|iECDH1ME8569_1439|iECD_1391|iECED1_1282|iECH74115_1262|iECIAI1_1343|iECIAI39_1322|iECNA114_1301|iECO103_1326|iECO111_1330|iECO26_1355|iECOK1_1307|iECP_1309|iECS88_1305|iECSE_1348|iECSF_1327|iECSP_1301|iECUMN_1333|iECW_1372|iECs_1301|iEK1008|iEKO11_1354|iETEC_1333|iEcDH1_1363|iEcE24377_1341|iEcHS_1320|iEcSMS35_1347|iEcolC_1368|iG2583_1286|iHN637|iIT341|iJN1463|iJN678|iJN746|iJO1366|iJR904|iLF82_1304|iLJ478|iML1515|iNF517|iNJ661|iNRG857_1313|iPC815|iSB619|iSBO_1134|iSDY_1059|iSFV_1184|iSF_1195|iSFxv_1172|iSSON_1240|iS_1188|iSbBS512_1146|iSynCJ816|iUMN146_1321|iUMNK88_1353|iUTI89_1310|iWFL_1372|iY75_1357|iYL1228|iYO844|iYS1720|iYS854|iZ_1308|ic_1306	iJB785
map00680	rn00680	Methane metabolism / C1 metabolism	R00235	78	9	89.66	variable	ACS|ACS_1	STM_v1_0|iAF1260|iAF1260b|iAF987|iAPECO1_1312|iB21_1397|iBWG_1329|iCN718|iCN900|iE2348C_1286|iEC042_1314|iEC1344_C|iEC1349_Crooks|iEC1356_Bl21DE3|iEC1364_W|iEC1368_DH5a|iEC1372_W3110|iEC55989_1330|iECABU_c1320|iECBD_1354|iECB_1328|iECDH10B_1368|iECDH1ME8569_1439|iECD_1391|iECED1_1282|iECH74115_1262|iECIAI1_1343|iECIAI39_1322|iECNA114_1301|iECO103_1326|iECO111_1330|iECO26_1355|iECOK1_1307|iECP_1309|iECS88_1305|iECSE_1348|iECSF_1327|iECSP_1301|iECUMN_1333|iECW_1372|iECs_1301|iEK1008|iEKO11_1354|iETEC_1333|iEcDH1_1363|iEcE24377_1341|iEcHS_1320|iEcSMS35_1347|iEcolC_1368|iG2583_1286|iIT341|iJB785|iJN1463|iJN678|iJN746|iJO1366|iJR904|iLF82_1304|iML1515|iNJ661|iNRG857_1313|iPC815|iSB619|iSFV_1184|iSSON_1240|iSbBS512_1146|iSynCJ816|iUMN146_1321|iUMNK88_1353|iUTI89_1310|iWFL_1372|iY75_1357|iYL1228|iYO844|iYS1720|iYS854|iZ_1308|ic_1306	iAF692|iHN637|iLJ478|iNF517|iSBO_1134|iSDY_1059|iSF_1195|iSFxv_1172|iS_1188
map00680	rn00680	Methane metabolism / C1 metabolism	R00315	86	1	98.85	variable	ACKr	STM_v1_0|iAF1260|iAF1260b|iAF692|iAF987|iAPECO1_1312|iB21_1397|iBWG_1329|iCN718|iCN900|iE2348C_1286|iEC042_1314|iEC1344_C|iEC1349_Crooks|iEC1356_Bl21DE3|iEC1364_W|iEC1368_DH5a|iEC1372_W3110|iEC55989_1330|iECABU_c1320|iECBD_1354|iECB_1328|iECDH10B_1368|iECDH1ME8569_1439|iECD_1391|iECED1_1282|iECH74115_1262|iECIAI1_1343|iECIAI39_1322|iECNA114_1301|iECO103_1326|iECO111_1330|iECO26_1355|iECOK1_1307|iECP_1309|iECS88_1305|iECSE_1348|iECSF_1327|iECSP_1301|iECUMN_1333|iECW_1372|iECs_1301|iEK1008|iEKO11_1354|iETEC_1333|iEcDH1_1363|iEcE24377_1341|iEcHS_1320|iEcSMS35_1347|iEcolC_1368|iG2583_1286|iHN637|iIT341|iJB785|iJN678|iJN746|iJO1366|iJR904|iLF82_1304|iLJ478|iML1515|iNF517|iNJ661|iNRG857_1313|iPC815|iSB619|iSBO_1134|iSDY_1059|iSFV_1184|iSF_1195|iSFxv_1172|iSSON_1240|iS_1188|iSbBS512_1146|iSynCJ816|iUMN146_1321|iUMNK88_1353|iUTI89_1310|iWFL_1372|iY75_1357|iYL1228|iYO844|iYS1720|iYS854|iZ_1308|ic_1306	iJN1463
map00680	rn00680	Methane metabolism / C1 metabolism	R00342	83	4	95.4	variable	MDH	STM_v1_0|iAF1260|iAF1260b|iAF692|iAF987|iAPECO1_1312|iB21_1397|iBWG_1329|iCN718|iCN900|iE2348C_1286|iEC042_1314|iEC1344_C|iEC1349_Crooks|iEC1356_Bl21DE3|iEC1364_W|iEC1368_DH5a|iEC1372_W3110|iEC55989_1330|iECABU_c1320|iECBD_1354|iECB_1328|iECDH10B_1368|iECDH1ME8569_1439|iECD_1391|iECED1_1282|iECH74115_1262|iECIAI1_1343|iECIAI39_1322|iECNA114_1301|iECO103_1326|iECO111_1330|iECO26_1355|iECOK1_1307|iECP_1309|iECS88_1305|iECSE_1348|iECSF_1327|iECSP_1301|iECUMN_1333|iECW_1372|iECs_1301|iEK1008|iEKO11_1354|iETEC_1333|iEcDH1_1363|iEcE24377_1341|iEcHS_1320|iEcSMS35_1347|iEcolC_1368|iG2583_1286|iHN637|iJN1463|iJN678|iJN746|iJO1366|iJR904|iLF82_1304|iLJ478|iML1515|iNJ661|iNRG857_1313|iPC815|iSB619|iSBO_1134|iSDY_1059|iSFV_1184|iSF_1195|iSFxv_1172|iSSON_1240|iS_1188|iSbBS512_1146|iSynCJ816|iUMN146_1321|iUMNK88_1353|iUTI89_1310|iWFL_1372|iY75_1357|iYL1228|iYO844|iYS1720|iZ_1308|ic_1306	iIT341|iJB785|iNF517|iYS854
map00680	rn00680	Methane metabolism / C1 metabolism	R00345	76	11	87.36	variable	PPC	STM_v1_0|iAF1260|iAF1260b|iAF987|iAPECO1_1312|iB21_1397|iBWG_1329|iCN718|iCN900|iE2348C_1286|iEC042_1314|iEC1344_C|iEC1349_Crooks|iEC1356_Bl21DE3|iEC1364_W|iEC1368_DH5a|iEC1372_W3110|iEC55989_1330|iECABU_c1320|iECBD_1354|iECB_1328|iECDH10B_1368|iECDH1ME8569_1439|iECD_1391|iECED1_1282|iECH74115_1262|iECIAI1_1343|iECIAI39_1322|iECNA114_1301|iECO103_1326|iECO111_1330|iECO26_1355|iECOK1_1307|iECP_1309|iECS88_1305|iECSE_1348|iECSF_1327|iECSP_1301|iECUMN_1333|iECW_1372|iECs_1301|iEKO11_1354|iETEC_1333|iEcDH1_1363|iEcE24377_1341|iEcHS_1320|iEcSMS35_1347|iEcolC_1368|iG2583_1286|iJN1463|iJN678|iJN746|iJO1366|iJR904|iLF82_1304|iML1515|iNRG857_1313|iPC815|iSBO_1134|iSDY_1059|iSFV_1184|iSF_1195|iSFxv_1172|iSSON_1240|iS_1188|iSbBS512_1146|iUMN146_1321|iUMNK88_1353|iUTI89_1310|iWFL_1372|iY75_1357|iYL1228|iYS1720|iYS854|iZ_1308|ic_1306	iAF692|iEK1008|iHN637|iIT341|iJB785|iLJ478|iNF517|iNJ661|iSB619|iSynCJ816|iYO844
map00680	rn00680	Methane metabolism / C1 metabolism	R00519	10	77	11.49	variable	FDH	iAF692|iCN718|iCN900|iEK1008|iJN1463|iJN746|iNJ661|iSB619|iYO844|iYS854	STM_v1_0|iAF1260|iAF1260b|iAF987|iAPECO1_1312|iB21_1397|iBWG_1329|iE2348C_1286|iEC042_1314|iEC1344_C|iEC1349_Crooks|iEC1356_Bl21DE3|iEC1364_W|iEC1368_DH5a|iEC1372_W3110|iEC55989_1330|iECABU_c1320|iECBD_1354|iECB_1328|iECDH10B_1368|iECDH1ME8569_1439|iECD_1391|iECED1_1282|iECH74115_1262|iECIAI1_1343|iECIAI39_1322|iECNA114_1301|iECO103_1326|iECO111_1330|iECO26_1355|iECOK1_1307|iECP_1309|iECS88_1305|iECSE_1348|iECSF_1327|iECSP_1301|iECUMN_1333|iECW_1372|iECs_1301|iEKO11_1354|iETEC_1333|iEcDH1_1363|iEcE24377_1341|iEcHS_1320|iEcSMS35_1347|iEcolC_1368|iG2583_1286|iHN637|iIT341|iJB785|iJN678|iJO1366|iJR904|iLF82_1304|iLJ478|iML1515|iNF517|iNRG857_1313|iPC815|iSBO_1134|iSDY_1059|iSFV_1184|iSF_1195|iSFxv_1172|iSSON_1240|iS_1188|iSbBS512_1146|iSynCJ816|iUMN146_1321|iUMNK88_1353|iUTI89_1310|iWFL_1372|iY75_1357|iYL1228|iYS1720|iZ_1308|ic_1306
map00680	rn00680	Methane metabolism / C1 metabolism	R00527	67	20	77.01	variable	SFGTHi	STM_v1_0|iAF1260|iAF1260b|iAPECO1_1312|iB21_1397|iBWG_1329|iE2348C_1286|iEC042_1314|iEC1344_C|iEC1349_Crooks|iEC1356_Bl21DE3|iEC1364_W|iEC1368_DH5a|iEC1372_W3110|iEC55989_1330|iECABU_c1320|iECBD_1354|iECB_1328|iECDH10B_1368|iECDH1ME8569_1439|iECD_1391|iECED1_1282|iECH74115_1262|iECIAI1_1343|iECIAI39_1322|iECNA114_1301|iECO103_1326|iECO111_1330|iECO26_1355|iECOK1_1307|iECP_1309|iECS88_1305|iECSE_1348|iECSF_1327|iECSP_1301|iECUMN_1333|iECW_1372|iECs_1301|iEKO11_1354|iETEC_1333|iEcDH1_1363|iEcE24377_1341|iEcHS_1320|iEcSMS35_1347|iEcolC_1368|iG2583_1286|iJB785|iJN1463|iJO1366|iLF82_1304|iML1515|iNRG857_1313|iPC815|iSBO_1134|iSDY_1059|iSFV_1184|iSSON_1240|iSbBS512_1146|iUMN146_1321|iUMNK88_1353|iUTI89_1310|iWFL_1372|iY75_1357|iYL1228|iYS1720|iZ_1308|ic_1306	iAF692|iAF987|iCN718|iCN900|iEK1008|iHN637|iIT341|iJN678|iJN746|iJR904|iLJ478|iNF517|iNJ661|iSB619|iSF_1195|iSFxv_1172|iS_1188|iSynCJ816|iYO844|iYS854
map00680	rn00680	Methane metabolism / C1 metabolism	R00582	85	2	97.7	variable	PSP_1|PSP_L|PSP_L_1|PSP_Lpp	STM_v1_0|iAF1260|iAF1260b|iAF692|iAF987|iAPECO1_1312|iB21_1397|iBWG_1329|iCN718|iCN900|iE2348C_1286|iEC042_1314|iEC1344_C|iEC1349_Crooks|iEC1356_Bl21DE3|iEC1364_W|iEC1368_DH5a|iEC1372_W3110|iEC55989_1330|iECABU_c1320|iECBD_1354|iECB_1328|iECDH10B_1368|iECDH1ME8569_1439|iECD_1391|iECED1_1282|iECH74115_1262|iECIAI1_1343|iECIAI39_1322|iECNA114_1301|iECO103_1326|iECO111_1330|iECO26_1355|iECOK1_1307|iECP_1309|iECS88_1305|iECSE_1348|iECSF_1327|iECSP_1301|iECUMN_1333|iECW_1372|iECs_1301|iEK1008|iEKO11_1354|iETEC_1333|iEcDH1_1363|iEcE24377_1341|iEcHS_1320|iEcSMS35_1347|iEcolC_1368|iG2583_1286|iHN637|iIT341|iJB785|iJN1463|iJN746|iJO1366|iJR904|iLF82_1304|iML1515|iNF517|iNJ661|iNRG857_1313|iPC815|iSB619|iSBO_1134|iSDY_1059|iSFV_1184|iSF_1195|iSFxv_1172|iSSON_1240|iS_1188|iSbBS512_1146|iSynCJ816|iUMN146_1321|iUMNK88_1353|iUTI89_1310|iWFL_1372|iY75_1357|iYL1228|iYO844|iYS1720|iYS854|iZ_1308|ic_1306	iJN678|iLJ478
map00680	rn00680	Methane metabolism / C1 metabolism	R00588	3	84	3.45	variable	SPT_syn	iCN900|iJN678|iSynCJ816	STM_v1_0|iAF1260|iAF1260b|iAF692|iAF987|iAPECO1_1312|iB21_1397|iBWG_1329|iCN718|iE2348C_1286|iEC042_1314|iEC1344_C|iEC1349_Crooks|iEC1356_Bl21DE3|iEC1364_W|iEC1368_DH5a|iEC1372_W3110|iEC55989_1330|iECABU_c1320|iECBD_1354|iECB_1328|iECDH10B_1368|iECDH1ME8569_1439|iECD_1391|iECED1_1282|iECH74115_1262|iECIAI1_1343|iECIAI39_1322|iECNA114_1301|iECO103_1326|iECO111_1330|iECO26_1355|iECOK1_1307|iECP_1309|iECS88_1305|iECSE_1348|iECSF_1327|iECSP_1301|iECUMN_1333|iECW_1372|iECs_1301|iEK1008|iEKO11_1354|iETEC_1333|iEcDH1_1363|iEcE24377_1341|iEcHS_1320|iEcSMS35_1347|iEcolC_1368|iG2583_1286|iHN637|iIT341|iJB785|iJN1463|iJN746|iJO1366|iJR904|iLF82_1304|iLJ478|iML1515|iNF517|iNJ661|iNRG857_1313|iPC815|iSB619|iSBO_1134|iSDY_1059|iSFV_1184|iSF_1195|iSFxv_1172|iSSON_1240|iS_1188|iSbBS512_1146|iUMN146_1321|iUMNK88_1353|iUTI89_1310|iWFL_1372|iY75_1357|iYL1228|iYO844|iYS1720|iYS854|iZ_1308|ic_1306
map00680	rn00680	Methane metabolism / C1 metabolism	R00604	5	82	5.75	variable	ALDD1	iAF692|iEK1008|iJN1463|iNJ661|iYO844	STM_v1_0|iAF1260|iAF1260b|iAF987|iAPECO1_1312|iB21_1397|iBWG_1329|iCN718|iCN900|iE2348C_1286|iEC042_1314|iEC1344_C|iEC1349_Crooks|iEC1356_Bl21DE3|iEC1364_W|iEC1368_DH5a|iEC1372_W3110|iEC55989_1330|iECABU_c1320|iECBD_1354|iECB_1328|iECDH10B_1368|iECDH1ME8569_1439|iECD_1391|iECED1_1282|iECH74115_1262|iECIAI1_1343|iECIAI39_1322|iECNA114_1301|iECO103_1326|iECO111_1330|iECO26_1355|iECOK1_1307|iECP_1309|iECS88_1305|iECSE_1348|iECSF_1327|iECSP_1301|iECUMN_1333|iECW_1372|iECs_1301|iEKO11_1354|iETEC_1333|iEcDH1_1363|iEcE24377_1341|iEcHS_1320|iEcSMS35_1347|iEcolC_1368|iG2583_1286|iHN637|iIT341|iJB785|iJN678|iJN746|iJO1366|iJR904|iLF82_1304|iLJ478|iML1515|iNF517|iNRG857_1313|iPC815|iSB619|iSBO_1134|iSDY_1059|iSFV_1184|iSF_1195|iSFxv_1172|iSSON_1240|iS_1188|iSbBS512_1146|iSynCJ816|iUMN146_1321|iUMNK88_1353|iUTI89_1310|iWFL_1372|iY75_1357|iYL1228|iYS1720|iYS854|iZ_1308|ic_1306
map00680	rn00680	Methane metabolism / C1 metabolism	R00605	4	83	4.6	variable	ALCD1	iAF987|iJB785|iSB619|iYS854	STM_v1_0|iAF1260|iAF1260b|iAF692|iAPECO1_1312|iB21_1397|iBWG_1329|iCN718|iCN900|iE2348C_1286|iEC042_1314|iEC1344_C|iEC1349_Crooks|iEC1356_Bl21DE3|iEC1364_W|iEC1368_DH5a|iEC1372_W3110|iEC55989_1330|iECABU_c1320|iECBD_1354|iECB_1328|iECDH10B_1368|iECDH1ME8569_1439|iECD_1391|iECED1_1282|iECH74115_1262|iECIAI1_1343|iECIAI39_1322|iECNA114_1301|iECO103_1326|iECO111_1330|iECO26_1355|iECOK1_1307|iECP_1309|iECS88_1305|iECSE_1348|iECSF_1327|iECSP_1301|iECUMN_1333|iECW_1372|iECs_1301|iEK1008|iEKO11_1354|iETEC_1333|iEcDH1_1363|iEcE24377_1341|iEcHS_1320|iEcSMS35_1347|iEcolC_1368|iG2583_1286|iHN637|iIT341|iJN1463|iJN678|iJN746|iJO1366|iJR904|iLF82_1304|iLJ478|iML1515|iNF517|iNJ661|iNRG857_1313|iPC815|iSBO_1134|iSDY_1059|iSFV_1184|iSF_1195|iSFxv_1172|iSSON_1240|iS_1188|iSbBS512_1146|iSynCJ816|iUMN146_1321|iUMNK88_1353|iUTI89_1310|iWFL_1372|iY75_1357|iYL1228|iYO844|iYS1720|iZ_1308|ic_1306
map00680	rn00680	Methane metabolism / C1 metabolism	R00614	1	86	1.15	variable	FALDM	iJN1463	STM_v1_0|iAF1260|iAF1260b|iAF692|iAF987|iAPECO1_1312|iB21_1397|iBWG_1329|iCN718|iCN900|iE2348C_1286|iEC042_1314|iEC1344_C|iEC1349_Crooks|iEC1356_Bl21DE3|iEC1364_W|iEC1368_DH5a|iEC1372_W3110|iEC55989_1330|iECABU_c1320|iECBD_1354|iECB_1328|iECDH10B_1368|iECDH1ME8569_1439|iECD_1391|iECED1_1282|iECH74115_1262|iECIAI1_1343|iECIAI39_1322|iECNA114_1301|iECO103_1326|iECO111_1330|iECO26_1355|iECOK1_1307|iECP_1309|iECS88_1305|iECSE_1348|iECSF_1327|iECSP_1301|iECUMN_1333|iECW_1372|iECs_1301|iEK1008|iEKO11_1354|iETEC_1333|iEcDH1_1363|iEcE24377_1341|iEcHS_1320|iEcSMS35_1347|iEcolC_1368|iG2583_1286|iHN637|iIT341|iJB785|iJN678|iJN746|iJO1366|iJR904|iLF82_1304|iLJ478|iML1515|iNF517|iNJ661|iNRG857_1313|iPC815|iSB619|iSBO_1134|iSDY_1059|iSFV_1184|iSF_1195|iSFxv_1172|iSSON_1240|iS_1188|iSbBS512_1146|iSynCJ816|iUMN146_1321|iUMNK88_1353|iUTI89_1310|iWFL_1372|iY75_1357|iYL1228|iYO844|iYS1720|iYS854|iZ_1308|ic_1306
map00680	rn00680	Methane metabolism / C1 metabolism	R00658	87	0	100.0	core	ENO	STM_v1_0|iAF1260|iAF1260b|iAF692|iAF987|iAPECO1_1312|iB21_1397|iBWG_1329|iCN718|iCN900|iE2348C_1286|iEC042_1314|iEC1344_C|iEC1349_Crooks|iEC1356_Bl21DE3|iEC1364_W|iEC1368_DH5a|iEC1372_W3110|iEC55989_1330|iECABU_c1320|iECBD_1354|iECB_1328|iECDH10B_1368|iECDH1ME8569_1439|iECD_1391|iECED1_1282|iECH74115_1262|iECIAI1_1343|iECIAI39_1322|iECNA114_1301|iECO103_1326|iECO111_1330|iECO26_1355|iECOK1_1307|iECP_1309|iECS88_1305|iECSE_1348|iECSF_1327|iECSP_1301|iECUMN_1333|iECW_1372|iECs_1301|iEK1008|iEKO11_1354|iETEC_1333|iEcDH1_1363|iEcE24377_1341|iEcHS_1320|iEcSMS35_1347|iEcolC_1368|iG2583_1286|iHN637|iIT341|iJB785|iJN1463|iJN678|iJN746|iJO1366|iJR904|iLF82_1304|iLJ478|iML1515|iNF517|iNJ661|iNRG857_1313|iPC815|iSB619|iSBO_1134|iSDY_1059|iSFV_1184|iSF_1195|iSFxv_1172|iSSON_1240|iS_1188|iSbBS512_1146|iSynCJ816|iUMN146_1321|iUMNK88_1353|iUTI89_1310|iWFL_1372|iY75_1357|iYL1228|iYO844|iYS1720|iYS854|iZ_1308|ic_1306	
map00680	rn00680	Methane metabolism / C1 metabolism	R00756	82	5	94.25	variable	PFK	STM_v1_0|iAF1260|iAF1260b|iAF987|iAPECO1_1312|iB21_1397|iBWG_1329|iCN900|iE2348C_1286|iEC042_1314|iEC1344_C|iEC1349_Crooks|iEC1356_Bl21DE3|iEC1364_W|iEC1368_DH5a|iEC1372_W3110|iEC55989_1330|iECABU_c1320|iECBD_1354|iECB_1328|iECDH10B_1368|iECDH1ME8569_1439|iECD_1391|iECED1_1282|iECH74115_1262|iECIAI1_1343|iECIAI39_1322|iECNA114_1301|iECO103_1326|iECO111_1330|iECO26_1355|iECOK1_1307|iECP_1309|iECS88_1305|iECSE_1348|iECSF_1327|iECSP_1301|iECUMN_1333|iECW_1372|iECs_1301|iEK1008|iEKO11_1354|iETEC_1333|iEcDH1_1363|iEcE24377_1341|iEcHS_1320|iEcSMS35_1347|iEcolC_1368|iG2583_1286|iHN637|iJB785|iJN678|iJO1366|iJR904|iLF82_1304|iLJ478|iML1515|iNF517|iNJ661|iNRG857_1313|iPC815|iSB619|iSBO_1134|iSDY_1059|iSFV_1184|iSF_1195|iSFxv_1172|iSSON_1240|iS_1188|iSbBS512_1146|iSynCJ816|iUMN146_1321|iUMNK88_1353|iUTI89_1310|iWFL_1372|iY75_1357|iYL1228|iYO844|iYS1720|iYS854|iZ_1308|ic_1306	iAF692|iCN718|iIT341|iJN1463|iJN746
map00680	rn00680	Methane metabolism / C1 metabolism	R00762	87	0	100.0	core	FBP	STM_v1_0|iAF1260|iAF1260b|iAF692|iAF987|iAPECO1_1312|iB21_1397|iBWG_1329|iCN718|iCN900|iE2348C_1286|iEC042_1314|iEC1344_C|iEC1349_Crooks|iEC1356_Bl21DE3|iEC1364_W|iEC1368_DH5a|iEC1372_W3110|iEC55989_1330|iECABU_c1320|iECBD_1354|iECB_1328|iECDH10B_1368|iECDH1ME8569_1439|iECD_1391|iECED1_1282|iECH74115_1262|iECIAI1_1343|iECIAI39_1322|iECNA114_1301|iECO103_1326|iECO111_1330|iECO26_1355|iECOK1_1307|iECP_1309|iECS88_1305|iECSE_1348|iECSF_1327|iECSP_1301|iECUMN_1333|iECW_1372|iECs_1301|iEK1008|iEKO11_1354|iETEC_1333|iEcDH1_1363|iEcE24377_1341|iEcHS_1320|iEcSMS35_1347|iEcolC_1368|iG2583_1286|iHN637|iIT341|iJB785|iJN1463|iJN678|iJN746|iJO1366|iJR904|iLF82_1304|iLJ478|iML1515|iNF517|iNJ661|iNRG857_1313|iPC815|iSB619|iSBO_1134|iSDY_1059|iSFV_1184|iSF_1195|iSFxv_1172|iSSON_1240|iS_1188|iSbBS512_1146|iSynCJ816|iUMN146_1321|iUMNK88_1353|iUTI89_1310|iWFL_1372|iY75_1357|iYL1228|iYO844|iYS1720|iYS854|iZ_1308|ic_1306	
map00680	rn00680	Methane metabolism / C1 metabolism	R00945	87	0	100.0	core	GHMT2r	STM_v1_0|iAF1260|iAF1260b|iAF692|iAF987|iAPECO1_1312|iB21_1397|iBWG_1329|iCN718|iCN900|iE2348C_1286|iEC042_1314|iEC1344_C|iEC1349_Crooks|iEC1356_Bl21DE3|iEC1364_W|iEC1368_DH5a|iEC1372_W3110|iEC55989_1330|iECABU_c1320|iECBD_1354|iECB_1328|iECDH10B_1368|iECDH1ME8569_1439|iECD_1391|iECED1_1282|iECH74115_1262|iECIAI1_1343|iECIAI39_1322|iECNA114_1301|iECO103_1326|iECO111_1330|iECO26_1355|iECOK1_1307|iECP_1309|iECS88_1305|iECSE_1348|iECSF_1327|iECSP_1301|iECUMN_1333|iECW_1372|iECs_1301|iEK1008|iEKO11_1354|iETEC_1333|iEcDH1_1363|iEcE24377_1341|iEcHS_1320|iEcSMS35_1347|iEcolC_1368|iG2583_1286|iHN637|iIT341|iJB785|iJN1463|iJN678|iJN746|iJO1366|iJR904|iLF82_1304|iLJ478|iML1515|iNF517|iNJ661|iNRG857_1313|iPC815|iSB619|iSBO_1134|iSDY_1059|iSFV_1184|iSF_1195|iSFxv_1172|iSSON_1240|iS_1188|iSbBS512_1146|iSynCJ816|iUMN146_1321|iUMNK88_1353|iUTI89_1310|iWFL_1372|iY75_1357|iYL1228|iYO844|iYS1720|iYS854|iZ_1308|ic_1306	
map00680	rn00680	Methane metabolism / C1 metabolism	R01011	3	84	3.45	variable	DHAK	iHN637|iSB619|iYL1228	STM_v1_0|iAF1260|iAF1260b|iAF692|iAF987|iAPECO1_1312|iB21_1397|iBWG_1329|iCN718|iCN900|iE2348C_1286|iEC042_1314|iEC1344_C|iEC1349_Crooks|iEC1356_Bl21DE3|iEC1364_W|iEC1368_DH5a|iEC1372_W3110|iEC55989_1330|iECABU_c1320|iECBD_1354|iECB_1328|iECDH10B_1368|iECDH1ME8569_1439|iECD_1391|iECED1_1282|iECH74115_1262|iECIAI1_1343|iECIAI39_1322|iECNA114_1301|iECO103_1326|iECO111_1330|iECO26_1355|iECOK1_1307|iECP_1309|iECS88_1305|iECSE_1348|iECSF_1327|iECSP_1301|iECUMN_1333|iECW_1372|iECs_1301|iEK1008|iEKO11_1354|iETEC_1333|iEcDH1_1363|iEcE24377_1341|iEcHS_1320|iEcSMS35_1347|iEcolC_1368|iG2583_1286|iIT341|iJB785|iJN1463|iJN678|iJN746|iJO1366|iJR904|iLF82_1304|iLJ478|iML1515|iNF517|iNJ661|iNRG857_1313|iPC815|iSBO_1134|iSDY_1059|iSFV_1184|iSF_1195|iSFxv_1172|iSSON_1240|iS_1188|iSbBS512_1146|iSynCJ816|iUMN146_1321|iUMNK88_1353|iUTI89_1310|iWFL_1372|iY75_1357|iYO844|iYS1720|iYS854|iZ_1308|ic_1306
map00680	rn00680	Methane metabolism / C1 metabolism	R01068	87	0	100.0	core		STM_v1_0|iAF1260|iAF1260b|iAF692|iAF987|iAPECO1_1312|iB21_1397|iBWG_1329|iCN718|iCN900|iE2348C_1286|iEC042_1314|iEC1344_C|iEC1349_Crooks|iEC1356_Bl21DE3|iEC1364_W|iEC1368_DH5a|iEC1372_W3110|iEC55989_1330|iECABU_c1320|iECBD_1354|iECB_1328|iECDH10B_1368|iECDH1ME8569_1439|iECD_1391|iECED1_1282|iECH74115_1262|iECIAI1_1343|iECIAI39_1322|iECNA114_1301|iECO103_1326|iECO111_1330|iECO26_1355|iECOK1_1307|iECP_1309|iECS88_1305|iECSE_1348|iECSF_1327|iECSP_1301|iECUMN_1333|iECW_1372|iECs_1301|iEK1008|iEKO11_1354|iETEC_1333|iEcDH1_1363|iEcE24377_1341|iEcHS_1320|iEcSMS35_1347|iEcolC_1368|iG2583_1286|iHN637|iIT341|iJB785|iJN1463|iJN678|iJN746|iJO1366|iJR904|iLF82_1304|iLJ478|iML1515|iNF517|iNJ661|iNRG857_1313|iPC815|iSB619|iSBO_1134|iSDY_1059|iSFV_1184|iSF_1195|iSFxv_1172|iSSON_1240|iS_1188|iSbBS512_1146|iSynCJ816|iUMN146_1321|iUMNK88_1353|iUTI89_1310|iWFL_1372|iY75_1357|iYL1228|iYO844|iYS1720|iYS854|iZ_1308|ic_1306	
map00680	rn00680	Methane metabolism / C1 metabolism	R01196	3	84	3.45	variable	POR_syn	iCN900|iJN678|iSynCJ816	STM_v1_0|iAF1260|iAF1260b|iAF692|iAF987|iAPECO1_1312|iB21_1397|iBWG_1329|iCN718|iE2348C_1286|iEC042_1314|iEC1344_C|iEC1349_Crooks|iEC1356_Bl21DE3|iEC1364_W|iEC1368_DH5a|iEC1372_W3110|iEC55989_1330|iECABU_c1320|iECBD_1354|iECB_1328|iECDH10B_1368|iECDH1ME8569_1439|iECD_1391|iECED1_1282|iECH74115_1262|iECIAI1_1343|iECIAI39_1322|iECNA114_1301|iECO103_1326|iECO111_1330|iECO26_1355|iECOK1_1307|iECP_1309|iECS88_1305|iECSE_1348|iECSF_1327|iECSP_1301|iECUMN_1333|iECW_1372|iECs_1301|iEK1008|iEKO11_1354|iETEC_1333|iEcDH1_1363|iEcE24377_1341|iEcHS_1320|iEcSMS35_1347|iEcolC_1368|iG2583_1286|iHN637|iIT341|iJB785|iJN1463|iJN746|iJO1366|iJR904|iLF82_1304|iLJ478|iML1515|iNF517|iNJ661|iNRG857_1313|iPC815|iSB619|iSBO_1134|iSDY_1059|iSFV_1184|iSF_1195|iSFxv_1172|iSSON_1240|iS_1188|iSbBS512_1146|iUMN146_1321|iUMNK88_1353|iUTI89_1310|iWFL_1372|iY75_1357|iYL1228|iYO844|iYS1720|iYS854|iZ_1308|ic_1306
map00680	rn00680	Methane metabolism / C1 metabolism	R01388	76	11	87.36	variable	HPYRRx	STM_v1_0|iAF1260|iAF1260b|iAPECO1_1312|iB21_1397|iBWG_1329|iE2348C_1286|iEC042_1314|iEC1344_C|iEC1349_Crooks|iEC1356_Bl21DE3|iEC1364_W|iEC1368_DH5a|iEC1372_W3110|iEC55989_1330|iECABU_c1320|iECBD_1354|iECB_1328|iECDH10B_1368|iECDH1ME8569_1439|iECD_1391|iECED1_1282|iECH74115_1262|iECIAI1_1343|iECIAI39_1322|iECNA114_1301|iECO103_1326|iECO111_1330|iECO26_1355|iECOK1_1307|iECP_1309|iECS88_1305|iECSE_1348|iECSF_1327|iECSP_1301|iECUMN_1333|iECW_1372|iECs_1301|iEKO11_1354|iETEC_1333|iEcDH1_1363|iEcE24377_1341|iEcHS_1320|iEcSMS35_1347|iEcolC_1368|iG2583_1286|iJN1463|iJN678|iJN746|iJO1366|iJR904|iLF82_1304|iLJ478|iML1515|iNRG857_1313|iPC815|iSB619|iSBO_1134|iSDY_1059|iSFV_1184|iSF_1195|iSFxv_1172|iSSON_1240|iS_1188|iSbBS512_1146|iSynCJ816|iUMN146_1321|iUMNK88_1353|iUTI89_1310|iWFL_1372|iY75_1357|iYL1228|iYS1720|iYS854|iZ_1308|ic_1306	iAF692|iAF987|iCN718|iCN900|iEK1008|iHN637|iIT341|iJB785|iNF517|iNJ661|iYO844
map00680	rn00680	Methane metabolism / C1 metabolism	R01513	87	0	100.0	core	PGCD	STM_v1_0|iAF1260|iAF1260b|iAF692|iAF987|iAPECO1_1312|iB21_1397|iBWG_1329|iCN718|iCN900|iE2348C_1286|iEC042_1314|iEC1344_C|iEC1349_Crooks|iEC1356_Bl21DE3|iEC1364_W|iEC1368_DH5a|iEC1372_W3110|iEC55989_1330|iECABU_c1320|iECBD_1354|iECB_1328|iECDH10B_1368|iECDH1ME8569_1439|iECD_1391|iECED1_1282|iECH74115_1262|iECIAI1_1343|iECIAI39_1322|iECNA114_1301|iECO103_1326|iECO111_1330|iECO26_1355|iECOK1_1307|iECP_1309|iECS88_1305|iECSE_1348|iECSF_1327|iECSP_1301|iECUMN_1333|iECW_1372|iECs_1301|iEK1008|iEKO11_1354|iETEC_1333|iEcDH1_1363|iEcE24377_1341|iEcHS_1320|iEcSMS35_1347|iEcolC_1368|iG2583_1286|iHN637|iIT341|iJB785|iJN1463|iJN678|iJN746|iJO1366|iJR904|iLF82_1304|iLJ478|iML1515|iNF517|iNJ661|iNRG857_1313|iPC815|iSB619|iSBO_1134|iSDY_1059|iSFV_1184|iSF_1195|iSFxv_1172|iSSON_1240|iS_1188|iSbBS512_1146|iSynCJ816|iUMN146_1321|iUMNK88_1353|iUTI89_1310|iWFL_1372|iY75_1357|iYL1228|iYO844|iYS1720|iYS854|iZ_1308|ic_1306	
map00680	rn00680	Methane metabolism / C1 metabolism	R01518	87	0	100.0	core	PGM	STM_v1_0|iAF1260|iAF1260b|iAF692|iAF987|iAPECO1_1312|iB21_1397|iBWG_1329|iCN718|iCN900|iE2348C_1286|iEC042_1314|iEC1344_C|iEC1349_Crooks|iEC1356_Bl21DE3|iEC1364_W|iEC1368_DH5a|iEC1372_W3110|iEC55989_1330|iECABU_c1320|iECBD_1354|iECB_1328|iECDH10B_1368|iECDH1ME8569_1439|iECD_1391|iECED1_1282|iECH74115_1262|iECIAI1_1343|iECIAI39_1322|iECNA114_1301|iECO103_1326|iECO111_1330|iECO26_1355|iECOK1_1307|iECP_1309|iECS88_1305|iECSE_1348|iECSF_1327|iECSP_1301|iECUMN_1333|iECW_1372|iECs_1301|iEK1008|iEKO11_1354|iETEC_1333|iEcDH1_1363|iEcE24377_1341|iEcHS_1320|iEcSMS35_1347|iEcolC_1368|iG2583_1286|iHN637|iIT341|iJB785|iJN1463|iJN678|iJN746|iJO1366|iJR904|iLF82_1304|iLJ478|iML1515|iNF517|iNJ661|iNRG857_1313|iPC815|iSB619|iSBO_1134|iSDY_1059|iSFV_1184|iSF_1195|iSFxv_1172|iSSON_1240|iS_1188|iSbBS512_1146|iSynCJ816|iUMN146_1321|iUMNK88_1353|iUTI89_1310|iWFL_1372|iY75_1357|iYL1228|iYO844|iYS1720|iYS854|iZ_1308|ic_1306	
map00680	rn00680	Methane metabolism / C1 metabolism	R03464	1	86	1.15	variable	MTSPC	iAF692	STM_v1_0|iAF1260|iAF1260b|iAF987|iAPECO1_1312|iB21_1397|iBWG_1329|iCN718|iCN900|iE2348C_1286|iEC042_1314|iEC1344_C|iEC1349_Crooks|iEC1356_Bl21DE3|iEC1364_W|iEC1368_DH5a|iEC1372_W3110|iEC55989_1330|iECABU_c1320|iECBD_1354|iECB_1328|iECDH10B_1368|iECDH1ME8569_1439|iECD_1391|iECED1_1282|iECH74115_1262|iECIAI1_1343|iECIAI39_1322|iECNA114_1301|iECO103_1326|iECO111_1330|iECO26_1355|iECOK1_1307|iECP_1309|iECS88_1305|iECSE_1348|iECSF_1327|iECSP_1301|iECUMN_1333|iECW_1372|iECs_1301|iEK1008|iEKO11_1354|iETEC_1333|iEcDH1_1363|iEcE24377_1341|iEcHS_1320|iEcSMS35_1347|iEcolC_1368|iG2583_1286|iHN637|iIT341|iJB785|iJN1463|iJN678|iJN746|iJO1366|iJR904|iLF82_1304|iLJ478|iML1515|iNF517|iNJ661|iNRG857_1313|iPC815|iSB619|iSBO_1134|iSDY_1059|iSFV_1184|iSF_1195|iSFxv_1172|iSSON_1240|iS_1188|iSbBS512_1146|iSynCJ816|iUMN146_1321|iUMNK88_1353|iUTI89_1310|iWFL_1372|iY75_1357|iYL1228|iYO844|iYS1720|iYS854|iZ_1308|ic_1306
map00680	rn00680	Methane metabolism / C1 metabolism	R04173	85	2	97.7	variable	PSERT|PSTA	STM_v1_0|iAF1260|iAF1260b|iAF692|iAF987|iAPECO1_1312|iB21_1397|iBWG_1329|iCN718|iCN900|iE2348C_1286|iEC042_1314|iEC1344_C|iEC1349_Crooks|iEC1356_Bl21DE3|iEC1364_W|iEC1368_DH5a|iEC1372_W3110|iEC55989_1330|iECABU_c1320|iECBD_1354|iECB_1328|iECDH10B_1368|iECDH1ME8569_1439|iECD_1391|iECED1_1282|iECH74115_1262|iECIAI1_1343|iECIAI39_1322|iECNA114_1301|iECO103_1326|iECO111_1330|iECO26_1355|iECOK1_1307|iECP_1309|iECS88_1305|iECSE_1348|iECSF_1327|iECSP_1301|iECUMN_1333|iECW_1372|iECs_1301|iEK1008|iEKO11_1354|iETEC_1333|iEcDH1_1363|iEcE24377_1341|iEcHS_1320|iEcSMS35_1347|iEcolC_1368|iG2583_1286|iHN637|iIT341|iJB785|iJN1463|iJN746|iJO1366|iJR904|iLF82_1304|iML1515|iNF517|iNJ661|iNRG857_1313|iPC815|iSB619|iSBO_1134|iSDY_1059|iSFV_1184|iSF_1195|iSFxv_1172|iSSON_1240|iS_1188|iSbBS512_1146|iSynCJ816|iUMN146_1321|iUMNK88_1353|iUTI89_1310|iWFL_1372|iY75_1357|iYL1228|iYO844|iYS1720|iYS854|iZ_1308|ic_1306	iJN678|iLJ478
map00680	rn00680	Methane metabolism / C1 metabolism	R05774	1	86	1.15	variable	SPDC	iAF692	STM_v1_0|iAF1260|iAF1260b|iAF987|iAPECO1_1312|iB21_1397|iBWG_1329|iCN718|iCN900|iE2348C_1286|iEC042_1314|iEC1344_C|iEC1349_Crooks|iEC1356_Bl21DE3|iEC1364_W|iEC1368_DH5a|iEC1372_W3110|iEC55989_1330|iECABU_c1320|iECBD_1354|iECB_1328|iECDH10B_1368|iECDH1ME8569_1439|iECD_1391|iECED1_1282|iECH74115_1262|iECIAI1_1343|iECIAI39_1322|iECNA114_1301|iECO103_1326|iECO111_1330|iECO26_1355|iECOK1_1307|iECP_1309|iECS88_1305|iECSE_1348|iECSF_1327|iECSP_1301|iECUMN_1333|iECW_1372|iECs_1301|iEK1008|iEKO11_1354|iETEC_1333|iEcDH1_1363|iEcE24377_1341|iEcHS_1320|iEcSMS35_1347|iEcolC_1368|iG2583_1286|iHN637|iIT341|iJB785|iJN1463|iJN678|iJN746|iJO1366|iJR904|iLF82_1304|iLJ478|iML1515|iNF517|iNJ661|iNRG857_1313|iPC815|iSB619|iSBO_1134|iSDY_1059|iSFV_1184|iSF_1195|iSFxv_1172|iSSON_1240|iS_1188|iSbBS512_1146|iSynCJ816|iUMN146_1321|iUMNK88_1353|iUTI89_1310|iWFL_1372|iY75_1357|iYL1228|iYO844|iYS1720|iYS854|iZ_1308|ic_1306
map00680	rn00680	Methane metabolism / C1 metabolism	R05805	2	85	2.3	variable	PFK_adp	iAF692|iCN900	STM_v1_0|iAF1260|iAF1260b|iAF987|iAPECO1_1312|iB21_1397|iBWG_1329|iCN718|iE2348C_1286|iEC042_1314|iEC1344_C|iEC1349_Crooks|iEC1356_Bl21DE3|iEC1364_W|iEC1368_DH5a|iEC1372_W3110|iEC55989_1330|iECABU_c1320|iECBD_1354|iECB_1328|iECDH10B_1368|iECDH1ME8569_1439|iECD_1391|iECED1_1282|iECH74115_1262|iECIAI1_1343|iECIAI39_1322|iECNA114_1301|iECO103_1326|iECO111_1330|iECO26_1355|iECOK1_1307|iECP_1309|iECS88_1305|iECSE_1348|iECSF_1327|iECSP_1301|iECUMN_1333|iECW_1372|iECs_1301|iEK1008|iEKO11_1354|iETEC_1333|iEcDH1_1363|iEcE24377_1341|iEcHS_1320|iEcSMS35_1347|iEcolC_1368|iG2583_1286|iHN637|iIT341|iJB785|iJN1463|iJN678|iJN746|iJO1366|iJR904|iLF82_1304|iLJ478|iML1515|iNF517|iNJ661|iNRG857_1313|iPC815|iSB619|iSBO_1134|iSDY_1059|iSFV_1184|iSF_1195|iSFxv_1172|iSSON_1240|iS_1188|iSbBS512_1146|iSynCJ816|iUMN146_1321|iUMNK88_1353|iUTI89_1310|iWFL_1372|iY75_1357|iYL1228|iYO844|iYS1720|iYS854|iZ_1308|ic_1306
map00680	rn00680	Methane metabolism / C1 metabolism	R06982	68	19	78.16	variable	FALGTHLs	STM_v1_0|iAF1260|iAF1260b|iAPECO1_1312|iB21_1397|iBWG_1329|iE2348C_1286|iEC042_1314|iEC1344_C|iEC1349_Crooks|iEC1356_Bl21DE3|iEC1364_W|iEC1368_DH5a|iEC1372_W3110|iEC55989_1330|iECABU_c1320|iECBD_1354|iECB_1328|iECDH10B_1368|iECDH1ME8569_1439|iECD_1391|iECED1_1282|iECH74115_1262|iECIAI1_1343|iECIAI39_1322|iECNA114_1301|iECO103_1326|iECO111_1330|iECO26_1355|iECOK1_1307|iECP_1309|iECS88_1305|iECSE_1348|iECSF_1327|iECSP_1301|iECUMN_1333|iECW_1372|iECs_1301|iEKO11_1354|iETEC_1333|iEcDH1_1363|iEcE24377_1341|iEcHS_1320|iEcSMS35_1347|iEcolC_1368|iG2583_1286|iJB785|iJN1463|iJO1366|iLF82_1304|iML1515|iNRG857_1313|iSBO_1134|iSDY_1059|iSFV_1184|iSF_1195|iSFxv_1172|iSSON_1240|iS_1188|iSbBS512_1146|iUMN146_1321|iUMNK88_1353|iUTI89_1310|iWFL_1372|iY75_1357|iYS1720|iZ_1308|ic_1306	iAF692|iAF987|iCN718|iCN900|iEK1008|iHN637|iIT341|iJN678|iJN746|iJR904|iLJ478|iNF517|iNJ661|iPC815|iSB619|iSynCJ816|iYL1228|iYO844|iYS854
map00680	rn00680	Methane metabolism / C1 metabolism	R06983	64	23	73.56	variable	FALDH2	STM_v1_0|iAF1260|iAF1260b|iAPECO1_1312|iB21_1397|iBWG_1329|iE2348C_1286|iEC042_1314|iEC1344_C|iEC1349_Crooks|iEC1356_Bl21DE3|iEC1364_W|iEC1368_DH5a|iEC1372_W3110|iEC55989_1330|iECABU_c1320|iECBD_1354|iECB_1328|iECDH10B_1368|iECDH1ME8569_1439|iECD_1391|iECED1_1282|iECH74115_1262|iECIAI1_1343|iECIAI39_1322|iECNA114_1301|iECO103_1326|iECO111_1330|iECO26_1355|iECOK1_1307|iECP_1309|iECS88_1305|iECSE_1348|iECSF_1327|iECSP_1301|iECUMN_1333|iECW_1372|iECs_1301|iEKO11_1354|iETEC_1333|iEcDH1_1363|iEcE24377_1341|iEcHS_1320|iEcSMS35_1347|iEcolC_1368|iG2583_1286|iJB785|iJN1463|iJO1366|iLF82_1304|iML1515|iNRG857_1313|iPC815|iSSON_1240|iSbBS512_1146|iUMN146_1321|iUMNK88_1353|iUTI89_1310|iWFL_1372|iY75_1357|iYL1228|iYS1720|iZ_1308|ic_1306	iAF692|iAF987|iCN718|iCN900|iEK1008|iHN637|iIT341|iJN678|iJN746|iJR904|iLJ478|iNF517|iNJ661|iSB619|iSBO_1134|iSDY_1059|iSFV_1184|iSF_1195|iSFxv_1172|iS_1188|iSynCJ816|iYO844|iYS854
map00680	rn00680	Methane metabolism / C1 metabolism	R07157	1	86	1.15	variable	COCO2	iEK1008	STM_v1_0|iAF1260|iAF1260b|iAF692|iAF987|iAPECO1_1312|iB21_1397|iBWG_1329|iCN718|iCN900|iE2348C_1286|iEC042_1314|iEC1344_C|iEC1349_Crooks|iEC1356_Bl21DE3|iEC1364_W|iEC1368_DH5a|iEC1372_W3110|iEC55989_1330|iECABU_c1320|iECBD_1354|iECB_1328|iECDH10B_1368|iECDH1ME8569_1439|iECD_1391|iECED1_1282|iECH74115_1262|iECIAI1_1343|iECIAI39_1322|iECNA114_1301|iECO103_1326|iECO111_1330|iECO26_1355|iECOK1_1307|iECP_1309|iECS88_1305|iECSE_1348|iECSF_1327|iECSP_1301|iECUMN_1333|iECW_1372|iECs_1301|iEKO11_1354|iETEC_1333|iEcDH1_1363|iEcE24377_1341|iEcHS_1320|iEcSMS35_1347|iEcolC_1368|iG2583_1286|iHN637|iIT341|iJB785|iJN1463|iJN678|iJN746|iJO1366|iJR904|iLF82_1304|iLJ478|iML1515|iNF517|iNJ661|iNRG857_1313|iPC815|iSB619|iSBO_1134|iSDY_1059|iSFV_1184|iSF_1195|iSFxv_1172|iSSON_1240|iS_1188|iSbBS512_1146|iSynCJ816|iUMN146_1321|iUMNK88_1353|iUTI89_1310|iWFL_1372|iY75_1357|iYL1228|iYO844|iYS1720|iYS854|iZ_1308|ic_1306
map00680	rn00680	Methane metabolism / C1 metabolism	R08217	1	86	1.15	variable	COBS	iAF692	STM_v1_0|iAF1260|iAF1260b|iAF987|iAPECO1_1312|iB21_1397|iBWG_1329|iCN718|iCN900|iE2348C_1286|iEC042_1314|iEC1344_C|iEC1349_Crooks|iEC1356_Bl21DE3|iEC1364_W|iEC1368_DH5a|iEC1372_W3110|iEC55989_1330|iECABU_c1320|iECBD_1354|iECB_1328|iECDH10B_1368|iECDH1ME8569_1439|iECD_1391|iECED1_1282|iECH74115_1262|iECIAI1_1343|iECIAI39_1322|iECNA114_1301|iECO103_1326|iECO111_1330|iECO26_1355|iECOK1_1307|iECP_1309|iECS88_1305|iECSE_1348|iECSF_1327|iECSP_1301|iECUMN_1333|iECW_1372|iECs_1301|iEK1008|iEKO11_1354|iETEC_1333|iEcDH1_1363|iEcE24377_1341|iEcHS_1320|iEcSMS35_1347|iEcolC_1368|iG2583_1286|iHN637|iIT341|iJB785|iJN1463|iJN678|iJN746|iJO1366|iJR904|iLF82_1304|iLJ478|iML1515|iNF517|iNJ661|iNRG857_1313|iPC815|iSB619|iSBO_1134|iSDY_1059|iSFV_1184|iSF_1195|iSFxv_1172|iSSON_1240|iS_1188|iSbBS512_1146|iSynCJ816|iUMN146_1321|iUMNK88_1353|iUTI89_1310|iWFL_1372|iY75_1357|iYL1228|iYO844|iYS1720|iYS854|iZ_1308|ic_1306
map00680	rn00680	Methane metabolism / C1 metabolism	R08572	71	16	81.61	variable	GLYCK2	STM_v1_0|iAF1260|iAF1260b|iAPECO1_1312|iB21_1397|iBWG_1329|iCN900|iE2348C_1286|iEC042_1314|iEC1344_C|iEC1349_Crooks|iEC1356_Bl21DE3|iEC1364_W|iEC1368_DH5a|iEC1372_W3110|iEC55989_1330|iECABU_c1320|iECBD_1354|iECB_1328|iECDH10B_1368|iECDH1ME8569_1439|iECD_1391|iECED1_1282|iECH74115_1262|iECIAI1_1343|iECIAI39_1322|iECNA114_1301|iECO103_1326|iECO111_1330|iECO26_1355|iECOK1_1307|iECP_1309|iECS88_1305|iECSE_1348|iECSF_1327|iECSP_1301|iECUMN_1333|iECW_1372|iECs_1301|iEKO11_1354|iETEC_1333|iEcDH1_1363|iEcE24377_1341|iEcHS_1320|iEcSMS35_1347|iEcolC_1368|iG2583_1286|iJO1366|iLF82_1304|iLJ478|iML1515|iNRG857_1313|iPC815|iSBO_1134|iSDY_1059|iSFV_1184|iSF_1195|iSFxv_1172|iSSON_1240|iS_1188|iSbBS512_1146|iSynCJ816|iUMN146_1321|iUMNK88_1353|iUTI89_1310|iWFL_1372|iY75_1357|iYL1228|iYS1720|iZ_1308|ic_1306	iAF692|iAF987|iCN718|iEK1008|iHN637|iIT341|iJB785|iJN1463|iJN678|iJN746|iJR904|iNF517|iNJ661|iSB619|iYO844|iYS854
map00680	rn00680	Methane metabolism / C1 metabolism	R09098	1	86	1.15	variable	MCMMT	iAF692	STM_v1_0|iAF1260|iAF1260b|iAF987|iAPECO1_1312|iB21_1397|iBWG_1329|iCN718|iCN900|iE2348C_1286|iEC042_1314|iEC1344_C|iEC1349_Crooks|iEC1356_Bl21DE3|iEC1364_W|iEC1368_DH5a|iEC1372_W3110|iEC55989_1330|iECABU_c1320|iECBD_1354|iECB_1328|iECDH10B_1368|iECDH1ME8569_1439|iECD_1391|iECED1_1282|iECH74115_1262|iECIAI1_1343|iECIAI39_1322|iECNA114_1301|iECO103_1326|iECO111_1330|iECO26_1355|iECOK1_1307|iECP_1309|iECS88_1305|iECSE_1348|iECSF_1327|iECSP_1301|iECUMN_1333|iECW_1372|iECs_1301|iEK1008|iEKO11_1354|iETEC_1333|iEcDH1_1363|iEcE24377_1341|iEcHS_1320|iEcSMS35_1347|iEcolC_1368|iG2583_1286|iHN637|iIT341|iJB785|iJN1463|iJN678|iJN746|iJO1366|iJR904|iLF82_1304|iLJ478|iML1515|iNF517|iNJ661|iNRG857_1313|iPC815|iSB619|iSBO_1134|iSDY_1059|iSFV_1184|iSF_1195|iSFxv_1172|iSSON_1240|iS_1188|iSbBS512_1146|iSynCJ816|iUMN146_1321|iUMNK88_1353|iUTI89_1310|iWFL_1372|iY75_1357|iYL1228|iYO844|iYS1720|iYS854|iZ_1308|ic_1306
map00680	rn00680	Methane metabolism / C1 metabolism	R09124	1	86	1.15	variable	TMAMT	iAF692	STM_v1_0|iAF1260|iAF1260b|iAF987|iAPECO1_1312|iB21_1397|iBWG_1329|iCN718|iCN900|iE2348C_1286|iEC042_1314|iEC1344_C|iEC1349_Crooks|iEC1356_Bl21DE3|iEC1364_W|iEC1368_DH5a|iEC1372_W3110|iEC55989_1330|iECABU_c1320|iECBD_1354|iECB_1328|iECDH10B_1368|iECDH1ME8569_1439|iECD_1391|iECED1_1282|iECH74115_1262|iECIAI1_1343|iECIAI39_1322|iECNA114_1301|iECO103_1326|iECO111_1330|iECO26_1355|iECOK1_1307|iECP_1309|iECS88_1305|iECSE_1348|iECSF_1327|iECSP_1301|iECUMN_1333|iECW_1372|iECs_1301|iEK1008|iEKO11_1354|iETEC_1333|iEcDH1_1363|iEcE24377_1341|iEcHS_1320|iEcSMS35_1347|iEcolC_1368|iG2583_1286|iHN637|iIT341|iJB785|iJN1463|iJN678|iJN746|iJO1366|iJR904|iLF82_1304|iLJ478|iML1515|iNF517|iNJ661|iNRG857_1313|iPC815|iSB619|iSBO_1134|iSDY_1059|iSFV_1184|iSF_1195|iSFxv_1172|iSSON_1240|iS_1188|iSbBS512_1146|iSynCJ816|iUMN146_1321|iUMNK88_1353|iUTI89_1310|iWFL_1372|iY75_1357|iYL1228|iYO844|iYS1720|iYS854|iZ_1308|ic_1306
map00680	rn00680	Methane metabolism / C1 metabolism	R09397	2	85	2.3	variable	LPPGS	iAF692|iEK1008	STM_v1_0|iAF1260|iAF1260b|iAF987|iAPECO1_1312|iB21_1397|iBWG_1329|iCN718|iCN900|iE2348C_1286|iEC042_1314|iEC1344_C|iEC1349_Crooks|iEC1356_Bl21DE3|iEC1364_W|iEC1368_DH5a|iEC1372_W3110|iEC55989_1330|iECABU_c1320|iECBD_1354|iECB_1328|iECDH10B_1368|iECDH1ME8569_1439|iECD_1391|iECED1_1282|iECH74115_1262|iECIAI1_1343|iECIAI39_1322|iECNA114_1301|iECO103_1326|iECO111_1330|iECO26_1355|iECOK1_1307|iECP_1309|iECS88_1305|iECSE_1348|iECSF_1327|iECSP_1301|iECUMN_1333|iECW_1372|iECs_1301|iEKO11_1354|iETEC_1333|iEcDH1_1363|iEcE24377_1341|iEcHS_1320|iEcSMS35_1347|iEcolC_1368|iG2583_1286|iHN637|iIT341|iJB785|iJN1463|iJN678|iJN746|iJO1366|iJR904|iLF82_1304|iLJ478|iML1515|iNF517|iNJ661|iNRG857_1313|iPC815|iSB619|iSBO_1134|iSDY_1059|iSFV_1184|iSF_1195|iSFxv_1172|iSSON_1240|iS_1188|iSbBS512_1146|iSynCJ816|iUMN146_1321|iUMNK88_1353|iUTI89_1310|iWFL_1372|iY75_1357|iYL1228|iYO844|iYS1720|iYS854|iZ_1308|ic_1306
map00680	rn00680	Methane metabolism / C1 metabolism	R09398	2	85	2.3	variable		iAF692|iEK1008	STM_v1_0|iAF1260|iAF1260b|iAF987|iAPECO1_1312|iB21_1397|iBWG_1329|iCN718|iCN900|iE2348C_1286|iEC042_1314|iEC1344_C|iEC1349_Crooks|iEC1356_Bl21DE3|iEC1364_W|iEC1368_DH5a|iEC1372_W3110|iEC55989_1330|iECABU_c1320|iECBD_1354|iECB_1328|iECDH10B_1368|iECDH1ME8569_1439|iECD_1391|iECED1_1282|iECH74115_1262|iECIAI1_1343|iECIAI39_1322|iECNA114_1301|iECO103_1326|iECO111_1330|iECO26_1355|iECOK1_1307|iECP_1309|iECS88_1305|iECSE_1348|iECSF_1327|iECSP_1301|iECUMN_1333|iECW_1372|iECs_1301|iEKO11_1354|iETEC_1333|iEcDH1_1363|iEcE24377_1341|iEcHS_1320|iEcSMS35_1347|iEcolC_1368|iG2583_1286|iHN637|iIT341|iJB785|iJN1463|iJN678|iJN746|iJO1366|iJR904|iLF82_1304|iLJ478|iML1515|iNF517|iNJ661|iNRG857_1313|iPC815|iSB619|iSBO_1134|iSDY_1059|iSFV_1184|iSF_1195|iSFxv_1172|iSSON_1240|iS_1188|iSbBS512_1146|iSynCJ816|iUMN146_1321|iUMNK88_1353|iUTI89_1310|iWFL_1372|iY75_1357|iYL1228|iYO844|iYS1720|iYS854|iZ_1308|ic_1306
map00680	rn00680	Methane metabolism / C1 metabolism	R09399	2	85	2.3	variable		iAF692|iEK1008	STM_v1_0|iAF1260|iAF1260b|iAF987|iAPECO1_1312|iB21_1397|iBWG_1329|iCN718|iCN900|iE2348C_1286|iEC042_1314|iEC1344_C|iEC1349_Crooks|iEC1356_Bl21DE3|iEC1364_W|iEC1368_DH5a|iEC1372_W3110|iEC55989_1330|iECABU_c1320|iECBD_1354|iECB_1328|iECDH10B_1368|iECDH1ME8569_1439|iECD_1391|iECED1_1282|iECH74115_1262|iECIAI1_1343|iECIAI39_1322|iECNA114_1301|iECO103_1326|iECO111_1330|iECO26_1355|iECOK1_1307|iECP_1309|iECS88_1305|iECSE_1348|iECSF_1327|iECSP_1301|iECUMN_1333|iECW_1372|iECs_1301|iEKO11_1354|iETEC_1333|iEcDH1_1363|iEcE24377_1341|iEcHS_1320|iEcSMS35_1347|iEcolC_1368|iG2583_1286|iHN637|iIT341|iJB785|iJN1463|iJN678|iJN746|iJO1366|iJR904|iLF82_1304|iLJ478|iML1515|iNF517|iNJ661|iNRG857_1313|iPC815|iSB619|iSBO_1134|iSDY_1059|iSFV_1184|iSF_1195|iSFxv_1172|iSSON_1240|iS_1188|iSbBS512_1146|iSynCJ816|iUMN146_1321|iUMNK88_1353|iUTI89_1310|iWFL_1372|iY75_1357|iYL1228|iYO844|iYS1720|iYS854|iZ_1308|ic_1306
map00680	rn00680	Methane metabolism / C1 metabolism	R09400	2	85	2.3	variable		iAF692|iEK1008	STM_v1_0|iAF1260|iAF1260b|iAF987|iAPECO1_1312|iB21_1397|iBWG_1329|iCN718|iCN900|iE2348C_1286|iEC042_1314|iEC1344_C|iEC1349_Crooks|iEC1356_Bl21DE3|iEC1364_W|iEC1368_DH5a|iEC1372_W3110|iEC55989_1330|iECABU_c1320|iECBD_1354|iECB_1328|iECDH10B_1368|iECDH1ME8569_1439|iECD_1391|iECED1_1282|iECH74115_1262|iECIAI1_1343|iECIAI39_1322|iECNA114_1301|iECO103_1326|iECO111_1330|iECO26_1355|iECOK1_1307|iECP_1309|iECS88_1305|iECSE_1348|iECSF_1327|iECSP_1301|iECUMN_1333|iECW_1372|iECs_1301|iEKO11_1354|iETEC_1333|iEcDH1_1363|iEcE24377_1341|iEcHS_1320|iEcSMS35_1347|iEcolC_1368|iG2583_1286|iHN637|iIT341|iJB785|iJN1463|iJN678|iJN746|iJO1366|iJR904|iLF82_1304|iLJ478|iML1515|iNF517|iNJ661|iNRG857_1313|iPC815|iSB619|iSBO_1134|iSDY_1059|iSFV_1184|iSF_1195|iSFxv_1172|iSSON_1240|iS_1188|iSbBS512_1146|iSynCJ816|iUMN146_1321|iUMNK88_1353|iUTI89_1310|iWFL_1372|iY75_1357|iYL1228|iYO844|iYS1720|iYS854|iZ_1308|ic_1306
map00680	rn00680	Methane metabolism / C1 metabolism	R09998	1	86	1.15	variable	MMAMT	iAF692	STM_v1_0|iAF1260|iAF1260b|iAF987|iAPECO1_1312|iB21_1397|iBWG_1329|iCN718|iCN900|iE2348C_1286|iEC042_1314|iEC1344_C|iEC1349_Crooks|iEC1356_Bl21DE3|iEC1364_W|iEC1368_DH5a|iEC1372_W3110|iEC55989_1330|iECABU_c1320|iECBD_1354|iECB_1328|iECDH10B_1368|iECDH1ME8569_1439|iECD_1391|iECED1_1282|iECH74115_1262|iECIAI1_1343|iECIAI39_1322|iECNA114_1301|iECO103_1326|iECO111_1330|iECO26_1355|iECOK1_1307|iECP_1309|iECS88_1305|iECSE_1348|iECSF_1327|iECSP_1301|iECUMN_1333|iECW_1372|iECs_1301|iEK1008|iEKO11_1354|iETEC_1333|iEcDH1_1363|iEcE24377_1341|iEcHS_1320|iEcSMS35_1347|iEcolC_1368|iG2583_1286|iHN637|iIT341|iJB785|iJN1463|iJN678|iJN746|iJO1366|iJR904|iLF82_1304|iLJ478|iML1515|iNF517|iNJ661|iNRG857_1313|iPC815|iSB619|iSBO_1134|iSDY_1059|iSFV_1184|iSF_1195|iSFxv_1172|iSSON_1240|iS_1188|iSbBS512_1146|iSynCJ816|iUMN146_1321|iUMNK88_1353|iUTI89_1310|iWFL_1372|iY75_1357|iYL1228|iYO844|iYS1720|iYS854|iZ_1308|ic_1306
map00680	rn00680	Methane metabolism / C1 metabolism	R09999	1	86	1.15	variable	DMAMT	iAF692	STM_v1_0|iAF1260|iAF1260b|iAF987|iAPECO1_1312|iB21_1397|iBWG_1329|iCN718|iCN900|iE2348C_1286|iEC042_1314|iEC1344_C|iEC1349_Crooks|iEC1356_Bl21DE3|iEC1364_W|iEC1368_DH5a|iEC1372_W3110|iEC55989_1330|iECABU_c1320|iECBD_1354|iECB_1328|iECDH10B_1368|iECDH1ME8569_1439|iECD_1391|iECED1_1282|iECH74115_1262|iECIAI1_1343|iECIAI39_1322|iECNA114_1301|iECO103_1326|iECO111_1330|iECO26_1355|iECOK1_1307|iECP_1309|iECS88_1305|iECSE_1348|iECSF_1327|iECSP_1301|iECUMN_1333|iECW_1372|iECs_1301|iEK1008|iEKO11_1354|iETEC_1333|iEcDH1_1363|iEcE24377_1341|iEcHS_1320|iEcSMS35_1347|iEcolC_1368|iG2583_1286|iHN637|iIT341|iJB785|iJN1463|iJN678|iJN746|iJO1366|iJR904|iLF82_1304|iLJ478|iML1515|iNF517|iNJ661|iNRG857_1313|iPC815|iSB619|iSBO_1134|iSDY_1059|iSFV_1184|iSF_1195|iSFxv_1172|iSSON_1240|iS_1188|iSbBS512_1146|iSynCJ816|iUMN146_1321|iUMNK88_1353|iUTI89_1310|iWFL_1372|iY75_1357|iYL1228|iYO844|iYS1720|iYS854|iZ_1308|ic_1306
map00680	rn00680	Methane metabolism / C1 metabolism	R10392	1	86	1.15	variable		iAF692	STM_v1_0|iAF1260|iAF1260b|iAF987|iAPECO1_1312|iB21_1397|iBWG_1329|iCN718|iCN900|iE2348C_1286|iEC042_1314|iEC1344_C|iEC1349_Crooks|iEC1356_Bl21DE3|iEC1364_W|iEC1368_DH5a|iEC1372_W3110|iEC55989_1330|iECABU_c1320|iECBD_1354|iECB_1328|iECDH10B_1368|iECDH1ME8569_1439|iECD_1391|iECED1_1282|iECH74115_1262|iECIAI1_1343|iECIAI39_1322|iECNA114_1301|iECO103_1326|iECO111_1330|iECO26_1355|iECOK1_1307|iECP_1309|iECS88_1305|iECSE_1348|iECSF_1327|iECSP_1301|iECUMN_1333|iECW_1372|iECs_1301|iEK1008|iEKO11_1354|iETEC_1333|iEcDH1_1363|iEcE24377_1341|iEcHS_1320|iEcSMS35_1347|iEcolC_1368|iG2583_1286|iHN637|iIT341|iJB785|iJN1463|iJN678|iJN746|iJO1366|iJR904|iLF82_1304|iLJ478|iML1515|iNF517|iNJ661|iNRG857_1313|iPC815|iSB619|iSBO_1134|iSDY_1059|iSFV_1184|iSF_1195|iSFxv_1172|iSSON_1240|iS_1188|iSbBS512_1146|iSynCJ816|iUMN146_1321|iUMNK88_1353|iUTI89_1310|iWFL_1372|iY75_1357|iYL1228|iYO844|iYS1720|iYS854|iZ_1308|ic_1306
map00680	rn00680	Methane metabolism / C1 metabolism	R10393	1	86	1.15	variable	CH2ACH	iAF692	STM_v1_0|iAF1260|iAF1260b|iAF987|iAPECO1_1312|iB21_1397|iBWG_1329|iCN718|iCN900|iE2348C_1286|iEC042_1314|iEC1344_C|iEC1349_Crooks|iEC1356_Bl21DE3|iEC1364_W|iEC1368_DH5a|iEC1372_W3110|iEC55989_1330|iECABU_c1320|iECBD_1354|iECB_1328|iECDH10B_1368|iECDH1ME8569_1439|iECD_1391|iECED1_1282|iECH74115_1262|iECIAI1_1343|iECIAI39_1322|iECNA114_1301|iECO103_1326|iECO111_1330|iECO26_1355|iECOK1_1307|iECP_1309|iECS88_1305|iECSE_1348|iECSF_1327|iECSP_1301|iECUMN_1333|iECW_1372|iECs_1301|iEK1008|iEKO11_1354|iETEC_1333|iEcDH1_1363|iEcE24377_1341|iEcHS_1320|iEcSMS35_1347|iEcolC_1368|iG2583_1286|iHN637|iIT341|iJB785|iJN1463|iJN678|iJN746|iJO1366|iJR904|iLF82_1304|iLJ478|iML1515|iNF517|iNJ661|iNRG857_1313|iPC815|iSB619|iSBO_1134|iSDY_1059|iSFV_1184|iSF_1195|iSFxv_1172|iSSON_1240|iS_1188|iSbBS512_1146|iSynCJ816|iUMN146_1321|iUMNK88_1353|iUTI89_1310|iWFL_1372|iY75_1357|iYL1228|iYO844|iYS1720|iYS854|iZ_1308|ic_1306
map00680	rn00680	Methane metabolism / C1 metabolism	R10395	1	86	1.15	variable	RH3CD	iAF692	STM_v1_0|iAF1260|iAF1260b|iAF987|iAPECO1_1312|iB21_1397|iBWG_1329|iCN718|iCN900|iE2348C_1286|iEC042_1314|iEC1344_C|iEC1349_Crooks|iEC1356_Bl21DE3|iEC1364_W|iEC1368_DH5a|iEC1372_W3110|iEC55989_1330|iECABU_c1320|iECBD_1354|iECB_1328|iECDH10B_1368|iECDH1ME8569_1439|iECD_1391|iECED1_1282|iECH74115_1262|iECIAI1_1343|iECIAI39_1322|iECNA114_1301|iECO103_1326|iECO111_1330|iECO26_1355|iECOK1_1307|iECP_1309|iECS88_1305|iECSE_1348|iECSF_1327|iECSP_1301|iECUMN_1333|iECW_1372|iECs_1301|iEK1008|iEKO11_1354|iETEC_1333|iEcDH1_1363|iEcE24377_1341|iEcHS_1320|iEcSMS35_1347|iEcolC_1368|iG2583_1286|iHN637|iIT341|iJB785|iJN1463|iJN678|iJN746|iJO1366|iJR904|iLF82_1304|iLJ478|iML1515|iNF517|iNJ661|iNRG857_1313|iPC815|iSB619|iSBO_1134|iSDY_1059|iSFV_1184|iSF_1195|iSFxv_1172|iSSON_1240|iS_1188|iSbBS512_1146|iSynCJ816|iUMN146_1321|iUMNK88_1353|iUTI89_1310|iWFL_1372|iY75_1357|iYL1228|iYO844|iYS1720|iYS854|iZ_1308|ic_1306
map00680	rn00680	Methane metabolism / C1 metabolism	R10396	1	86	1.15	variable		iAF692	STM_v1_0|iAF1260|iAF1260b|iAF987|iAPECO1_1312|iB21_1397|iBWG_1329|iCN718|iCN900|iE2348C_1286|iEC042_1314|iEC1344_C|iEC1349_Crooks|iEC1356_Bl21DE3|iEC1364_W|iEC1368_DH5a|iEC1372_W3110|iEC55989_1330|iECABU_c1320|iECBD_1354|iECB_1328|iECDH10B_1368|iECDH1ME8569_1439|iECD_1391|iECED1_1282|iECH74115_1262|iECIAI1_1343|iECIAI39_1322|iECNA114_1301|iECO103_1326|iECO111_1330|iECO26_1355|iECOK1_1307|iECP_1309|iECS88_1305|iECSE_1348|iECSF_1327|iECSP_1301|iECUMN_1333|iECW_1372|iECs_1301|iEK1008|iEKO11_1354|iETEC_1333|iEcDH1_1363|iEcE24377_1341|iEcHS_1320|iEcSMS35_1347|iEcolC_1368|iG2583_1286|iHN637|iIT341|iJB785|iJN1463|iJN678|iJN746|iJO1366|iJR904|iLF82_1304|iLJ478|iML1515|iNF517|iNJ661|iNRG857_1313|iPC815|iSB619|iSBO_1134|iSDY_1059|iSFV_1184|iSF_1195|iSFxv_1172|iSSON_1240|iS_1188|iSbBS512_1146|iSynCJ816|iUMN146_1321|iUMNK88_1353|iUTI89_1310|iWFL_1372|iY75_1357|iYL1228|iYO844|iYS1720|iYS854|iZ_1308|ic_1306
map00680	rn00680	Methane metabolism / C1 metabolism	R12646	2	85	2.3	variable		iAF692|iEK1008	STM_v1_0|iAF1260|iAF1260b|iAF987|iAPECO1_1312|iB21_1397|iBWG_1329|iCN718|iCN900|iE2348C_1286|iEC042_1314|iEC1344_C|iEC1349_Crooks|iEC1356_Bl21DE3|iEC1364_W|iEC1368_DH5a|iEC1372_W3110|iEC55989_1330|iECABU_c1320|iECBD_1354|iECB_1328|iECDH10B_1368|iECDH1ME8569_1439|iECD_1391|iECED1_1282|iECH74115_1262|iECIAI1_1343|iECIAI39_1322|iECNA114_1301|iECO103_1326|iECO111_1330|iECO26_1355|iECOK1_1307|iECP_1309|iECS88_1305|iECSE_1348|iECSF_1327|iECSP_1301|iECUMN_1333|iECW_1372|iECs_1301|iEKO11_1354|iETEC_1333|iEcDH1_1363|iEcE24377_1341|iEcHS_1320|iEcSMS35_1347|iEcolC_1368|iG2583_1286|iHN637|iIT341|iJB785|iJN1463|iJN678|iJN746|iJO1366|iJR904|iLF82_1304|iLJ478|iML1515|iNF517|iNJ661|iNRG857_1313|iPC815|iSB619|iSBO_1134|iSDY_1059|iSFV_1184|iSF_1195|iSFxv_1172|iSSON_1240|iS_1188|iSbBS512_1146|iSynCJ816|iUMN146_1321|iUMNK88_1353|iUTI89_1310|iWFL_1372|iY75_1357|iYL1228|iYO844|iYS1720|iYS854|iZ_1308|ic_1306
map00680	rn00680	Methane metabolism / C1 metabolism	R12754	60	27	68.97	variable	FHL	STM_v1_0|iAF1260|iAF1260b|iAPECO1_1312|iB21_1397|iBWG_1329|iE2348C_1286|iEC042_1314|iEC1344_C|iEC1349_Crooks|iEC1356_Bl21DE3|iEC1364_W|iEC1368_DH5a|iEC1372_W3110|iEC55989_1330|iECABU_c1320|iECBD_1354|iECB_1328|iECDH10B_1368|iECDH1ME8569_1439|iECD_1391|iECED1_1282|iECIAI1_1343|iECIAI39_1322|iECNA114_1301|iECO103_1326|iECO111_1330|iECO26_1355|iECOK1_1307|iECP_1309|iECS88_1305|iECSE_1348|iECSF_1327|iECSP_1301|iECUMN_1333|iECW_1372|iECs_1301|iEK1008|iEKO11_1354|iETEC_1333|iEcDH1_1363|iEcE24377_1341|iEcHS_1320|iEcSMS35_1347|iEcolC_1368|iJO1366|iJR904|iLF82_1304|iML1515|iNJ661|iNRG857_1313|iUMN146_1321|iUMNK88_1353|iUTI89_1310|iWFL_1372|iY75_1357|iYL1228|iYS1720|iZ_1308|ic_1306	iAF692|iAF987|iCN718|iCN900|iECH74115_1262|iG2583_1286|iHN637|iIT341|iJB785|iJN1463|iJN678|iJN746|iLJ478|iNF517|iPC815|iSB619|iSBO_1134|iSDY_1059|iSFV_1184|iSF_1195|iSFxv_1172|iSSON_1240|iS_1188|iSbBS512_1146|iSynCJ816|iYO844|iYS854



