pathway	pathway_rn	pathway_label	model_id	organism	reaction_count	reaction_set	status	map_json
map00010	rn00010	Glycolysis / gluconeogenesis	STM_v1_0	Salmonella enterica subsp. enterica serovar Typhimurium str. LT2	41	R00014|R00199|R00200|R00229|R00235|R00341|R00431|R00658|R00703|R00710|R00711|R00726|R00746|R00754|R00756|R00762|R00947|R00959|R01015|R01061|R01063|R01068|R01196|R01512|R01516|R01518|R01600|R01602|R01662|R01786|R01788|R02569|R02739|R03270|R04394|R05132|R05133|R05134|R07618|R10860|R13199	ok	outputs\bigg_prokaryote_bioemma\maps\map00010\STM_v1_0\STM_v1_0_map00010_map.json
map00010	rn00010	Glycolysis / gluconeogenesis	iAF1260	Escherichia coli str. K-12 substr. MG1655	40	R00014|R00199|R00200|R00229|R00235|R00341|R00431|R00658|R00703|R00710|R00711|R00726|R00746|R00754|R00756|R00762|R00947|R00959|R01015|R01061|R01063|R01068|R01512|R01516|R01518|R01600|R01602|R01662|R01786|R01788|R02569|R02739|R03270|R04394|R05132|R05133|R05134|R07618|R10860|R13199	ok	outputs\bigg_prokaryote_bioemma\maps\map00010\iAF1260\iAF1260_map00010_map.json
map00010	rn00010	Glycolysis / gluconeogenesis	iAF1260b	Escherichia coli str. K-12 substr. MG1655	40	R00014|R00199|R00200|R00229|R00235|R00341|R00431|R00658|R00703|R00710|R00711|R00726|R00746|R00754|R00756|R00762|R00947|R00959|R01015|R01061|R01063|R01068|R01512|R01516|R01518|R01600|R01602|R01662|R01786|R01788|R02569|R02739|R03270|R04394|R05132|R05133|R05134|R07618|R10860|R13199	ok	outputs\bigg_prokaryote_bioemma\maps\map00010\iAF1260b\iAF1260b_map00010_map.json
map00010	rn00010	Glycolysis / gluconeogenesis	iAF692	Methanosarcina barkeri str. Fusaro	33	R00014|R00199|R00200|R00206|R00229|R00235|R00658|R00703|R00710|R00711|R00746|R00754|R00755|R00762|R00959|R01015|R01061|R01063|R01068|R01512|R01516|R01518|R01600|R01662|R01786|R02739|R04394|R05132|R05805|R09085|R09086|R10860|R13199	ok	outputs\bigg_prokaryote_bioemma\maps\map00010\iAF692\iAF692_map00010_map.json
map00010	rn00010	Glycolysis / gluconeogenesis	iAF987	Geobacter metallireducens GS-15	33	R00014|R00199|R00200|R00206|R00235|R00341|R00431|R00658|R00703|R00710|R00711|R00726|R00746|R00754|R00756|R00762|R00959|R01015|R01061|R01063|R01068|R01512|R01516|R01518|R01600|R01662|R01786|R02569|R02739|R03270|R07618|R10860|R13199	ok	outputs\bigg_prokaryote_bioemma\maps\map00010\iAF987\iAF987_map00010_map.json
map00010	rn00010	Glycolysis / gluconeogenesis	iAPECO1_1312	Escherichia coli APEC O1	41	R00014|R00199|R00200|R00229|R00235|R00341|R00431|R00658|R00703|R00710|R00711|R00726|R00746|R00754|R00756|R00762|R00947|R00959|R01015|R01061|R01063|R01068|R01196|R01512|R01516|R01518|R01600|R01602|R01662|R01786|R01788|R02569|R02739|R03270|R04394|R05132|R05133|R05134|R07618|R10860|R13199	ok	outputs\bigg_prokaryote_bioemma\maps\map00010\iAPECO1_1312\iAPECO1_1312_map00010_map.json
map00010	rn00010	Glycolysis / gluconeogenesis	iB21_1397	Escherichia coli BL21(DE3)	41	R00014|R00199|R00200|R00229|R00235|R00341|R00431|R00658|R00703|R00710|R00711|R00726|R00746|R00754|R00756|R00762|R00947|R00959|R01015|R01061|R01063|R01068|R01196|R01512|R01516|R01518|R01600|R01602|R01662|R01786|R01788|R02569|R02739|R03270|R04394|R05132|R05133|R05134|R07618|R10860|R13199	ok	outputs\bigg_prokaryote_bioemma\maps\map00010\iB21_1397\iB21_1397_map00010_map.json
map00010	rn00010	Glycolysis / gluconeogenesis	iBWG_1329	Escherichia coli BW2952	41	R00014|R00199|R00200|R00229|R00235|R00341|R00431|R00658|R00703|R00710|R00711|R00726|R00746|R00754|R00756|R00762|R00947|R00959|R01015|R01061|R01063|R01068|R01196|R01512|R01516|R01518|R01600|R01602|R01662|R01786|R01788|R02569|R02739|R03270|R04394|R05132|R05133|R05134|R07618|R10860|R13199	ok	outputs\bigg_prokaryote_bioemma\maps\map00010\iBWG_1329\iBWG_1329_map00010_map.json
map00010	rn00010	Glycolysis / gluconeogenesis	iCN718	Acinetobacter baumannii AYE	28	R00014|R00199|R00235|R00431|R00658|R00703|R00710|R00711|R00726|R00746|R00754|R00755|R00762|R00959|R01015|R01061|R01063|R01068|R01512|R01516|R01518|R01662|R02569|R02739|R03270|R07618|R10860|R13199	ok	outputs\bigg_prokaryote_bioemma\maps\map00010\iCN718\iCN718_map00010_map.json
map00010	rn00010	Glycolysis / gluconeogenesis	iCN900	Clostridioides difficile 630	42	R00014|R00199|R00200|R00206|R00235|R00341|R00431|R00658|R00703|R00710|R00711|R00726|R00746|R00754|R00756|R00762|R00947|R00959|R01015|R01058|R01061|R01063|R01068|R01196|R01512|R01516|R01518|R01600|R01602|R01662|R01786|R02569|R02739|R03270|R04394|R05132|R05133|R05134|R05805|R07618|R10860|R13199	ok	outputs\bigg_prokaryote_bioemma\maps\map00010\iCN900\iCN900_map00010_map.json
map00010	rn00010	Glycolysis / gluconeogenesis	iE2348C_1286	Escherichia coli O127:H6 str. E2348/69	41	R00014|R00199|R00200|R00229|R00235|R00341|R00431|R00658|R00703|R00710|R00711|R00726|R00746|R00754|R00756|R00762|R00947|R00959|R01015|R01061|R01063|R01068|R01196|R01512|R01516|R01518|R01600|R01602|R01662|R01786|R01788|R02569|R02739|R03270|R04394|R05132|R05133|R05134|R07618|R10860|R13199	ok	outputs\bigg_prokaryote_bioemma\maps\map00010\iE2348C_1286\iE2348C_1286_map00010_map.json
map00010	rn00010	Glycolysis / gluconeogenesis	iEC042_1314	Escherichia coli 042	41	R00014|R00199|R00200|R00229|R00235|R00341|R00431|R00658|R00703|R00710|R00711|R00726|R00746|R00754|R00756|R00762|R00947|R00959|R01015|R01061|R01063|R01068|R01196|R01512|R01516|R01518|R01600|R01602|R01662|R01786|R01788|R02569|R02739|R03270|R04394|R05132|R05133|R05134|R07618|R10860|R13199	ok	outputs\bigg_prokaryote_bioemma\maps\map00010\iEC042_1314\iEC042_1314_map00010_map.json
map00010	rn00010	Glycolysis / gluconeogenesis	iEC1344_C	Escherichia coli C	41	R00014|R00199|R00200|R00229|R00235|R00341|R00431|R00658|R00703|R00710|R00711|R00726|R00746|R00754|R00755|R00756|R00762|R00947|R00959|R01015|R01061|R01063|R01068|R01512|R01516|R01518|R01600|R01602|R01662|R01786|R01788|R02569|R02739|R03270|R04394|R05132|R05133|R05134|R07618|R10860|R13199	ok	outputs\bigg_prokaryote_bioemma\maps\map00010\iEC1344_C\iEC1344_C_map00010_map.json
map00010	rn00010	Glycolysis / gluconeogenesis	iEC1349_Crooks	Escherichia coli ATCC 8739	40	R00014|R00199|R00200|R00229|R00235|R00341|R00431|R00658|R00703|R00710|R00711|R00726|R00746|R00754|R00756|R00762|R00947|R00959|R01015|R01061|R01063|R01068|R01512|R01516|R01518|R01600|R01602|R01662|R01786|R01788|R02569|R02739|R03270|R04394|R05132|R05133|R05134|R07618|R10860|R13199	ok	outputs\bigg_prokaryote_bioemma\maps\map00010\iEC1349_Crooks\iEC1349_Crooks_map00010_map.json
map00010	rn00010	Glycolysis / gluconeogenesis	iEC1356_Bl21DE3	Escherichia coli BL21(DE3)	41	R00014|R00199|R00200|R00229|R00235|R00341|R00431|R00658|R00703|R00710|R00711|R00726|R00746|R00754|R00755|R00756|R00762|R00947|R00959|R01015|R01061|R01063|R01068|R01512|R01516|R01518|R01600|R01602|R01662|R01786|R01788|R02569|R02739|R03270|R04394|R05132|R05133|R05134|R07618|R10860|R13199	ok	outputs\bigg_prokaryote_bioemma\maps\map00010\iEC1356_Bl21DE3\iEC1356_Bl21DE3_map00010_map.json
map00010	rn00010	Glycolysis / gluconeogenesis	iEC1364_W	Escherichia coli W	41	R00014|R00199|R00200|R00229|R00235|R00341|R00431|R00658|R00703|R00710|R00711|R00726|R00746|R00754|R00755|R00756|R00762|R00947|R00959|R01015|R01061|R01063|R01068|R01512|R01516|R01518|R01600|R01602|R01662|R01786|R01788|R02569|R02739|R03270|R04394|R05132|R05133|R05134|R07618|R10860|R13199	ok	outputs\bigg_prokaryote_bioemma\maps\map00010\iEC1364_W\iEC1364_W_map00010_map.json
map00010	rn00010	Glycolysis / gluconeogenesis	iEC1368_DH5a	Escherichia coli DH5[alpha]	41	R00014|R00199|R00200|R00229|R00235|R00341|R00431|R00658|R00703|R00710|R00711|R00726|R00746|R00754|R00755|R00756|R00762|R00947|R00959|R01015|R01061|R01063|R01068|R01512|R01516|R01518|R01600|R01602|R01662|R01786|R01788|R02569|R02739|R03270|R04394|R05132|R05133|R05134|R07618|R10860|R13199	ok	outputs\bigg_prokaryote_bioemma\maps\map00010\iEC1368_DH5a\iEC1368_DH5a_map00010_map.json
map00010	rn00010	Glycolysis / gluconeogenesis	iEC1372_W3110	Escherichia coli str. K-12 substr. W3110	40	R00014|R00199|R00200|R00229|R00235|R00341|R00431|R00658|R00703|R00710|R00711|R00726|R00746|R00754|R00756|R00762|R00947|R00959|R01015|R01061|R01063|R01068|R01512|R01516|R01518|R01600|R01602|R01662|R01786|R01788|R02569|R02739|R03270|R04394|R05132|R05133|R05134|R07618|R10860|R13199	ok	outputs\bigg_prokaryote_bioemma\maps\map00010\iEC1372_W3110\iEC1372_W3110_map00010_map.json
map00010	rn00010	Glycolysis / gluconeogenesis	iEC55989_1330	Escherichia coli 55989	41	R00014|R00199|R00200|R00229|R00235|R00341|R00431|R00658|R00703|R00710|R00711|R00726|R00746|R00754|R00756|R00762|R00947|R00959|R01015|R01061|R01063|R01068|R01196|R01512|R01516|R01518|R01600|R01602|R01662|R01786|R01788|R02569|R02739|R03270|R04394|R05132|R05133|R05134|R07618|R10860|R13199	ok	outputs\bigg_prokaryote_bioemma\maps\map00010\iEC55989_1330\iEC55989_1330_map00010_map.json
map00010	rn00010	Glycolysis / gluconeogenesis	iECABU_c1320	Escherichia coli ABU 83972	41	R00014|R00199|R00200|R00229|R00235|R00341|R00431|R00658|R00703|R00710|R00711|R00726|R00746|R00754|R00756|R00762|R00947|R00959|R01015|R01061|R01063|R01068|R01196|R01512|R01516|R01518|R01600|R01602|R01662|R01786|R01788|R02569|R02739|R03270|R04394|R05132|R05133|R05134|R07618|R10860|R13199	ok	outputs\bigg_prokaryote_bioemma\maps\map00010\iECABU_c1320\iECABU_c1320_map00010_map.json
map00010	rn00010	Glycolysis / gluconeogenesis	iECBD_1354	Escherichia coli 'BL21-Gold(DE3)pLysS AG'	41	R00014|R00199|R00200|R00229|R00235|R00341|R00431|R00658|R00703|R00710|R00711|R00726|R00746|R00754|R00756|R00762|R00947|R00959|R01015|R01061|R01063|R01068|R01196|R01512|R01516|R01518|R01600|R01602|R01662|R01786|R01788|R02569|R02739|R03270|R04394|R05132|R05133|R05134|R07618|R10860|R13199	ok	outputs\bigg_prokaryote_bioemma\maps\map00010\iECBD_1354\iECBD_1354_map00010_map.json
map00010	rn00010	Glycolysis / gluconeogenesis	iECB_1328	Escherichia coli B str. REL606	41	R00014|R00199|R00200|R00229|R00235|R00341|R00431|R00658|R00703|R00710|R00711|R00726|R00746|R00754|R00756|R00762|R00947|R00959|R01015|R01061|R01063|R01068|R01196|R01512|R01516|R01518|R01600|R01602|R01662|R01786|R01788|R02569|R02739|R03270|R04394|R05132|R05133|R05134|R07618|R10860|R13199	ok	outputs\bigg_prokaryote_bioemma\maps\map00010\iECB_1328\iECB_1328_map00010_map.json
map00010	rn00010	Glycolysis / gluconeogenesis	iECDH10B_1368	Escherichia coli str. K-12 substr. DH10B	41	R00014|R00199|R00200|R00229|R00235|R00341|R00431|R00658|R00703|R00710|R00711|R00726|R00746|R00754|R00756|R00762|R00947|R00959|R01015|R01061|R01063|R01068|R01196|R01512|R01516|R01518|R01600|R01602|R01662|R01786|R01788|R02569|R02739|R03270|R04394|R05132|R05133|R05134|R07618|R10860|R13199	ok	outputs\bigg_prokaryote_bioemma\maps\map00010\iECDH10B_1368\iECDH10B_1368_map00010_map.json
map00010	rn00010	Glycolysis / gluconeogenesis	iECDH1ME8569_1439	Escherichia coli DH1	41	R00014|R00199|R00200|R00229|R00235|R00341|R00431|R00658|R00703|R00710|R00711|R00726|R00746|R00754|R00756|R00762|R00947|R00959|R01015|R01061|R01063|R01068|R01196|R01512|R01516|R01518|R01600|R01602|R01662|R01786|R01788|R02569|R02739|R03270|R04394|R05132|R05133|R05134|R07618|R10860|R13199	ok	outputs\bigg_prokaryote_bioemma\maps\map00010\iECDH1ME8569_1439\iECDH1ME8569_1439_map00010_map.json
map00010	rn00010	Glycolysis / gluconeogenesis	iECD_1391	Escherichia coli BL21(DE3)	41	R00014|R00199|R00200|R00229|R00235|R00341|R00431|R00658|R00703|R00710|R00711|R00726|R00746|R00754|R00756|R00762|R00947|R00959|R01015|R01061|R01063|R01068|R01196|R01512|R01516|R01518|R01600|R01602|R01662|R01786|R01788|R02569|R02739|R03270|R04394|R05132|R05133|R05134|R07618|R10860|R13199	ok	outputs\bigg_prokaryote_bioemma\maps\map00010\iECD_1391\iECD_1391_map00010_map.json
map00010	rn00010	Glycolysis / gluconeogenesis	iECED1_1282	Escherichia coli ED1a	41	R00014|R00199|R00200|R00229|R00235|R00341|R00431|R00658|R00703|R00710|R00711|R00726|R00746|R00754|R00756|R00762|R00947|R00959|R01015|R01061|R01063|R01068|R01196|R01512|R01516|R01518|R01600|R01602|R01662|R01786|R01788|R02569|R02739|R03270|R04394|R05132|R05133|R05134|R07618|R10860|R13199	ok	outputs\bigg_prokaryote_bioemma\maps\map00010\iECED1_1282\iECED1_1282_map00010_map.json
map00010	rn00010	Glycolysis / gluconeogenesis	iECH74115_1262	Escherichia coli O157:H7 str. EC4115	41	R00014|R00199|R00200|R00229|R00235|R00341|R00431|R00658|R00703|R00710|R00711|R00726|R00746|R00754|R00756|R00762|R00947|R00959|R01015|R01061|R01063|R01068|R01196|R01512|R01516|R01518|R01600|R01602|R01662|R01786|R01788|R02569|R02739|R03270|R04394|R05132|R05133|R05134|R07618|R10860|R13199	ok	outputs\bigg_prokaryote_bioemma\maps\map00010\iECH74115_1262\iECH74115_1262_map00010_map.json
map00010	rn00010	Glycolysis / gluconeogenesis	iECIAI1_1343	Escherichia coli IAI1	41	R00014|R00199|R00200|R00229|R00235|R00341|R00431|R00658|R00703|R00710|R00711|R00726|R00746|R00754|R00756|R00762|R00947|R00959|R01015|R01061|R01063|R01068|R01196|R01512|R01516|R01518|R01600|R01602|R01662|R01786|R01788|R02569|R02739|R03270|R04394|R05132|R05133|R05134|R07618|R10860|R13199	ok	outputs\bigg_prokaryote_bioemma\maps\map00010\iECIAI1_1343\iECIAI1_1343_map00010_map.json
map00010	rn00010	Glycolysis / gluconeogenesis	iECIAI39_1322	Escherichia coli IAI39	41	R00014|R00199|R00200|R00229|R00235|R00341|R00431|R00658|R00703|R00710|R00711|R00726|R00746|R00754|R00756|R00762|R00947|R00959|R01015|R01061|R01063|R01068|R01196|R01512|R01516|R01518|R01600|R01602|R01662|R01786|R01788|R02569|R02739|R03270|R04394|R05132|R05133|R05134|R07618|R10860|R13199	ok	outputs\bigg_prokaryote_bioemma\maps\map00010\iECIAI39_1322\iECIAI39_1322_map00010_map.json
map00010	rn00010	Glycolysis / gluconeogenesis	iECNA114_1301	Escherichia coli NA114	41	R00014|R00199|R00200|R00229|R00235|R00341|R00431|R00658|R00703|R00710|R00711|R00726|R00746|R00754|R00756|R00762|R00947|R00959|R01015|R01061|R01063|R01068|R01196|R01512|R01516|R01518|R01600|R01602|R01662|R01786|R01788|R02569|R02739|R03270|R04394|R05132|R05133|R05134|R07618|R10860|R13199	ok	outputs\bigg_prokaryote_bioemma\maps\map00010\iECNA114_1301\iECNA114_1301_map00010_map.json
map00010	rn00010	Glycolysis / gluconeogenesis	iECO103_1326	Escherichia coli O103:H2 str. 12009	41	R00014|R00199|R00200|R00229|R00235|R00341|R00431|R00658|R00703|R00710|R00711|R00726|R00746|R00754|R00756|R00762|R00947|R00959|R01015|R01061|R01063|R01068|R01196|R01512|R01516|R01518|R01600|R01602|R01662|R01786|R01788|R02569|R02739|R03270|R04394|R05132|R05133|R05134|R07618|R10860|R13199	ok	outputs\bigg_prokaryote_bioemma\maps\map00010\iECO103_1326\iECO103_1326_map00010_map.json
map00010	rn00010	Glycolysis / gluconeogenesis	iECO111_1330	Escherichia coli O111:H- str. 11128	41	R00014|R00199|R00200|R00229|R00235|R00341|R00431|R00658|R00703|R00710|R00711|R00726|R00746|R00754|R00756|R00762|R00947|R00959|R01015|R01061|R01063|R01068|R01196|R01512|R01516|R01518|R01600|R01602|R01662|R01786|R01788|R02569|R02739|R03270|R04394|R05132|R05133|R05134|R07618|R10860|R13199	ok	outputs\bigg_prokaryote_bioemma\maps\map00010\iECO111_1330\iECO111_1330_map00010_map.json
map00010	rn00010	Glycolysis / gluconeogenesis	iECO26_1355	Escherichia coli O26:H11 str. 11368	41	R00014|R00199|R00200|R00229|R00235|R00341|R00431|R00658|R00703|R00710|R00711|R00726|R00746|R00754|R00756|R00762|R00947|R00959|R01015|R01061|R01063|R01068|R01196|R01512|R01516|R01518|R01600|R01602|R01662|R01786|R01788|R02569|R02739|R03270|R04394|R05132|R05133|R05134|R07618|R10860|R13199	ok	outputs\bigg_prokaryote_bioemma\maps\map00010\iECO26_1355\iECO26_1355_map00010_map.json
map00010	rn00010	Glycolysis / gluconeogenesis	iECOK1_1307	Escherichia coli IHE3034	41	R00014|R00199|R00200|R00229|R00235|R00341|R00431|R00658|R00703|R00710|R00711|R00726|R00746|R00754|R00756|R00762|R00947|R00959|R01015|R01061|R01063|R01068|R01196|R01512|R01516|R01518|R01600|R01602|R01662|R01786|R01788|R02569|R02739|R03270|R04394|R05132|R05133|R05134|R07618|R10860|R13199	ok	outputs\bigg_prokaryote_bioemma\maps\map00010\iECOK1_1307\iECOK1_1307_map00010_map.json
map00010	rn00010	Glycolysis / gluconeogenesis	iECP_1309	Escherichia coli 536	41	R00014|R00199|R00200|R00229|R00235|R00341|R00431|R00658|R00703|R00710|R00711|R00726|R00746|R00754|R00756|R00762|R00947|R00959|R01015|R01061|R01063|R01068|R01196|R01512|R01516|R01518|R01600|R01602|R01662|R01786|R01788|R02569|R02739|R03270|R04394|R05132|R05133|R05134|R07618|R10860|R13199	ok	outputs\bigg_prokaryote_bioemma\maps\map00010\iECP_1309\iECP_1309_map00010_map.json
map00010	rn00010	Glycolysis / gluconeogenesis	iECS88_1305	Escherichia coli S88	41	R00014|R00199|R00200|R00229|R00235|R00341|R00431|R00658|R00703|R00710|R00711|R00726|R00746|R00754|R00756|R00762|R00947|R00959|R01015|R01061|R01063|R01068|R01196|R01512|R01516|R01518|R01600|R01602|R01662|R01786|R01788|R02569|R02739|R03270|R04394|R05132|R05133|R05134|R07618|R10860|R13199	ok	outputs\bigg_prokaryote_bioemma\maps\map00010\iECS88_1305\iECS88_1305_map00010_map.json
map00010	rn00010	Glycolysis / gluconeogenesis	iECSE_1348	Escherichia coli SE11	41	R00014|R00199|R00200|R00229|R00235|R00341|R00431|R00658|R00703|R00710|R00711|R00726|R00746|R00754|R00756|R00762|R00947|R00959|R01015|R01061|R01063|R01068|R01196|R01512|R01516|R01518|R01600|R01602|R01662|R01786|R01788|R02569|R02739|R03270|R04394|R05132|R05133|R05134|R07618|R10860|R13199	ok	outputs\bigg_prokaryote_bioemma\maps\map00010\iECSE_1348\iECSE_1348_map00010_map.json
map00010	rn00010	Glycolysis / gluconeogenesis	iECSF_1327	Escherichia coli SE15	41	R00014|R00199|R00200|R00229|R00235|R00341|R00431|R00658|R00703|R00710|R00711|R00726|R00746|R00754|R00756|R00762|R00947|R00959|R01015|R01061|R01063|R01068|R01196|R01512|R01516|R01518|R01600|R01602|R01662|R01786|R01788|R02569|R02739|R03270|R04394|R05132|R05133|R05134|R07618|R10860|R13199	ok	outputs\bigg_prokaryote_bioemma\maps\map00010\iECSF_1327\iECSF_1327_map00010_map.json
map00010	rn00010	Glycolysis / gluconeogenesis	iECSP_1301	Escherichia coli O157:H7 str. TW14359	41	R00014|R00199|R00200|R00229|R00235|R00341|R00431|R00658|R00703|R00710|R00711|R00726|R00746|R00754|R00756|R00762|R00947|R00959|R01015|R01061|R01063|R01068|R01196|R01512|R01516|R01518|R01600|R01602|R01662|R01786|R01788|R02569|R02739|R03270|R04394|R05132|R05133|R05134|R07618|R10860|R13199	ok	outputs\bigg_prokaryote_bioemma\maps\map00010\iECSP_1301\iECSP_1301_map00010_map.json
map00010	rn00010	Glycolysis / gluconeogenesis	iECUMN_1333	Escherichia coli UMN026	41	R00014|R00199|R00200|R00229|R00235|R00341|R00431|R00658|R00703|R00710|R00711|R00726|R00746|R00754|R00756|R00762|R00947|R00959|R01015|R01061|R01063|R01068|R01196|R01512|R01516|R01518|R01600|R01602|R01662|R01786|R01788|R02569|R02739|R03270|R04394|R05132|R05133|R05134|R07618|R10860|R13199	ok	outputs\bigg_prokaryote_bioemma\maps\map00010\iECUMN_1333\iECUMN_1333_map00010_map.json
map00010	rn00010	Glycolysis / gluconeogenesis	iECW_1372	Escherichia coli W	41	R00014|R00199|R00200|R00229|R00235|R00341|R00431|R00658|R00703|R00710|R00711|R00726|R00746|R00754|R00756|R00762|R00947|R00959|R01015|R01061|R01063|R01068|R01196|R01512|R01516|R01518|R01600|R01602|R01662|R01786|R01788|R02569|R02739|R03270|R04394|R05132|R05133|R05134|R07618|R10860|R13199	ok	outputs\bigg_prokaryote_bioemma\maps\map00010\iECW_1372\iECW_1372_map00010_map.json
map00010	rn00010	Glycolysis / gluconeogenesis	iECs_1301	Escherichia coli O157:H7 str. Sakai	41	R00014|R00199|R00200|R00229|R00235|R00341|R00431|R00658|R00703|R00710|R00711|R00726|R00746|R00754|R00756|R00762|R00947|R00959|R01015|R01061|R01063|R01068|R01196|R01512|R01516|R01518|R01600|R01602|R01662|R01786|R01788|R02569|R02739|R03270|R04394|R05132|R05133|R05134|R07618|R10860|R13199	ok	outputs\bigg_prokaryote_bioemma\maps\map00010\iECs_1301\iECs_1301_map00010_map.json
map00010	rn00010	Glycolysis / gluconeogenesis	iEK1008	Mycobacterium tuberculosis H37Rv	34	R00014|R00199|R00200|R00206|R00235|R00431|R00658|R00703|R00710|R00711|R00726|R00746|R00754|R00755|R00756|R00762|R00959|R01015|R01061|R01063|R01068|R01512|R01516|R01518|R01600|R01662|R01786|R01788|R02569|R02739|R03270|R07618|R10860|R13199	ok	outputs\bigg_prokaryote_bioemma\maps\map00010\iEK1008\iEK1008_map00010_map.json
map00010	rn00010	Glycolysis / gluconeogenesis	iEKO11_1354	Escherichia coli KO11FL	41	R00014|R00199|R00200|R00229|R00235|R00341|R00431|R00658|R00703|R00710|R00711|R00726|R00746|R00754|R00756|R00762|R00947|R00959|R01015|R01061|R01063|R01068|R01196|R01512|R01516|R01518|R01600|R01602|R01662|R01786|R01788|R02569|R02739|R03270|R04394|R05132|R05133|R05134|R07618|R10860|R13199	ok	outputs\bigg_prokaryote_bioemma\maps\map00010\iEKO11_1354\iEKO11_1354_map00010_map.json
map00010	rn00010	Glycolysis / gluconeogenesis	iETEC_1333	Escherichia coli ETEC H10407	41	R00014|R00199|R00200|R00229|R00235|R00341|R00431|R00658|R00703|R00710|R00711|R00726|R00746|R00754|R00756|R00762|R00947|R00959|R01015|R01061|R01063|R01068|R01196|R01512|R01516|R01518|R01600|R01602|R01662|R01786|R01788|R02569|R02739|R03270|R04394|R05132|R05133|R05134|R07618|R10860|R13199	ok	outputs\bigg_prokaryote_bioemma\maps\map00010\iETEC_1333\iETEC_1333_map00010_map.json
map00010	rn00010	Glycolysis / gluconeogenesis	iEcDH1_1363	Escherichia coli DH1	41	R00014|R00199|R00200|R00229|R00235|R00341|R00431|R00658|R00703|R00710|R00711|R00726|R00746|R00754|R00756|R00762|R00947|R00959|R01015|R01061|R01063|R01068|R01196|R01512|R01516|R01518|R01600|R01602|R01662|R01786|R01788|R02569|R02739|R03270|R04394|R05132|R05133|R05134|R07618|R10860|R13199	ok	outputs\bigg_prokaryote_bioemma\maps\map00010\iEcDH1_1363\iEcDH1_1363_map00010_map.json
map00010	rn00010	Glycolysis / gluconeogenesis	iEcE24377_1341	Escherichia coli O139:H28 str. E24377A	41	R00014|R00199|R00200|R00229|R00235|R00341|R00431|R00658|R00703|R00710|R00711|R00726|R00746|R00754|R00756|R00762|R00947|R00959|R01015|R01061|R01063|R01068|R01196|R01512|R01516|R01518|R01600|R01602|R01662|R01786|R01788|R02569|R02739|R03270|R04394|R05132|R05133|R05134|R07618|R10860|R13199	ok	outputs\bigg_prokaryote_bioemma\maps\map00010\iEcE24377_1341\iEcE24377_1341_map00010_map.json
map00010	rn00010	Glycolysis / gluconeogenesis	iEcHS_1320	Escherichia coli HS	41	R00014|R00199|R00200|R00229|R00235|R00341|R00431|R00658|R00703|R00710|R00711|R00726|R00746|R00754|R00756|R00762|R00947|R00959|R01015|R01061|R01063|R01068|R01196|R01512|R01516|R01518|R01600|R01602|R01662|R01786|R01788|R02569|R02739|R03270|R04394|R05132|R05133|R05134|R07618|R10860|R13199	ok	outputs\bigg_prokaryote_bioemma\maps\map00010\iEcHS_1320\iEcHS_1320_map00010_map.json
map00010	rn00010	Glycolysis / gluconeogenesis	iEcSMS35_1347	Escherichia coli SMS-3-5	41	R00014|R00199|R00200|R00229|R00235|R00341|R00431|R00658|R00703|R00710|R00711|R00726|R00746|R00754|R00756|R00762|R00947|R00959|R01015|R01061|R01063|R01068|R01196|R01512|R01516|R01518|R01600|R01602|R01662|R01786|R01788|R02569|R02739|R03270|R04394|R05132|R05133|R05134|R07618|R10860|R13199	ok	outputs\bigg_prokaryote_bioemma\maps\map00010\iEcSMS35_1347\iEcSMS35_1347_map00010_map.json
map00010	rn00010	Glycolysis / gluconeogenesis	iEcolC_1368	Escherichia coli ATCC 8739	41	R00014|R00199|R00200|R00229|R00235|R00341|R00431|R00658|R00703|R00710|R00711|R00726|R00746|R00754|R00756|R00762|R00947|R00959|R01015|R01061|R01063|R01068|R01196|R01512|R01516|R01518|R01600|R01602|R01662|R01786|R01788|R02569|R02739|R03270|R04394|R05132|R05133|R05134|R07618|R10860|R13199	ok	outputs\bigg_prokaryote_bioemma\maps\map00010\iEcolC_1368\iEcolC_1368_map00010_map.json
map00010	rn00010	Glycolysis / gluconeogenesis	iG2583_1286	Escherichia coli O55:H7 str. CB9615	41	R00014|R00199|R00200|R00229|R00235|R00341|R00431|R00658|R00703|R00710|R00711|R00726|R00746|R00754|R00756|R00762|R00947|R00959|R01015|R01061|R01063|R01068|R01196|R01512|R01516|R01518|R01600|R01602|R01662|R01786|R01788|R02569|R02739|R03270|R04394|R05132|R05133|R05134|R07618|R10860|R13199	ok	outputs\bigg_prokaryote_bioemma\maps\map00010\iG2583_1286\iG2583_1286_map00010_map.json
map00010	rn00010	Glycolysis / gluconeogenesis	iHN637	Clostridium ljungdahlii DSM 13528	30	R00014|R00199|R00200|R00206|R00341|R00431|R00658|R00703|R00710|R00711|R00726|R00746|R00754|R00756|R00762|R00959|R01015|R01061|R01063|R01068|R01512|R01516|R01518|R01600|R01662|R01786|R02739|R07618|R10860|R13199	ok	outputs\bigg_prokaryote_bioemma\maps\map00010\iHN637\iHN637_map00010_map.json
map00010	rn00010	Glycolysis / gluconeogenesis	iIT341	Helicobacter pylori 26695	24	R00014|R00199|R00235|R00658|R00710|R00711|R00746|R00754|R00755|R00762|R00959|R01015|R01061|R01063|R01068|R01512|R01516|R01518|R01600|R01662|R01786|R02739|R10860|R13199	ok	outputs\bigg_prokaryote_bioemma\maps\map00010\iIT341\iIT341_map00010_map.json
map00010	rn00010	Glycolysis / gluconeogenesis	iJB785	Synechococcus elongatus PCC 7942	29	R00014|R00199|R00200|R00235|R00658|R00703|R00710|R00711|R00746|R00754|R00756|R00762|R00959|R01015|R01061|R01063|R01068|R01196|R01512|R01516|R01518|R01600|R01662|R01786|R02569|R02739|R03270|R07618|R13199	ok	outputs\bigg_prokaryote_bioemma\maps\map00010\iJB785\iJB785_map00010_map.json
map00010	rn00010	Glycolysis / gluconeogenesis	iJN1463	Pseudomonas putida KT2440	32	R00014|R00199|R00200|R00235|R00341|R00431|R00658|R00703|R00710|R00711|R00726|R00746|R00754|R00762|R00959|R01015|R01061|R01063|R01068|R01512|R01516|R01518|R01600|R01662|R01786|R02569|R02739|R03270|R05198|R07618|R10860|R13199	ok	outputs\bigg_prokaryote_bioemma\maps\map00010\iJN1463\iJN1463_map00010_map.json
map00010	rn00010	Glycolysis / gluconeogenesis	iJN678	Synechocystis sp. PCC 6803	30	R00014|R00199|R00200|R00235|R00658|R00703|R00710|R00711|R00746|R00754|R00756|R00762|R00959|R01015|R01061|R01063|R01068|R01196|R01512|R01516|R01518|R01600|R01662|R01786|R02569|R02739|R03270|R07618|R10860|R13199	ok	outputs\bigg_prokaryote_bioemma\maps\map00010\iJN678\iJN678_map00010_map.json
map00010	rn00010	Glycolysis / gluconeogenesis	iJN746	Pseudomonas putida KT2440	29	R00014|R00199|R00200|R00235|R00658|R00703|R00710|R00711|R00746|R00754|R00762|R00959|R01015|R01061|R01063|R01068|R01512|R01516|R01518|R01600|R01662|R01786|R02569|R02739|R03270|R05198|R07618|R10860|R13199	ok	outputs\bigg_prokaryote_bioemma\maps\map00010\iJN746\iJN746_map00010_map.json
map00010	rn00010	Glycolysis / gluconeogenesis	iJO1366	Escherichia coli str. K-12 substr. MG1655	40	R00014|R00199|R00200|R00229|R00235|R00341|R00431|R00658|R00703|R00710|R00711|R00726|R00746|R00754|R00756|R00762|R00947|R00959|R01015|R01061|R01063|R01068|R01512|R01516|R01518|R01600|R01602|R01662|R01786|R01788|R02569|R02739|R03270|R04394|R05132|R05133|R05134|R07618|R10860|R13199	ok	outputs\bigg_prokaryote_bioemma\maps\map00010\iJO1366\iJO1366_map00010_map.json
map00010	rn00010	Glycolysis / gluconeogenesis	iJR904	Escherichia coli str. K-12 substr. MG1655	37	R00014|R00199|R00200|R00229|R00235|R00341|R00431|R00658|R00703|R00710|R00711|R00726|R00746|R00756|R00762|R00947|R00959|R01015|R01061|R01063|R01068|R01512|R01516|R01518|R01600|R01662|R01786|R02569|R02739|R03270|R04394|R05132|R05133|R05134|R07618|R10860|R13199	ok	outputs\bigg_prokaryote_bioemma\maps\map00010\iJR904\iJR904_map00010_map.json
map00010	rn00010	Glycolysis / gluconeogenesis	iLF82_1304	Escherichia coli LF82	41	R00014|R00199|R00200|R00229|R00235|R00341|R00431|R00658|R00703|R00710|R00711|R00726|R00746|R00754|R00756|R00762|R00947|R00959|R01015|R01061|R01063|R01068|R01196|R01512|R01516|R01518|R01600|R01602|R01662|R01786|R01788|R02569|R02739|R03270|R04394|R05132|R05133|R05134|R07618|R10860|R13199	ok	outputs\bigg_prokaryote_bioemma\maps\map00010\iLF82_1304\iLF82_1304_map00010_map.json
map00010	rn00010	Glycolysis / gluconeogenesis	iLJ478	Thermotoga maritima MSB8	26	R00014|R00199|R00200|R00206|R00658|R00703|R00746|R00756|R00762|R00764|R00959|R01015|R01061|R01063|R01068|R01512|R01516|R01518|R01600|R01602|R01662|R01786|R02739|R07618|R10860|R13199	ok	outputs\bigg_prokaryote_bioemma\maps\map00010\iLJ478\iLJ478_map00010_map.json
map00010	rn00010	Glycolysis / gluconeogenesis	iML1515	Escherichia coli str. K-12 substr. MG1655	40	R00014|R00199|R00200|R00229|R00235|R00341|R00431|R00658|R00703|R00710|R00711|R00726|R00746|R00754|R00756|R00762|R00947|R00959|R01015|R01061|R01063|R01068|R01512|R01516|R01518|R01600|R01602|R01662|R01786|R01788|R02569|R02739|R03270|R04394|R05132|R05133|R05134|R07618|R10860|R13199	ok	outputs\bigg_prokaryote_bioemma\maps\map00010\iML1515\iML1515_map00010_map.json
map00010	rn00010	Glycolysis / gluconeogenesis	iNF517	Lactococcus lactis subsp. cremoris MG1363	30	R00014|R00199|R00200|R00658|R00703|R00710|R00746|R00754|R00756|R00762|R00959|R01015|R01061|R01063|R01068|R01512|R01516|R01518|R01600|R01662|R01786|R02569|R02739|R03270|R04394|R05132|R05133|R05134|R07618|R13199	ok	outputs\bigg_prokaryote_bioemma\maps\map00010\iNF517\iNF517_map00010_map.json
map00010	rn00010	Glycolysis / gluconeogenesis	iNJ661	Mycobacterium tuberculosis H37Rv	35	R00014|R00199|R00200|R00206|R00235|R00341|R00431|R00658|R00703|R00710|R00711|R00726|R00746|R00754|R00755|R00756|R00762|R00959|R01015|R01061|R01063|R01068|R01512|R01516|R01518|R01600|R01662|R01786|R01788|R02569|R02739|R03270|R07618|R10860|R13199	ok	outputs\bigg_prokaryote_bioemma\maps\map00010\iNJ661\iNJ661_map00010_map.json
map00010	rn00010	Glycolysis / gluconeogenesis	iNRG857_1313	Escherichia coli O83:H1 str. NRG 857C	41	R00014|R00199|R00200|R00229|R00235|R00341|R00431|R00658|R00703|R00710|R00711|R00726|R00746|R00754|R00756|R00762|R00947|R00959|R01015|R01061|R01063|R01068|R01196|R01512|R01516|R01518|R01600|R01602|R01662|R01786|R01788|R02569|R02739|R03270|R04394|R05132|R05133|R05134|R07618|R10860|R13199	ok	outputs\bigg_prokaryote_bioemma\maps\map00010\iNRG857_1313\iNRG857_1313_map00010_map.json
map00010	rn00010	Glycolysis / gluconeogenesis	iPC815	Yersinia pestis CO92	34	R00014|R00199|R00200|R00235|R00341|R00431|R00658|R00703|R00710|R00711|R00726|R00746|R00754|R00756|R00762|R00959|R01015|R01061|R01063|R01068|R01512|R01516|R01518|R01600|R01662|R01786|R02569|R02739|R03270|R04394|R05132|R07618|R10860|R13199	ok	outputs\bigg_prokaryote_bioemma\maps\map00010\iPC815\iPC815_map00010_map.json
map00010	rn00010	Glycolysis / gluconeogenesis	iSB619	Staphylococcus aureus subsp. aureus N315	36	R00014|R00199|R00200|R00235|R00341|R00431|R00658|R00703|R00710|R00711|R00726|R00746|R00754|R00756|R00762|R00959|R01015|R01061|R01063|R01068|R01512|R01516|R01518|R01600|R01662|R01786|R02569|R02739|R03270|R04394|R05132|R05133|R05134|R07618|R10860|R13199	ok	outputs\bigg_prokaryote_bioemma\maps\map00010\iSB619\iSB619_map00010_map.json
map00010	rn00010	Glycolysis / gluconeogenesis	iSBO_1134	Shigella boydii Sb227	39	R00014|R00199|R00200|R00341|R00431|R00658|R00703|R00710|R00711|R00726|R00746|R00754|R00756|R00762|R00947|R00959|R01015|R01061|R01063|R01068|R01196|R01512|R01516|R01518|R01600|R01602|R01662|R01786|R01788|R02569|R02739|R03270|R04394|R05132|R05133|R05134|R07618|R10860|R13199	ok	outputs\bigg_prokaryote_bioemma\maps\map00010\iSBO_1134\iSBO_1134_map00010_map.json
map00010	rn00010	Glycolysis / gluconeogenesis	iSDY_1059	Shigella dysenteriae Sd197	37	R00014|R00199|R00200|R00341|R00431|R00658|R00703|R00710|R00711|R00726|R00746|R00754|R00756|R00762|R00947|R00959|R01015|R01061|R01063|R01068|R01196|R01512|R01516|R01518|R01600|R01602|R01662|R01786|R01788|R02569|R02739|R03270|R04394|R05132|R07618|R10860|R13199	ok	outputs\bigg_prokaryote_bioemma\maps\map00010\iSDY_1059\iSDY_1059_map00010_map.json
map00010	rn00010	Glycolysis / gluconeogenesis	iSFV_1184	Shigella flexneri 5 str. 8401	41	R00014|R00199|R00200|R00229|R00235|R00341|R00431|R00658|R00703|R00710|R00711|R00726|R00746|R00754|R00756|R00762|R00947|R00959|R01015|R01061|R01063|R01068|R01196|R01512|R01516|R01518|R01600|R01602|R01662|R01786|R01788|R02569|R02739|R03270|R04394|R05132|R05133|R05134|R07618|R10860|R13199	ok	outputs\bigg_prokaryote_bioemma\maps\map00010\iSFV_1184\iSFV_1184_map00010_map.json
map00010	rn00010	Glycolysis / gluconeogenesis	iSF_1195	Shigella flexneri 2a str. 301	39	R00014|R00199|R00200|R00341|R00431|R00658|R00703|R00710|R00711|R00726|R00746|R00754|R00756|R00762|R00947|R00959|R01015|R01061|R01063|R01068|R01196|R01512|R01516|R01518|R01600|R01602|R01662|R01786|R01788|R02569|R02739|R03270|R04394|R05132|R05133|R05134|R07618|R10860|R13199	ok	outputs\bigg_prokaryote_bioemma\maps\map00010\iSF_1195\iSF_1195_map00010_map.json
map00010	rn00010	Glycolysis / gluconeogenesis	iSFxv_1172	Shigella flexneri 2002017	37	R00014|R00199|R00200|R00341|R00431|R00658|R00703|R00710|R00711|R00726|R00746|R00754|R00756|R00762|R00947|R00959|R01015|R01061|R01063|R01068|R01196|R01512|R01516|R01518|R01600|R01602|R01662|R01786|R01788|R02569|R02739|R03270|R05133|R05134|R07618|R10860|R13199	ok	outputs\bigg_prokaryote_bioemma\maps\map00010\iSFxv_1172\iSFxv_1172_map00010_map.json
map00010	rn00010	Glycolysis / gluconeogenesis	iSSON_1240	Shigella sonnei Ss046	41	R00014|R00199|R00200|R00229|R00235|R00341|R00431|R00658|R00703|R00710|R00711|R00726|R00746|R00754|R00756|R00762|R00947|R00959|R01015|R01061|R01063|R01068|R01196|R01512|R01516|R01518|R01600|R01602|R01662|R01786|R01788|R02569|R02739|R03270|R04394|R05132|R05133|R05134|R07618|R10860|R13199	ok	outputs\bigg_prokaryote_bioemma\maps\map00010\iSSON_1240\iSSON_1240_map00010_map.json
map00010	rn00010	Glycolysis / gluconeogenesis	iS_1188	Shigella flexneri 2a str. 2457T	39	R00014|R00199|R00200|R00341|R00431|R00658|R00703|R00710|R00711|R00726|R00746|R00754|R00756|R00762|R00947|R00959|R01015|R01061|R01063|R01068|R01196|R01512|R01516|R01518|R01600|R01602|R01662|R01786|R01788|R02569|R02739|R03270|R04394|R05132|R05133|R05134|R07618|R10860|R13199	ok	outputs\bigg_prokaryote_bioemma\maps\map00010\iS_1188\iS_1188_map00010_map.json
map00010	rn00010	Glycolysis / gluconeogenesis	iSbBS512_1146	Shigella boydii CDC 3083-94	41	R00014|R00199|R00200|R00229|R00235|R00341|R00431|R00658|R00703|R00710|R00711|R00726|R00746|R00754|R00756|R00762|R00947|R00959|R01015|R01061|R01063|R01068|R01196|R01512|R01516|R01518|R01600|R01602|R01662|R01786|R01788|R02569|R02739|R03270|R04394|R05132|R05133|R05134|R07618|R10860|R13199	ok	outputs\bigg_prokaryote_bioemma\maps\map00010\iSbBS512_1146\iSbBS512_1146_map00010_map.json
map00010	rn00010	Glycolysis / gluconeogenesis	iSynCJ816	Synechocystis sp. PCC 6803	30	R00014|R00199|R00200|R00235|R00658|R00703|R00710|R00711|R00746|R00754|R00756|R00762|R00959|R01015|R01061|R01063|R01068|R01196|R01512|R01516|R01518|R01600|R01662|R01786|R02569|R02739|R03270|R07618|R10860|R13199	ok	outputs\bigg_prokaryote_bioemma\maps\map00010\iSynCJ816\iSynCJ816_map00010_map.json
map00010	rn00010	Glycolysis / gluconeogenesis	iUMN146_1321	Escherichia coli UM146	41	R00014|R00199|R00200|R00229|R00235|R00341|R00431|R00658|R00703|R00710|R00711|R00726|R00746|R00754|R00756|R00762|R00947|R00959|R01015|R01061|R01063|R01068|R01196|R01512|R01516|R01518|R01600|R01602|R01662|R01786|R01788|R02569|R02739|R03270|R04394|R05132|R05133|R05134|R07618|R10860|R13199	ok	outputs\bigg_prokaryote_bioemma\maps\map00010\iUMN146_1321\iUMN146_1321_map00010_map.json
map00010	rn00010	Glycolysis / gluconeogenesis	iUMNK88_1353	Escherichia coli UMNK88	41	R00014|R00199|R00200|R00229|R00235|R00341|R00431|R00658|R00703|R00710|R00711|R00726|R00746|R00754|R00756|R00762|R00947|R00959|R01015|R01061|R01063|R01068|R01196|R01512|R01516|R01518|R01600|R01602|R01662|R01786|R01788|R02569|R02739|R03270|R04394|R05132|R05133|R05134|R07618|R10860|R13199	ok	outputs\bigg_prokaryote_bioemma\maps\map00010\iUMNK88_1353\iUMNK88_1353_map00010_map.json
map00010	rn00010	Glycolysis / gluconeogenesis	iUTI89_1310	Escherichia coli UTI89	41	R00014|R00199|R00200|R00229|R00235|R00341|R00431|R00658|R00703|R00710|R00711|R00726|R00746|R00754|R00756|R00762|R00947|R00959|R01015|R01061|R01063|R01068|R01196|R01512|R01516|R01518|R01600|R01602|R01662|R01786|R01788|R02569|R02739|R03270|R04394|R05132|R05133|R05134|R07618|R10860|R13199	ok	outputs\bigg_prokaryote_bioemma\maps\map00010\iUTI89_1310\iUTI89_1310_map00010_map.json
map00010	rn00010	Glycolysis / gluconeogenesis	iWFL_1372	Escherichia coli W	41	R00014|R00199|R00200|R00229|R00235|R00341|R00431|R00658|R00703|R00710|R00711|R00726|R00746|R00754|R00756|R00762|R00947|R00959|R01015|R01061|R01063|R01068|R01196|R01512|R01516|R01518|R01600|R01602|R01662|R01786|R01788|R02569|R02739|R03270|R04394|R05132|R05133|R05134|R07618|R10860|R13199	ok	outputs\bigg_prokaryote_bioemma\maps\map00010\iWFL_1372\iWFL_1372_map00010_map.json
map00010	rn00010	Glycolysis / gluconeogenesis	iY75_1357	Escherichia coli str. K-12 substr. W3110	41	R00014|R00199|R00200|R00229|R00235|R00341|R00431|R00658|R00703|R00710|R00711|R00726|R00746|R00754|R00756|R00762|R00947|R00959|R01015|R01061|R01063|R01068|R01196|R01512|R01516|R01518|R01600|R01602|R01662|R01786|R01788|R02569|R02739|R03270|R04394|R05132|R05133|R05134|R07618|R10860|R13199	ok	outputs\bigg_prokaryote_bioemma\maps\map00010\iY75_1357\iY75_1357_map00010_map.json
map00010	rn00010	Glycolysis / gluconeogenesis	iYL1228	Klebsiella pneumoniae subsp. pneumoniae MGH 78578	39	R00014|R00199|R00200|R00235|R00341|R00431|R00658|R00703|R00710|R00711|R00726|R00746|R00754|R00756|R00762|R00947|R00959|R01015|R01061|R01063|R01068|R01512|R01516|R01518|R01600|R01602|R01662|R01786|R01788|R02569|R02739|R03270|R04394|R05132|R05133|R05134|R07618|R10860|R13199	ok	outputs\bigg_prokaryote_bioemma\maps\map00010\iYL1228\iYL1228_map00010_map.json
map00010	rn00010	Glycolysis / gluconeogenesis	iYO844	Bacillus subtilis subsp. subtilis str. 168	36	R00014|R00199|R00200|R00235|R00341|R00431|R00658|R00703|R00710|R00711|R00726|R00746|R00754|R00756|R00762|R00959|R01015|R01061|R01063|R01068|R01512|R01516|R01518|R01600|R01662|R01786|R02569|R02739|R03270|R04394|R05132|R05133|R05134|R07618|R10860|R13199	ok	outputs\bigg_prokaryote_bioemma\maps\map00010\iYO844\iYO844_map00010_map.json
map00010	rn00010	Glycolysis / gluconeogenesis	iYS1720	Salmonella pan-reactome	41	R00014|R00199|R00200|R00229|R00235|R00341|R00431|R00658|R00703|R00710|R00711|R00726|R00746|R00754|R00756|R00762|R00947|R00959|R01015|R01061|R01063|R01068|R01196|R01512|R01516|R01518|R01600|R01602|R01662|R01786|R01788|R02569|R02739|R03270|R04394|R05132|R05133|R05134|R07618|R10860|R13199	ok	outputs\bigg_prokaryote_bioemma\maps\map00010\iYS1720\iYS1720_map00010_map.json
map00010	rn00010	Glycolysis / gluconeogenesis	iYS854	Staphylococcus aureus subsp. aureus USA300_TCH1516	36	R00014|R00199|R00200|R00235|R00341|R00431|R00658|R00703|R00710|R00711|R00726|R00746|R00754|R00756|R00762|R00959|R01015|R01061|R01063|R01068|R01512|R01516|R01518|R01600|R01662|R01788|R02569|R02739|R03270|R04394|R05132|R05133|R05134|R07618|R10860|R13199	ok	outputs\bigg_prokaryote_bioemma\maps\map00010\iYS854\iYS854_map00010_map.json
map00010	rn00010	Glycolysis / gluconeogenesis	iZ_1308	Escherichia coli O157:H7 str. EDL933	41	R00014|R00199|R00200|R00229|R00235|R00341|R00431|R00658|R00703|R00710|R00711|R00726|R00746|R00754|R00756|R00762|R00947|R00959|R01015|R01061|R01063|R01068|R01196|R01512|R01516|R01518|R01600|R01602|R01662|R01786|R01788|R02569|R02739|R03270|R04394|R05132|R05133|R05134|R07618|R10860|R13199	ok	outputs\bigg_prokaryote_bioemma\maps\map00010\iZ_1308\iZ_1308_map00010_map.json
map00010	rn00010	Glycolysis / gluconeogenesis	ic_1306	Escherichia coli CFT073	41	R00014|R00199|R00200|R00229|R00235|R00341|R00431|R00658|R00703|R00710|R00711|R00726|R00746|R00754|R00756|R00762|R00947|R00959|R01015|R01061|R01063|R01068|R01196|R01512|R01516|R01518|R01600|R01602|R01662|R01786|R01788|R02569|R02739|R03270|R04394|R05132|R05133|R05134|R07618|R10860|R13199	ok	outputs\bigg_prokaryote_bioemma\maps\map00010\ic_1306\ic_1306_map00010_map.json
map00020	rn00020	Citrate cycle (TCA cycle)	STM_v1_0	Salmonella enterica subsp. enterica serovar Typhimurium str. LT2	22	R00014|R00268|R00341|R00342|R00351|R00352|R00405|R00431|R00621|R00709|R00726|R01082|R01196|R01325|R01899|R01900|R02164|R02569|R02570|R03270|R03316|R07618	ok	outputs\bigg_prokaryote_bioemma\maps\map00020\STM_v1_0\STM_v1_0_map00020_map.json
map00020	rn00020	Citrate cycle (TCA cycle)	iAF1260	Escherichia coli str. K-12 substr. MG1655	22	R00014|R00268|R00341|R00342|R00351|R00352|R00361|R00405|R00431|R00621|R00709|R00726|R01082|R01325|R01899|R01900|R02164|R02569|R02570|R03270|R03316|R07618	ok	outputs\bigg_prokaryote_bioemma\maps\map00020\iAF1260\iAF1260_map00020_map.json
map00020	rn00020	Citrate cycle (TCA cycle)	iAF1260b	Escherichia coli str. K-12 substr. MG1655	22	R00014|R00268|R00341|R00342|R00351|R00352|R00361|R00405|R00431|R00621|R00709|R00726|R01082|R01325|R01899|R01900|R02164|R02569|R02570|R03270|R03316|R07618	ok	outputs\bigg_prokaryote_bioemma\maps\map00020\iAF1260b\iAF1260b_map00020_map.json
map00020	rn00020	Citrate cycle (TCA cycle)	iAF692	Methanosarcina barkeri str. Fusaro	10	R00014|R00268|R00342|R00344|R00351|R00709|R01082|R01325|R01899|R01900	ok	outputs\bigg_prokaryote_bioemma\maps\map00020\iAF692\iAF692_map00020_map.json
map00020	rn00020	Citrate cycle (TCA cycle)	iAF987	Geobacter metallireducens GS-15	22	R00014|R00268|R00341|R00342|R00344|R00351|R00352|R00405|R00431|R00621|R00709|R00726|R01082|R01325|R01899|R01900|R02569|R02570|R03270|R03316|R07618|R10343	ok	outputs\bigg_prokaryote_bioemma\maps\map00020\iAF987\iAF987_map00020_map.json
map00020	rn00020	Citrate cycle (TCA cycle)	iAPECO1_1312	Escherichia coli APEC O1	23	R00014|R00268|R00341|R00342|R00351|R00352|R00361|R00405|R00431|R00621|R00709|R00726|R01082|R01196|R01325|R01899|R01900|R02164|R02569|R02570|R03270|R03316|R07618	ok	outputs\bigg_prokaryote_bioemma\maps\map00020\iAPECO1_1312\iAPECO1_1312_map00020_map.json
map00020	rn00020	Citrate cycle (TCA cycle)	iB21_1397	Escherichia coli BL21(DE3)	23	R00014|R00268|R00341|R00342|R00351|R00352|R00361|R00405|R00431|R00621|R00709|R00726|R01082|R01196|R01325|R01899|R01900|R02164|R02569|R02570|R03270|R03316|R07618	ok	outputs\bigg_prokaryote_bioemma\maps\map00020\iB21_1397\iB21_1397_map00020_map.json
map00020	rn00020	Citrate cycle (TCA cycle)	iBWG_1329	Escherichia coli BW2952	23	R00014|R00268|R00341|R00342|R00351|R00352|R00361|R00405|R00431|R00621|R00709|R00726|R01082|R01196|R01325|R01899|R01900|R02164|R02569|R02570|R03270|R03316|R07618	ok	outputs\bigg_prokaryote_bioemma\maps\map00020\iBWG_1329\iBWG_1329_map00020_map.json
map00020	rn00020	Citrate cycle (TCA cycle)	iCN718	Acinetobacter baumannii AYE	21	R00014|R00268|R00342|R00351|R00352|R00361|R00405|R00431|R00621|R00709|R00726|R01082|R01325|R01899|R01900|R02164|R02569|R02570|R03270|R03316|R07618	ok	outputs\bigg_prokaryote_bioemma\maps\map00020\iCN718\iCN718_map00020_map.json
map00020	rn00020	Citrate cycle (TCA cycle)	iCN900	Clostridioides difficile 630	23	R00014|R00268|R00341|R00342|R00344|R00351|R00405|R00431|R00621|R00709|R00726|R01082|R01196|R01197|R01325|R01899|R01900|R02569|R02570|R03270|R03316|R07618|R10343	ok	outputs\bigg_prokaryote_bioemma\maps\map00020\iCN900\iCN900_map00020_map.json
map00020	rn00020	Citrate cycle (TCA cycle)	iE2348C_1286	Escherichia coli O127:H6 str. E2348/69	23	R00014|R00268|R00341|R00342|R00351|R00352|R00361|R00405|R00431|R00621|R00709|R00726|R01082|R01196|R01325|R01899|R01900|R02164|R02569|R02570|R03270|R03316|R07618	ok	outputs\bigg_prokaryote_bioemma\maps\map00020\iE2348C_1286\iE2348C_1286_map00020_map.json
map00020	rn00020	Citrate cycle (TCA cycle)	iEC042_1314	Escherichia coli 042	23	R00014|R00268|R00341|R00342|R00351|R00352|R00361|R00405|R00431|R00621|R00709|R00726|R01082|R01196|R01325|R01899|R01900|R02164|R02569|R02570|R03270|R03316|R07618	ok	outputs\bigg_prokaryote_bioemma\maps\map00020\iEC042_1314\iEC042_1314_map00020_map.json
map00020	rn00020	Citrate cycle (TCA cycle)	iEC1344_C	Escherichia coli C	22	R00014|R00268|R00341|R00342|R00351|R00352|R00361|R00405|R00431|R00621|R00709|R00726|R01082|R01325|R01899|R01900|R02164|R02569|R02570|R03270|R03316|R07618	ok	outputs\bigg_prokaryote_bioemma\maps\map00020\iEC1344_C\iEC1344_C_map00020_map.json
map00020	rn00020	Citrate cycle (TCA cycle)	iEC1349_Crooks	Escherichia coli ATCC 8739	22	R00014|R00268|R00341|R00342|R00351|R00352|R00361|R00405|R00431|R00621|R00709|R00726|R01082|R01325|R01899|R01900|R02164|R02569|R02570|R03270|R03316|R07618	ok	outputs\bigg_prokaryote_bioemma\maps\map00020\iEC1349_Crooks\iEC1349_Crooks_map00020_map.json
map00020	rn00020	Citrate cycle (TCA cycle)	iEC1356_Bl21DE3	Escherichia coli BL21(DE3)	22	R00014|R00268|R00341|R00342|R00351|R00352|R00361|R00405|R00431|R00621|R00709|R00726|R01082|R01325|R01899|R01900|R02164|R02569|R02570|R03270|R03316|R07618	ok	outputs\bigg_prokaryote_bioemma\maps\map00020\iEC1356_Bl21DE3\iEC1356_Bl21DE3_map00020_map.json
map00020	rn00020	Citrate cycle (TCA cycle)	iEC1364_W	Escherichia coli W	22	R00014|R00268|R00341|R00342|R00351|R00352|R00361|R00405|R00431|R00621|R00709|R00726|R01082|R01325|R01899|R01900|R02164|R02569|R02570|R03270|R03316|R07618	ok	outputs\bigg_prokaryote_bioemma\maps\map00020\iEC1364_W\iEC1364_W_map00020_map.json
map00020	rn00020	Citrate cycle (TCA cycle)	iEC1368_DH5a	Escherichia coli DH5[alpha]	22	R00014|R00268|R00341|R00342|R00351|R00352|R00361|R00405|R00431|R00621|R00709|R00726|R01082|R01325|R01899|R01900|R02164|R02569|R02570|R03270|R03316|R07618	ok	outputs\bigg_prokaryote_bioemma\maps\map00020\iEC1368_DH5a\iEC1368_DH5a_map00020_map.json
map00020	rn00020	Citrate cycle (TCA cycle)	iEC1372_W3110	Escherichia coli str. K-12 substr. W3110	22	R00014|R00268|R00341|R00342|R00351|R00352|R00361|R00405|R00431|R00621|R00709|R00726|R01082|R01325|R01899|R01900|R02164|R02569|R02570|R03270|R03316|R07618	ok	outputs\bigg_prokaryote_bioemma\maps\map00020\iEC1372_W3110\iEC1372_W3110_map00020_map.json
map00020	rn00020	Citrate cycle (TCA cycle)	iEC55989_1330	Escherichia coli 55989	23	R00014|R00268|R00341|R00342|R00351|R00352|R00361|R00405|R00431|R00621|R00709|R00726|R01082|R01196|R01325|R01899|R01900|R02164|R02569|R02570|R03270|R03316|R07618	ok	outputs\bigg_prokaryote_bioemma\maps\map00020\iEC55989_1330\iEC55989_1330_map00020_map.json
map00020	rn00020	Citrate cycle (TCA cycle)	iECABU_c1320	Escherichia coli ABU 83972	23	R00014|R00268|R00341|R00342|R00351|R00352|R00361|R00405|R00431|R00621|R00709|R00726|R01082|R01196|R01325|R01899|R01900|R02164|R02569|R02570|R03270|R03316|R07618	ok	outputs\bigg_prokaryote_bioemma\maps\map00020\iECABU_c1320\iECABU_c1320_map00020_map.json
map00020	rn00020	Citrate cycle (TCA cycle)	iECBD_1354	Escherichia coli 'BL21-Gold(DE3)pLysS AG'	23	R00014|R00268|R00341|R00342|R00351|R00352|R00361|R00405|R00431|R00621|R00709|R00726|R01082|R01196|R01325|R01899|R01900|R02164|R02569|R02570|R03270|R03316|R07618	ok	outputs\bigg_prokaryote_bioemma\maps\map00020\iECBD_1354\iECBD_1354_map00020_map.json
map00020	rn00020	Citrate cycle (TCA cycle)	iECB_1328	Escherichia coli B str. REL606	23	R00014|R00268|R00341|R00342|R00351|R00352|R00361|R00405|R00431|R00621|R00709|R00726|R01082|R01196|R01325|R01899|R01900|R02164|R02569|R02570|R03270|R03316|R07618	ok	outputs\bigg_prokaryote_bioemma\maps\map00020\iECB_1328\iECB_1328_map00020_map.json
map00020	rn00020	Citrate cycle (TCA cycle)	iECDH10B_1368	Escherichia coli str. K-12 substr. DH10B	23	R00014|R00268|R00341|R00342|R00351|R00352|R00361|R00405|R00431|R00621|R00709|R00726|R01082|R01196|R01325|R01899|R01900|R02164|R02569|R02570|R03270|R03316|R07618	ok	outputs\bigg_prokaryote_bioemma\maps\map00020\iECDH10B_1368\iECDH10B_1368_map00020_map.json
map00020	rn00020	Citrate cycle (TCA cycle)	iECDH1ME8569_1439	Escherichia coli DH1	23	R00014|R00268|R00341|R00342|R00351|R00352|R00361|R00405|R00431|R00621|R00709|R00726|R01082|R01196|R01325|R01899|R01900|R02164|R02569|R02570|R03270|R03316|R07618	ok	outputs\bigg_prokaryote_bioemma\maps\map00020\iECDH1ME8569_1439\iECDH1ME8569_1439_map00020_map.json
map00020	rn00020	Citrate cycle (TCA cycle)	iECD_1391	Escherichia coli BL21(DE3)	23	R00014|R00268|R00341|R00342|R00351|R00352|R00361|R00405|R00431|R00621|R00709|R00726|R01082|R01196|R01325|R01899|R01900|R02164|R02569|R02570|R03270|R03316|R07618	ok	outputs\bigg_prokaryote_bioemma\maps\map00020\iECD_1391\iECD_1391_map00020_map.json
map00020	rn00020	Citrate cycle (TCA cycle)	iECED1_1282	Escherichia coli ED1a	23	R00014|R00268|R00341|R00342|R00351|R00352|R00361|R00405|R00431|R00621|R00709|R00726|R01082|R01196|R01325|R01899|R01900|R02164|R02569|R02570|R03270|R03316|R07618	ok	outputs\bigg_prokaryote_bioemma\maps\map00020\iECED1_1282\iECED1_1282_map00020_map.json
map00020	rn00020	Citrate cycle (TCA cycle)	iECH74115_1262	Escherichia coli O157:H7 str. EC4115	23	R00014|R00268|R00341|R00342|R00351|R00352|R00361|R00405|R00431|R00621|R00709|R00726|R01082|R01196|R01325|R01899|R01900|R02164|R02569|R02570|R03270|R03316|R07618	ok	outputs\bigg_prokaryote_bioemma\maps\map00020\iECH74115_1262\iECH74115_1262_map00020_map.json
map00020	rn00020	Citrate cycle (TCA cycle)	iECIAI1_1343	Escherichia coli IAI1	23	R00014|R00268|R00341|R00342|R00351|R00352|R00361|R00405|R00431|R00621|R00709|R00726|R01082|R01196|R01325|R01899|R01900|R02164|R02569|R02570|R03270|R03316|R07618	ok	outputs\bigg_prokaryote_bioemma\maps\map00020\iECIAI1_1343\iECIAI1_1343_map00020_map.json
map00020	rn00020	Citrate cycle (TCA cycle)	iECIAI39_1322	Escherichia coli IAI39	23	R00014|R00268|R00341|R00342|R00351|R00352|R00361|R00405|R00431|R00621|R00709|R00726|R01082|R01196|R01325|R01899|R01900|R02164|R02569|R02570|R03270|R03316|R07618	ok	outputs\bigg_prokaryote_bioemma\maps\map00020\iECIAI39_1322\iECIAI39_1322_map00020_map.json
map00020	rn00020	Citrate cycle (TCA cycle)	iECNA114_1301	Escherichia coli NA114	23	R00014|R00268|R00341|R00342|R00351|R00352|R00361|R00405|R00431|R00621|R00709|R00726|R01082|R01196|R01325|R01899|R01900|R02164|R02569|R02570|R03270|R03316|R07618	ok	outputs\bigg_prokaryote_bioemma\maps\map00020\iECNA114_1301\iECNA114_1301_map00020_map.json
map00020	rn00020	Citrate cycle (TCA cycle)	iECO103_1326	Escherichia coli O103:H2 str. 12009	23	R00014|R00268|R00341|R00342|R00351|R00352|R00361|R00405|R00431|R00621|R00709|R00726|R01082|R01196|R01325|R01899|R01900|R02164|R02569|R02570|R03270|R03316|R07618	ok	outputs\bigg_prokaryote_bioemma\maps\map00020\iECO103_1326\iECO103_1326_map00020_map.json
map00020	rn00020	Citrate cycle (TCA cycle)	iECO111_1330	Escherichia coli O111:H- str. 11128	23	R00014|R00268|R00341|R00342|R00351|R00352|R00361|R00405|R00431|R00621|R00709|R00726|R01082|R01196|R01325|R01899|R01900|R02164|R02569|R02570|R03270|R03316|R07618	ok	outputs\bigg_prokaryote_bioemma\maps\map00020\iECO111_1330\iECO111_1330_map00020_map.json
map00020	rn00020	Citrate cycle (TCA cycle)	iECO26_1355	Escherichia coli O26:H11 str. 11368	23	R00014|R00268|R00341|R00342|R00351|R00352|R00361|R00405|R00431|R00621|R00709|R00726|R01082|R01196|R01325|R01899|R01900|R02164|R02569|R02570|R03270|R03316|R07618	ok	outputs\bigg_prokaryote_bioemma\maps\map00020\iECO26_1355\iECO26_1355_map00020_map.json
map00020	rn00020	Citrate cycle (TCA cycle)	iECOK1_1307	Escherichia coli IHE3034	23	R00014|R00268|R00341|R00342|R00351|R00352|R00361|R00405|R00431|R00621|R00709|R00726|R01082|R01196|R01325|R01899|R01900|R02164|R02569|R02570|R03270|R03316|R07618	ok	outputs\bigg_prokaryote_bioemma\maps\map00020\iECOK1_1307\iECOK1_1307_map00020_map.json
map00020	rn00020	Citrate cycle (TCA cycle)	iECP_1309	Escherichia coli 536	23	R00014|R00268|R00341|R00342|R00351|R00352|R00361|R00405|R00431|R00621|R00709|R00726|R01082|R01196|R01325|R01899|R01900|R02164|R02569|R02570|R03270|R03316|R07618	ok	outputs\bigg_prokaryote_bioemma\maps\map00020\iECP_1309\iECP_1309_map00020_map.json
map00020	rn00020	Citrate cycle (TCA cycle)	iECS88_1305	Escherichia coli S88	23	R00014|R00268|R00341|R00342|R00351|R00352|R00361|R00405|R00431|R00621|R00709|R00726|R01082|R01196|R01325|R01899|R01900|R02164|R02569|R02570|R03270|R03316|R07618	ok	outputs\bigg_prokaryote_bioemma\maps\map00020\iECS88_1305\iECS88_1305_map00020_map.json
map00020	rn00020	Citrate cycle (TCA cycle)	iECSE_1348	Escherichia coli SE11	23	R00014|R00268|R00341|R00342|R00351|R00352|R00361|R00405|R00431|R00621|R00709|R00726|R01082|R01196|R01325|R01899|R01900|R02164|R02569|R02570|R03270|R03316|R07618	ok	outputs\bigg_prokaryote_bioemma\maps\map00020\iECSE_1348\iECSE_1348_map00020_map.json
map00020	rn00020	Citrate cycle (TCA cycle)	iECSF_1327	Escherichia coli SE15	23	R00014|R00268|R00341|R00342|R00351|R00352|R00361|R00405|R00431|R00621|R00709|R00726|R01082|R01196|R01325|R01899|R01900|R02164|R02569|R02570|R03270|R03316|R07618	ok	outputs\bigg_prokaryote_bioemma\maps\map00020\iECSF_1327\iECSF_1327_map00020_map.json
map00020	rn00020	Citrate cycle (TCA cycle)	iECSP_1301	Escherichia coli O157:H7 str. TW14359	23	R00014|R00268|R00341|R00342|R00351|R00352|R00361|R00405|R00431|R00621|R00709|R00726|R01082|R01196|R01325|R01899|R01900|R02164|R02569|R02570|R03270|R03316|R07618	ok	outputs\bigg_prokaryote_bioemma\maps\map00020\iECSP_1301\iECSP_1301_map00020_map.json
map00020	rn00020	Citrate cycle (TCA cycle)	iECUMN_1333	Escherichia coli UMN026	23	R00014|R00268|R00341|R00342|R00351|R00352|R00361|R00405|R00431|R00621|R00709|R00726|R01082|R01196|R01325|R01899|R01900|R02164|R02569|R02570|R03270|R03316|R07618	ok	outputs\bigg_prokaryote_bioemma\maps\map00020\iECUMN_1333\iECUMN_1333_map00020_map.json
map00020	rn00020	Citrate cycle (TCA cycle)	iECW_1372	Escherichia coli W	23	R00014|R00268|R00341|R00342|R00351|R00352|R00361|R00405|R00431|R00621|R00709|R00726|R01082|R01196|R01325|R01899|R01900|R02164|R02569|R02570|R03270|R03316|R07618	ok	outputs\bigg_prokaryote_bioemma\maps\map00020\iECW_1372\iECW_1372_map00020_map.json
map00020	rn00020	Citrate cycle (TCA cycle)	iECs_1301	Escherichia coli O157:H7 str. Sakai	23	R00014|R00268|R00341|R00342|R00351|R00352|R00361|R00405|R00431|R00621|R00709|R00726|R01082|R01196|R01325|R01899|R01900|R02164|R02569|R02570|R03270|R03316|R07618	ok	outputs\bigg_prokaryote_bioemma\maps\map00020\iECs_1301\iECs_1301_map00020_map.json
map00020	rn00020	Citrate cycle (TCA cycle)	iEK1008	Mycobacterium tuberculosis H37Rv	22	R00014|R00268|R00342|R00344|R00351|R00352|R00405|R00431|R00621|R00709|R00726|R01082|R01197|R01325|R01899|R01900|R02164|R02569|R02570|R03270|R03316|R07618	ok	outputs\bigg_prokaryote_bioemma\maps\map00020\iEK1008\iEK1008_map00020_map.json
map00020	rn00020	Citrate cycle (TCA cycle)	iEKO11_1354	Escherichia coli KO11FL	23	R00014|R00268|R00341|R00342|R00351|R00352|R00361|R00405|R00431|R00621|R00709|R00726|R01082|R01196|R01325|R01899|R01900|R02164|R02569|R02570|R03270|R03316|R07618	ok	outputs\bigg_prokaryote_bioemma\maps\map00020\iEKO11_1354\iEKO11_1354_map00020_map.json
map00020	rn00020	Citrate cycle (TCA cycle)	iETEC_1333	Escherichia coli ETEC H10407	23	R00014|R00268|R00341|R00342|R00351|R00352|R00361|R00405|R00431|R00621|R00709|R00726|R01082|R01196|R01325|R01899|R01900|R02164|R02569|R02570|R03270|R03316|R07618	ok	outputs\bigg_prokaryote_bioemma\maps\map00020\iETEC_1333\iETEC_1333_map00020_map.json
map00020	rn00020	Citrate cycle (TCA cycle)	iEcDH1_1363	Escherichia coli DH1	23	R00014|R00268|R00341|R00342|R00351|R00352|R00361|R00405|R00431|R00621|R00709|R00726|R01082|R01196|R01325|R01899|R01900|R02164|R02569|R02570|R03270|R03316|R07618	ok	outputs\bigg_prokaryote_bioemma\maps\map00020\iEcDH1_1363\iEcDH1_1363_map00020_map.json
map00020	rn00020	Citrate cycle (TCA cycle)	iEcE24377_1341	Escherichia coli O139:H28 str. E24377A	23	R00014|R00268|R00341|R00342|R00351|R00352|R00361|R00405|R00431|R00621|R00709|R00726|R01082|R01196|R01325|R01899|R01900|R02164|R02569|R02570|R03270|R03316|R07618	ok	outputs\bigg_prokaryote_bioemma\maps\map00020\iEcE24377_1341\iEcE24377_1341_map00020_map.json
map00020	rn00020	Citrate cycle (TCA cycle)	iEcHS_1320	Escherichia coli HS	23	R00014|R00268|R00341|R00342|R00351|R00352|R00361|R00405|R00431|R00621|R00709|R00726|R01082|R01196|R01325|R01899|R01900|R02164|R02569|R02570|R03270|R03316|R07618	ok	outputs\bigg_prokaryote_bioemma\maps\map00020\iEcHS_1320\iEcHS_1320_map00020_map.json
map00020	rn00020	Citrate cycle (TCA cycle)	iEcSMS35_1347	Escherichia coli SMS-3-5	23	R00014|R00268|R00341|R00342|R00351|R00352|R00361|R00405|R00431|R00621|R00709|R00726|R01082|R01196|R01325|R01899|R01900|R02164|R02569|R02570|R03270|R03316|R07618	ok	outputs\bigg_prokaryote_bioemma\maps\map00020\iEcSMS35_1347\iEcSMS35_1347_map00020_map.json
map00020	rn00020	Citrate cycle (TCA cycle)	iEcolC_1368	Escherichia coli ATCC 8739	23	R00014|R00268|R00341|R00342|R00351|R00352|R00361|R00405|R00431|R00621|R00709|R00726|R01082|R01196|R01325|R01899|R01900|R02164|R02569|R02570|R03270|R03316|R07618	ok	outputs\bigg_prokaryote_bioemma\maps\map00020\iEcolC_1368\iEcolC_1368_map00020_map.json
map00020	rn00020	Citrate cycle (TCA cycle)	iG2583_1286	Escherichia coli O55:H7 str. CB9615	23	R00014|R00268|R00341|R00342|R00351|R00352|R00361|R00405|R00431|R00621|R00709|R00726|R01082|R01196|R01325|R01899|R01900|R02164|R02569|R02570|R03270|R03316|R07618	ok	outputs\bigg_prokaryote_bioemma\maps\map00020\iG2583_1286\iG2583_1286_map00020_map.json
map00020	rn00020	Citrate cycle (TCA cycle)	iHN637	Clostridium ljungdahlii DSM 13528	13	R00014|R00341|R00342|R00344|R00351|R00352|R00431|R00709|R00726|R01082|R01325|R01900|R07618	ok	outputs\bigg_prokaryote_bioemma\maps\map00020\iHN637\iHN637_map00020_map.json
map00020	rn00020	Citrate cycle (TCA cycle)	iIT341	Helicobacter pylori 26695	9	R00014|R00268|R00351|R00709|R01082|R01197|R01325|R01899|R01900	ok	outputs\bigg_prokaryote_bioemma\maps\map00020\iIT341\iIT341_map00020_map.json
map00020	rn00020	Citrate cycle (TCA cycle)	iJB785	Synechococcus elongatus PCC 7942	12	R00014|R00268|R00351|R00709|R01082|R01196|R01325|R01899|R01900|R02569|R03270|R07618	ok	outputs\bigg_prokaryote_bioemma\maps\map00020\iJB785\iJB785_map00020_map.json
map00020	rn00020	Citrate cycle (TCA cycle)	iJN1463	Pseudomonas putida KT2440	22	R00014|R00268|R00341|R00342|R00344|R00351|R00361|R00405|R00431|R00621|R00709|R00726|R01082|R01325|R01899|R01900|R02164|R02569|R02570|R03270|R03316|R07618	ok	outputs\bigg_prokaryote_bioemma\maps\map00020\iJN1463\iJN1463_map00020_map.json
map00020	rn00020	Citrate cycle (TCA cycle)	iJN678	Synechocystis sp. PCC 6803	16	R00014|R00268|R00342|R00351|R00405|R00709|R01082|R01196|R01197|R01325|R01899|R01900|R02164|R02569|R03270|R07618	ok	outputs\bigg_prokaryote_bioemma\maps\map00020\iJN678\iJN678_map00020_map.json
map00020	rn00020	Citrate cycle (TCA cycle)	iJN746	Pseudomonas putida KT2440	19	R00014|R00268|R00342|R00344|R00351|R00361|R00405|R00621|R00709|R01082|R01325|R01899|R01900|R02164|R02569|R02570|R03270|R03316|R07618	ok	outputs\bigg_prokaryote_bioemma\maps\map00020\iJN746\iJN746_map00020_map.json
map00020	rn00020	Citrate cycle (TCA cycle)	iJO1366	Escherichia coli str. K-12 substr. MG1655	22	R00014|R00268|R00341|R00342|R00351|R00352|R00361|R00405|R00431|R00621|R00709|R00726|R01082|R01325|R01899|R01900|R02164|R02569|R02570|R03270|R03316|R07618	ok	outputs\bigg_prokaryote_bioemma\maps\map00020\iJO1366\iJO1366_map00020_map.json
map00020	rn00020	Citrate cycle (TCA cycle)	iJR904	Escherichia coli str. K-12 substr. MG1655	22	R00014|R00268|R00341|R00342|R00351|R00352|R00361|R00405|R00431|R00621|R00709|R00726|R01082|R01325|R01899|R01900|R02164|R02569|R02570|R03270|R03316|R07618	ok	outputs\bigg_prokaryote_bioemma\maps\map00020\iJR904\iJR904_map00020_map.json
map00020	rn00020	Citrate cycle (TCA cycle)	iLF82_1304	Escherichia coli LF82	23	R00014|R00268|R00341|R00342|R00351|R00352|R00361|R00405|R00431|R00621|R00709|R00726|R01082|R01196|R01325|R01899|R01900|R02164|R02569|R02570|R03270|R03316|R07618	ok	outputs\bigg_prokaryote_bioemma\maps\map00020\iLF82_1304\iLF82_1304_map00020_map.json
map00020	rn00020	Citrate cycle (TCA cycle)	iLJ478	Thermotoga maritima MSB8	13	R00014|R00268|R00342|R00344|R00351|R00405|R00709|R01082|R01325|R01899|R01900|R02164|R07618	ok	outputs\bigg_prokaryote_bioemma\maps\map00020\iLJ478\iLJ478_map00020_map.json
map00020	rn00020	Citrate cycle (TCA cycle)	iML1515	Escherichia coli str. K-12 substr. MG1655	22	R00014|R00268|R00341|R00342|R00351|R00352|R00361|R00405|R00431|R00621|R00709|R00726|R01082|R01325|R01899|R01900|R02164|R02569|R02570|R03270|R03316|R07618	ok	outputs\bigg_prokaryote_bioemma\maps\map00020\iML1515\iML1515_map00020_map.json
map00020	rn00020	Citrate cycle (TCA cycle)	iNF517	Lactococcus lactis subsp. cremoris MG1363	13	R00014|R00268|R00342|R00344|R00351|R00709|R01325|R01899|R01900|R02164|R02569|R03270|R07618	ok	outputs\bigg_prokaryote_bioemma\maps\map00020\iNF517\iNF517_map00020_map.json
map00020	rn00020	Citrate cycle (TCA cycle)	iNJ661	Mycobacterium tuberculosis H37Rv	20	R00014|R00268|R00341|R00342|R00344|R00351|R00352|R00405|R00431|R00709|R00726|R01082|R01325|R01899|R01900|R02164|R02569|R02570|R03270|R07618	ok	outputs\bigg_prokaryote_bioemma\maps\map00020\iNJ661\iNJ661_map00020_map.json
map00020	rn00020	Citrate cycle (TCA cycle)	iNRG857_1313	Escherichia coli O83:H1 str. NRG 857C	23	R00014|R00268|R00341|R00342|R00351|R00352|R00361|R00405|R00431|R00621|R00709|R00726|R01082|R01196|R01325|R01899|R01900|R02164|R02569|R02570|R03270|R03316|R07618	ok	outputs\bigg_prokaryote_bioemma\maps\map00020\iNRG857_1313\iNRG857_1313_map00020_map.json
map00020	rn00020	Citrate cycle (TCA cycle)	iPC815	Yersinia pestis CO92	20	R00014|R00268|R00341|R00342|R00351|R00405|R00431|R00621|R00709|R00726|R01082|R01325|R01899|R01900|R02164|R02569|R02570|R03270|R03316|R07618	ok	outputs\bigg_prokaryote_bioemma\maps\map00020\iPC815\iPC815_map00020_map.json
map00020	rn00020	Citrate cycle (TCA cycle)	iSB619	Staphylococcus aureus subsp. aureus N315	23	R00014|R00268|R00341|R00342|R00344|R00351|R00361|R00405|R00431|R00621|R00709|R00726|R01082|R01197|R01325|R01899|R01900|R02164|R02569|R02570|R03270|R03316|R07618	ok	outputs\bigg_prokaryote_bioemma\maps\map00020\iSB619\iSB619_map00020_map.json
map00020	rn00020	Citrate cycle (TCA cycle)	iSBO_1134	Shigella boydii Sb227	23	R00014|R00268|R00341|R00342|R00351|R00352|R00361|R00405|R00431|R00621|R00709|R00726|R01082|R01196|R01325|R01899|R01900|R02164|R02569|R02570|R03270|R03316|R07618	ok	outputs\bigg_prokaryote_bioemma\maps\map00020\iSBO_1134\iSBO_1134_map00020_map.json
map00020	rn00020	Citrate cycle (TCA cycle)	iSDY_1059	Shigella dysenteriae Sd197	22	R00014|R00268|R00341|R00342|R00351|R00361|R00405|R00431|R00621|R00709|R00726|R01082|R01196|R01325|R01899|R01900|R02164|R02569|R02570|R03270|R03316|R07618	ok	outputs\bigg_prokaryote_bioemma\maps\map00020\iSDY_1059\iSDY_1059_map00020_map.json
map00020	rn00020	Citrate cycle (TCA cycle)	iSFV_1184	Shigella flexneri 5 str. 8401	23	R00014|R00268|R00341|R00342|R00351|R00352|R00361|R00405|R00431|R00621|R00709|R00726|R01082|R01196|R01325|R01899|R01900|R02164|R02569|R02570|R03270|R03316|R07618	ok	outputs\bigg_prokaryote_bioemma\maps\map00020\iSFV_1184\iSFV_1184_map00020_map.json
map00020	rn00020	Citrate cycle (TCA cycle)	iSF_1195	Shigella flexneri 2a str. 301	23	R00014|R00268|R00341|R00342|R00351|R00352|R00361|R00405|R00431|R00621|R00709|R00726|R01082|R01196|R01325|R01899|R01900|R02164|R02569|R02570|R03270|R03316|R07618	ok	outputs\bigg_prokaryote_bioemma\maps\map00020\iSF_1195\iSF_1195_map00020_map.json
map00020	rn00020	Citrate cycle (TCA cycle)	iSFxv_1172	Shigella flexneri 2002017	23	R00014|R00268|R00341|R00342|R00351|R00352|R00361|R00405|R00431|R00621|R00709|R00726|R01082|R01196|R01325|R01899|R01900|R02164|R02569|R02570|R03270|R03316|R07618	ok	outputs\bigg_prokaryote_bioemma\maps\map00020\iSFxv_1172\iSFxv_1172_map00020_map.json
map00020	rn00020	Citrate cycle (TCA cycle)	iSSON_1240	Shigella sonnei Ss046	23	R00014|R00268|R00341|R00342|R00351|R00352|R00361|R00405|R00431|R00621|R00709|R00726|R01082|R01196|R01325|R01899|R01900|R02164|R02569|R02570|R03270|R03316|R07618	ok	outputs\bigg_prokaryote_bioemma\maps\map00020\iSSON_1240\iSSON_1240_map00020_map.json
map00020	rn00020	Citrate cycle (TCA cycle)	iS_1188	Shigella flexneri 2a str. 2457T	23	R00014|R00268|R00341|R00342|R00351|R00352|R00361|R00405|R00431|R00621|R00709|R00726|R01082|R01196|R01325|R01899|R01900|R02164|R02569|R02570|R03270|R03316|R07618	ok	outputs\bigg_prokaryote_bioemma\maps\map00020\iS_1188\iS_1188_map00020_map.json
map00020	rn00020	Citrate cycle (TCA cycle)	iSbBS512_1146	Shigella boydii CDC 3083-94	23	R00014|R00268|R00341|R00342|R00351|R00352|R00361|R00405|R00431|R00621|R00709|R00726|R01082|R01196|R01325|R01899|R01900|R02164|R02569|R02570|R03270|R03316|R07618	ok	outputs\bigg_prokaryote_bioemma\maps\map00020\iSbBS512_1146\iSbBS512_1146_map00020_map.json
map00020	rn00020	Citrate cycle (TCA cycle)	iSynCJ816	Synechocystis sp. PCC 6803	16	R00014|R00268|R00342|R00351|R00405|R00709|R01082|R01196|R01197|R01325|R01899|R01900|R02164|R02569|R03270|R07618	ok	outputs\bigg_prokaryote_bioemma\maps\map00020\iSynCJ816\iSynCJ816_map00020_map.json
map00020	rn00020	Citrate cycle (TCA cycle)	iUMN146_1321	Escherichia coli UM146	23	R00014|R00268|R00341|R00342|R00351|R00352|R00361|R00405|R00431|R00621|R00709|R00726|R01082|R01196|R01325|R01899|R01900|R02164|R02569|R02570|R03270|R03316|R07618	ok	outputs\bigg_prokaryote_bioemma\maps\map00020\iUMN146_1321\iUMN146_1321_map00020_map.json
map00020	rn00020	Citrate cycle (TCA cycle)	iUMNK88_1353	Escherichia coli UMNK88	23	R00014|R00268|R00341|R00342|R00351|R00352|R00361|R00405|R00431|R00621|R00709|R00726|R01082|R01196|R01325|R01899|R01900|R02164|R02569|R02570|R03270|R03316|R07618	ok	outputs\bigg_prokaryote_bioemma\maps\map00020\iUMNK88_1353\iUMNK88_1353_map00020_map.json
map00020	rn00020	Citrate cycle (TCA cycle)	iUTI89_1310	Escherichia coli UTI89	23	R00014|R00268|R00341|R00342|R00351|R00352|R00361|R00405|R00431|R00621|R00709|R00726|R01082|R01196|R01325|R01899|R01900|R02164|R02569|R02570|R03270|R03316|R07618	ok	outputs\bigg_prokaryote_bioemma\maps\map00020\iUTI89_1310\iUTI89_1310_map00020_map.json
map00020	rn00020	Citrate cycle (TCA cycle)	iWFL_1372	Escherichia coli W	23	R00014|R00268|R00341|R00342|R00351|R00352|R00361|R00405|R00431|R00621|R00709|R00726|R01082|R01196|R01325|R01899|R01900|R02164|R02569|R02570|R03270|R03316|R07618	ok	outputs\bigg_prokaryote_bioemma\maps\map00020\iWFL_1372\iWFL_1372_map00020_map.json
map00020	rn00020	Citrate cycle (TCA cycle)	iY75_1357	Escherichia coli str. K-12 substr. W3110	23	R00014|R00268|R00341|R00342|R00351|R00352|R00361|R00405|R00431|R00621|R00709|R00726|R01082|R01196|R01325|R01899|R01900|R02164|R02569|R02570|R03270|R03316|R07618	ok	outputs\bigg_prokaryote_bioemma\maps\map00020\iY75_1357\iY75_1357_map00020_map.json
map00020	rn00020	Citrate cycle (TCA cycle)	iYL1228	Klebsiella pneumoniae subsp. pneumoniae MGH 78578	22	R00014|R00268|R00341|R00342|R00351|R00352|R00361|R00405|R00431|R00621|R00709|R00726|R01082|R01325|R01899|R01900|R02164|R02569|R02570|R03270|R03316|R07618	ok	outputs\bigg_prokaryote_bioemma\maps\map00020\iYL1228\iYL1228_map00020_map.json
map00020	rn00020	Citrate cycle (TCA cycle)	iYO844	Bacillus subtilis subsp. subtilis str. 168	21	R00014|R00268|R00341|R00342|R00344|R00351|R00405|R00431|R00621|R00709|R00726|R01082|R01325|R01899|R01900|R02164|R02569|R02570|R03270|R03316|R07618	ok	outputs\bigg_prokaryote_bioemma\maps\map00020\iYO844\iYO844_map00020_map.json
map00020	rn00020	Citrate cycle (TCA cycle)	iYS1720	Salmonella pan-reactome	22	R00014|R00268|R00341|R00342|R00351|R00352|R00405|R00431|R00621|R00709|R00726|R01082|R01196|R01325|R01899|R01900|R02164|R02569|R02570|R03270|R03316|R07618	ok	outputs\bigg_prokaryote_bioemma\maps\map00020\iYS1720\iYS1720_map00020_map.json
map00020	rn00020	Citrate cycle (TCA cycle)	iYS854	Staphylococcus aureus subsp. aureus USA300_TCH1516	20	R00014|R00268|R00341|R00342|R00344|R00351|R00352|R00405|R00431|R00621|R00726|R01082|R01325|R01899|R01900|R02569|R02570|R03270|R03316|R07618	ok	outputs\bigg_prokaryote_bioemma\maps\map00020\iYS854\iYS854_map00020_map.json
map00020	rn00020	Citrate cycle (TCA cycle)	iZ_1308	Escherichia coli O157:H7 str. EDL933	23	R00014|R00268|R00341|R00342|R00351|R00352|R00361|R00405|R00431|R00621|R00709|R00726|R01082|R01196|R01325|R01899|R01900|R02164|R02569|R02570|R03270|R03316|R07618	ok	outputs\bigg_prokaryote_bioemma\maps\map00020\iZ_1308\iZ_1308_map00020_map.json
map00020	rn00020	Citrate cycle (TCA cycle)	ic_1306	Escherichia coli CFT073	23	R00014|R00268|R00341|R00342|R00351|R00352|R00361|R00405|R00431|R00621|R00709|R00726|R01082|R01196|R01325|R01899|R01900|R02164|R02569|R02570|R03270|R03316|R07618	ok	outputs\bigg_prokaryote_bioemma\maps\map00020\ic_1306\ic_1306_map00020_map.json
map00030	rn00030	Pentose phosphate pathway	STM_v1_0	Salmonella enterica subsp. enterica serovar Typhimurium str. LT2	32	R00756|R00762|R01049|R01051|R01056|R01057|R01066|R01067|R01068|R01521|R01528|R01529|R01538|R01541|R01641|R01737|R01739|R02035|R02036|R02736|R02739|R02749|R02750|R05605|R07147|R08570|R08572|R08575|R10221|R10860|R10907|R13199	ok	outputs\bigg_prokaryote_bioemma\maps\map00030\STM_v1_0\STM_v1_0_map00030_map.json
map00030	rn00030	Pentose phosphate pathway	iAF1260	Escherichia coli str. K-12 substr. MG1655	34	R00756|R00762|R01049|R01051|R01056|R01057|R01066|R01067|R01068|R01521|R01528|R01529|R01538|R01541|R01641|R01737|R01739|R02035|R02036|R02736|R02739|R02749|R02750|R05605|R06836|R07147|R08570|R08572|R08575|R10221|R10860|R10907|R13089|R13199	ok	outputs\bigg_prokaryote_bioemma\maps\map00030\iAF1260\iAF1260_map00030_map.json
map00030	rn00030	Pentose phosphate pathway	iAF1260b	Escherichia coli str. K-12 substr. MG1655	34	R00756|R00762|R01049|R01051|R01056|R01057|R01066|R01067|R01068|R01521|R01528|R01529|R01538|R01541|R01641|R01737|R01739|R02035|R02036|R02736|R02739|R02749|R02750|R05605|R06836|R07147|R08570|R08572|R08575|R10221|R10860|R10907|R13089|R13199	ok	outputs\bigg_prokaryote_bioemma\maps\map00030\iAF1260b\iAF1260b_map00030_map.json
map00030	rn00030	Pentose phosphate pathway	iAF692	Methanosarcina barkeri str. Fusaro	17	R00762|R01049|R01051|R01056|R01057|R01067|R01068|R01529|R01641|R02739|R02750|R05805|R08572|R08575|R10555|R10860|R13199	ok	outputs\bigg_prokaryote_bioemma\maps\map00030\iAF692\iAF692_map00030_map.json
map00030	rn00030	Pentose phosphate pathway	iAF987	Geobacter metallireducens GS-15	23	R00756|R00762|R01049|R01051|R01056|R01057|R01067|R01068|R01521|R01528|R01529|R01641|R02035|R02736|R02739|R02749|R02750|R07147|R08575|R10221|R10860|R10907|R13199	ok	outputs\bigg_prokaryote_bioemma\maps\map00030\iAF987\iAF987_map00030_map.json
map00030	rn00030	Pentose phosphate pathway	iAPECO1_1312	Escherichia coli APEC O1	34	R00756|R00762|R01049|R01051|R01056|R01057|R01066|R01067|R01068|R01521|R01528|R01529|R01538|R01541|R01641|R01737|R01739|R02035|R02036|R02736|R02739|R02749|R02750|R05605|R06836|R07147|R08570|R08572|R08575|R10221|R10860|R10907|R13089|R13199	ok	outputs\bigg_prokaryote_bioemma\maps\map00030\iAPECO1_1312\iAPECO1_1312_map00030_map.json
map00030	rn00030	Pentose phosphate pathway	iB21_1397	Escherichia coli BL21(DE3)	33	R00756|R00762|R01049|R01051|R01056|R01057|R01066|R01067|R01068|R01521|R01528|R01529|R01538|R01541|R01641|R01737|R01739|R02036|R02736|R02739|R02749|R02750|R05605|R06836|R07147|R08570|R08572|R08575|R10221|R10860|R10907|R13089|R13199	ok	outputs\bigg_prokaryote_bioemma\maps\map00030\iB21_1397\iB21_1397_map00030_map.json
map00030	rn00030	Pentose phosphate pathway	iBWG_1329	Escherichia coli BW2952	34	R00756|R00762|R01049|R01051|R01056|R01057|R01066|R01067|R01068|R01521|R01528|R01529|R01538|R01541|R01641|R01737|R01739|R02035|R02036|R02736|R02739|R02749|R02750|R05605|R06836|R07147|R08570|R08572|R08575|R10221|R10860|R10907|R13089|R13199	ok	outputs\bigg_prokaryote_bioemma\maps\map00030\iBWG_1329\iBWG_1329_map00030_map.json
map00030	rn00030	Pentose phosphate pathway	iCN718	Acinetobacter baumannii AYE	20	R00762|R01049|R01056|R01057|R01066|R01067|R01068|R01529|R01641|R01737|R02036|R02739|R02749|R05605|R07147|R08570|R08572|R08575|R10860|R13199	ok	outputs\bigg_prokaryote_bioemma\maps\map00030\iCN718\iCN718_map00030_map.json
map00030	rn00030	Pentose phosphate pathway	iCN900	Clostridioides difficile 630	32	R00756|R00762|R01049|R01051|R01056|R01057|R01058|R01066|R01067|R01068|R01521|R01528|R01529|R01541|R01641|R01737|R02035|R02036|R02736|R02739|R02749|R02750|R05605|R05805|R07147|R08570|R08572|R08575|R10221|R10860|R10907|R13199	ok	outputs\bigg_prokaryote_bioemma\maps\map00030\iCN900\iCN900_map00030_map.json
map00030	rn00030	Pentose phosphate pathway	iE2348C_1286	Escherichia coli O127:H6 str. E2348/69	33	R00756|R00762|R01049|R01051|R01056|R01057|R01066|R01067|R01068|R01521|R01528|R01529|R01541|R01641|R01737|R01739|R02035|R02036|R02736|R02739|R02749|R02750|R05605|R06836|R07147|R08570|R08572|R08575|R10221|R10860|R10907|R13089|R13199	ok	outputs\bigg_prokaryote_bioemma\maps\map00030\iE2348C_1286\iE2348C_1286_map00030_map.json
map00030	rn00030	Pentose phosphate pathway	iEC042_1314	Escherichia coli 042	34	R00756|R00762|R01049|R01051|R01056|R01057|R01066|R01067|R01068|R01521|R01528|R01529|R01538|R01541|R01641|R01737|R01739|R02035|R02036|R02736|R02739|R02749|R02750|R05605|R06836|R07147|R08570|R08572|R08575|R10221|R10860|R10907|R13089|R13199	ok	outputs\bigg_prokaryote_bioemma\maps\map00030\iEC042_1314\iEC042_1314_map00030_map.json
map00030	rn00030	Pentose phosphate pathway	iEC1344_C	Escherichia coli C	34	R00756|R00762|R01049|R01051|R01056|R01057|R01066|R01067|R01068|R01521|R01528|R01529|R01538|R01541|R01641|R01737|R01739|R02035|R02036|R02736|R02739|R02749|R02750|R05605|R06836|R07147|R08570|R08572|R08575|R10221|R10860|R10907|R13089|R13199	ok	outputs\bigg_prokaryote_bioemma\maps\map00030\iEC1344_C\iEC1344_C_map00030_map.json
map00030	rn00030	Pentose phosphate pathway	iEC1349_Crooks	Escherichia coli ATCC 8739	34	R00756|R00762|R01049|R01051|R01056|R01057|R01066|R01067|R01068|R01521|R01528|R01529|R01538|R01541|R01641|R01737|R01739|R02035|R02036|R02736|R02739|R02749|R02750|R05605|R06836|R07147|R08570|R08572|R08575|R10221|R10860|R10907|R13089|R13199	ok	outputs\bigg_prokaryote_bioemma\maps\map00030\iEC1349_Crooks\iEC1349_Crooks_map00030_map.json
map00030	rn00030	Pentose phosphate pathway	iEC1356_Bl21DE3	Escherichia coli BL21(DE3)	33	R00756|R00762|R01049|R01051|R01056|R01057|R01066|R01067|R01068|R01521|R01528|R01529|R01538|R01541|R01641|R01737|R01739|R02036|R02736|R02739|R02749|R02750|R05605|R06836|R07147|R08570|R08572|R08575|R10221|R10860|R10907|R13089|R13199	ok	outputs\bigg_prokaryote_bioemma\maps\map00030\iEC1356_Bl21DE3\iEC1356_Bl21DE3_map00030_map.json
map00030	rn00030	Pentose phosphate pathway	iEC1364_W	Escherichia coli W	34	R00756|R00762|R01049|R01056|R01057|R01066|R01067|R01068|R01521|R01528|R01529|R01538|R01541|R01641|R01737|R01739|R02032|R02034|R02035|R02036|R02736|R02739|R02749|R05605|R06836|R07147|R08570|R08572|R08575|R10221|R10860|R10907|R13089|R13199	ok	outputs\bigg_prokaryote_bioemma\maps\map00030\iEC1364_W\iEC1364_W_map00030_map.json
map00030	rn00030	Pentose phosphate pathway	iEC1368_DH5a	Escherichia coli DH5[alpha]	34	R00756|R00762|R01049|R01051|R01056|R01057|R01066|R01067|R01068|R01521|R01528|R01529|R01538|R01541|R01641|R01737|R01739|R02035|R02036|R02736|R02739|R02749|R02750|R05605|R06836|R07147|R08570|R08572|R08575|R10221|R10860|R10907|R13089|R13199	ok	outputs\bigg_prokaryote_bioemma\maps\map00030\iEC1368_DH5a\iEC1368_DH5a_map00030_map.json
map00030	rn00030	Pentose phosphate pathway	iEC1372_W3110	Escherichia coli str. K-12 substr. W3110	34	R00756|R00762|R01049|R01051|R01056|R01057|R01066|R01067|R01068|R01521|R01528|R01529|R01538|R01541|R01641|R01737|R01739|R02035|R02036|R02736|R02739|R02749|R02750|R05605|R06836|R07147|R08570|R08572|R08575|R10221|R10860|R10907|R13089|R13199	ok	outputs\bigg_prokaryote_bioemma\maps\map00030\iEC1372_W3110\iEC1372_W3110_map00030_map.json
map00030	rn00030	Pentose phosphate pathway	iEC55989_1330	Escherichia coli 55989	34	R00756|R00762|R01049|R01051|R01056|R01057|R01066|R01067|R01068|R01521|R01528|R01529|R01538|R01541|R01641|R01737|R01739|R02035|R02036|R02736|R02739|R02749|R02750|R05605|R06836|R07147|R08570|R08572|R08575|R10221|R10860|R10907|R13089|R13199	ok	outputs\bigg_prokaryote_bioemma\maps\map00030\iEC55989_1330\iEC55989_1330_map00030_map.json
map00030	rn00030	Pentose phosphate pathway	iECABU_c1320	Escherichia coli ABU 83972	34	R00756|R00762|R01049|R01051|R01056|R01057|R01066|R01067|R01068|R01521|R01528|R01529|R01538|R01541|R01641|R01737|R01739|R02035|R02036|R02736|R02739|R02749|R02750|R05605|R06836|R07147|R08570|R08572|R08575|R10221|R10860|R10907|R13089|R13199	ok	outputs\bigg_prokaryote_bioemma\maps\map00030\iECABU_c1320\iECABU_c1320_map00030_map.json
map00030	rn00030	Pentose phosphate pathway	iECBD_1354	Escherichia coli 'BL21-Gold(DE3)pLysS AG'	33	R00756|R00762|R01049|R01051|R01056|R01057|R01066|R01067|R01068|R01521|R01528|R01529|R01538|R01541|R01641|R01737|R01739|R02036|R02736|R02739|R02749|R02750|R05605|R06836|R07147|R08570|R08572|R08575|R10221|R10860|R10907|R13089|R13199	ok	outputs\bigg_prokaryote_bioemma\maps\map00030\iECBD_1354\iECBD_1354_map00030_map.json
map00030	rn00030	Pentose phosphate pathway	iECB_1328	Escherichia coli B str. REL606	34	R00756|R00762|R01049|R01051|R01056|R01057|R01066|R01067|R01068|R01521|R01528|R01529|R01538|R01541|R01641|R01737|R01739|R02035|R02036|R02736|R02739|R02749|R02750|R05605|R06836|R07147|R08570|R08572|R08575|R10221|R10860|R10907|R13089|R13199	ok	outputs\bigg_prokaryote_bioemma\maps\map00030\iECB_1328\iECB_1328_map00030_map.json
map00030	rn00030	Pentose phosphate pathway	iECDH10B_1368	Escherichia coli str. K-12 substr. DH10B	34	R00756|R00762|R01049|R01051|R01056|R01057|R01066|R01067|R01068|R01521|R01528|R01529|R01538|R01541|R01641|R01737|R01739|R02035|R02036|R02736|R02739|R02749|R02750|R05605|R06836|R07147|R08570|R08572|R08575|R10221|R10860|R10907|R13089|R13199	ok	outputs\bigg_prokaryote_bioemma\maps\map00030\iECDH10B_1368\iECDH10B_1368_map00030_map.json
map00030	rn00030	Pentose phosphate pathway	iECDH1ME8569_1439	Escherichia coli DH1	34	R00756|R00762|R01049|R01051|R01056|R01057|R01066|R01067|R01068|R01521|R01528|R01529|R01538|R01541|R01641|R01737|R01739|R02035|R02036|R02736|R02739|R02749|R02750|R05605|R06836|R07147|R08570|R08572|R08575|R10221|R10860|R10907|R13089|R13199	ok	outputs\bigg_prokaryote_bioemma\maps\map00030\iECDH1ME8569_1439\iECDH1ME8569_1439_map00030_map.json
map00030	rn00030	Pentose phosphate pathway	iECD_1391	Escherichia coli BL21(DE3)	33	R00756|R00762|R01049|R01051|R01056|R01057|R01066|R01067|R01068|R01521|R01528|R01529|R01538|R01541|R01641|R01737|R01739|R02036|R02736|R02739|R02749|R02750|R05605|R06836|R07147|R08570|R08572|R08575|R10221|R10860|R10907|R13089|R13199	ok	outputs\bigg_prokaryote_bioemma\maps\map00030\iECD_1391\iECD_1391_map00030_map.json
map00030	rn00030	Pentose phosphate pathway	iECED1_1282	Escherichia coli ED1a	34	R00756|R00762|R01049|R01051|R01056|R01057|R01066|R01067|R01068|R01521|R01528|R01529|R01538|R01541|R01641|R01737|R01739|R02035|R02036|R02736|R02739|R02749|R02750|R05605|R06836|R07147|R08570|R08572|R08575|R10221|R10860|R10907|R13089|R13199	ok	outputs\bigg_prokaryote_bioemma\maps\map00030\iECED1_1282\iECED1_1282_map00030_map.json
map00030	rn00030	Pentose phosphate pathway	iECH74115_1262	Escherichia coli O157:H7 str. EC4115	33	R00756|R00762|R01049|R01051|R01056|R01057|R01066|R01067|R01068|R01521|R01528|R01529|R01541|R01641|R01737|R01739|R02035|R02036|R02736|R02739|R02749|R02750|R05605|R06836|R07147|R08570|R08572|R08575|R10221|R10860|R10907|R13089|R13199	ok	outputs\bigg_prokaryote_bioemma\maps\map00030\iECH74115_1262\iECH74115_1262_map00030_map.json
map00030	rn00030	Pentose phosphate pathway	iECIAI1_1343	Escherichia coli IAI1	34	R00756|R00762|R01049|R01051|R01056|R01057|R01066|R01067|R01068|R01521|R01528|R01529|R01538|R01541|R01641|R01737|R01739|R02035|R02036|R02736|R02739|R02749|R02750|R05605|R06836|R07147|R08570|R08572|R08575|R10221|R10860|R10907|R13089|R13199	ok	outputs\bigg_prokaryote_bioemma\maps\map00030\iECIAI1_1343\iECIAI1_1343_map00030_map.json
map00030	rn00030	Pentose phosphate pathway	iECIAI39_1322	Escherichia coli IAI39	34	R00756|R00762|R01049|R01051|R01056|R01057|R01066|R01067|R01068|R01521|R01528|R01529|R01538|R01541|R01641|R01737|R01739|R02035|R02036|R02736|R02739|R02749|R02750|R05605|R06836|R07147|R08570|R08572|R08575|R10221|R10860|R10907|R13089|R13199	ok	outputs\bigg_prokaryote_bioemma\maps\map00030\iECIAI39_1322\iECIAI39_1322_map00030_map.json
map00030	rn00030	Pentose phosphate pathway	iECNA114_1301	Escherichia coli NA114	34	R00756|R00762|R01049|R01051|R01056|R01057|R01066|R01067|R01068|R01521|R01528|R01529|R01538|R01541|R01641|R01737|R01739|R02035|R02036|R02736|R02739|R02749|R02750|R05605|R06836|R07147|R08570|R08572|R08575|R10221|R10860|R10907|R13089|R13199	ok	outputs\bigg_prokaryote_bioemma\maps\map00030\iECNA114_1301\iECNA114_1301_map00030_map.json
map00030	rn00030	Pentose phosphate pathway	iECO103_1326	Escherichia coli O103:H2 str. 12009	34	R00756|R00762|R01049|R01051|R01056|R01057|R01066|R01067|R01068|R01521|R01528|R01529|R01538|R01541|R01641|R01737|R01739|R02035|R02036|R02736|R02739|R02749|R02750|R05605|R06836|R07147|R08570|R08572|R08575|R10221|R10860|R10907|R13089|R13199	ok	outputs\bigg_prokaryote_bioemma\maps\map00030\iECO103_1326\iECO103_1326_map00030_map.json
map00030	rn00030	Pentose phosphate pathway	iECO111_1330	Escherichia coli O111:H- str. 11128	34	R00756|R00762|R01049|R01051|R01056|R01057|R01066|R01067|R01068|R01521|R01528|R01529|R01538|R01541|R01641|R01737|R01739|R02035|R02036|R02736|R02739|R02749|R02750|R05605|R06836|R07147|R08570|R08572|R08575|R10221|R10860|R10907|R13089|R13199	ok	outputs\bigg_prokaryote_bioemma\maps\map00030\iECO111_1330\iECO111_1330_map00030_map.json
map00030	rn00030	Pentose phosphate pathway	iECO26_1355	Escherichia coli O26:H11 str. 11368	34	R00756|R00762|R01049|R01051|R01056|R01057|R01066|R01067|R01068|R01521|R01528|R01529|R01538|R01541|R01641|R01737|R01739|R02035|R02036|R02736|R02739|R02749|R02750|R05605|R06836|R07147|R08570|R08572|R08575|R10221|R10860|R10907|R13089|R13199	ok	outputs\bigg_prokaryote_bioemma\maps\map00030\iECO26_1355\iECO26_1355_map00030_map.json
map00030	rn00030	Pentose phosphate pathway	iECOK1_1307	Escherichia coli IHE3034	34	R00756|R00762|R01049|R01051|R01056|R01057|R01066|R01067|R01068|R01521|R01528|R01529|R01538|R01541|R01641|R01737|R01739|R02035|R02036|R02736|R02739|R02749|R02750|R05605|R06836|R07147|R08570|R08572|R08575|R10221|R10860|R10907|R13089|R13199	ok	outputs\bigg_prokaryote_bioemma\maps\map00030\iECOK1_1307\iECOK1_1307_map00030_map.json
map00030	rn00030	Pentose phosphate pathway	iECP_1309	Escherichia coli 536	34	R00756|R00762|R01049|R01051|R01056|R01057|R01066|R01067|R01068|R01521|R01528|R01529|R01538|R01541|R01641|R01737|R01739|R02035|R02036|R02736|R02739|R02749|R02750|R05605|R06836|R07147|R08570|R08572|R08575|R10221|R10860|R10907|R13089|R13199	ok	outputs\bigg_prokaryote_bioemma\maps\map00030\iECP_1309\iECP_1309_map00030_map.json
map00030	rn00030	Pentose phosphate pathway	iECS88_1305	Escherichia coli S88	34	R00756|R00762|R01049|R01051|R01056|R01057|R01066|R01067|R01068|R01521|R01528|R01529|R01538|R01541|R01641|R01737|R01739|R02035|R02036|R02736|R02739|R02749|R02750|R05605|R06836|R07147|R08570|R08572|R08575|R10221|R10860|R10907|R13089|R13199	ok	outputs\bigg_prokaryote_bioemma\maps\map00030\iECS88_1305\iECS88_1305_map00030_map.json
map00030	rn00030	Pentose phosphate pathway	iECSE_1348	Escherichia coli SE11	34	R00756|R00762|R01049|R01051|R01056|R01057|R01066|R01067|R01068|R01521|R01528|R01529|R01538|R01541|R01641|R01737|R01739|R02035|R02036|R02736|R02739|R02749|R02750|R05605|R06836|R07147|R08570|R08572|R08575|R10221|R10860|R10907|R13089|R13199	ok	outputs\bigg_prokaryote_bioemma\maps\map00030\iECSE_1348\iECSE_1348_map00030_map.json
map00030	rn00030	Pentose phosphate pathway	iECSF_1327	Escherichia coli SE15	34	R00756|R00762|R01049|R01051|R01056|R01057|R01066|R01067|R01068|R01521|R01528|R01529|R01538|R01541|R01641|R01737|R01739|R02035|R02036|R02736|R02739|R02749|R02750|R05605|R06836|R07147|R08570|R08572|R08575|R10221|R10860|R10907|R13089|R13199	ok	outputs\bigg_prokaryote_bioemma\maps\map00030\iECSF_1327\iECSF_1327_map00030_map.json
map00030	rn00030	Pentose phosphate pathway	iECSP_1301	Escherichia coli O157:H7 str. TW14359	33	R00756|R00762|R01049|R01051|R01056|R01057|R01066|R01067|R01068|R01521|R01528|R01529|R01541|R01641|R01737|R01739|R02035|R02036|R02736|R02739|R02749|R02750|R05605|R06836|R07147|R08570|R08572|R08575|R10221|R10860|R10907|R13089|R13199	ok	outputs\bigg_prokaryote_bioemma\maps\map00030\iECSP_1301\iECSP_1301_map00030_map.json
map00030	rn00030	Pentose phosphate pathway	iECUMN_1333	Escherichia coli UMN026	34	R00756|R00762|R01049|R01051|R01056|R01057|R01066|R01067|R01068|R01521|R01528|R01529|R01538|R01541|R01641|R01737|R01739|R02035|R02036|R02736|R02739|R02749|R02750|R05605|R06836|R07147|R08570|R08572|R08575|R10221|R10860|R10907|R13089|R13199	ok	outputs\bigg_prokaryote_bioemma\maps\map00030\iECUMN_1333\iECUMN_1333_map00030_map.json
map00030	rn00030	Pentose phosphate pathway	iECW_1372	Escherichia coli W	34	R00756|R00762|R01049|R01051|R01056|R01057|R01066|R01067|R01068|R01521|R01528|R01529|R01538|R01541|R01641|R01737|R01739|R02035|R02036|R02736|R02739|R02749|R02750|R05605|R06836|R07147|R08570|R08572|R08575|R10221|R10860|R10907|R13089|R13199	ok	outputs\bigg_prokaryote_bioemma\maps\map00030\iECW_1372\iECW_1372_map00030_map.json
map00030	rn00030	Pentose phosphate pathway	iECs_1301	Escherichia coli O157:H7 str. Sakai	33	R00756|R00762|R01049|R01051|R01056|R01057|R01066|R01067|R01068|R01521|R01528|R01529|R01541|R01641|R01737|R01739|R02035|R02036|R02736|R02739|R02749|R02750|R05605|R06836|R07147|R08570|R08572|R08575|R10221|R10860|R10907|R13089|R13199	ok	outputs\bigg_prokaryote_bioemma\maps\map00030\iECs_1301\iECs_1301_map00030_map.json
map00030	rn00030	Pentose phosphate pathway	iEK1008	Mycobacterium tuberculosis H37Rv	24	R00756|R00762|R01049|R01051|R01056|R01057|R01066|R01067|R01068|R01521|R01528|R01529|R01641|R02035|R02736|R02739|R02750|R07147|R08572|R08575|R10221|R10860|R10907|R13199	ok	outputs\bigg_prokaryote_bioemma\maps\map00030\iEK1008\iEK1008_map00030_map.json
map00030	rn00030	Pentose phosphate pathway	iEKO11_1354	Escherichia coli KO11FL	32	R00756|R00762|R01049|R01056|R01057|R01066|R01067|R01068|R01521|R01528|R01529|R01538|R01541|R01641|R01737|R01739|R02035|R02036|R02736|R02739|R02749|R05605|R06836|R07147|R08570|R08572|R08575|R10221|R10860|R10907|R13089|R13199	ok	outputs\bigg_prokaryote_bioemma\maps\map00030\iEKO11_1354\iEKO11_1354_map00030_map.json
map00030	rn00030	Pentose phosphate pathway	iETEC_1333	Escherichia coli ETEC H10407	34	R00756|R00762|R01049|R01051|R01056|R01057|R01066|R01067|R01068|R01521|R01528|R01529|R01538|R01541|R01641|R01737|R01739|R02035|R02036|R02736|R02739|R02749|R02750|R05605|R06836|R07147|R08570|R08572|R08575|R10221|R10860|R10907|R13089|R13199	ok	outputs\bigg_prokaryote_bioemma\maps\map00030\iETEC_1333\iETEC_1333_map00030_map.json
map00030	rn00030	Pentose phosphate pathway	iEcDH1_1363	Escherichia coli DH1	34	R00756|R00762|R01049|R01051|R01056|R01057|R01066|R01067|R01068|R01521|R01528|R01529|R01538|R01541|R01641|R01737|R01739|R02035|R02036|R02736|R02739|R02749|R02750|R05605|R06836|R07147|R08570|R08572|R08575|R10221|R10860|R10907|R13089|R13199	ok	outputs\bigg_prokaryote_bioemma\maps\map00030\iEcDH1_1363\iEcDH1_1363_map00030_map.json
map00030	rn00030	Pentose phosphate pathway	iEcE24377_1341	Escherichia coli O139:H28 str. E24377A	34	R00756|R00762|R01049|R01051|R01056|R01057|R01066|R01067|R01068|R01521|R01528|R01529|R01538|R01541|R01641|R01737|R01739|R02035|R02036|R02736|R02739|R02749|R02750|R05605|R06836|R07147|R08570|R08572|R08575|R10221|R10860|R10907|R13089|R13199	ok	outputs\bigg_prokaryote_bioemma\maps\map00030\iEcE24377_1341\iEcE24377_1341_map00030_map.json
map00030	rn00030	Pentose phosphate pathway	iEcHS_1320	Escherichia coli HS	34	R00756|R00762|R01049|R01051|R01056|R01057|R01066|R01067|R01068|R01521|R01528|R01529|R01538|R01541|R01641|R01737|R01739|R02035|R02036|R02736|R02739|R02749|R02750|R05605|R06836|R07147|R08570|R08572|R08575|R10221|R10860|R10907|R13089|R13199	ok	outputs\bigg_prokaryote_bioemma\maps\map00030\iEcHS_1320\iEcHS_1320_map00030_map.json
map00030	rn00030	Pentose phosphate pathway	iEcSMS35_1347	Escherichia coli SMS-3-5	34	R00756|R00762|R01049|R01051|R01056|R01057|R01066|R01067|R01068|R01521|R01528|R01529|R01538|R01541|R01641|R01737|R01739|R02035|R02036|R02736|R02739|R02749|R02750|R05605|R06836|R07147|R08570|R08572|R08575|R10221|R10860|R10907|R13089|R13199	ok	outputs\bigg_prokaryote_bioemma\maps\map00030\iEcSMS35_1347\iEcSMS35_1347_map00030_map.json
map00030	rn00030	Pentose phosphate pathway	iEcolC_1368	Escherichia coli ATCC 8739	34	R00756|R00762|R01049|R01051|R01056|R01057|R01066|R01067|R01068|R01521|R01528|R01529|R01538|R01541|R01641|R01737|R01739|R02035|R02036|R02736|R02739|R02749|R02750|R05605|R06836|R07147|R08570|R08572|R08575|R10221|R10860|R10907|R13089|R13199	ok	outputs\bigg_prokaryote_bioemma\maps\map00030\iEcolC_1368\iEcolC_1368_map00030_map.json
map00030	rn00030	Pentose phosphate pathway	iG2583_1286	Escherichia coli O55:H7 str. CB9615	33	R00756|R00762|R01049|R01051|R01056|R01057|R01066|R01067|R01068|R01521|R01528|R01529|R01541|R01641|R01737|R01739|R02035|R02036|R02736|R02739|R02749|R02750|R05605|R06836|R07147|R08570|R08572|R08575|R10221|R10860|R10907|R13089|R13199	ok	outputs\bigg_prokaryote_bioemma\maps\map00030\iG2583_1286\iG2583_1286_map00030_map.json
map00030	rn00030	Pentose phosphate pathway	iHN637	Clostridium ljungdahlii DSM 13528	24	R00756|R00762|R01049|R01051|R01056|R01057|R01066|R01067|R01068|R01528|R01529|R01641|R01737|R02739|R02749|R02750|R05605|R07147|R08570|R08572|R08575|R10221|R10860|R13199	ok	outputs\bigg_prokaryote_bioemma\maps\map00030\iHN637\iHN637_map00030_map.json
map00030	rn00030	Pentose phosphate pathway	iIT341	Helicobacter pylori 26695	23	R00762|R01049|R01056|R01057|R01067|R01068|R01521|R01528|R01529|R01641|R02035|R02036|R02736|R02739|R02749|R05605|R07147|R08570|R08575|R10221|R10860|R10907|R13199	ok	outputs\bigg_prokaryote_bioemma\maps\map00030\iIT341\iIT341_map00030_map.json
map00030	rn00030	Pentose phosphate pathway	iJB785	Synechococcus elongatus PCC 7942	22	R00756|R00762|R01049|R01056|R01057|R01067|R01068|R01521|R01528|R01529|R01621|R01641|R02035|R02736|R02739|R07147|R08572|R08575|R10221|R10615|R10907|R13199	ok	outputs\bigg_prokaryote_bioemma\maps\map00030\iJB785\iJB785_map00030_map.json
map00030	rn00030	Pentose phosphate pathway	iJN1463	Pseudomonas putida KT2440	33	R00762|R01049|R01051|R01056|R01057|R01067|R01068|R01521|R01528|R01529|R01541|R01641|R01737|R02032|R02034|R02035|R02036|R02658|R02736|R02739|R02749|R02750|R05605|R06836|R07147|R08570|R08572|R08575|R10221|R10860|R10907|R13089|R13199	ok	outputs\bigg_prokaryote_bioemma\maps\map00030\iJN1463\iJN1463_map00030_map.json
map00030	rn00030	Pentose phosphate pathway	iJN678	Synechocystis sp. PCC 6803	25	R00756|R00762|R01049|R01051|R01056|R01057|R01066|R01067|R01068|R01521|R01528|R01529|R01641|R02035|R02736|R02739|R02749|R02750|R07147|R08572|R08575|R10221|R10860|R10907|R13199	ok	outputs\bigg_prokaryote_bioemma\maps\map00030\iJN678\iJN678_map00030_map.json
map00030	rn00030	Pentose phosphate pathway	iJN746	Pseudomonas putida KT2440	34	R00762|R01049|R01051|R01056|R01057|R01067|R01068|R01521|R01528|R01529|R01541|R01641|R01737|R01741|R02032|R02034|R02035|R02036|R02658|R02736|R02739|R02749|R02750|R05605|R06836|R07147|R08570|R08572|R08575|R10221|R10860|R10907|R13089|R13199	ok	outputs\bigg_prokaryote_bioemma\maps\map00030\iJN746\iJN746_map00030_map.json
map00030	rn00030	Pentose phosphate pathway	iJO1366	Escherichia coli str. K-12 substr. MG1655	34	R00756|R00762|R01049|R01051|R01056|R01057|R01066|R01067|R01068|R01521|R01528|R01529|R01538|R01541|R01641|R01737|R01739|R02035|R02036|R02736|R02739|R02749|R02750|R05605|R06836|R07147|R08570|R08572|R08575|R10221|R10860|R10907|R13089|R13199	ok	outputs\bigg_prokaryote_bioemma\maps\map00030\iJO1366\iJO1366_map00030_map.json
map00030	rn00030	Pentose phosphate pathway	iJR904	Escherichia coli str. K-12 substr. MG1655	32	R00756|R00762|R01049|R01051|R01056|R01057|R01066|R01067|R01068|R01521|R01528|R01529|R01538|R01541|R01641|R01737|R01739|R02035|R02036|R02736|R02739|R02749|R02750|R05605|R07147|R08570|R08572|R08575|R10221|R10860|R10907|R13199	ok	outputs\bigg_prokaryote_bioemma\maps\map00030\iJR904\iJR904_map00030_map.json
map00030	rn00030	Pentose phosphate pathway	iLF82_1304	Escherichia coli LF82	34	R00756|R00762|R01049|R01051|R01056|R01057|R01066|R01067|R01068|R01521|R01528|R01529|R01538|R01541|R01641|R01737|R01739|R02035|R02036|R02736|R02739|R02749|R02750|R05605|R06836|R07147|R08570|R08572|R08575|R10221|R10860|R10907|R13089|R13199	ok	outputs\bigg_prokaryote_bioemma\maps\map00030\iLF82_1304\iLF82_1304_map00030_map.json
map00030	rn00030	Pentose phosphate pathway	iLJ478	Thermotoga maritima MSB8	31	R00756|R00762|R00764|R01049|R01051|R01056|R01057|R01066|R01067|R01068|R01521|R01528|R01529|R01541|R01641|R01737|R02035|R02036|R02736|R02739|R02749|R02750|R05605|R07147|R08570|R08572|R08575|R10221|R10860|R10907|R13199	ok	outputs\bigg_prokaryote_bioemma\maps\map00030\iLJ478\iLJ478_map00030_map.json
map00030	rn00030	Pentose phosphate pathway	iML1515	Escherichia coli str. K-12 substr. MG1655	34	R00756|R00762|R01049|R01051|R01056|R01057|R01066|R01067|R01068|R01521|R01528|R01529|R01538|R01541|R01641|R01737|R01739|R02035|R02036|R02736|R02739|R02749|R02750|R05605|R06836|R07147|R08570|R08572|R08575|R10221|R10860|R10907|R13089|R13199	ok	outputs\bigg_prokaryote_bioemma\maps\map00030\iML1515\iML1515_map00030_map.json
map00030	rn00030	Pentose phosphate pathway	iNF517	Lactococcus lactis subsp. cremoris MG1363	25	R00756|R00762|R01049|R01051|R01056|R01057|R01066|R01067|R01068|R01521|R01528|R01529|R01641|R01737|R02035|R02736|R02739|R02749|R02750|R05605|R07147|R08570|R10221|R10907|R13199	ok	outputs\bigg_prokaryote_bioemma\maps\map00030\iNF517\iNF517_map00030_map.json
map00030	rn00030	Pentose phosphate pathway	iNJ661	Mycobacterium tuberculosis H37Rv	24	R00756|R00762|R01049|R01051|R01056|R01057|R01066|R01067|R01068|R01521|R01528|R01529|R01641|R02035|R02736|R02739|R02750|R07147|R08572|R08575|R10221|R10860|R10907|R13199	ok	outputs\bigg_prokaryote_bioemma\maps\map00030\iNJ661\iNJ661_map00030_map.json
map00030	rn00030	Pentose phosphate pathway	iNRG857_1313	Escherichia coli O83:H1 str. NRG 857C	34	R00756|R00762|R01049|R01051|R01056|R01057|R01066|R01067|R01068|R01521|R01528|R01529|R01538|R01541|R01641|R01737|R01739|R02035|R02036|R02736|R02739|R02749|R02750|R05605|R06836|R07147|R08570|R08572|R08575|R10221|R10860|R10907|R13089|R13199	ok	outputs\bigg_prokaryote_bioemma\maps\map00030\iNRG857_1313\iNRG857_1313_map00030_map.json
map00030	rn00030	Pentose phosphate pathway	iPC815	Yersinia pestis CO92	32	R00756|R00762|R01049|R01051|R01056|R01057|R01066|R01067|R01068|R01521|R01528|R01529|R01541|R01641|R01737|R01739|R02035|R02036|R02736|R02739|R02749|R02750|R05605|R06836|R07147|R08570|R08572|R08575|R10221|R10860|R10907|R13199	ok	outputs\bigg_prokaryote_bioemma\maps\map00030\iPC815\iPC815_map00030_map.json
map00030	rn00030	Pentose phosphate pathway	iSB619	Staphylococcus aureus subsp. aureus N315	25	R00756|R00762|R01049|R01051|R01056|R01057|R01066|R01067|R01068|R01521|R01528|R01529|R01641|R01737|R02736|R02739|R02749|R02750|R07147|R08572|R08575|R10221|R10860|R10907|R13199	ok	outputs\bigg_prokaryote_bioemma\maps\map00030\iSB619\iSB619_map00030_map.json
map00030	rn00030	Pentose phosphate pathway	iSBO_1134	Shigella boydii Sb227	33	R00756|R00762|R01049|R01051|R01056|R01057|R01066|R01067|R01068|R01521|R01528|R01529|R01541|R01641|R01737|R01739|R02035|R02036|R02736|R02739|R02749|R02750|R05605|R06836|R07147|R08570|R08572|R08575|R10221|R10860|R10907|R13089|R13199	ok	outputs\bigg_prokaryote_bioemma\maps\map00030\iSBO_1134\iSBO_1134_map00030_map.json
map00030	rn00030	Pentose phosphate pathway	iSDY_1059	Shigella dysenteriae Sd197	32	R00756|R00762|R01049|R01051|R01056|R01057|R01066|R01067|R01068|R01521|R01528|R01529|R01641|R01737|R01739|R02035|R02036|R02736|R02739|R02749|R02750|R05605|R06836|R07147|R08570|R08572|R08575|R10221|R10860|R10907|R13089|R13199	ok	outputs\bigg_prokaryote_bioemma\maps\map00030\iSDY_1059\iSDY_1059_map00030_map.json
map00030	rn00030	Pentose phosphate pathway	iSFV_1184	Shigella flexneri 5 str. 8401	33	R00756|R00762|R01049|R01051|R01056|R01057|R01066|R01067|R01068|R01521|R01528|R01529|R01538|R01541|R01641|R01737|R01739|R02035|R02036|R02736|R02739|R02749|R02750|R05605|R07147|R08570|R08572|R08575|R10221|R10860|R10907|R13089|R13199	ok	outputs\bigg_prokaryote_bioemma\maps\map00030\iSFV_1184\iSFV_1184_map00030_map.json
map00030	rn00030	Pentose phosphate pathway	iSF_1195	Shigella flexneri 2a str. 301	33	R00756|R00762|R01049|R01051|R01056|R01057|R01066|R01067|R01068|R01521|R01528|R01529|R01538|R01541|R01641|R01737|R01739|R02035|R02036|R02736|R02739|R02749|R02750|R05605|R07147|R08570|R08572|R08575|R10221|R10860|R10907|R13089|R13199	ok	outputs\bigg_prokaryote_bioemma\maps\map00030\iSF_1195\iSF_1195_map00030_map.json
map00030	rn00030	Pentose phosphate pathway	iSFxv_1172	Shigella flexneri 2002017	33	R00756|R00762|R01049|R01051|R01056|R01057|R01066|R01067|R01068|R01521|R01528|R01529|R01538|R01541|R01641|R01737|R01739|R02035|R02036|R02736|R02739|R02749|R02750|R05605|R07147|R08570|R08572|R08575|R10221|R10860|R10907|R13089|R13199	ok	outputs\bigg_prokaryote_bioemma\maps\map00030\iSFxv_1172\iSFxv_1172_map00030_map.json
map00030	rn00030	Pentose phosphate pathway	iSSON_1240	Shigella sonnei Ss046	34	R00756|R00762|R01049|R01051|R01056|R01057|R01066|R01067|R01068|R01521|R01528|R01529|R01538|R01541|R01641|R01737|R01739|R02035|R02036|R02736|R02739|R02749|R02750|R05605|R06836|R07147|R08570|R08572|R08575|R10221|R10860|R10907|R13089|R13199	ok	outputs\bigg_prokaryote_bioemma\maps\map00030\iSSON_1240\iSSON_1240_map00030_map.json
map00030	rn00030	Pentose phosphate pathway	iS_1188	Shigella flexneri 2a str. 2457T	33	R00756|R00762|R01049|R01051|R01056|R01057|R01066|R01067|R01068|R01521|R01528|R01529|R01538|R01541|R01641|R01737|R01739|R02035|R02036|R02736|R02739|R02749|R02750|R05605|R07147|R08570|R08572|R08575|R10221|R10860|R10907|R13089|R13199	ok	outputs\bigg_prokaryote_bioemma\maps\map00030\iS_1188\iS_1188_map00030_map.json
map00030	rn00030	Pentose phosphate pathway	iSbBS512_1146	Shigella boydii CDC 3083-94	32	R00756|R00762|R01049|R01051|R01056|R01057|R01066|R01067|R01068|R01521|R01528|R01529|R01541|R01641|R01737|R01739|R02035|R02036|R02736|R02739|R02749|R02750|R05605|R07147|R08570|R08572|R08575|R10221|R10860|R10907|R13089|R13199	ok	outputs\bigg_prokaryote_bioemma\maps\map00030\iSbBS512_1146\iSbBS512_1146_map00030_map.json
map00030	rn00030	Pentose phosphate pathway	iSynCJ816	Synechocystis sp. PCC 6803	26	R00756|R00762|R01049|R01051|R01056|R01057|R01066|R01067|R01068|R01521|R01528|R01529|R01621|R01641|R02035|R02736|R02739|R02749|R02750|R07147|R08572|R08575|R10221|R10860|R10907|R13199	ok	outputs\bigg_prokaryote_bioemma\maps\map00030\iSynCJ816\iSynCJ816_map00030_map.json
map00030	rn00030	Pentose phosphate pathway	iUMN146_1321	Escherichia coli UM146	34	R00756|R00762|R01049|R01051|R01056|R01057|R01066|R01067|R01068|R01521|R01528|R01529|R01538|R01541|R01641|R01737|R01739|R02035|R02036|R02736|R02739|R02749|R02750|R05605|R06836|R07147|R08570|R08572|R08575|R10221|R10860|R10907|R13089|R13199	ok	outputs\bigg_prokaryote_bioemma\maps\map00030\iUMN146_1321\iUMN146_1321_map00030_map.json
map00030	rn00030	Pentose phosphate pathway	iUMNK88_1353	Escherichia coli UMNK88	34	R00756|R00762|R01049|R01051|R01056|R01057|R01066|R01067|R01068|R01521|R01528|R01529|R01538|R01541|R01641|R01737|R01739|R02035|R02036|R02736|R02739|R02749|R02750|R05605|R06836|R07147|R08570|R08572|R08575|R10221|R10860|R10907|R13089|R13199	ok	outputs\bigg_prokaryote_bioemma\maps\map00030\iUMNK88_1353\iUMNK88_1353_map00030_map.json
map00030	rn00030	Pentose phosphate pathway	iUTI89_1310	Escherichia coli UTI89	34	R00756|R00762|R01049|R01051|R01056|R01057|R01066|R01067|R01068|R01521|R01528|R01529|R01538|R01541|R01641|R01737|R01739|R02035|R02036|R02736|R02739|R02749|R02750|R05605|R06836|R07147|R08570|R08572|R08575|R10221|R10860|R10907|R13089|R13199	ok	outputs\bigg_prokaryote_bioemma\maps\map00030\iUTI89_1310\iUTI89_1310_map00030_map.json
map00030	rn00030	Pentose phosphate pathway	iWFL_1372	Escherichia coli W	34	R00756|R00762|R01049|R01051|R01056|R01057|R01066|R01067|R01068|R01521|R01528|R01529|R01538|R01541|R01641|R01737|R01739|R02035|R02036|R02736|R02739|R02749|R02750|R05605|R06836|R07147|R08570|R08572|R08575|R10221|R10860|R10907|R13089|R13199	ok	outputs\bigg_prokaryote_bioemma\maps\map00030\iWFL_1372\iWFL_1372_map00030_map.json
map00030	rn00030	Pentose phosphate pathway	iY75_1357	Escherichia coli str. K-12 substr. W3110	34	R00756|R00762|R01049|R01051|R01056|R01057|R01066|R01067|R01068|R01521|R01528|R01529|R01538|R01541|R01641|R01737|R01739|R02035|R02036|R02736|R02739|R02749|R02750|R05605|R06836|R07147|R08570|R08572|R08575|R10221|R10860|R10907|R13089|R13199	ok	outputs\bigg_prokaryote_bioemma\maps\map00030\iY75_1357\iY75_1357_map00030_map.json
map00030	rn00030	Pentose phosphate pathway	iYL1228	Klebsiella pneumoniae subsp. pneumoniae MGH 78578	34	R00756|R00762|R01049|R01051|R01056|R01057|R01066|R01067|R01068|R01521|R01528|R01529|R01538|R01541|R01641|R01737|R01739|R02035|R02036|R02736|R02739|R02749|R02750|R05605|R06836|R07147|R08570|R08572|R08575|R10221|R10860|R10907|R13089|R13199	ok	outputs\bigg_prokaryote_bioemma\maps\map00030\iYL1228\iYL1228_map00030_map.json
map00030	rn00030	Pentose phosphate pathway	iYO844	Bacillus subtilis subsp. subtilis str. 168	30	R00756|R00762|R01049|R01051|R01056|R01057|R01066|R01067|R01068|R01520|R01521|R01528|R01529|R01541|R01641|R01737|R02035|R02736|R02739|R02749|R02750|R05605|R07147|R08570|R08572|R08575|R10221|R10860|R10907|R13199	ok	outputs\bigg_prokaryote_bioemma\maps\map00030\iYO844\iYO844_map00030_map.json
map00030	rn00030	Pentose phosphate pathway	iYS1720	Salmonella pan-reactome	32	R00756|R00762|R01049|R01051|R01056|R01057|R01066|R01067|R01068|R01521|R01528|R01529|R01538|R01541|R01641|R01737|R01739|R02035|R02036|R02736|R02739|R02749|R02750|R05605|R07147|R08570|R08572|R08575|R10221|R10860|R10907|R13199	ok	outputs\bigg_prokaryote_bioemma\maps\map00030\iYS1720\iYS1720_map00030_map.json
map00030	rn00030	Pentose phosphate pathway	iYS854	Staphylococcus aureus subsp. aureus USA300_TCH1516	27	R00756|R00762|R01049|R01051|R01056|R01057|R01066|R01067|R01068|R01528|R01529|R01541|R01641|R01737|R02035|R02736|R02739|R02749|R02750|R05605|R07147|R08570|R08575|R10221|R10860|R10907|R13199	ok	outputs\bigg_prokaryote_bioemma\maps\map00030\iYS854\iYS854_map00030_map.json
map00030	rn00030	Pentose phosphate pathway	iZ_1308	Escherichia coli O157:H7 str. EDL933	33	R00756|R00762|R01049|R01051|R01056|R01057|R01066|R01067|R01068|R01521|R01528|R01529|R01541|R01641|R01737|R01739|R02035|R02036|R02736|R02739|R02749|R02750|R05605|R06836|R07147|R08570|R08572|R08575|R10221|R10860|R10907|R13089|R13199	ok	outputs\bigg_prokaryote_bioemma\maps\map00030\iZ_1308\iZ_1308_map00030_map.json
map00030	rn00030	Pentose phosphate pathway	ic_1306	Escherichia coli CFT073	34	R00756|R00762|R01049|R01051|R01056|R01057|R01066|R01067|R01068|R01521|R01528|R01529|R01538|R01541|R01641|R01737|R01739|R02035|R02036|R02736|R02739|R02749|R02750|R05605|R06836|R07147|R08570|R08572|R08575|R10221|R10860|R10907|R13089|R13199	ok	outputs\bigg_prokaryote_bioemma\maps\map00030\ic_1306\ic_1306_map00030_map.json
map00680	rn00680	Methane metabolism / C1 metabolism	STM_v1_0	Salmonella enterica subsp. enterica serovar Typhimurium str. LT2	32	R00199|R00230|R00235|R00315|R00342|R00345|R00527|R00582|R00604|R00605|R00658|R00756|R00762|R00945|R01068|R01196|R01388|R01440|R01513|R01518|R04173|R06982|R06983|R07136|R08059|R08214|R08215|R08331|R08332|R08572|R09099|R12754	ok	outputs\bigg_prokaryote_bioemma\maps\map00680\STM_v1_0\STM_v1_0_map00680_map.json
map00680	rn00680	Methane metabolism / C1 metabolism	iAF1260	Escherichia coli str. K-12 substr. MG1655	31	R00199|R00230|R00235|R00315|R00342|R00345|R00527|R00582|R00604|R00605|R00658|R00756|R00762|R00945|R01068|R01388|R01440|R01513|R01518|R04173|R06982|R06983|R07136|R08059|R08214|R08215|R08331|R08332|R08572|R09099|R12754	ok	outputs\bigg_prokaryote_bioemma\maps\map00680\iAF1260\iAF1260_map00680_map.json
map00680	rn00680	Methane metabolism / C1 metabolism	iAF1260b	Escherichia coli str. K-12 substr. MG1655	31	R00199|R00230|R00235|R00315|R00342|R00345|R00527|R00582|R00604|R00605|R00658|R00756|R00762|R00945|R01068|R01388|R01440|R01513|R01518|R04173|R06982|R06983|R07136|R08059|R08214|R08215|R08331|R08332|R08572|R09099|R12754	ok	outputs\bigg_prokaryote_bioemma\maps\map00680\iAF1260b\iAF1260b_map00680_map.json
map00680	rn00680	Methane metabolism / C1 metabolism	iAF692	Methanosarcina barkeri str. Fusaro	43	R00199|R00230|R00235|R00315|R00342|R00519|R00582|R00604|R00605|R00658|R00736|R00762|R00945|R01068|R01388|R01440|R01513|R01518|R03464|R04173|R05774|R05805|R06983|R07136|R08217|R08331|R08332|R08572|R09098|R09099|R09124|R09397|R09398|R09399|R09400|R09998|R09999|R10392|R10393|R10395|R10396|R12646|R12648	ok	outputs\bigg_prokaryote_bioemma\maps\map00680\iAF692\iAF692_map00680_map.json
map00680	rn00680	Methane metabolism / C1 metabolism	iAF987	Geobacter metallireducens GS-15	28	R00199|R00230|R00235|R00315|R00342|R00345|R00582|R00604|R00605|R00658|R00756|R00762|R00945|R01068|R01388|R01440|R01513|R01518|R04173|R06983|R07136|R08214|R08215|R08331|R08332|R09098|R09099|R09124	ok	outputs\bigg_prokaryote_bioemma\maps\map00680\iAF987\iAF987_map00680_map.json
map00680	rn00680	Methane metabolism / C1 metabolism	iAPECO1_1312	Escherichia coli APEC O1	32	R00199|R00230|R00235|R00315|R00342|R00345|R00527|R00582|R00604|R00605|R00658|R00756|R00762|R00945|R01068|R01196|R01388|R01440|R01513|R01518|R04173|R06982|R06983|R07136|R08059|R08214|R08215|R08331|R08332|R08572|R09099|R12754	ok	outputs\bigg_prokaryote_bioemma\maps\map00680\iAPECO1_1312\iAPECO1_1312_map00680_map.json
map00680	rn00680	Methane metabolism / C1 metabolism	iB21_1397	Escherichia coli BL21(DE3)	32	R00199|R00230|R00235|R00315|R00342|R00345|R00527|R00582|R00604|R00605|R00658|R00756|R00762|R00945|R01068|R01196|R01388|R01440|R01513|R01518|R04173|R06982|R06983|R07136|R08059|R08214|R08215|R08331|R08332|R08572|R09099|R12754	ok	outputs\bigg_prokaryote_bioemma\maps\map00680\iB21_1397\iB21_1397_map00680_map.json
map00680	rn00680	Methane metabolism / C1 metabolism	iBWG_1329	Escherichia coli BW2952	32	R00199|R00230|R00235|R00315|R00342|R00345|R00527|R00582|R00604|R00605|R00658|R00756|R00762|R00945|R01068|R01196|R01388|R01440|R01513|R01518|R04173|R06982|R06983|R07136|R08059|R08214|R08215|R08331|R08332|R08572|R09099|R12754	ok	outputs\bigg_prokaryote_bioemma\maps\map00680\iBWG_1329\iBWG_1329_map00680_map.json
map00680	rn00680	Methane metabolism / C1 metabolism	iCN718	Acinetobacter baumannii AYE	31	R00199|R00230|R00235|R00315|R00342|R00345|R00519|R00527|R00582|R00604|R00605|R00658|R00736|R00762|R00945|R01068|R01388|R01440|R01513|R01518|R04173|R06983|R07136|R08214|R08215|R08331|R08332|R08572|R09098|R09099|R09124	ok	outputs\bigg_prokaryote_bioemma\maps\map00680\iCN718\iCN718_map00680_map.json
map00680	rn00680	Methane metabolism / C1 metabolism	iCN900	Clostridioides difficile 630	33	R00134|R00199|R00230|R00235|R00315|R00342|R00345|R00519|R00582|R00588|R00604|R00605|R00658|R00756|R00762|R00945|R01068|R01196|R01388|R01440|R01513|R01518|R04173|R05805|R06983|R07136|R08059|R08214|R08215|R08331|R08332|R08572|R09099	ok	outputs\bigg_prokaryote_bioemma\maps\map00680\iCN900\iCN900_map00680_map.json
map00680	rn00680	Methane metabolism / C1 metabolism	iE2348C_1286	Escherichia coli O127:H6 str. E2348/69	32	R00199|R00230|R00235|R00315|R00342|R00345|R00527|R00582|R00604|R00605|R00658|R00756|R00762|R00945|R01068|R01196|R01388|R01440|R01513|R01518|R04173|R06982|R06983|R07136|R08059|R08214|R08215|R08331|R08332|R08572|R09099|R12754	ok	outputs\bigg_prokaryote_bioemma\maps\map00680\iE2348C_1286\iE2348C_1286_map00680_map.json
map00680	rn00680	Methane metabolism / C1 metabolism	iEC042_1314	Escherichia coli 042	32	R00199|R00230|R00235|R00315|R00342|R00345|R00527|R00582|R00604|R00605|R00658|R00756|R00762|R00945|R01068|R01196|R01388|R01440|R01513|R01518|R04173|R06982|R06983|R07136|R08059|R08214|R08215|R08331|R08332|R08572|R09099|R12754	ok	outputs\bigg_prokaryote_bioemma\maps\map00680\iEC042_1314\iEC042_1314_map00680_map.json
map00680	rn00680	Methane metabolism / C1 metabolism	iEC1344_C	Escherichia coli C	31	R00199|R00230|R00235|R00315|R00342|R00345|R00527|R00582|R00604|R00605|R00658|R00756|R00762|R00945|R01068|R01388|R01440|R01513|R01518|R04173|R06982|R06983|R07136|R08059|R08214|R08215|R08331|R08332|R08572|R09099|R12754	ok	outputs\bigg_prokaryote_bioemma\maps\map00680\iEC1344_C\iEC1344_C_map00680_map.json
map00680	rn00680	Methane metabolism / C1 metabolism	iEC1349_Crooks	Escherichia coli ATCC 8739	32	R00134|R00199|R00230|R00235|R00315|R00342|R00345|R00527|R00582|R00604|R00605|R00658|R00756|R00762|R00945|R01068|R01388|R01440|R01513|R01518|R04173|R06982|R06983|R07136|R08059|R08214|R08215|R08331|R08332|R08572|R09099|R12754	ok	outputs\bigg_prokaryote_bioemma\maps\map00680\iEC1349_Crooks\iEC1349_Crooks_map00680_map.json
map00680	rn00680	Methane metabolism / C1 metabolism	iEC1356_Bl21DE3	Escherichia coli BL21(DE3)	31	R00199|R00230|R00235|R00315|R00342|R00345|R00527|R00582|R00604|R00605|R00658|R00756|R00762|R00945|R01068|R01388|R01440|R01513|R01518|R04173|R06982|R06983|R07136|R08059|R08214|R08215|R08331|R08332|R08572|R09099|R12754	ok	outputs\bigg_prokaryote_bioemma\maps\map00680\iEC1356_Bl21DE3\iEC1356_Bl21DE3_map00680_map.json
map00680	rn00680	Methane metabolism / C1 metabolism	iEC1364_W	Escherichia coli W	31	R00199|R00230|R00235|R00315|R00342|R00345|R00527|R00582|R00604|R00605|R00658|R00756|R00762|R00945|R01068|R01388|R01440|R01513|R01518|R04173|R06982|R06983|R07136|R08059|R08214|R08215|R08331|R08332|R08572|R09099|R12754	ok	outputs\bigg_prokaryote_bioemma\maps\map00680\iEC1364_W\iEC1364_W_map00680_map.json
map00680	rn00680	Methane metabolism / C1 metabolism	iEC1368_DH5a	Escherichia coli DH5[alpha]	31	R00199|R00230|R00235|R00315|R00342|R00345|R00527|R00582|R00604|R00605|R00658|R00756|R00762|R00945|R01068|R01388|R01440|R01513|R01518|R04173|R06982|R06983|R07136|R08059|R08214|R08215|R08331|R08332|R08572|R09099|R12754	ok	outputs\bigg_prokaryote_bioemma\maps\map00680\iEC1368_DH5a\iEC1368_DH5a_map00680_map.json
map00680	rn00680	Methane metabolism / C1 metabolism	iEC1372_W3110	Escherichia coli str. K-12 substr. W3110	31	R00199|R00230|R00235|R00315|R00342|R00345|R00527|R00582|R00604|R00605|R00658|R00756|R00762|R00945|R01068|R01388|R01440|R01513|R01518|R04173|R06982|R06983|R07136|R08059|R08214|R08215|R08331|R08332|R08572|R09099|R12754	ok	outputs\bigg_prokaryote_bioemma\maps\map00680\iEC1372_W3110\iEC1372_W3110_map00680_map.json
map00680	rn00680	Methane metabolism / C1 metabolism	iEC55989_1330	Escherichia coli 55989	32	R00199|R00230|R00235|R00315|R00342|R00345|R00527|R00582|R00604|R00605|R00658|R00756|R00762|R00945|R01068|R01196|R01388|R01440|R01513|R01518|R04173|R06982|R06983|R07136|R08059|R08214|R08215|R08331|R08332|R08572|R09099|R12754	ok	outputs\bigg_prokaryote_bioemma\maps\map00680\iEC55989_1330\iEC55989_1330_map00680_map.json
map00680	rn00680	Methane metabolism / C1 metabolism	iECABU_c1320	Escherichia coli ABU 83972	32	R00199|R00230|R00235|R00315|R00342|R00345|R00527|R00582|R00604|R00605|R00658|R00756|R00762|R00945|R01068|R01196|R01388|R01440|R01513|R01518|R04173|R06982|R06983|R07136|R08059|R08214|R08215|R08331|R08332|R08572|R09099|R12754	ok	outputs\bigg_prokaryote_bioemma\maps\map00680\iECABU_c1320\iECABU_c1320_map00680_map.json
map00680	rn00680	Methane metabolism / C1 metabolism	iECBD_1354	Escherichia coli 'BL21-Gold(DE3)pLysS AG'	32	R00199|R00230|R00235|R00315|R00342|R00345|R00527|R00582|R00604|R00605|R00658|R00756|R00762|R00945|R01068|R01196|R01388|R01440|R01513|R01518|R04173|R06982|R06983|R07136|R08059|R08214|R08215|R08331|R08332|R08572|R09099|R12754	ok	outputs\bigg_prokaryote_bioemma\maps\map00680\iECBD_1354\iECBD_1354_map00680_map.json
map00680	rn00680	Methane metabolism / C1 metabolism	iECB_1328	Escherichia coli B str. REL606	32	R00199|R00230|R00235|R00315|R00342|R00345|R00527|R00582|R00604|R00605|R00658|R00756|R00762|R00945|R01068|R01196|R01388|R01440|R01513|R01518|R04173|R06982|R06983|R07136|R08059|R08214|R08215|R08331|R08332|R08572|R09099|R12754	ok	outputs\bigg_prokaryote_bioemma\maps\map00680\iECB_1328\iECB_1328_map00680_map.json
map00680	rn00680	Methane metabolism / C1 metabolism	iECDH10B_1368	Escherichia coli str. K-12 substr. DH10B	32	R00199|R00230|R00235|R00315|R00342|R00345|R00527|R00582|R00604|R00605|R00658|R00756|R00762|R00945|R01068|R01196|R01388|R01440|R01513|R01518|R04173|R06982|R06983|R07136|R08059|R08214|R08215|R08331|R08332|R08572|R09099|R12754	ok	outputs\bigg_prokaryote_bioemma\maps\map00680\iECDH10B_1368\iECDH10B_1368_map00680_map.json
map00680	rn00680	Methane metabolism / C1 metabolism	iECDH1ME8569_1439	Escherichia coli DH1	32	R00199|R00230|R00235|R00315|R00342|R00345|R00527|R00582|R00604|R00605|R00658|R00756|R00762|R00945|R01068|R01196|R01388|R01440|R01513|R01518|R04173|R06982|R06983|R07136|R08059|R08214|R08215|R08331|R08332|R08572|R09099|R12754	ok	outputs\bigg_prokaryote_bioemma\maps\map00680\iECDH1ME8569_1439\iECDH1ME8569_1439_map00680_map.json
map00680	rn00680	Methane metabolism / C1 metabolism	iECD_1391	Escherichia coli BL21(DE3)	32	R00199|R00230|R00235|R00315|R00342|R00345|R00527|R00582|R00604|R00605|R00658|R00756|R00762|R00945|R01068|R01196|R01388|R01440|R01513|R01518|R04173|R06982|R06983|R07136|R08059|R08214|R08215|R08331|R08332|R08572|R09099|R12754	ok	outputs\bigg_prokaryote_bioemma\maps\map00680\iECD_1391\iECD_1391_map00680_map.json
map00680	rn00680	Methane metabolism / C1 metabolism	iECED1_1282	Escherichia coli ED1a	32	R00199|R00230|R00235|R00315|R00342|R00345|R00527|R00582|R00604|R00605|R00658|R00756|R00762|R00945|R01068|R01196|R01388|R01440|R01513|R01518|R04173|R06982|R06983|R07136|R08059|R08214|R08215|R08331|R08332|R08572|R09099|R12754	ok	outputs\bigg_prokaryote_bioemma\maps\map00680\iECED1_1282\iECED1_1282_map00680_map.json
map00680	rn00680	Methane metabolism / C1 metabolism	iECH74115_1262	Escherichia coli O157:H7 str. EC4115	31	R00199|R00230|R00235|R00315|R00342|R00345|R00527|R00582|R00604|R00605|R00658|R00756|R00762|R00945|R01068|R01196|R01388|R01440|R01513|R01518|R04173|R06982|R06983|R07136|R08059|R08214|R08215|R08331|R08332|R08572|R09099	ok	outputs\bigg_prokaryote_bioemma\maps\map00680\iECH74115_1262\iECH74115_1262_map00680_map.json
map00680	rn00680	Methane metabolism / C1 metabolism	iECIAI1_1343	Escherichia coli IAI1	32	R00199|R00230|R00235|R00315|R00342|R00345|R00527|R00582|R00604|R00605|R00658|R00756|R00762|R00945|R01068|R01196|R01388|R01440|R01513|R01518|R04173|R06982|R06983|R07136|R08059|R08214|R08215|R08331|R08332|R08572|R09099|R12754	ok	outputs\bigg_prokaryote_bioemma\maps\map00680\iECIAI1_1343\iECIAI1_1343_map00680_map.json
map00680	rn00680	Methane metabolism / C1 metabolism	iECIAI39_1322	Escherichia coli IAI39	32	R00199|R00230|R00235|R00315|R00342|R00345|R00527|R00582|R00604|R00605|R00658|R00756|R00762|R00945|R01068|R01196|R01388|R01440|R01513|R01518|R04173|R06982|R06983|R07136|R08059|R08214|R08215|R08331|R08332|R08572|R09099|R12754	ok	outputs\bigg_prokaryote_bioemma\maps\map00680\iECIAI39_1322\iECIAI39_1322_map00680_map.json
map00680	rn00680	Methane metabolism / C1 metabolism	iECNA114_1301	Escherichia coli NA114	32	R00199|R00230|R00235|R00315|R00342|R00345|R00527|R00582|R00604|R00605|R00658|R00756|R00762|R00945|R01068|R01196|R01388|R01440|R01513|R01518|R04173|R06982|R06983|R07136|R08059|R08214|R08215|R08331|R08332|R08572|R09099|R12754	ok	outputs\bigg_prokaryote_bioemma\maps\map00680\iECNA114_1301\iECNA114_1301_map00680_map.json
map00680	rn00680	Methane metabolism / C1 metabolism	iECO103_1326	Escherichia coli O103:H2 str. 12009	32	R00199|R00230|R00235|R00315|R00342|R00345|R00527|R00582|R00604|R00605|R00658|R00756|R00762|R00945|R01068|R01196|R01388|R01440|R01513|R01518|R04173|R06982|R06983|R07136|R08059|R08214|R08215|R08331|R08332|R08572|R09099|R12754	ok	outputs\bigg_prokaryote_bioemma\maps\map00680\iECO103_1326\iECO103_1326_map00680_map.json
map00680	rn00680	Methane metabolism / C1 metabolism	iECO111_1330	Escherichia coli O111:H- str. 11128	32	R00199|R00230|R00235|R00315|R00342|R00345|R00527|R00582|R00604|R00605|R00658|R00756|R00762|R00945|R01068|R01196|R01388|R01440|R01513|R01518|R04173|R06982|R06983|R07136|R08059|R08214|R08215|R08331|R08332|R08572|R09099|R12754	ok	outputs\bigg_prokaryote_bioemma\maps\map00680\iECO111_1330\iECO111_1330_map00680_map.json
map00680	rn00680	Methane metabolism / C1 metabolism	iECO26_1355	Escherichia coli O26:H11 str. 11368	32	R00199|R00230|R00235|R00315|R00342|R00345|R00527|R00582|R00604|R00605|R00658|R00756|R00762|R00945|R01068|R01196|R01388|R01440|R01513|R01518|R04173|R06982|R06983|R07136|R08059|R08214|R08215|R08331|R08332|R08572|R09099|R12754	ok	outputs\bigg_prokaryote_bioemma\maps\map00680\iECO26_1355\iECO26_1355_map00680_map.json
map00680	rn00680	Methane metabolism / C1 metabolism	iECOK1_1307	Escherichia coli IHE3034	32	R00199|R00230|R00235|R00315|R00342|R00345|R00527|R00582|R00604|R00605|R00658|R00756|R00762|R00945|R01068|R01196|R01388|R01440|R01513|R01518|R04173|R06982|R06983|R07136|R08059|R08214|R08215|R08331|R08332|R08572|R09099|R12754	ok	outputs\bigg_prokaryote_bioemma\maps\map00680\iECOK1_1307\iECOK1_1307_map00680_map.json
map00680	rn00680	Methane metabolism / C1 metabolism	iECP_1309	Escherichia coli 536	32	R00199|R00230|R00235|R00315|R00342|R00345|R00527|R00582|R00604|R00605|R00658|R00756|R00762|R00945|R01068|R01196|R01388|R01440|R01513|R01518|R04173|R06982|R06983|R07136|R08059|R08214|R08215|R08331|R08332|R08572|R09099|R12754	ok	outputs\bigg_prokaryote_bioemma\maps\map00680\iECP_1309\iECP_1309_map00680_map.json
map00680	rn00680	Methane metabolism / C1 metabolism	iECS88_1305	Escherichia coli S88	32	R00199|R00230|R00235|R00315|R00342|R00345|R00527|R00582|R00604|R00605|R00658|R00756|R00762|R00945|R01068|R01196|R01388|R01440|R01513|R01518|R04173|R06982|R06983|R07136|R08059|R08214|R08215|R08331|R08332|R08572|R09099|R12754	ok	outputs\bigg_prokaryote_bioemma\maps\map00680\iECS88_1305\iECS88_1305_map00680_map.json
map00680	rn00680	Methane metabolism / C1 metabolism	iECSE_1348	Escherichia coli SE11	32	R00199|R00230|R00235|R00315|R00342|R00345|R00527|R00582|R00604|R00605|R00658|R00756|R00762|R00945|R01068|R01196|R01388|R01440|R01513|R01518|R04173|R06982|R06983|R07136|R08059|R08214|R08215|R08331|R08332|R08572|R09099|R12754	ok	outputs\bigg_prokaryote_bioemma\maps\map00680\iECSE_1348\iECSE_1348_map00680_map.json
map00680	rn00680	Methane metabolism / C1 metabolism	iECSF_1327	Escherichia coli SE15	32	R00199|R00230|R00235|R00315|R00342|R00345|R00527|R00582|R00604|R00605|R00658|R00756|R00762|R00945|R01068|R01196|R01388|R01440|R01513|R01518|R04173|R06982|R06983|R07136|R08059|R08214|R08215|R08331|R08332|R08572|R09099|R12754	ok	outputs\bigg_prokaryote_bioemma\maps\map00680\iECSF_1327\iECSF_1327_map00680_map.json
map00680	rn00680	Methane metabolism / C1 metabolism	iECSP_1301	Escherichia coli O157:H7 str. TW14359	32	R00199|R00230|R00235|R00315|R00342|R00345|R00527|R00582|R00604|R00605|R00658|R00756|R00762|R00945|R01068|R01196|R01388|R01440|R01513|R01518|R04173|R06982|R06983|R07136|R08059|R08214|R08215|R08331|R08332|R08572|R09099|R12754	ok	outputs\bigg_prokaryote_bioemma\maps\map00680\iECSP_1301\iECSP_1301_map00680_map.json
map00680	rn00680	Methane metabolism / C1 metabolism	iECUMN_1333	Escherichia coli UMN026	32	R00199|R00230|R00235|R00315|R00342|R00345|R00527|R00582|R00604|R00605|R00658|R00756|R00762|R00945|R01068|R01196|R01388|R01440|R01513|R01518|R04173|R06982|R06983|R07136|R08059|R08214|R08215|R08331|R08332|R08572|R09099|R12754	ok	outputs\bigg_prokaryote_bioemma\maps\map00680\iECUMN_1333\iECUMN_1333_map00680_map.json
map00680	rn00680	Methane metabolism / C1 metabolism	iECW_1372	Escherichia coli W	32	R00199|R00230|R00235|R00315|R00342|R00345|R00527|R00582|R00604|R00605|R00658|R00756|R00762|R00945|R01068|R01196|R01388|R01440|R01513|R01518|R04173|R06982|R06983|R07136|R08059|R08214|R08215|R08331|R08332|R08572|R09099|R12754	ok	outputs\bigg_prokaryote_bioemma\maps\map00680\iECW_1372\iECW_1372_map00680_map.json
map00680	rn00680	Methane metabolism / C1 metabolism	iECs_1301	Escherichia coli O157:H7 str. Sakai	32	R00199|R00230|R00235|R00315|R00342|R00345|R00527|R00582|R00604|R00605|R00658|R00756|R00762|R00945|R01068|R01196|R01388|R01440|R01513|R01518|R04173|R06982|R06983|R07136|R08059|R08214|R08215|R08331|R08332|R08572|R09099|R12754	ok	outputs\bigg_prokaryote_bioemma\maps\map00680\iECs_1301\iECs_1301_map00680_map.json
map00680	rn00680	Methane metabolism / C1 metabolism	iEK1008	Mycobacterium tuberculosis H37Rv	36	R00199|R00230|R00235|R00315|R00342|R00519|R00582|R00604|R00605|R00658|R00736|R00756|R00762|R00945|R01068|R01388|R01440|R01513|R01518|R04173|R06983|R07136|R07157|R08214|R08215|R08331|R08332|R08572|R09099|R09397|R09398|R09399|R09400|R12646|R12648|R12754	ok	outputs\bigg_prokaryote_bioemma\maps\map00680\iEK1008\iEK1008_map00680_map.json
map00680	rn00680	Methane metabolism / C1 metabolism	iEKO11_1354	Escherichia coli KO11FL	32	R00199|R00230|R00235|R00315|R00342|R00345|R00527|R00582|R00604|R00605|R00658|R00756|R00762|R00945|R01068|R01196|R01388|R01440|R01513|R01518|R04173|R06982|R06983|R07136|R08059|R08214|R08215|R08331|R08332|R08572|R09099|R12754	ok	outputs\bigg_prokaryote_bioemma\maps\map00680\iEKO11_1354\iEKO11_1354_map00680_map.json
map00680	rn00680	Methane metabolism / C1 metabolism	iETEC_1333	Escherichia coli ETEC H10407	32	R00199|R00230|R00235|R00315|R00342|R00345|R00527|R00582|R00604|R00605|R00658|R00756|R00762|R00945|R01068|R01196|R01388|R01440|R01513|R01518|R04173|R06982|R06983|R07136|R08059|R08214|R08215|R08331|R08332|R08572|R09099|R12754	ok	outputs\bigg_prokaryote_bioemma\maps\map00680\iETEC_1333\iETEC_1333_map00680_map.json
map00680	rn00680	Methane metabolism / C1 metabolism	iEcDH1_1363	Escherichia coli DH1	32	R00199|R00230|R00235|R00315|R00342|R00345|R00527|R00582|R00604|R00605|R00658|R00756|R00762|R00945|R01068|R01196|R01388|R01440|R01513|R01518|R04173|R06982|R06983|R07136|R08059|R08214|R08215|R08331|R08332|R08572|R09099|R12754	ok	outputs\bigg_prokaryote_bioemma\maps\map00680\iEcDH1_1363\iEcDH1_1363_map00680_map.json
map00680	rn00680	Methane metabolism / C1 metabolism	iEcE24377_1341	Escherichia coli O139:H28 str. E24377A	32	R00199|R00230|R00235|R00315|R00342|R00345|R00527|R00582|R00604|R00605|R00658|R00756|R00762|R00945|R01068|R01196|R01388|R01440|R01513|R01518|R04173|R06982|R06983|R07136|R08059|R08214|R08215|R08331|R08332|R08572|R09099|R12754	ok	outputs\bigg_prokaryote_bioemma\maps\map00680\iEcE24377_1341\iEcE24377_1341_map00680_map.json
map00680	rn00680	Methane metabolism / C1 metabolism	iEcHS_1320	Escherichia coli HS	32	R00199|R00230|R00235|R00315|R00342|R00345|R00527|R00582|R00604|R00605|R00658|R00756|R00762|R00945|R01068|R01196|R01388|R01440|R01513|R01518|R04173|R06982|R06983|R07136|R08059|R08214|R08215|R08331|R08332|R08572|R09099|R12754	ok	outputs\bigg_prokaryote_bioemma\maps\map00680\iEcHS_1320\iEcHS_1320_map00680_map.json
map00680	rn00680	Methane metabolism / C1 metabolism	iEcSMS35_1347	Escherichia coli SMS-3-5	32	R00199|R00230|R00235|R00315|R00342|R00345|R00527|R00582|R00604|R00605|R00658|R00756|R00762|R00945|R01068|R01196|R01388|R01440|R01513|R01518|R04173|R06982|R06983|R07136|R08059|R08214|R08215|R08331|R08332|R08572|R09099|R12754	ok	outputs\bigg_prokaryote_bioemma\maps\map00680\iEcSMS35_1347\iEcSMS35_1347_map00680_map.json
map00680	rn00680	Methane metabolism / C1 metabolism	iEcolC_1368	Escherichia coli ATCC 8739	32	R00199|R00230|R00235|R00315|R00342|R00345|R00527|R00582|R00604|R00605|R00658|R00756|R00762|R00945|R01068|R01196|R01388|R01440|R01513|R01518|R04173|R06982|R06983|R07136|R08059|R08214|R08215|R08331|R08332|R08572|R09099|R12754	ok	outputs\bigg_prokaryote_bioemma\maps\map00680\iEcolC_1368\iEcolC_1368_map00680_map.json
map00680	rn00680	Methane metabolism / C1 metabolism	iG2583_1286	Escherichia coli O55:H7 str. CB9615	31	R00199|R00230|R00235|R00315|R00342|R00345|R00527|R00582|R00604|R00605|R00658|R00756|R00762|R00945|R01068|R01196|R01388|R01440|R01513|R01518|R04173|R06982|R06983|R07136|R08059|R08214|R08215|R08331|R08332|R08572|R09099	ok	outputs\bigg_prokaryote_bioemma\maps\map00680\iG2583_1286\iG2583_1286_map00680_map.json
map00680	rn00680	Methane metabolism / C1 metabolism	iHN637	Clostridium ljungdahlii DSM 13528	28	R00199|R00230|R00315|R00342|R00582|R00604|R00605|R00658|R00756|R00762|R00945|R01011|R01068|R01388|R01440|R01513|R01518|R04173|R06983|R07136|R08214|R08215|R08331|R08332|R08572|R09098|R09099|R09124	ok	outputs\bigg_prokaryote_bioemma\maps\map00680\iHN637\iHN637_map00680_map.json
map00680	rn00680	Methane metabolism / C1 metabolism	iIT341	Helicobacter pylori 26695	17	R00199|R00230|R00235|R00315|R00582|R00605|R00658|R00762|R00945|R01068|R01440|R01513|R01518|R04173|R06983|R08059|R09099	ok	outputs\bigg_prokaryote_bioemma\maps\map00680\iIT341\iIT341_map00680_map.json
map00680	rn00680	Methane metabolism / C1 metabolism	iJB785	Synechococcus elongatus PCC 7942	27	R00199|R00235|R00315|R00527|R00582|R00604|R00605|R00658|R00756|R00762|R00945|R01068|R01196|R01388|R01440|R01513|R01518|R04173|R06982|R06983|R08059|R08214|R08215|R08331|R08332|R08572|R09099	ok	outputs\bigg_prokaryote_bioemma\maps\map00680\iJB785\iJB785_map00680_map.json
map00680	rn00680	Methane metabolism / C1 metabolism	iJN1463	Pseudomonas putida KT2440	32	R00199|R00230|R00235|R00315|R00342|R00345|R00519|R00527|R00582|R00604|R00605|R00614|R00658|R00736|R00762|R00945|R01068|R01388|R01440|R01513|R01518|R04173|R06982|R06983|R07136|R08059|R08214|R08215|R08331|R08332|R08572|R09099	ok	outputs\bigg_prokaryote_bioemma\maps\map00680\iJN1463\iJN1463_map00680_map.json
map00680	rn00680	Methane metabolism / C1 metabolism	iJN678	Synechocystis sp. PCC 6803	29	R00199|R00230|R00235|R00315|R00342|R00345|R00527|R00582|R00588|R00604|R00605|R00658|R00756|R00762|R00945|R01068|R01196|R01388|R01440|R01513|R01518|R06983|R07136|R08214|R08215|R08331|R08332|R08572|R09099	ok	outputs\bigg_prokaryote_bioemma\maps\map00680\iJN678\iJN678_map00680_map.json
map00680	rn00680	Methane metabolism / C1 metabolism	iJN746	Pseudomonas putida KT2440	28	R00199|R00230|R00235|R00315|R00342|R00345|R00519|R00582|R00604|R00605|R00658|R00762|R00945|R01068|R01388|R01440|R01513|R01518|R04173|R06983|R07136|R08059|R08214|R08215|R08331|R08332|R08572|R09099	ok	outputs\bigg_prokaryote_bioemma\maps\map00680\iJN746\iJN746_map00680_map.json
map00680	rn00680	Methane metabolism / C1 metabolism	iJO1366	Escherichia coli str. K-12 substr. MG1655	31	R00199|R00230|R00235|R00315|R00342|R00345|R00527|R00582|R00604|R00605|R00658|R00756|R00762|R00945|R01068|R01388|R01440|R01513|R01518|R04173|R06982|R06983|R07136|R08059|R08214|R08215|R08331|R08332|R08572|R09099|R12754	ok	outputs\bigg_prokaryote_bioemma\maps\map00680\iJO1366\iJO1366_map00680_map.json
map00680	rn00680	Methane metabolism / C1 metabolism	iJR904	Escherichia coli str. K-12 substr. MG1655	28	R00199|R00230|R00235|R00315|R00342|R00345|R00527|R00582|R00604|R00658|R00756|R00762|R00945|R01068|R01388|R01440|R01513|R01518|R04173|R06983|R07136|R08214|R08215|R08331|R08332|R08572|R09099|R12754	ok	outputs\bigg_prokaryote_bioemma\maps\map00680\iJR904\iJR904_map00680_map.json
map00680	rn00680	Methane metabolism / C1 metabolism	iLF82_1304	Escherichia coli LF82	32	R00199|R00230|R00235|R00315|R00342|R00345|R00527|R00582|R00604|R00605|R00658|R00756|R00762|R00945|R01068|R01196|R01388|R01440|R01513|R01518|R04173|R06982|R06983|R07136|R08059|R08214|R08215|R08331|R08332|R08572|R09099|R12754	ok	outputs\bigg_prokaryote_bioemma\maps\map00680\iLF82_1304\iLF82_1304_map00680_map.json
map00680	rn00680	Methane metabolism / C1 metabolism	iLJ478	Thermotoga maritima MSB8	22	R00199|R00230|R00315|R00342|R00582|R00658|R00756|R00762|R00945|R01068|R01388|R01440|R01513|R01518|R06983|R07136|R08214|R08215|R08331|R08332|R08572|R09099	ok	outputs\bigg_prokaryote_bioemma\maps\map00680\iLJ478\iLJ478_map00680_map.json
map00680	rn00680	Methane metabolism / C1 metabolism	iML1515	Escherichia coli str. K-12 substr. MG1655	31	R00199|R00230|R00235|R00315|R00342|R00345|R00527|R00582|R00604|R00605|R00658|R00756|R00762|R00945|R01068|R01388|R01440|R01513|R01518|R04173|R06982|R06983|R07136|R08059|R08214|R08215|R08331|R08332|R08572|R09099|R12754	ok	outputs\bigg_prokaryote_bioemma\maps\map00680\iML1515\iML1515_map00680_map.json
map00680	rn00680	Methane metabolism / C1 metabolism	iNF517	Lactococcus lactis subsp. cremoris MG1363	20	R00199|R00230|R00315|R00342|R00582|R00605|R00658|R00756|R00762|R00945|R01068|R01388|R01440|R01513|R01518|R04173|R06983|R08331|R08332|R09099	ok	outputs\bigg_prokaryote_bioemma\maps\map00680\iNF517\iNF517_map00680_map.json
map00680	rn00680	Methane metabolism / C1 metabolism	iNJ661	Mycobacterium tuberculosis H37Rv	29	R00199|R00230|R00235|R00315|R00342|R00519|R00582|R00604|R00605|R00658|R00736|R00756|R00762|R00945|R01068|R01388|R01440|R01513|R01518|R04173|R06983|R07136|R08214|R08215|R08331|R08332|R08572|R09099|R12754	ok	outputs\bigg_prokaryote_bioemma\maps\map00680\iNJ661\iNJ661_map00680_map.json
map00680	rn00680	Methane metabolism / C1 metabolism	iNRG857_1313	Escherichia coli O83:H1 str. NRG 857C	32	R00199|R00230|R00235|R00315|R00342|R00345|R00527|R00582|R00604|R00605|R00658|R00756|R00762|R00945|R01068|R01196|R01388|R01440|R01513|R01518|R04173|R06982|R06983|R07136|R08059|R08214|R08215|R08331|R08332|R08572|R09099|R12754	ok	outputs\bigg_prokaryote_bioemma\maps\map00680\iNRG857_1313\iNRG857_1313_map00680_map.json
map00680	rn00680	Methane metabolism / C1 metabolism	iPC815	Yersinia pestis CO92	29	R00199|R00230|R00235|R00315|R00342|R00345|R00527|R00582|R00605|R00658|R00756|R00762|R00945|R01068|R01388|R01440|R01513|R01518|R04173|R06982|R06983|R07136|R08059|R08214|R08215|R08331|R08332|R08572|R09099	ok	outputs\bigg_prokaryote_bioemma\maps\map00680\iPC815\iPC815_map00680_map.json
map00680	rn00680	Methane metabolism / C1 metabolism	iSB619	Staphylococcus aureus subsp. aureus N315	29	R00199|R00230|R00235|R00315|R00342|R00519|R00582|R00604|R00605|R00658|R00756|R00762|R00945|R01011|R01068|R01388|R01440|R01513|R01518|R04173|R06983|R07136|R08059|R08214|R08215|R08331|R08332|R08572|R09099	ok	outputs\bigg_prokaryote_bioemma\maps\map00680\iSB619\iSB619_map00680_map.json
map00680	rn00680	Methane metabolism / C1 metabolism	iSBO_1134	Shigella boydii Sb227	30	R00199|R00230|R00315|R00342|R00345|R00527|R00582|R00604|R00605|R00658|R00756|R00762|R00945|R01068|R01196|R01388|R01440|R01513|R01518|R04173|R06982|R06983|R07136|R08059|R08214|R08215|R08331|R08332|R08572|R09099	ok	outputs\bigg_prokaryote_bioemma\maps\map00680\iSBO_1134\iSBO_1134_map00680_map.json
map00680	rn00680	Methane metabolism / C1 metabolism	iSDY_1059	Shigella dysenteriae Sd197	30	R00199|R00230|R00315|R00342|R00345|R00527|R00582|R00604|R00605|R00658|R00756|R00762|R00945|R01068|R01196|R01388|R01440|R01513|R01518|R04173|R06982|R06983|R07136|R08059|R08214|R08215|R08331|R08332|R08572|R09099	ok	outputs\bigg_prokaryote_bioemma\maps\map00680\iSDY_1059\iSDY_1059_map00680_map.json
map00680	rn00680	Methane metabolism / C1 metabolism	iSFV_1184	Shigella flexneri 5 str. 8401	31	R00199|R00230|R00235|R00315|R00342|R00345|R00527|R00582|R00604|R00605|R00658|R00756|R00762|R00945|R01068|R01196|R01388|R01440|R01513|R01518|R04173|R06982|R06983|R07136|R08059|R08214|R08215|R08331|R08332|R08572|R09099	ok	outputs\bigg_prokaryote_bioemma\maps\map00680\iSFV_1184\iSFV_1184_map00680_map.json
map00680	rn00680	Methane metabolism / C1 metabolism	iSF_1195	Shigella flexneri 2a str. 301	30	R00199|R00230|R00315|R00342|R00345|R00527|R00582|R00604|R00605|R00658|R00756|R00762|R00945|R01068|R01196|R01388|R01440|R01513|R01518|R04173|R06982|R06983|R07136|R08059|R08214|R08215|R08331|R08332|R08572|R09099	ok	outputs\bigg_prokaryote_bioemma\maps\map00680\iSF_1195\iSF_1195_map00680_map.json
map00680	rn00680	Methane metabolism / C1 metabolism	iSFxv_1172	Shigella flexneri 2002017	30	R00199|R00230|R00315|R00342|R00345|R00527|R00582|R00604|R00605|R00658|R00756|R00762|R00945|R01068|R01196|R01388|R01440|R01513|R01518|R04173|R06982|R06983|R07136|R08059|R08214|R08215|R08331|R08332|R08572|R09099	ok	outputs\bigg_prokaryote_bioemma\maps\map00680\iSFxv_1172\iSFxv_1172_map00680_map.json
map00680	rn00680	Methane metabolism / C1 metabolism	iSSON_1240	Shigella sonnei Ss046	31	R00199|R00230|R00235|R00315|R00342|R00345|R00527|R00582|R00604|R00605|R00658|R00756|R00762|R00945|R01068|R01196|R01388|R01440|R01513|R01518|R04173|R06982|R06983|R07136|R08059|R08214|R08215|R08331|R08332|R08572|R09099	ok	outputs\bigg_prokaryote_bioemma\maps\map00680\iSSON_1240\iSSON_1240_map00680_map.json
map00680	rn00680	Methane metabolism / C1 metabolism	iS_1188	Shigella flexneri 2a str. 2457T	30	R00199|R00230|R00315|R00342|R00345|R00527|R00582|R00604|R00605|R00658|R00756|R00762|R00945|R01068|R01196|R01388|R01440|R01513|R01518|R04173|R06982|R06983|R07136|R08059|R08214|R08215|R08331|R08332|R08572|R09099	ok	outputs\bigg_prokaryote_bioemma\maps\map00680\iS_1188\iS_1188_map00680_map.json
map00680	rn00680	Methane metabolism / C1 metabolism	iSbBS512_1146	Shigella boydii CDC 3083-94	31	R00199|R00230|R00235|R00315|R00342|R00345|R00527|R00582|R00604|R00605|R00658|R00756|R00762|R00945|R01068|R01196|R01388|R01440|R01513|R01518|R04173|R06982|R06983|R07136|R08059|R08214|R08215|R08331|R08332|R08572|R09099	ok	outputs\bigg_prokaryote_bioemma\maps\map00680\iSbBS512_1146\iSbBS512_1146_map00680_map.json
map00680	rn00680	Methane metabolism / C1 metabolism	iSynCJ816	Synechocystis sp. PCC 6803	30	R00199|R00230|R00235|R00315|R00342|R00527|R00582|R00588|R00604|R00605|R00658|R00756|R00762|R00945|R01068|R01196|R01388|R01440|R01513|R01518|R04173|R06983|R07136|R08059|R08214|R08215|R08331|R08332|R08572|R09099	ok	outputs\bigg_prokaryote_bioemma\maps\map00680\iSynCJ816\iSynCJ816_map00680_map.json
map00680	rn00680	Methane metabolism / C1 metabolism	iUMN146_1321	Escherichia coli UM146	32	R00199|R00230|R00235|R00315|R00342|R00345|R00527|R00582|R00604|R00605|R00658|R00756|R00762|R00945|R01068|R01196|R01388|R01440|R01513|R01518|R04173|R06982|R06983|R07136|R08059|R08214|R08215|R08331|R08332|R08572|R09099|R12754	ok	outputs\bigg_prokaryote_bioemma\maps\map00680\iUMN146_1321\iUMN146_1321_map00680_map.json
map00680	rn00680	Methane metabolism / C1 metabolism	iUMNK88_1353	Escherichia coli UMNK88	32	R00199|R00230|R00235|R00315|R00342|R00345|R00527|R00582|R00604|R00605|R00658|R00756|R00762|R00945|R01068|R01196|R01388|R01440|R01513|R01518|R04173|R06982|R06983|R07136|R08059|R08214|R08215|R08331|R08332|R08572|R09099|R12754	ok	outputs\bigg_prokaryote_bioemma\maps\map00680\iUMNK88_1353\iUMNK88_1353_map00680_map.json
map00680	rn00680	Methane metabolism / C1 metabolism	iUTI89_1310	Escherichia coli UTI89	32	R00199|R00230|R00235|R00315|R00342|R00345|R00527|R00582|R00604|R00605|R00658|R00756|R00762|R00945|R01068|R01196|R01388|R01440|R01513|R01518|R04173|R06982|R06983|R07136|R08059|R08214|R08215|R08331|R08332|R08572|R09099|R12754	ok	outputs\bigg_prokaryote_bioemma\maps\map00680\iUTI89_1310\iUTI89_1310_map00680_map.json
map00680	rn00680	Methane metabolism / C1 metabolism	iWFL_1372	Escherichia coli W	32	R00199|R00230|R00235|R00315|R00342|R00345|R00527|R00582|R00604|R00605|R00658|R00756|R00762|R00945|R01068|R01196|R01388|R01440|R01513|R01518|R04173|R06982|R06983|R07136|R08059|R08214|R08215|R08331|R08332|R08572|R09099|R12754	ok	outputs\bigg_prokaryote_bioemma\maps\map00680\iWFL_1372\iWFL_1372_map00680_map.json
map00680	rn00680	Methane metabolism / C1 metabolism	iY75_1357	Escherichia coli str. K-12 substr. W3110	32	R00199|R00230|R00235|R00315|R00342|R00345|R00527|R00582|R00604|R00605|R00658|R00756|R00762|R00945|R01068|R01196|R01388|R01440|R01513|R01518|R04173|R06982|R06983|R07136|R08059|R08214|R08215|R08331|R08332|R08572|R09099|R12754	ok	outputs\bigg_prokaryote_bioemma\maps\map00680\iY75_1357\iY75_1357_map00680_map.json
map00680	rn00680	Methane metabolism / C1 metabolism	iYL1228	Klebsiella pneumoniae subsp. pneumoniae MGH 78578	34	R00199|R00230|R00235|R00315|R00342|R00345|R00527|R00582|R00604|R00605|R00658|R00756|R00762|R00945|R01011|R01068|R01388|R01440|R01513|R01518|R04173|R06982|R06983|R07136|R08059|R08214|R08215|R08331|R08332|R08572|R09098|R09099|R09124|R12754	ok	outputs\bigg_prokaryote_bioemma\maps\map00680\iYL1228\iYL1228_map00680_map.json
map00680	rn00680	Methane metabolism / C1 metabolism	iYO844	Bacillus subtilis subsp. subtilis str. 168	27	R00199|R00230|R00235|R00315|R00342|R00519|R00582|R00604|R00605|R00658|R00756|R00762|R00945|R01068|R01388|R01440|R01513|R01518|R04173|R06983|R07136|R08214|R08215|R08331|R08332|R08572|R09099	ok	outputs\bigg_prokaryote_bioemma\maps\map00680\iYO844\iYO844_map00680_map.json
map00680	rn00680	Methane metabolism / C1 metabolism	iYS1720	Salmonella pan-reactome	32	R00199|R00230|R00235|R00315|R00342|R00345|R00527|R00582|R00604|R00605|R00658|R00756|R00762|R00945|R01068|R01196|R01388|R01440|R01513|R01518|R04173|R06982|R06983|R07136|R08059|R08214|R08215|R08331|R08332|R08572|R09099|R12754	ok	outputs\bigg_prokaryote_bioemma\maps\map00680\iYS1720\iYS1720_map00680_map.json
map00680	rn00680	Methane metabolism / C1 metabolism	iYS854	Staphylococcus aureus subsp. aureus USA300_TCH1516	28	R00199|R00230|R00235|R00315|R00342|R00345|R00519|R00527|R00582|R00604|R00605|R00658|R00756|R00762|R00945|R01068|R01388|R01440|R01513|R01518|R04173|R06983|R08059|R08214|R08215|R08331|R08332|R09099	ok	outputs\bigg_prokaryote_bioemma\maps\map00680\iYS854\iYS854_map00680_map.json
map00680	rn00680	Methane metabolism / C1 metabolism	iZ_1308	Escherichia coli O157:H7 str. EDL933	32	R00199|R00230|R00235|R00315|R00342|R00345|R00527|R00582|R00604|R00605|R00658|R00756|R00762|R00945|R01068|R01196|R01388|R01440|R01513|R01518|R04173|R06982|R06983|R07136|R08059|R08214|R08215|R08331|R08332|R08572|R09099|R12754	ok	outputs\bigg_prokaryote_bioemma\maps\map00680\iZ_1308\iZ_1308_map00680_map.json
map00680	rn00680	Methane metabolism / C1 metabolism	ic_1306	Escherichia coli CFT073	32	R00199|R00230|R00235|R00315|R00342|R00345|R00527|R00582|R00604|R00605|R00658|R00756|R00762|R00945|R01068|R01196|R01388|R01440|R01513|R01518|R04173|R06982|R06983|R07136|R08059|R08214|R08215|R08331|R08332|R08572|R09099|R12754	ok	outputs\bigg_prokaryote_bioemma\maps\map00680\ic_1306\ic_1306_map00680_map.json
