status	bigg_id	organism	pathway	pathway_rn	pathway_label	source_reaction_count	source_metabolite_count	source_gene_count	model_reactions	model_metabolites	kegg_reactions	kegg_metabolites	kgml_reaction_entries_omitted	kgml_reactions_omitted	matched_reactions	unmatched_reactions	reaction_retention_percent	matched_metabolites	unmatched_metabolites	metabolite_retention_percent	escher_nodes	escher_reactions	escher_segments	invalid_segments_removed	secondary_nodes_seen	secondary_nodes_converted	map_json	map_html	summary_json	model_xml	elapsed_seconds	error
built	e_coli_core	Escherichia coli str. K-12 substr. MG1655	map00010	rn00010	Glycolysis / gluconeogenesis	95	72	137	95	72	56	31	0		12	44	21.43	15	16	48.39	77	12	75	0	26	0	results\prokaryote_maps\maps\map00010\e_coli_core\e_coli_core_map00010_map.json	results\prokaryote_maps\maps\map00010\e_coli_core\e_coli_core_map00010_map.html	results\prokaryote_maps\maps\map00010\e_coli_core\summary.json	http://bigg.ucsd.edu/static/models/e_coli_core.xml	2.69	
built	e_coli_core	Escherichia coli str. K-12 substr. MG1655	map00020	rn00020	Citrate cycle (TCA cycle)	95	72	137	95	72	29	20	0		7	22	24.14	12	8	60.0	49	7	45	0	16	0	results\prokaryote_maps\maps\map00020\e_coli_core\e_coli_core_map00020_map.json	results\prokaryote_maps\maps\map00020\e_coli_core\e_coli_core_map00020_map.html	results\prokaryote_maps\maps\map00020\e_coli_core\summary.json	http://bigg.ucsd.edu/static/models/e_coli_core.xml	1.372	
built	e_coli_core	Escherichia coli str. K-12 substr. MG1655	map00030	rn00030	Pentose phosphate pathway	95	72	137	95	72	58	37	1	R06837	9	49	15.52	14	23	37.84	52	9	51	0	11	0	results\prokaryote_maps\maps\map00030\e_coli_core\e_coli_core_map00030_map.json	results\prokaryote_maps\maps\map00030\e_coli_core\e_coli_core_map00030_map.html	results\prokaryote_maps\maps\map00030\e_coli_core\summary.json	http://bigg.ucsd.edu/static/models/e_coli_core.xml	1.049	
built	e_coli_core	Escherichia coli str. K-12 substr. MG1655	map00680	rn00680	Methane metabolism / C1 metabolism	95	72	137	95	72	104	86	3	R08323, R08328, R10397	10	94	9.62	18	68	20.93	69	10	62	0	21	0	results\prokaryote_maps\maps\map00680\e_coli_core\e_coli_core_map00680_map.json	results\prokaryote_maps\maps\map00680\e_coli_core\e_coli_core_map00680_map.html	results\prokaryote_maps\maps\map00680\e_coli_core\summary.json	http://bigg.ucsd.edu/static/models/e_coli_core.xml	1.101	
built	iAF1260	Escherichia coli str. K-12 substr. MG1655	map00010	rn00010	Glycolysis / gluconeogenesis	2382	1668	1261	2382	1668	56	31	0		15	41	26.79	19	12	61.29	102	15	99	0	38	0	results\prokaryote_maps\maps\map00010\iAF1260\iAF1260_map00010_map.json	results\prokaryote_maps\maps\map00010\iAF1260\iAF1260_map00010_map.html	results\prokaryote_maps\maps\map00010\iAF1260\summary.json	http://bigg.ucsd.edu/static/models/iAF1260.xml	2.004	
built	iAF1260	Escherichia coli str. K-12 substr. MG1655	map00020	rn00020	Citrate cycle (TCA cycle)	2382	1668	1261	2382	1668	29	20	0		7	22	24.14	13	7	65.0	50	7	45	0	16	0	results\prokaryote_maps\maps\map00020\iAF1260\iAF1260_map00020_map.json	results\prokaryote_maps\maps\map00020\iAF1260\iAF1260_map00020_map.html	results\prokaryote_maps\maps\map00020\iAF1260\summary.json	http://bigg.ucsd.edu/static/models/iAF1260.xml	1.433	
built	iAF1260	Escherichia coli str. K-12 substr. MG1655	map00030	rn00030	Pentose phosphate pathway	2382	1668	1261	2382	1668	58	37	1	R06837	22	36	37.93	26	11	70.27	128	22	129	0	36	0	results\prokaryote_maps\maps\map00030\iAF1260\iAF1260_map00030_map.json	results\prokaryote_maps\maps\map00030\iAF1260\iAF1260_map00030_map.html	results\prokaryote_maps\maps\map00030\iAF1260\summary.json	http://bigg.ucsd.edu/static/models/iAF1260.xml	1.978	
built	iAF1260	Escherichia coli str. K-12 substr. MG1655	map00680	rn00680	Methane metabolism / C1 metabolism	2382	1668	1261	2382	1668	104	86	3	R08323, R08328, R10397	21	83	20.19	35	51	40.7	146	21	135	0	48	0	results\prokaryote_maps\maps\map00680\iAF1260\iAF1260_map00680_map.json	results\prokaryote_maps\maps\map00680\iAF1260\iAF1260_map00680_map.html	results\prokaryote_maps\maps\map00680\iAF1260\summary.json	http://bigg.ucsd.edu/static/models/iAF1260.xml	3.125	
built	iAF1260b	Escherichia coli str. K-12 substr. MG1655	map00010	rn00010	Glycolysis / gluconeogenesis	2388	1668	1261	2388	1668	56	31	0		15	41	26.79	19	12	61.29	102	15	99	0	38	0	results\prokaryote_maps\maps\map00010\iAF1260b\iAF1260b_map00010_map.json	results\prokaryote_maps\maps\map00010\iAF1260b\iAF1260b_map00010_map.html	results\prokaryote_maps\maps\map00010\iAF1260b\summary.json	http://bigg.ucsd.edu/static/models/iAF1260b.xml	2.203	
built	iAF1260b	Escherichia coli str. K-12 substr. MG1655	map00020	rn00020	Citrate cycle (TCA cycle)	2388	1668	1261	2388	1668	29	20	0		7	22	24.14	13	7	65.0	50	7	45	0	16	0	results\prokaryote_maps\maps\map00020\iAF1260b\iAF1260b_map00020_map.json	results\prokaryote_maps\maps\map00020\iAF1260b\iAF1260b_map00020_map.html	results\prokaryote_maps\maps\map00020\iAF1260b\summary.json	http://bigg.ucsd.edu/static/models/iAF1260b.xml	1.545	
built	iAF1260b	Escherichia coli str. K-12 substr. MG1655	map00030	rn00030	Pentose phosphate pathway	2388	1668	1261	2388	1668	58	37	1	R06837	22	36	37.93	26	11	70.27	128	22	129	0	36	0	results\prokaryote_maps\maps\map00030\iAF1260b\iAF1260b_map00030_map.json	results\prokaryote_maps\maps\map00030\iAF1260b\iAF1260b_map00030_map.html	results\prokaryote_maps\maps\map00030\iAF1260b\summary.json	http://bigg.ucsd.edu/static/models/iAF1260b.xml	1.915	
built	iAF1260b	Escherichia coli str. K-12 substr. MG1655	map00680	rn00680	Methane metabolism / C1 metabolism	2388	1668	1261	2388	1668	104	86	3	R08323, R08328, R10397	21	83	20.19	35	51	40.7	146	21	135	0	48	0	results\prokaryote_maps\maps\map00680\iAF1260b\iAF1260b_map00680_map.json	results\prokaryote_maps\maps\map00680\iAF1260b\iAF1260b_map00680_map.html	results\prokaryote_maps\maps\map00680\iAF1260b\summary.json	http://bigg.ucsd.edu/static/models/iAF1260b.xml	3.266	
built	iAF692	Methanosarcina barkeri str. Fusaro	map00010	rn00010	Glycolysis / gluconeogenesis	690	628	692	690	628	56	31	0		15	41	26.79	19	12	61.29	103	15	100	0	39	0	results\prokaryote_maps\maps\map00010\iAF692\iAF692_map00010_map.json	results\prokaryote_maps\maps\map00010\iAF692\iAF692_map00010_map.html	results\prokaryote_maps\maps\map00010\iAF692\summary.json	http://bigg.ucsd.edu/static/models/iAF692.xml	1.484	
built	iAF692	Methanosarcina barkeri str. Fusaro	map00020	rn00020	Citrate cycle (TCA cycle)	690	628	692	690	628	29	20	0		4	25	13.79	12	8	60.0	36	4	29	0	12	0	results\prokaryote_maps\maps\map00020\iAF692\iAF692_map00020_map.json	results\prokaryote_maps\maps\map00020\iAF692\iAF692_map00020_map.html	results\prokaryote_maps\maps\map00020\iAF692\summary.json	http://bigg.ucsd.edu/static/models/iAF692.xml	1.082	
built	iAF692	Methanosarcina barkeri str. Fusaro	map00030	rn00030	Pentose phosphate pathway	690	628	692	690	628	58	37	1	R06837	10	48	17.24	21	16	56.76	63	10	56	0	12	0	results\prokaryote_maps\maps\map00030\iAF692\iAF692_map00030_map.json	results\prokaryote_maps\maps\map00030\iAF692\iAF692_map00030_map.html	results\prokaryote_maps\maps\map00030\iAF692\summary.json	http://bigg.ucsd.edu/static/models/iAF692.xml	1.395	
built	iAF692	Methanosarcina barkeri str. Fusaro	map00680	rn00680	Methane metabolism / C1 metabolism	690	628	692	690	628	104	86	3	R08323, R08328, R10397	31	73	29.81	57	29	66.28	212	31	189	1	62	0	results\prokaryote_maps\maps\map00680\iAF692\iAF692_map00680_map.json	results\prokaryote_maps\maps\map00680\iAF692\iAF692_map00680_map.html	results\prokaryote_maps\maps\map00680\iAF692\summary.json	http://bigg.ucsd.edu/static/models/iAF692.xml	1.82	
built	iAF987	Geobacter metallireducens GS-15	map00010	rn00010	Glycolysis / gluconeogenesis	1285	1109	987	1285	1109	56	31	0		16	40	28.57	18	13	58.06	108	16	107	0	42	0	results\prokaryote_maps\maps\map00010\iAF987\iAF987_map00010_map.json	results\prokaryote_maps\maps\map00010\iAF987\iAF987_map00010_map.html	results\prokaryote_maps\maps\map00010\iAF987\summary.json	http://bigg.ucsd.edu/static/models/iAF987.xml	1.646	
built	iAF987	Geobacter metallireducens GS-15	map00020	rn00020	Citrate cycle (TCA cycle)	1285	1109	987	1285	1109	29	20	0		11	18	37.93	13	7	65.0	75	11	75	0	29	0	results\prokaryote_maps\maps\map00020\iAF987\iAF987_map00020_map.json	results\prokaryote_maps\maps\map00020\iAF987\iAF987_map00020_map.html	results\prokaryote_maps\maps\map00020\iAF987\summary.json	http://bigg.ucsd.edu/static/models/iAF987.xml	1.146	
built	iAF987	Geobacter metallireducens GS-15	map00030	rn00030	Pentose phosphate pathway	1285	1109	987	1285	1109	58	37	1	R06837	12	46	20.69	18	19	48.65	71	12	69	0	17	0	results\prokaryote_maps\maps\map00030\iAF987\iAF987_map00030_map.json	results\prokaryote_maps\maps\map00030\iAF987\iAF987_map00030_map.html	results\prokaryote_maps\maps\map00030\iAF987\summary.json	http://bigg.ucsd.edu/static/models/iAF987.xml	1.745	
built	iAF987	Geobacter metallireducens GS-15	map00680	rn00680	Methane metabolism / C1 metabolism	1285	1109	987	1285	1109	104	86	3	R08323, R08328, R10397	16	88	15.38	29	57	33.72	113	16	103	0	36	0	results\prokaryote_maps\maps\map00680\iAF987\iAF987_map00680_map.json	results\prokaryote_maps\maps\map00680\iAF987\iAF987_map00680_map.html	results\prokaryote_maps\maps\map00680\iAF987\summary.json	http://bigg.ucsd.edu/static/models/iAF987.xml	2.299	
built	iAPECO1_1312	Escherichia coli APEC O1	map00010	rn00010	Glycolysis / gluconeogenesis	2735	1942	1313	2735	1942	56	31	0		14	42	25.0	22	9	70.97	98	14	91	0	34	0	results\prokaryote_maps\maps\map00010\iAPECO1_1312\iAPECO1_1312_map00010_map.json	results\prokaryote_maps\maps\map00010\iAPECO1_1312\iAPECO1_1312_map00010_map.html	results\prokaryote_maps\maps\map00010\iAPECO1_1312\summary.json	http://bigg.ucsd.edu/static/models/iAPECO1_1312.xml	2.269	
built	iAPECO1_1312	Escherichia coli APEC O1	map00020	rn00020	Citrate cycle (TCA cycle)	2735	1942	1313	2735	1942	29	20	0		7	22	24.14	13	7	65.0	50	7	45	0	16	0	results\prokaryote_maps\maps\map00020\iAPECO1_1312\iAPECO1_1312_map00020_map.json	results\prokaryote_maps\maps\map00020\iAPECO1_1312\iAPECO1_1312_map00020_map.html	results\prokaryote_maps\maps\map00020\iAPECO1_1312\summary.json	http://bigg.ucsd.edu/static/models/iAPECO1_1312.xml	1.634	
built	iAPECO1_1312	Escherichia coli APEC O1	map00030	rn00030	Pentose phosphate pathway	2735	1942	1313	2735	1942	58	37	1	R06837	21	37	36.21	26	11	70.27	122	21	122	0	33	0	results\prokaryote_maps\maps\map00030\iAPECO1_1312\iAPECO1_1312_map00030_map.json	results\prokaryote_maps\maps\map00030\iAPECO1_1312\iAPECO1_1312_map00030_map.html	results\prokaryote_maps\maps\map00030\iAPECO1_1312\summary.json	http://bigg.ucsd.edu/static/models/iAPECO1_1312.xml	2.285	
built	iAPECO1_1312	Escherichia coli APEC O1	map00680	rn00680	Methane metabolism / C1 metabolism	2735	1942	1313	2735	1942	104	86	3	R08323, R08328, R10397	21	83	20.19	36	50	41.86	147	21	135	0	48	0	results\prokaryote_maps\maps\map00680\iAPECO1_1312\iAPECO1_1312_map00680_map.json	results\prokaryote_maps\maps\map00680\iAPECO1_1312\iAPECO1_1312_map00680_map.html	results\prokaryote_maps\maps\map00680\iAPECO1_1312\summary.json	http://bigg.ucsd.edu/static/models/iAPECO1_1312.xml	3.959	
built	iB21_1397	Escherichia coli BL21(DE3)	map00010	rn00010	Glycolysis / gluconeogenesis	2741	1943	1337	2741	1943	56	31	0		15	41	26.79	21	10	67.74	104	15	99	0	38	0	results\prokaryote_maps\maps\map00010\iB21_1397\iB21_1397_map00010_map.json	results\prokaryote_maps\maps\map00010\iB21_1397\iB21_1397_map00010_map.html	results\prokaryote_maps\maps\map00010\iB21_1397\summary.json	http://bigg.ucsd.edu/static/models/iB21_1397.xml	2.36	
built	iB21_1397	Escherichia coli BL21(DE3)	map00020	rn00020	Citrate cycle (TCA cycle)	2741	1943	1337	2741	1943	29	20	0		7	22	24.14	13	7	65.0	50	7	45	0	16	0	results\prokaryote_maps\maps\map00020\iB21_1397\iB21_1397_map00020_map.json	results\prokaryote_maps\maps\map00020\iB21_1397\iB21_1397_map00020_map.html	results\prokaryote_maps\maps\map00020\iB21_1397\summary.json	http://bigg.ucsd.edu/static/models/iB21_1397.xml	1.78	
built	iB21_1397	Escherichia coli BL21(DE3)	map00030	rn00030	Pentose phosphate pathway	2741	1943	1337	2741	1943	58	37	1	R06837	20	38	34.48	26	11	70.27	117	20	116	0	31	0	results\prokaryote_maps\maps\map00030\iB21_1397\iB21_1397_map00030_map.json	results\prokaryote_maps\maps\map00030\iB21_1397\iB21_1397_map00030_map.html	results\prokaryote_maps\maps\map00030\iB21_1397\summary.json	http://bigg.ucsd.edu/static/models/iB21_1397.xml	2.172	
built	iB21_1397	Escherichia coli BL21(DE3)	map00680	rn00680	Methane metabolism / C1 metabolism	2741	1943	1337	2741	1943	104	86	3	R08323, R08328, R10397	21	83	20.19	36	50	41.86	147	21	135	0	48	0	results\prokaryote_maps\maps\map00680\iB21_1397\iB21_1397_map00680_map.json	results\prokaryote_maps\maps\map00680\iB21_1397\iB21_1397_map00680_map.html	results\prokaryote_maps\maps\map00680\iB21_1397\summary.json	http://bigg.ucsd.edu/static/models/iB21_1397.xml	3.689	
built	iBWG_1329	Escherichia coli BW2952	map00010	rn00010	Glycolysis / gluconeogenesis	2741	1949	1329	2741	1949	56	31	0		15	41	26.79	21	10	67.74	104	15	99	0	38	0	results\prokaryote_maps\maps\map00010\iBWG_1329\iBWG_1329_map00010_map.json	results\prokaryote_maps\maps\map00010\iBWG_1329\iBWG_1329_map00010_map.html	results\prokaryote_maps\maps\map00010\iBWG_1329\summary.json	http://bigg.ucsd.edu/static/models/iBWG_1329.xml	2.337	
built	iBWG_1329	Escherichia coli BW2952	map00020	rn00020	Citrate cycle (TCA cycle)	2741	1949	1329	2741	1949	29	20	0		7	22	24.14	13	7	65.0	50	7	45	0	16	0	results\prokaryote_maps\maps\map00020\iBWG_1329\iBWG_1329_map00020_map.json	results\prokaryote_maps\maps\map00020\iBWG_1329\iBWG_1329_map00020_map.html	results\prokaryote_maps\maps\map00020\iBWG_1329\summary.json	http://bigg.ucsd.edu/static/models/iBWG_1329.xml	1.665	
built	iBWG_1329	Escherichia coli BW2952	map00030	rn00030	Pentose phosphate pathway	2741	1949	1329	2741	1949	58	37	1	R06837	21	37	36.21	26	11	70.27	122	21	122	0	33	0	results\prokaryote_maps\maps\map00030\iBWG_1329\iBWG_1329_map00030_map.json	results\prokaryote_maps\maps\map00030\iBWG_1329\iBWG_1329_map00030_map.html	results\prokaryote_maps\maps\map00030\iBWG_1329\summary.json	http://bigg.ucsd.edu/static/models/iBWG_1329.xml	2.173	
built	iBWG_1329	Escherichia coli BW2952	map00680	rn00680	Methane metabolism / C1 metabolism	2741	1949	1329	2741	1949	104	86	3	R08323, R08328, R10397	21	83	20.19	36	50	41.86	147	21	135	0	48	0	results\prokaryote_maps\maps\map00680\iBWG_1329\iBWG_1329_map00680_map.json	results\prokaryote_maps\maps\map00680\iBWG_1329\iBWG_1329_map00680_map.html	results\prokaryote_maps\maps\map00680\iBWG_1329\summary.json	http://bigg.ucsd.edu/static/models/iBWG_1329.xml	3.85	
built	ic_1306	Escherichia coli CFT073	map00010	rn00010	Glycolysis / gluconeogenesis	2726	1936	1307	2726	1936	56	31	0		14	42	25.0	22	9	70.97	98	14	91	0	34	0	results\prokaryote_maps\maps\map00010\ic_1306\ic_1306_map00010_map.json	results\prokaryote_maps\maps\map00010\ic_1306\ic_1306_map00010_map.html	results\prokaryote_maps\maps\map00010\ic_1306\summary.json	http://bigg.ucsd.edu/static/models/ic_1306.xml	2.696	
built	ic_1306	Escherichia coli CFT073	map00020	rn00020	Citrate cycle (TCA cycle)	2726	1936	1307	2726	1936	29	20	0		7	22	24.14	13	7	65.0	50	7	45	0	16	0	results\prokaryote_maps\maps\map00020\ic_1306\ic_1306_map00020_map.json	results\prokaryote_maps\maps\map00020\ic_1306\ic_1306_map00020_map.html	results\prokaryote_maps\maps\map00020\ic_1306\summary.json	http://bigg.ucsd.edu/static/models/ic_1306.xml	1.627	
built	ic_1306	Escherichia coli CFT073	map00030	rn00030	Pentose phosphate pathway	2726	1936	1307	2726	1936	58	37	1	R06837	22	36	37.93	26	11	70.27	128	22	129	0	36	0	results\prokaryote_maps\maps\map00030\ic_1306\ic_1306_map00030_map.json	results\prokaryote_maps\maps\map00030\ic_1306\ic_1306_map00030_map.html	results\prokaryote_maps\maps\map00030\ic_1306\summary.json	http://bigg.ucsd.edu/static/models/ic_1306.xml	2.081	
built	ic_1306	Escherichia coli CFT073	map00680	rn00680	Methane metabolism / C1 metabolism	2726	1936	1307	2726	1936	104	86	3	R08323, R08328, R10397	21	83	20.19	36	50	41.86	147	21	135	0	48	0	results\prokaryote_maps\maps\map00680\ic_1306\ic_1306_map00680_map.json	results\prokaryote_maps\maps\map00680\ic_1306\ic_1306_map00680_map.html	results\prokaryote_maps\maps\map00680\ic_1306\summary.json	http://bigg.ucsd.edu/static/models/ic_1306.xml	3.596	
built	iCN718	Acinetobacter baumannii AYE	map00010	rn00010	Glycolysis / gluconeogenesis	1015	888	709	1015	888	56	31	0		17	39	30.36	21	10	67.74	112	17	110	0	40	0	results\prokaryote_maps\maps\map00010\iCN718\iCN718_map00010_map.json	results\prokaryote_maps\maps\map00010\iCN718\iCN718_map00010_map.html	results\prokaryote_maps\maps\map00010\iCN718\summary.json	http://bigg.ucsd.edu/static/models/iCN718.xml	1.558	
built	iCN718	Acinetobacter baumannii AYE	map00020	rn00020	Citrate cycle (TCA cycle)	1015	888	709	1015	888	29	20	0		7	22	24.14	13	7	65.0	53	7	49	0	19	0	results\prokaryote_maps\maps\map00020\iCN718\iCN718_map00020_map.json	results\prokaryote_maps\maps\map00020\iCN718\iCN718_map00020_map.html	results\prokaryote_maps\maps\map00020\iCN718\summary.json	http://bigg.ucsd.edu/static/models/iCN718.xml	1.465	
built	iCN718	Acinetobacter baumannii AYE	map00030	rn00030	Pentose phosphate pathway	1015	888	709	1015	888	58	37	1	R06837	13	45	22.41	24	13	64.86	74	13	68	0	11	0	results\prokaryote_maps\maps\map00030\iCN718\iCN718_map00030_map.json	results\prokaryote_maps\maps\map00030\iCN718\iCN718_map00030_map.html	results\prokaryote_maps\maps\map00030\iCN718\summary.json	http://bigg.ucsd.edu/static/models/iCN718.xml	1.403	
built	iCN718	Acinetobacter baumannii AYE	map00680	rn00680	Methane metabolism / C1 metabolism	1015	888	709	1015	888	104	86	3	R08323, R08328, R10397	15	89	14.42	30	56	34.88	107	15	95	0	32	0	results\prokaryote_maps\maps\map00680\iCN718\iCN718_map00680_map.json	results\prokaryote_maps\maps\map00680\iCN718\iCN718_map00680_map.html	results\prokaryote_maps\maps\map00680\iCN718\summary.json	http://bigg.ucsd.edu/static/models/iCN718.xml	2.169	
built	iCN900	Clostridioides difficile 630	map00010	rn00010	Glycolysis / gluconeogenesis	1229	885	900	1229	885	56	31	0		22	34	39.29	24	7	77.42	147	22	146	0	57	0	results\prokaryote_maps\maps\map00010\iCN900\iCN900_map00010_map.json	results\prokaryote_maps\maps\map00010\iCN900\iCN900_map00010_map.html	results\prokaryote_maps\maps\map00010\iCN900\summary.json	http://bigg.ucsd.edu/static/models/iCN900.xml	1.587	
built	iCN900	Clostridioides difficile 630	map00020	rn00020	Citrate cycle (TCA cycle)	1229	885	900	1229	885	29	20	0		11	18	37.93	13	7	65.0	76	11	75	0	30	0	results\prokaryote_maps\maps\map00020\iCN900\iCN900_map00020_map.json	results\prokaryote_maps\maps\map00020\iCN900\iCN900_map00020_map.html	results\prokaryote_maps\maps\map00020\iCN900\summary.json	http://bigg.ucsd.edu/static/models/iCN900.xml	1.412	
built	iCN900	Clostridioides difficile 630	map00030	rn00030	Pentose phosphate pathway	1229	885	900	1229	885	58	37	1	R06837	21	37	36.21	26	11	70.27	123	21	123	0	34	0	results\prokaryote_maps\maps\map00030\iCN900\iCN900_map00030_map.json	results\prokaryote_maps\maps\map00030\iCN900\iCN900_map00030_map.html	results\prokaryote_maps\maps\map00030\iCN900\summary.json	http://bigg.ucsd.edu/static/models/iCN900.xml	1.446	
built	iCN900	Clostridioides difficile 630	map00680	rn00680	Methane metabolism / C1 metabolism	1229	885	900	1229	885	104	86	3	R08323, R08328, R10397	21	83	20.19	32	54	37.21	142	21	136	0	47	0	results\prokaryote_maps\maps\map00680\iCN900\iCN900_map00680_map.json	results\prokaryote_maps\maps\map00680\iCN900\iCN900_map00680_map.html	results\prokaryote_maps\maps\map00680\iCN900\summary.json	http://bigg.ucsd.edu/static/models/iCN900.xml	2.206	
built	iE2348C_1286	Escherichia coli O127:H6 str. E2348/69	map00010	rn00010	Glycolysis / gluconeogenesis	2703	1919	1287	2703	1919	56	31	0		14	42	25.0	21	10	67.74	97	14	91	0	34	0	results\prokaryote_maps\maps\map00010\iE2348C_1286\iE2348C_1286_map00010_map.json	results\prokaryote_maps\maps\map00010\iE2348C_1286\iE2348C_1286_map00010_map.html	results\prokaryote_maps\maps\map00010\iE2348C_1286\summary.json	http://bigg.ucsd.edu/static/models/iE2348C_1286.xml	2.256	
built	iE2348C_1286	Escherichia coli O127:H6 str. E2348/69	map00020	rn00020	Citrate cycle (TCA cycle)	2703	1919	1287	2703	1919	29	20	0		7	22	24.14	13	7	65.0	50	7	45	0	16	0	results\prokaryote_maps\maps\map00020\iE2348C_1286\iE2348C_1286_map00020_map.json	results\prokaryote_maps\maps\map00020\iE2348C_1286\iE2348C_1286_map00020_map.html	results\prokaryote_maps\maps\map00020\iE2348C_1286\summary.json	http://bigg.ucsd.edu/static/models/iE2348C_1286.xml	1.689	
built	iE2348C_1286	Escherichia coli O127:H6 str. E2348/69	map00030	rn00030	Pentose phosphate pathway	2703	1919	1287	2703	1919	58	37	1	R06837	21	37	36.21	26	11	70.27	122	21	122	0	33	0	results\prokaryote_maps\maps\map00030\iE2348C_1286\iE2348C_1286_map00030_map.json	results\prokaryote_maps\maps\map00030\iE2348C_1286\iE2348C_1286_map00030_map.html	results\prokaryote_maps\maps\map00030\iE2348C_1286\summary.json	http://bigg.ucsd.edu/static/models/iE2348C_1286.xml	2.405	
built	iE2348C_1286	Escherichia coli O127:H6 str. E2348/69	map00680	rn00680	Methane metabolism / C1 metabolism	2703	1919	1287	2703	1919	104	86	3	R08323, R08328, R10397	21	83	20.19	36	50	41.86	147	21	135	0	48	0	results\prokaryote_maps\maps\map00680\iE2348C_1286\iE2348C_1286_map00680_map.json	results\prokaryote_maps\maps\map00680\iE2348C_1286\iE2348C_1286_map00680_map.html	results\prokaryote_maps\maps\map00680\iE2348C_1286\summary.json	http://bigg.ucsd.edu/static/models/iE2348C_1286.xml	3.676	
built	iEC042_1314	Escherichia coli 042	map00010	rn00010	Glycolysis / gluconeogenesis	2714	1926	1314	2714	1926	56	31	0		15	41	26.79	21	10	67.74	104	15	99	0	38	0	results\prokaryote_maps\maps\map00010\iEC042_1314\iEC042_1314_map00010_map.json	results\prokaryote_maps\maps\map00010\iEC042_1314\iEC042_1314_map00010_map.html	results\prokaryote_maps\maps\map00010\iEC042_1314\summary.json	http://bigg.ucsd.edu/static/models/iEC042_1314.xml	2.316	
built	iEC042_1314	Escherichia coli 042	map00020	rn00020	Citrate cycle (TCA cycle)	2714	1926	1314	2714	1926	29	20	0		7	22	24.14	13	7	65.0	50	7	45	0	16	0	results\prokaryote_maps\maps\map00020\iEC042_1314\iEC042_1314_map00020_map.json	results\prokaryote_maps\maps\map00020\iEC042_1314\iEC042_1314_map00020_map.html	results\prokaryote_maps\maps\map00020\iEC042_1314\summary.json	http://bigg.ucsd.edu/static/models/iEC042_1314.xml	1.725	
built	iEC042_1314	Escherichia coli 042	map00030	rn00030	Pentose phosphate pathway	2714	1926	1314	2714	1926	58	37	1	R06837	22	36	37.93	26	11	70.27	128	22	129	0	36	0	results\prokaryote_maps\maps\map00030\iEC042_1314\iEC042_1314_map00030_map.json	results\prokaryote_maps\maps\map00030\iEC042_1314\iEC042_1314_map00030_map.html	results\prokaryote_maps\maps\map00030\iEC042_1314\summary.json	http://bigg.ucsd.edu/static/models/iEC042_1314.xml	2.063	
built	iEC042_1314	Escherichia coli 042	map00680	rn00680	Methane metabolism / C1 metabolism	2714	1926	1314	2714	1926	104	86	3	R08323, R08328, R10397	21	83	20.19	36	50	41.86	147	21	135	0	48	0	results\prokaryote_maps\maps\map00680\iEC042_1314\iEC042_1314_map00680_map.json	results\prokaryote_maps\maps\map00680\iEC042_1314\iEC042_1314_map00680_map.html	results\prokaryote_maps\maps\map00680\iEC042_1314\summary.json	http://bigg.ucsd.edu/static/models/iEC042_1314.xml	3.715	
built	iEC1344_C	Escherichia coli C	map00010	rn00010	Glycolysis / gluconeogenesis	2726	1934	1344	2726	1934	56	31	0		15	41	26.79	21	10	67.74	104	15	99	0	38	0	results\prokaryote_maps\maps\map00010\iEC1344_C\iEC1344_C_map00010_map.json	results\prokaryote_maps\maps\map00010\iEC1344_C\iEC1344_C_map00010_map.html	results\prokaryote_maps\maps\map00010\iEC1344_C\summary.json	http://bigg.ucsd.edu/static/models/iEC1344_C.xml	2.353	
built	iEC1344_C	Escherichia coli C	map00020	rn00020	Citrate cycle (TCA cycle)	2726	1934	1344	2726	1934	29	20	0		7	22	24.14	13	7	65.0	50	7	45	0	16	0	results\prokaryote_maps\maps\map00020\iEC1344_C\iEC1344_C_map00020_map.json	results\prokaryote_maps\maps\map00020\iEC1344_C\iEC1344_C_map00020_map.html	results\prokaryote_maps\maps\map00020\iEC1344_C\summary.json	http://bigg.ucsd.edu/static/models/iEC1344_C.xml	1.6	
built	iEC1344_C	Escherichia coli C	map00030	rn00030	Pentose phosphate pathway	2726	1934	1344	2726	1934	58	37	1	R06837	22	36	37.93	26	11	70.27	128	22	129	0	36	0	results\prokaryote_maps\maps\map00030\iEC1344_C\iEC1344_C_map00030_map.json	results\prokaryote_maps\maps\map00030\iEC1344_C\iEC1344_C_map00030_map.html	results\prokaryote_maps\maps\map00030\iEC1344_C\summary.json	http://bigg.ucsd.edu/static/models/iEC1344_C.xml	2.269	
built	iEC1344_C	Escherichia coli C	map00680	rn00680	Methane metabolism / C1 metabolism	2726	1934	1344	2726	1934	104	86	3	R08323, R08328, R10397	21	83	20.19	37	49	43.02	148	21	135	0	48	0	results\prokaryote_maps\maps\map00680\iEC1344_C\iEC1344_C_map00680_map.json	results\prokaryote_maps\maps\map00680\iEC1344_C\iEC1344_C_map00680_map.html	results\prokaryote_maps\maps\map00680\iEC1344_C\summary.json	http://bigg.ucsd.edu/static/models/iEC1344_C.xml	3.644	
built	iEC1349_Crooks	Escherichia coli ATCC 8739	map00010	rn00010	Glycolysis / gluconeogenesis	2756	1946	1349	2756	1946	56	31	0		15	41	26.79	21	10	67.74	104	15	99	0	38	0	results\prokaryote_maps\maps\map00010\iEC1349_Crooks\iEC1349_Crooks_map00010_map.json	results\prokaryote_maps\maps\map00010\iEC1349_Crooks\iEC1349_Crooks_map00010_map.html	results\prokaryote_maps\maps\map00010\iEC1349_Crooks\summary.json	http://bigg.ucsd.edu/static/models/iEC1349_Crooks.xml	2.328	
built	iEC1349_Crooks	Escherichia coli ATCC 8739	map00020	rn00020	Citrate cycle (TCA cycle)	2756	1946	1349	2756	1946	29	20	0		7	22	24.14	13	7	65.0	50	7	45	0	16	0	results\prokaryote_maps\maps\map00020\iEC1349_Crooks\iEC1349_Crooks_map00020_map.json	results\prokaryote_maps\maps\map00020\iEC1349_Crooks\iEC1349_Crooks_map00020_map.html	results\prokaryote_maps\maps\map00020\iEC1349_Crooks\summary.json	http://bigg.ucsd.edu/static/models/iEC1349_Crooks.xml	1.819	
built	iEC1349_Crooks	Escherichia coli ATCC 8739	map00030	rn00030	Pentose phosphate pathway	2756	1946	1349	2756	1946	58	37	1	R06837	22	36	37.93	26	11	70.27	128	22	129	0	36	0	results\prokaryote_maps\maps\map00030\iEC1349_Crooks\iEC1349_Crooks_map00030_map.json	results\prokaryote_maps\maps\map00030\iEC1349_Crooks\iEC1349_Crooks_map00030_map.html	results\prokaryote_maps\maps\map00030\iEC1349_Crooks\summary.json	http://bigg.ucsd.edu/static/models/iEC1349_Crooks.xml	2.09	
built	iEC1349_Crooks	Escherichia coli ATCC 8739	map00680	rn00680	Methane metabolism / C1 metabolism	2756	1946	1349	2756	1946	104	86	3	R08323, R08328, R10397	22	82	21.15	37	49	43.02	153	22	141	0	50	0	results\prokaryote_maps\maps\map00680\iEC1349_Crooks\iEC1349_Crooks_map00680_map.json	results\prokaryote_maps\maps\map00680\iEC1349_Crooks\iEC1349_Crooks_map00680_map.html	results\prokaryote_maps\maps\map00680\iEC1349_Crooks\summary.json	http://bigg.ucsd.edu/static/models/iEC1349_Crooks.xml	3.853	
built	iEC1356_Bl21DE3	Escherichia coli BL21(DE3)	map00010	rn00010	Glycolysis / gluconeogenesis	2740	1918	1356	2740	1918	56	31	0		15	41	26.79	21	10	67.74	104	15	99	0	38	0	results\prokaryote_maps\maps\map00010\iEC1356_Bl21DE3\iEC1356_Bl21DE3_map00010_map.json	results\prokaryote_maps\maps\map00010\iEC1356_Bl21DE3\iEC1356_Bl21DE3_map00010_map.html	results\prokaryote_maps\maps\map00010\iEC1356_Bl21DE3\summary.json	http://bigg.ucsd.edu/static/models/iEC1356_Bl21DE3.xml	2.387	
built	iEC1356_Bl21DE3	Escherichia coli BL21(DE3)	map00020	rn00020	Citrate cycle (TCA cycle)	2740	1918	1356	2740	1918	29	20	0		7	22	24.14	13	7	65.0	50	7	45	0	16	0	results\prokaryote_maps\maps\map00020\iEC1356_Bl21DE3\iEC1356_Bl21DE3_map00020_map.json	results\prokaryote_maps\maps\map00020\iEC1356_Bl21DE3\iEC1356_Bl21DE3_map00020_map.html	results\prokaryote_maps\maps\map00020\iEC1356_Bl21DE3\summary.json	http://bigg.ucsd.edu/static/models/iEC1356_Bl21DE3.xml	1.615	
built	iEC1356_Bl21DE3	Escherichia coli BL21(DE3)	map00030	rn00030	Pentose phosphate pathway	2740	1918	1356	2740	1918	58	37	1	R06837	21	37	36.21	26	11	70.27	123	21	123	0	34	0	results\prokaryote_maps\maps\map00030\iEC1356_Bl21DE3\iEC1356_Bl21DE3_map00030_map.json	results\prokaryote_maps\maps\map00030\iEC1356_Bl21DE3\iEC1356_Bl21DE3_map00030_map.html	results\prokaryote_maps\maps\map00030\iEC1356_Bl21DE3\summary.json	http://bigg.ucsd.edu/static/models/iEC1356_Bl21DE3.xml	2.091	
built	iEC1356_Bl21DE3	Escherichia coli BL21(DE3)	map00680	rn00680	Methane metabolism / C1 metabolism	2740	1918	1356	2740	1918	104	86	3	R08323, R08328, R10397	21	83	20.19	36	50	41.86	147	21	135	0	48	0	results\prokaryote_maps\maps\map00680\iEC1356_Bl21DE3\iEC1356_Bl21DE3_map00680_map.json	results\prokaryote_maps\maps\map00680\iEC1356_Bl21DE3\iEC1356_Bl21DE3_map00680_map.html	results\prokaryote_maps\maps\map00680\iEC1356_Bl21DE3\summary.json	http://bigg.ucsd.edu/static/models/iEC1356_Bl21DE3.xml	3.623	
built	iEC1364_W	Escherichia coli W	map00010	rn00010	Glycolysis / gluconeogenesis	2764	1927	1364	2764	1927	56	31	0		15	41	26.79	22	9	70.97	105	15	99	0	38	0	results\prokaryote_maps\maps\map00010\iEC1364_W\iEC1364_W_map00010_map.json	results\prokaryote_maps\maps\map00010\iEC1364_W\iEC1364_W_map00010_map.html	results\prokaryote_maps\maps\map00010\iEC1364_W\summary.json	http://bigg.ucsd.edu/static/models/iEC1364_W.xml	2.436	
built	iEC1364_W	Escherichia coli W	map00020	rn00020	Citrate cycle (TCA cycle)	2764	1927	1364	2764	1927	29	20	0		7	22	24.14	13	7	65.0	50	7	45	0	16	0	results\prokaryote_maps\maps\map00020\iEC1364_W\iEC1364_W_map00020_map.json	results\prokaryote_maps\maps\map00020\iEC1364_W\iEC1364_W_map00020_map.html	results\prokaryote_maps\maps\map00020\iEC1364_W\summary.json	http://bigg.ucsd.edu/static/models/iEC1364_W.xml	1.742	
built	iEC1364_W	Escherichia coli W	map00030	rn00030	Pentose phosphate pathway	2764	1927	1364	2764	1927	58	37	1	R06837	22	36	37.93	27	10	72.97	129	22	129	0	36	0	results\prokaryote_maps\maps\map00030\iEC1364_W\iEC1364_W_map00030_map.json	results\prokaryote_maps\maps\map00030\iEC1364_W\iEC1364_W_map00030_map.html	results\prokaryote_maps\maps\map00030\iEC1364_W\summary.json	http://bigg.ucsd.edu/static/models/iEC1364_W.xml	2.145	
built	iEC1364_W	Escherichia coli W	map00680	rn00680	Methane metabolism / C1 metabolism	2764	1927	1364	2764	1927	104	86	3	R08323, R08328, R10397	21	83	20.19	36	50	41.86	147	21	135	0	48	0	results\prokaryote_maps\maps\map00680\iEC1364_W\iEC1364_W_map00680_map.json	results\prokaryote_maps\maps\map00680\iEC1364_W\iEC1364_W_map00680_map.html	results\prokaryote_maps\maps\map00680\iEC1364_W\summary.json	http://bigg.ucsd.edu/static/models/iEC1364_W.xml	4.198	
built	iEC1368_DH5a	Escherichia coli DH5[alpha]	map00010	rn00010	Glycolysis / gluconeogenesis	2779	1951	1368	2779	1951	56	31	0		15	41	26.79	21	10	67.74	104	15	99	0	38	0	results\prokaryote_maps\maps\map00010\iEC1368_DH5a\iEC1368_DH5a_map00010_map.json	results\prokaryote_maps\maps\map00010\iEC1368_DH5a\iEC1368_DH5a_map00010_map.html	results\prokaryote_maps\maps\map00010\iEC1368_DH5a\summary.json	http://bigg.ucsd.edu/static/models/iEC1368_DH5a.xml	2.465	
built	iEC1368_DH5a	Escherichia coli DH5[alpha]	map00020	rn00020	Citrate cycle (TCA cycle)	2779	1951	1368	2779	1951	29	20	0		7	22	24.14	13	7	65.0	50	7	45	0	16	0	results\prokaryote_maps\maps\map00020\iEC1368_DH5a\iEC1368_DH5a_map00020_map.json	results\prokaryote_maps\maps\map00020\iEC1368_DH5a\iEC1368_DH5a_map00020_map.html	results\prokaryote_maps\maps\map00020\iEC1368_DH5a\summary.json	http://bigg.ucsd.edu/static/models/iEC1368_DH5a.xml	1.643	
built	iEC1368_DH5a	Escherichia coli DH5[alpha]	map00030	rn00030	Pentose phosphate pathway	2779	1951	1368	2779	1951	58	37	1	R06837	22	36	37.93	26	11	70.27	128	22	129	0	36	0	results\prokaryote_maps\maps\map00030\iEC1368_DH5a\iEC1368_DH5a_map00030_map.json	results\prokaryote_maps\maps\map00030\iEC1368_DH5a\iEC1368_DH5a_map00030_map.html	results\prokaryote_maps\maps\map00030\iEC1368_DH5a\summary.json	http://bigg.ucsd.edu/static/models/iEC1368_DH5a.xml	2.228	
built	iEC1368_DH5a	Escherichia coli DH5[alpha]	map00680	rn00680	Methane metabolism / C1 metabolism	2779	1951	1368	2779	1951	104	86	3	R08323, R08328, R10397	21	83	20.19	37	49	43.02	148	21	135	0	48	0	results\prokaryote_maps\maps\map00680\iEC1368_DH5a\iEC1368_DH5a_map00680_map.json	results\prokaryote_maps\maps\map00680\iEC1368_DH5a\iEC1368_DH5a_map00680_map.html	results\prokaryote_maps\maps\map00680\iEC1368_DH5a\summary.json	http://bigg.ucsd.edu/static/models/iEC1368_DH5a.xml	3.79	
built	iEC1372_W3110	Escherichia coli str. K-12 substr. W3110	map00010	rn00010	Glycolysis / gluconeogenesis	2758	1918	1372	2758	1918	56	31	0		15	41	26.79	21	10	67.74	104	15	99	0	38	0	results\prokaryote_maps\maps\map00010\iEC1372_W3110\iEC1372_W3110_map00010_map.json	results\prokaryote_maps\maps\map00010\iEC1372_W3110\iEC1372_W3110_map00010_map.html	results\prokaryote_maps\maps\map00010\iEC1372_W3110\summary.json	http://bigg.ucsd.edu/static/models/iEC1372_W3110.xml	2.458	
built	iEC1372_W3110	Escherichia coli str. K-12 substr. W3110	map00020	rn00020	Citrate cycle (TCA cycle)	2758	1918	1372	2758	1918	29	20	0		7	22	24.14	13	7	65.0	50	7	45	0	16	0	results\prokaryote_maps\maps\map00020\iEC1372_W3110\iEC1372_W3110_map00020_map.json	results\prokaryote_maps\maps\map00020\iEC1372_W3110\iEC1372_W3110_map00020_map.html	results\prokaryote_maps\maps\map00020\iEC1372_W3110\summary.json	http://bigg.ucsd.edu/static/models/iEC1372_W3110.xml	1.623	
built	iEC1372_W3110	Escherichia coli str. K-12 substr. W3110	map00030	rn00030	Pentose phosphate pathway	2758	1918	1372	2758	1918	58	37	1	R06837	22	36	37.93	26	11	70.27	128	22	129	0	36	0	results\prokaryote_maps\maps\map00030\iEC1372_W3110\iEC1372_W3110_map00030_map.json	results\prokaryote_maps\maps\map00030\iEC1372_W3110\iEC1372_W3110_map00030_map.html	results\prokaryote_maps\maps\map00030\iEC1372_W3110\summary.json	http://bigg.ucsd.edu/static/models/iEC1372_W3110.xml	2.255	
built	iEC1372_W3110	Escherichia coli str. K-12 substr. W3110	map00680	rn00680	Methane metabolism / C1 metabolism	2758	1918	1372	2758	1918	104	86	3	R08323, R08328, R10397	21	83	20.19	36	50	41.86	147	21	135	0	48	0	results\prokaryote_maps\maps\map00680\iEC1372_W3110\iEC1372_W3110_map00680_map.json	results\prokaryote_maps\maps\map00680\iEC1372_W3110\iEC1372_W3110_map00680_map.html	results\prokaryote_maps\maps\map00680\iEC1372_W3110\summary.json	http://bigg.ucsd.edu/static/models/iEC1372_W3110.xml	3.917	
built	iEC55989_1330	Escherichia coli 55989	map00010	rn00010	Glycolysis / gluconeogenesis	2756	1953	1330	2756	1953	56	31	0		15	41	26.79	22	9	70.97	105	15	99	0	38	0	results\prokaryote_maps\maps\map00010\iEC55989_1330\iEC55989_1330_map00010_map.json	results\prokaryote_maps\maps\map00010\iEC55989_1330\iEC55989_1330_map00010_map.html	results\prokaryote_maps\maps\map00010\iEC55989_1330\summary.json	http://bigg.ucsd.edu/static/models/iEC55989_1330.xml	2.594	
built	iEC55989_1330	Escherichia coli 55989	map00020	rn00020	Citrate cycle (TCA cycle)	2756	1953	1330	2756	1953	29	20	0		7	22	24.14	13	7	65.0	50	7	45	0	16	0	results\prokaryote_maps\maps\map00020\iEC55989_1330\iEC55989_1330_map00020_map.json	results\prokaryote_maps\maps\map00020\iEC55989_1330\iEC55989_1330_map00020_map.html	results\prokaryote_maps\maps\map00020\iEC55989_1330\summary.json	http://bigg.ucsd.edu/static/models/iEC55989_1330.xml	1.794	
built	iEC55989_1330	Escherichia coli 55989	map00030	rn00030	Pentose phosphate pathway	2756	1953	1330	2756	1953	58	37	1	R06837	22	36	37.93	26	11	70.27	128	22	129	0	36	0	results\prokaryote_maps\maps\map00030\iEC55989_1330\iEC55989_1330_map00030_map.json	results\prokaryote_maps\maps\map00030\iEC55989_1330\iEC55989_1330_map00030_map.html	results\prokaryote_maps\maps\map00030\iEC55989_1330\summary.json	http://bigg.ucsd.edu/static/models/iEC55989_1330.xml	2.12	
built	iEC55989_1330	Escherichia coli 55989	map00680	rn00680	Methane metabolism / C1 metabolism	2756	1953	1330	2756	1953	104	86	3	R08323, R08328, R10397	21	83	20.19	36	50	41.86	147	21	135	0	48	0	results\prokaryote_maps\maps\map00680\iEC55989_1330\iEC55989_1330_map00680_map.json	results\prokaryote_maps\maps\map00680\iEC55989_1330\iEC55989_1330_map00680_map.html	results\prokaryote_maps\maps\map00680\iEC55989_1330\summary.json	http://bigg.ucsd.edu/static/models/iEC55989_1330.xml	3.797	
built	iECABU_c1320	Escherichia coli ABU 83972	map00010	rn00010	Glycolysis / gluconeogenesis	2731	1942	1320	2731	1942	56	31	0		14	42	25.0	22	9	70.97	98	14	91	0	34	0	results\prokaryote_maps\maps\map00010\iECABU_c1320\iECABU_c1320_map00010_map.json	results\prokaryote_maps\maps\map00010\iECABU_c1320\iECABU_c1320_map00010_map.html	results\prokaryote_maps\maps\map00010\iECABU_c1320\summary.json	http://bigg.ucsd.edu/static/models/iECABU_c1320.xml	2.465	
built	iECABU_c1320	Escherichia coli ABU 83972	map00020	rn00020	Citrate cycle (TCA cycle)	2731	1942	1320	2731	1942	29	20	0		7	22	24.14	13	7	65.0	50	7	45	0	16	0	results\prokaryote_maps\maps\map00020\iECABU_c1320\iECABU_c1320_map00020_map.json	results\prokaryote_maps\maps\map00020\iECABU_c1320\iECABU_c1320_map00020_map.html	results\prokaryote_maps\maps\map00020\iECABU_c1320\summary.json	http://bigg.ucsd.edu/static/models/iECABU_c1320.xml	1.576	
built	iECABU_c1320	Escherichia coli ABU 83972	map00030	rn00030	Pentose phosphate pathway	2731	1942	1320	2731	1942	58	37	1	R06837	22	36	37.93	26	11	70.27	128	22	129	0	36	0	results\prokaryote_maps\maps\map00030\iECABU_c1320\iECABU_c1320_map00030_map.json	results\prokaryote_maps\maps\map00030\iECABU_c1320\iECABU_c1320_map00030_map.html	results\prokaryote_maps\maps\map00030\iECABU_c1320\summary.json	http://bigg.ucsd.edu/static/models/iECABU_c1320.xml	2.026	
built	iECABU_c1320	Escherichia coli ABU 83972	map00680	rn00680	Methane metabolism / C1 metabolism	2731	1942	1320	2731	1942	104	86	3	R08323, R08328, R10397	21	83	20.19	36	50	41.86	147	21	135	0	48	0	results\prokaryote_maps\maps\map00680\iECABU_c1320\iECABU_c1320_map00680_map.json	results\prokaryote_maps\maps\map00680\iECABU_c1320\iECABU_c1320_map00680_map.html	results\prokaryote_maps\maps\map00680\iECABU_c1320\summary.json	http://bigg.ucsd.edu/static/models/iECABU_c1320.xml	3.593	
built	iECB_1328	Escherichia coli B str. REL606	map00010	rn00010	Glycolysis / gluconeogenesis	2748	1951	1329	2748	1951	56	31	0		15	41	26.79	21	10	67.74	104	15	99	0	38	0	results\prokaryote_maps\maps\map00010\iECB_1328\iECB_1328_map00010_map.json	results\prokaryote_maps\maps\map00010\iECB_1328\iECB_1328_map00010_map.html	results\prokaryote_maps\maps\map00010\iECB_1328\summary.json	http://bigg.ucsd.edu/static/models/iECB_1328.xml	2.259	
built	iECB_1328	Escherichia coli B str. REL606	map00020	rn00020	Citrate cycle (TCA cycle)	2748	1951	1329	2748	1951	29	20	0		7	22	24.14	13	7	65.0	50	7	45	0	16	0	results\prokaryote_maps\maps\map00020\iECB_1328\iECB_1328_map00020_map.json	results\prokaryote_maps\maps\map00020\iECB_1328\iECB_1328_map00020_map.html	results\prokaryote_maps\maps\map00020\iECB_1328\summary.json	http://bigg.ucsd.edu/static/models/iECB_1328.xml	1.787	
built	iECB_1328	Escherichia coli B str. REL606	map00030	rn00030	Pentose phosphate pathway	2748	1951	1329	2748	1951	58	37	1	R06837	21	37	36.21	26	11	70.27	122	21	122	0	33	0	results\prokaryote_maps\maps\map00030\iECB_1328\iECB_1328_map00030_map.json	results\prokaryote_maps\maps\map00030\iECB_1328\iECB_1328_map00030_map.html	results\prokaryote_maps\maps\map00030\iECB_1328\summary.json	http://bigg.ucsd.edu/static/models/iECB_1328.xml	2.226	
built	iECB_1328	Escherichia coli B str. REL606	map00680	rn00680	Methane metabolism / C1 metabolism	2748	1951	1329	2748	1951	104	86	3	R08323, R08328, R10397	21	83	20.19	36	50	41.86	147	21	135	0	48	0	results\prokaryote_maps\maps\map00680\iECB_1328\iECB_1328_map00680_map.json	results\prokaryote_maps\maps\map00680\iECB_1328\iECB_1328_map00680_map.html	results\prokaryote_maps\maps\map00680\iECB_1328\summary.json	http://bigg.ucsd.edu/static/models/iECB_1328.xml	3.8	
built	iECBD_1354	Escherichia coli 'BL21-Gold(DE3)pLysS AG'	map00010	rn00010	Glycolysis / gluconeogenesis	2748	1952	1354	2748	1952	56	31	0		15	41	26.79	21	10	67.74	104	15	99	0	38	0	results\prokaryote_maps\maps\map00010\iECBD_1354\iECBD_1354_map00010_map.json	results\prokaryote_maps\maps\map00010\iECBD_1354\iECBD_1354_map00010_map.html	results\prokaryote_maps\maps\map00010\iECBD_1354\summary.json	http://bigg.ucsd.edu/static/models/iECBD_1354.xml	2.172	
built	iECBD_1354	Escherichia coli 'BL21-Gold(DE3)pLysS AG'	map00020	rn00020	Citrate cycle (TCA cycle)	2748	1952	1354	2748	1952	29	20	0		7	22	24.14	13	7	65.0	50	7	45	0	16	0	results\prokaryote_maps\maps\map00020\iECBD_1354\iECBD_1354_map00020_map.json	results\prokaryote_maps\maps\map00020\iECBD_1354\iECBD_1354_map00020_map.html	results\prokaryote_maps\maps\map00020\iECBD_1354\summary.json	http://bigg.ucsd.edu/static/models/iECBD_1354.xml	1.668	
built	iECBD_1354	Escherichia coli 'BL21-Gold(DE3)pLysS AG'	map00030	rn00030	Pentose phosphate pathway	2748	1952	1354	2748	1952	58	37	1	R06837	20	38	34.48	26	11	70.27	117	20	116	0	31	0	results\prokaryote_maps\maps\map00030\iECBD_1354\iECBD_1354_map00030_map.json	results\prokaryote_maps\maps\map00030\iECBD_1354\iECBD_1354_map00030_map.html	results\prokaryote_maps\maps\map00030\iECBD_1354\summary.json	http://bigg.ucsd.edu/static/models/iECBD_1354.xml	2.195	
built	iECBD_1354	Escherichia coli 'BL21-Gold(DE3)pLysS AG'	map00680	rn00680	Methane metabolism / C1 metabolism	2748	1952	1354	2748	1952	104	86	3	R08323, R08328, R10397	21	83	20.19	36	50	41.86	147	21	135	0	48	0	results\prokaryote_maps\maps\map00680\iECBD_1354\iECBD_1354_map00680_map.json	results\prokaryote_maps\maps\map00680\iECBD_1354\iECBD_1354_map00680_map.html	results\prokaryote_maps\maps\map00680\iECBD_1354\summary.json	http://bigg.ucsd.edu/static/models/iECBD_1354.xml	3.659	
built	iECD_1391	Escherichia coli BL21(DE3)	map00010	rn00010	Glycolysis / gluconeogenesis	2741	1943	1333	2741	1943	56	31	0		15	41	26.79	21	10	67.74	104	15	99	0	38	0	results\prokaryote_maps\maps\map00010\iECD_1391\iECD_1391_map00010_map.json	results\prokaryote_maps\maps\map00010\iECD_1391\iECD_1391_map00010_map.html	results\prokaryote_maps\maps\map00010\iECD_1391\summary.json	http://bigg.ucsd.edu/static/models/iECD_1391.xml	2.089	
built	iECD_1391	Escherichia coli BL21(DE3)	map00020	rn00020	Citrate cycle (TCA cycle)	2741	1943	1333	2741	1943	29	20	0		7	22	24.14	13	7	65.0	50	7	45	0	16	0	results\prokaryote_maps\maps\map00020\iECD_1391\iECD_1391_map00020_map.json	results\prokaryote_maps\maps\map00020\iECD_1391\iECD_1391_map00020_map.html	results\prokaryote_maps\maps\map00020\iECD_1391\summary.json	http://bigg.ucsd.edu/static/models/iECD_1391.xml	1.507	
built	iECD_1391	Escherichia coli BL21(DE3)	map00030	rn00030	Pentose phosphate pathway	2741	1943	1333	2741	1943	58	37	1	R06837	20	38	34.48	26	11	70.27	117	20	116	0	31	0	results\prokaryote_maps\maps\map00030\iECD_1391\iECD_1391_map00030_map.json	results\prokaryote_maps\maps\map00030\iECD_1391\iECD_1391_map00030_map.html	results\prokaryote_maps\maps\map00030\iECD_1391\summary.json	http://bigg.ucsd.edu/static/models/iECD_1391.xml	2.009	
built	iECD_1391	Escherichia coli BL21(DE3)	map00680	rn00680	Methane metabolism / C1 metabolism	2741	1943	1333	2741	1943	104	86	3	R08323, R08328, R10397	21	83	20.19	36	50	41.86	147	21	135	0	48	0	results\prokaryote_maps\maps\map00680\iECD_1391\iECD_1391_map00680_map.json	results\prokaryote_maps\maps\map00680\iECD_1391\iECD_1391_map00680_map.html	results\prokaryote_maps\maps\map00680\iECD_1391\summary.json	http://bigg.ucsd.edu/static/models/iECD_1391.xml	3.217	
built	iECDH10B_1368	Escherichia coli str. K-12 substr. DH10B	map00010	rn00010	Glycolysis / gluconeogenesis	2742	1947	1327	2742	1947	56	31	0		15	41	26.79	21	10	67.74	104	15	99	0	38	0	results\prokaryote_maps\maps\map00010\iECDH10B_1368\iECDH10B_1368_map00010_map.json	results\prokaryote_maps\maps\map00010\iECDH10B_1368\iECDH10B_1368_map00010_map.html	results\prokaryote_maps\maps\map00010\iECDH10B_1368\summary.json	http://bigg.ucsd.edu/static/models/iECDH10B_1368.xml	1.819	
built	iECDH10B_1368	Escherichia coli str. K-12 substr. DH10B	map00020	rn00020	Citrate cycle (TCA cycle)	2742	1947	1327	2742	1947	29	20	0		7	22	24.14	13	7	65.0	50	7	45	0	16	0	results\prokaryote_maps\maps\map00020\iECDH10B_1368\iECDH10B_1368_map00020_map.json	results\prokaryote_maps\maps\map00020\iECDH10B_1368\iECDH10B_1368_map00020_map.html	results\prokaryote_maps\maps\map00020\iECDH10B_1368\summary.json	http://bigg.ucsd.edu/static/models/iECDH10B_1368.xml	1.419	
built	iECDH10B_1368	Escherichia coli str. K-12 substr. DH10B	map00030	rn00030	Pentose phosphate pathway	2742	1947	1327	2742	1947	58	37	1	R06837	21	37	36.21	26	11	70.27	122	21	122	0	33	0	results\prokaryote_maps\maps\map00030\iECDH10B_1368\iECDH10B_1368_map00030_map.json	results\prokaryote_maps\maps\map00030\iECDH10B_1368\iECDH10B_1368_map00030_map.html	results\prokaryote_maps\maps\map00030\iECDH10B_1368\summary.json	http://bigg.ucsd.edu/static/models/iECDH10B_1368.xml	2.016	
built	iECDH10B_1368	Escherichia coli str. K-12 substr. DH10B	map00680	rn00680	Methane metabolism / C1 metabolism	2742	1947	1327	2742	1947	104	86	3	R08323, R08328, R10397	21	83	20.19	36	50	41.86	147	21	135	0	48	0	results\prokaryote_maps\maps\map00680\iECDH10B_1368\iECDH10B_1368_map00680_map.json	results\prokaryote_maps\maps\map00680\iECDH10B_1368\iECDH10B_1368_map00680_map.html	results\prokaryote_maps\maps\map00680\iECDH10B_1368\summary.json	http://bigg.ucsd.edu/static/models/iECDH10B_1368.xml	3.059	
built	iEcDH1_1363	Escherichia coli DH1	map00010	rn00010	Glycolysis / gluconeogenesis	2750	1949	1363	2750	1949	56	31	0		15	41	26.79	21	10	67.74	104	15	99	0	38	0	results\prokaryote_maps\maps\map00010\iEcDH1_1363\iEcDH1_1363_map00010_map.json	results\prokaryote_maps\maps\map00010\iEcDH1_1363\iEcDH1_1363_map00010_map.html	results\prokaryote_maps\maps\map00010\iEcDH1_1363\summary.json	http://bigg.ucsd.edu/static/models/iEcDH1_1363.xml	1.815	
built	iEcDH1_1363	Escherichia coli DH1	map00020	rn00020	Citrate cycle (TCA cycle)	2750	1949	1363	2750	1949	29	20	0		7	22	24.14	13	7	65.0	50	7	45	0	16	0	results\prokaryote_maps\maps\map00020\iEcDH1_1363\iEcDH1_1363_map00020_map.json	results\prokaryote_maps\maps\map00020\iEcDH1_1363\iEcDH1_1363_map00020_map.html	results\prokaryote_maps\maps\map00020\iEcDH1_1363\summary.json	http://bigg.ucsd.edu/static/models/iEcDH1_1363.xml	1.425	
built	iEcDH1_1363	Escherichia coli DH1	map00030	rn00030	Pentose phosphate pathway	2750	1949	1363	2750	1949	58	37	1	R06837	21	37	36.21	26	11	70.27	122	21	122	0	33	0	results\prokaryote_maps\maps\map00030\iEcDH1_1363\iEcDH1_1363_map00030_map.json	results\prokaryote_maps\maps\map00030\iEcDH1_1363\iEcDH1_1363_map00030_map.html	results\prokaryote_maps\maps\map00030\iEcDH1_1363\summary.json	http://bigg.ucsd.edu/static/models/iEcDH1_1363.xml	1.881	
built	iEcDH1_1363	Escherichia coli DH1	map00680	rn00680	Methane metabolism / C1 metabolism	2750	1949	1363	2750	1949	104	86	3	R08323, R08328, R10397	21	83	20.19	36	50	41.86	147	21	135	0	48	0	results\prokaryote_maps\maps\map00680\iEcDH1_1363\iEcDH1_1363_map00680_map.json	results\prokaryote_maps\maps\map00680\iEcDH1_1363\iEcDH1_1363_map00680_map.html	results\prokaryote_maps\maps\map00680\iEcDH1_1363\summary.json	http://bigg.ucsd.edu/static/models/iEcDH1_1363.xml	3.055	
built	iECDH1ME8569_1439	Escherichia coli DH1	map00010	rn00010	Glycolysis / gluconeogenesis	2755	1950	1439	2755	1950	56	31	0		15	41	26.79	21	10	67.74	104	15	99	0	38	0	results\prokaryote_maps\maps\map00010\iECDH1ME8569_1439\iECDH1ME8569_1439_map00010_map.json	results\prokaryote_maps\maps\map00010\iECDH1ME8569_1439\iECDH1ME8569_1439_map00010_map.html	results\prokaryote_maps\maps\map00010\iECDH1ME8569_1439\summary.json	http://bigg.ucsd.edu/static/models/iECDH1ME8569_1439.xml	1.859	
built	iECDH1ME8569_1439	Escherichia coli DH1	map00020	rn00020	Citrate cycle (TCA cycle)	2755	1950	1439	2755	1950	29	20	0		7	22	24.14	13	7	65.0	50	7	45	0	16	0	results\prokaryote_maps\maps\map00020\iECDH1ME8569_1439\iECDH1ME8569_1439_map00020_map.json	results\prokaryote_maps\maps\map00020\iECDH1ME8569_1439\iECDH1ME8569_1439_map00020_map.html	results\prokaryote_maps\maps\map00020\iECDH1ME8569_1439\summary.json	http://bigg.ucsd.edu/static/models/iECDH1ME8569_1439.xml	1.452	
built	iECDH1ME8569_1439	Escherichia coli DH1	map00030	rn00030	Pentose phosphate pathway	2755	1950	1439	2755	1950	58	37	1	R06837	21	37	36.21	26	11	70.27	122	21	122	0	33	0	results\prokaryote_maps\maps\map00030\iECDH1ME8569_1439\iECDH1ME8569_1439_map00030_map.json	results\prokaryote_maps\maps\map00030\iECDH1ME8569_1439\iECDH1ME8569_1439_map00030_map.html	results\prokaryote_maps\maps\map00030\iECDH1ME8569_1439\summary.json	http://bigg.ucsd.edu/static/models/iECDH1ME8569_1439.xml	1.924	
built	iECDH1ME8569_1439	Escherichia coli DH1	map00680	rn00680	Methane metabolism / C1 metabolism	2755	1950	1439	2755	1950	104	86	3	R08323, R08328, R10397	21	83	20.19	36	50	41.86	147	21	135	0	48	0	results\prokaryote_maps\maps\map00680\iECDH1ME8569_1439\iECDH1ME8569_1439_map00680_map.json	results\prokaryote_maps\maps\map00680\iECDH1ME8569_1439\iECDH1ME8569_1439_map00680_map.html	results\prokaryote_maps\maps\map00680\iECDH1ME8569_1439\summary.json	http://bigg.ucsd.edu/static/models/iECDH1ME8569_1439.xml	3.15	
built	iEcE24377_1341	Escherichia coli O139:H28 str. E24377A	map00010	rn00010	Glycolysis / gluconeogenesis	2763	1972	1341	2763	1972	56	31	0		15	41	26.79	22	9	70.97	105	15	99	0	38	0	results\prokaryote_maps\maps\map00010\iEcE24377_1341\iEcE24377_1341_map00010_map.json	results\prokaryote_maps\maps\map00010\iEcE24377_1341\iEcE24377_1341_map00010_map.html	results\prokaryote_maps\maps\map00010\iEcE24377_1341\summary.json	http://bigg.ucsd.edu/static/models/iEcE24377_1341.xml	2.09	
built	iEcE24377_1341	Escherichia coli O139:H28 str. E24377A	map00020	rn00020	Citrate cycle (TCA cycle)	2763	1972	1341	2763	1972	29	20	0		7	22	24.14	13	7	65.0	50	7	45	0	16	0	results\prokaryote_maps\maps\map00020\iEcE24377_1341\iEcE24377_1341_map00020_map.json	results\prokaryote_maps\maps\map00020\iEcE24377_1341\iEcE24377_1341_map00020_map.html	results\prokaryote_maps\maps\map00020\iEcE24377_1341\summary.json	http://bigg.ucsd.edu/static/models/iEcE24377_1341.xml	1.514	
built	iEcE24377_1341	Escherichia coli O139:H28 str. E24377A	map00030	rn00030	Pentose phosphate pathway	2763	1972	1341	2763	1972	58	37	1	R06837	21	37	36.21	26	11	70.27	122	21	122	0	33	0	results\prokaryote_maps\maps\map00030\iEcE24377_1341\iEcE24377_1341_map00030_map.json	results\prokaryote_maps\maps\map00030\iEcE24377_1341\iEcE24377_1341_map00030_map.html	results\prokaryote_maps\maps\map00030\iEcE24377_1341\summary.json	http://bigg.ucsd.edu/static/models/iEcE24377_1341.xml	1.785	
built	iEcE24377_1341	Escherichia coli O139:H28 str. E24377A	map00680	rn00680	Methane metabolism / C1 metabolism	2763	1972	1341	2763	1972	104	86	3	R08323, R08328, R10397	21	83	20.19	36	50	41.86	147	21	135	0	48	0	results\prokaryote_maps\maps\map00680\iEcE24377_1341\iEcE24377_1341_map00680_map.json	results\prokaryote_maps\maps\map00680\iEcE24377_1341\iEcE24377_1341_map00680_map.html	results\prokaryote_maps\maps\map00680\iEcE24377_1341\summary.json	http://bigg.ucsd.edu/static/models/iEcE24377_1341.xml	3.8	
built	iECED1_1282	Escherichia coli ED1a	map00010	rn00010	Glycolysis / gluconeogenesis	2706	1929	1279	2706	1929	56	31	0		14	42	25.0	21	10	67.74	97	14	91	0	34	0	results\prokaryote_maps\maps\map00010\iECED1_1282\iECED1_1282_map00010_map.json	results\prokaryote_maps\maps\map00010\iECED1_1282\iECED1_1282_map00010_map.html	results\prokaryote_maps\maps\map00010\iECED1_1282\summary.json	http://bigg.ucsd.edu/static/models/iECED1_1282.xml	2.11	
built	iECED1_1282	Escherichia coli ED1a	map00020	rn00020	Citrate cycle (TCA cycle)	2706	1929	1279	2706	1929	29	20	0		7	22	24.14	13	7	65.0	50	7	45	0	16	0	results\prokaryote_maps\maps\map00020\iECED1_1282\iECED1_1282_map00020_map.json	results\prokaryote_maps\maps\map00020\iECED1_1282\iECED1_1282_map00020_map.html	results\prokaryote_maps\maps\map00020\iECED1_1282\summary.json	http://bigg.ucsd.edu/static/models/iECED1_1282.xml	1.392	
built	iECED1_1282	Escherichia coli ED1a	map00030	rn00030	Pentose phosphate pathway	2706	1929	1279	2706	1929	58	37	1	R06837	22	36	37.93	26	11	70.27	128	22	129	0	36	0	results\prokaryote_maps\maps\map00030\iECED1_1282\iECED1_1282_map00030_map.json	results\prokaryote_maps\maps\map00030\iECED1_1282\iECED1_1282_map00030_map.html	results\prokaryote_maps\maps\map00030\iECED1_1282\summary.json	http://bigg.ucsd.edu/static/models/iECED1_1282.xml	1.769	
built	iECED1_1282	Escherichia coli ED1a	map00680	rn00680	Methane metabolism / C1 metabolism	2706	1929	1279	2706	1929	104	86	3	R08323, R08328, R10397	21	83	20.19	36	50	41.86	147	21	135	0	48	0	results\prokaryote_maps\maps\map00680\iECED1_1282\iECED1_1282_map00680_map.json	results\prokaryote_maps\maps\map00680\iECED1_1282\iECED1_1282_map00680_map.html	results\prokaryote_maps\maps\map00680\iECED1_1282\summary.json	http://bigg.ucsd.edu/static/models/iECED1_1282.xml	3.077	
built	iECH74115_1262	Escherichia coli O157:H7 str. EC4115	map00010	rn00010	Glycolysis / gluconeogenesis	2694	1918	1262	2694	1918	56	31	0		15	41	26.79	21	10	67.74	104	15	99	0	38	0	results\prokaryote_maps\maps\map00010\iECH74115_1262\iECH74115_1262_map00010_map.json	results\prokaryote_maps\maps\map00010\iECH74115_1262\iECH74115_1262_map00010_map.html	results\prokaryote_maps\maps\map00010\iECH74115_1262\summary.json	http://bigg.ucsd.edu/static/models/iECH74115_1262.xml	1.998	
built	iECH74115_1262	Escherichia coli O157:H7 str. EC4115	map00020	rn00020	Citrate cycle (TCA cycle)	2694	1918	1262	2694	1918	29	20	0		7	22	24.14	13	7	65.0	50	7	45	0	16	0	results\prokaryote_maps\maps\map00020\iECH74115_1262\iECH74115_1262_map00020_map.json	results\prokaryote_maps\maps\map00020\iECH74115_1262\iECH74115_1262_map00020_map.html	results\prokaryote_maps\maps\map00020\iECH74115_1262\summary.json	http://bigg.ucsd.edu/static/models/iECH74115_1262.xml	1.315	
built	iECH74115_1262	Escherichia coli O157:H7 str. EC4115	map00030	rn00030	Pentose phosphate pathway	2694	1918	1262	2694	1918	58	37	1	R06837	21	37	36.21	26	11	70.27	122	21	122	0	33	0	results\prokaryote_maps\maps\map00030\iECH74115_1262\iECH74115_1262_map00030_map.json	results\prokaryote_maps\maps\map00030\iECH74115_1262\iECH74115_1262_map00030_map.html	results\prokaryote_maps\maps\map00030\iECH74115_1262\summary.json	http://bigg.ucsd.edu/static/models/iECH74115_1262.xml	1.888	
built	iECH74115_1262	Escherichia coli O157:H7 str. EC4115	map00680	rn00680	Methane metabolism / C1 metabolism	2694	1918	1262	2694	1918	104	86	3	R08323, R08328, R10397	20	84	19.23	36	50	41.86	142	20	129	0	46	0	results\prokaryote_maps\maps\map00680\iECH74115_1262\iECH74115_1262_map00680_map.json	results\prokaryote_maps\maps\map00680\iECH74115_1262\iECH74115_1262_map00680_map.html	results\prokaryote_maps\maps\map00680\iECH74115_1262\summary.json	http://bigg.ucsd.edu/static/models/iECH74115_1262.xml	3.036	
built	iEcHS_1320	Escherichia coli HS	map00010	rn00010	Glycolysis / gluconeogenesis	2753	1963	1321	2753	1963	56	31	0		15	41	26.79	22	9	70.97	105	15	99	0	38	0	results\prokaryote_maps\maps\map00010\iEcHS_1320\iEcHS_1320_map00010_map.json	results\prokaryote_maps\maps\map00010\iEcHS_1320\iEcHS_1320_map00010_map.html	results\prokaryote_maps\maps\map00010\iEcHS_1320\summary.json	http://bigg.ucsd.edu/static/models/iEcHS_1320.xml	2.16	
built	iEcHS_1320	Escherichia coli HS	map00020	rn00020	Citrate cycle (TCA cycle)	2753	1963	1321	2753	1963	29	20	0		7	22	24.14	13	7	65.0	50	7	45	0	16	0	results\prokaryote_maps\maps\map00020\iEcHS_1320\iEcHS_1320_map00020_map.json	results\prokaryote_maps\maps\map00020\iEcHS_1320\iEcHS_1320_map00020_map.html	results\prokaryote_maps\maps\map00020\iEcHS_1320\summary.json	http://bigg.ucsd.edu/static/models/iEcHS_1320.xml	1.371	
built	iEcHS_1320	Escherichia coli HS	map00030	rn00030	Pentose phosphate pathway	2753	1963	1321	2753	1963	58	37	1	R06837	21	37	36.21	26	11	70.27	122	21	122	0	33	0	results\prokaryote_maps\maps\map00030\iEcHS_1320\iEcHS_1320_map00030_map.json	results\prokaryote_maps\maps\map00030\iEcHS_1320\iEcHS_1320_map00030_map.html	results\prokaryote_maps\maps\map00030\iEcHS_1320\summary.json	http://bigg.ucsd.edu/static/models/iEcHS_1320.xml	1.774	
built	iEcHS_1320	Escherichia coli HS	map00680	rn00680	Methane metabolism / C1 metabolism	2753	1963	1321	2753	1963	104	86	3	R08323, R08328, R10397	21	83	20.19	36	50	41.86	147	21	135	0	48	0	results\prokaryote_maps\maps\map00680\iEcHS_1320\iEcHS_1320_map00680_map.json	results\prokaryote_maps\maps\map00680\iEcHS_1320\iEcHS_1320_map00680_map.html	results\prokaryote_maps\maps\map00680\iEcHS_1320\summary.json	http://bigg.ucsd.edu/static/models/iEcHS_1320.xml	3.438	
built	iECIAI1_1343	Escherichia coli IAI1	map00010	rn00010	Glycolysis / gluconeogenesis	2765	1968	1343	2765	1968	56	31	0		15	41	26.79	22	9	70.97	105	15	99	0	38	0	results\prokaryote_maps\maps\map00010\iECIAI1_1343\iECIAI1_1343_map00010_map.json	results\prokaryote_maps\maps\map00010\iECIAI1_1343\iECIAI1_1343_map00010_map.html	results\prokaryote_maps\maps\map00010\iECIAI1_1343\summary.json	http://bigg.ucsd.edu/static/models/iECIAI1_1343.xml	2.011	
built	iECIAI1_1343	Escherichia coli IAI1	map00020	rn00020	Citrate cycle (TCA cycle)	2765	1968	1343	2765	1968	29	20	0		7	22	24.14	13	7	65.0	50	7	45	0	16	0	results\prokaryote_maps\maps\map00020\iECIAI1_1343\iECIAI1_1343_map00020_map.json	results\prokaryote_maps\maps\map00020\iECIAI1_1343\iECIAI1_1343_map00020_map.html	results\prokaryote_maps\maps\map00020\iECIAI1_1343\summary.json	http://bigg.ucsd.edu/static/models/iECIAI1_1343.xml	1.336	
built	iECIAI1_1343	Escherichia coli IAI1	map00030	rn00030	Pentose phosphate pathway	2765	1968	1343	2765	1968	58	37	1	R06837	21	37	36.21	26	11	70.27	122	21	122	0	33	0	results\prokaryote_maps\maps\map00030\iECIAI1_1343\iECIAI1_1343_map00030_map.json	results\prokaryote_maps\maps\map00030\iECIAI1_1343\iECIAI1_1343_map00030_map.html	results\prokaryote_maps\maps\map00030\iECIAI1_1343\summary.json	http://bigg.ucsd.edu/static/models/iECIAI1_1343.xml	1.812	
built	iECIAI1_1343	Escherichia coli IAI1	map00680	rn00680	Methane metabolism / C1 metabolism	2765	1968	1343	2765	1968	104	86	3	R08323, R08328, R10397	21	83	20.19	36	50	41.86	147	21	135	0	48	0	results\prokaryote_maps\maps\map00680\iECIAI1_1343\iECIAI1_1343_map00680_map.json	results\prokaryote_maps\maps\map00680\iECIAI1_1343\iECIAI1_1343_map00680_map.html	results\prokaryote_maps\maps\map00680\iECIAI1_1343\summary.json	http://bigg.ucsd.edu/static/models/iECIAI1_1343.xml	2.871	
built	iECIAI39_1322	Escherichia coli IAI39	map00010	rn00010	Glycolysis / gluconeogenesis	2721	1953	1321	2721	1953	56	31	0		15	41	26.79	22	9	70.97	105	15	99	0	38	0	results\prokaryote_maps\maps\map00010\iECIAI39_1322\iECIAI39_1322_map00010_map.json	results\prokaryote_maps\maps\map00010\iECIAI39_1322\iECIAI39_1322_map00010_map.html	results\prokaryote_maps\maps\map00010\iECIAI39_1322\summary.json	http://bigg.ucsd.edu/static/models/iECIAI39_1322.xml	2.055	
built	iECIAI39_1322	Escherichia coli IAI39	map00020	rn00020	Citrate cycle (TCA cycle)	2721	1953	1321	2721	1953	29	20	0		7	22	24.14	13	7	65.0	50	7	45	0	16	0	results\prokaryote_maps\maps\map00020\iECIAI39_1322\iECIAI39_1322_map00020_map.json	results\prokaryote_maps\maps\map00020\iECIAI39_1322\iECIAI39_1322_map00020_map.html	results\prokaryote_maps\maps\map00020\iECIAI39_1322\summary.json	http://bigg.ucsd.edu/static/models/iECIAI39_1322.xml	1.504	
built	iECIAI39_1322	Escherichia coli IAI39	map00030	rn00030	Pentose phosphate pathway	2721	1953	1321	2721	1953	58	37	1	R06837	21	37	36.21	26	11	70.27	122	21	122	0	33	0	results\prokaryote_maps\maps\map00030\iECIAI39_1322\iECIAI39_1322_map00030_map.json	results\prokaryote_maps\maps\map00030\iECIAI39_1322\iECIAI39_1322_map00030_map.html	results\prokaryote_maps\maps\map00030\iECIAI39_1322\summary.json	http://bigg.ucsd.edu/static/models/iECIAI39_1322.xml	1.998	
built	iECIAI39_1322	Escherichia coli IAI39	map00680	rn00680	Methane metabolism / C1 metabolism	2721	1953	1321	2721	1953	104	86	3	R08323, R08328, R10397	21	83	20.19	36	50	41.86	147	21	135	0	48	0	results\prokaryote_maps\maps\map00680\iECIAI39_1322\iECIAI39_1322_map00680_map.json	results\prokaryote_maps\maps\map00680\iECIAI39_1322\iECIAI39_1322_map00680_map.html	results\prokaryote_maps\maps\map00680\iECIAI39_1322\summary.json	http://bigg.ucsd.edu/static/models/iECIAI39_1322.xml	2.967	
built	iECNA114_1301	Escherichia coli NA114	map00010	rn00010	Glycolysis / gluconeogenesis	2718	1927	1301	2718	1927	56	31	0		15	41	26.79	21	10	67.74	104	15	99	0	38	0	results\prokaryote_maps\maps\map00010\iECNA114_1301\iECNA114_1301_map00010_map.json	results\prokaryote_maps\maps\map00010\iECNA114_1301\iECNA114_1301_map00010_map.html	results\prokaryote_maps\maps\map00010\iECNA114_1301\summary.json	http://bigg.ucsd.edu/static/models/iECNA114_1301.xml	1.885	
built	iECNA114_1301	Escherichia coli NA114	map00020	rn00020	Citrate cycle (TCA cycle)	2718	1927	1301	2718	1927	29	20	0		7	22	24.14	13	7	65.0	50	7	45	0	16	0	results\prokaryote_maps\maps\map00020\iECNA114_1301\iECNA114_1301_map00020_map.json	results\prokaryote_maps\maps\map00020\iECNA114_1301\iECNA114_1301_map00020_map.html	results\prokaryote_maps\maps\map00020\iECNA114_1301\summary.json	http://bigg.ucsd.edu/static/models/iECNA114_1301.xml	1.529	
built	iECNA114_1301	Escherichia coli NA114	map00030	rn00030	Pentose phosphate pathway	2718	1927	1301	2718	1927	58	37	1	R06837	22	36	37.93	26	11	70.27	128	22	129	0	36	0	results\prokaryote_maps\maps\map00030\iECNA114_1301\iECNA114_1301_map00030_map.json	results\prokaryote_maps\maps\map00030\iECNA114_1301\iECNA114_1301_map00030_map.html	results\prokaryote_maps\maps\map00030\iECNA114_1301\summary.json	http://bigg.ucsd.edu/static/models/iECNA114_1301.xml	1.933	
built	iECNA114_1301	Escherichia coli NA114	map00680	rn00680	Methane metabolism / C1 metabolism	2718	1927	1301	2718	1927	104	86	3	R08323, R08328, R10397	21	83	20.19	36	50	41.86	147	21	135	0	48	0	results\prokaryote_maps\maps\map00680\iECNA114_1301\iECNA114_1301_map00680_map.json	results\prokaryote_maps\maps\map00680\iECNA114_1301\iECNA114_1301_map00680_map.html	results\prokaryote_maps\maps\map00680\iECNA114_1301\summary.json	http://bigg.ucsd.edu/static/models/iECNA114_1301.xml	3.091	
built	iECO103_1326	Escherichia coli O103:H2 str. 12009	map00010	rn00010	Glycolysis / gluconeogenesis	2758	1958	1327	2758	1958	56	31	0		15	41	26.79	21	10	67.74	104	15	99	0	38	0	results\prokaryote_maps\maps\map00010\iECO103_1326\iECO103_1326_map00010_map.json	results\prokaryote_maps\maps\map00010\iECO103_1326\iECO103_1326_map00010_map.html	results\prokaryote_maps\maps\map00010\iECO103_1326\summary.json	http://bigg.ucsd.edu/static/models/iECO103_1326.xml	2.02	
built	iECO103_1326	Escherichia coli O103:H2 str. 12009	map00020	rn00020	Citrate cycle (TCA cycle)	2758	1958	1327	2758	1958	29	20	0		7	22	24.14	13	7	65.0	50	7	45	0	16	0	results\prokaryote_maps\maps\map00020\iECO103_1326\iECO103_1326_map00020_map.json	results\prokaryote_maps\maps\map00020\iECO103_1326\iECO103_1326_map00020_map.html	results\prokaryote_maps\maps\map00020\iECO103_1326\summary.json	http://bigg.ucsd.edu/static/models/iECO103_1326.xml	1.487	
built	iECO103_1326	Escherichia coli O103:H2 str. 12009	map00030	rn00030	Pentose phosphate pathway	2758	1958	1327	2758	1958	58	37	1	R06837	21	37	36.21	26	11	70.27	122	21	122	0	33	0	results\prokaryote_maps\maps\map00030\iECO103_1326\iECO103_1326_map00030_map.json	results\prokaryote_maps\maps\map00030\iECO103_1326\iECO103_1326_map00030_map.html	results\prokaryote_maps\maps\map00030\iECO103_1326\summary.json	http://bigg.ucsd.edu/static/models/iECO103_1326.xml	1.883	
built	iECO103_1326	Escherichia coli O103:H2 str. 12009	map00680	rn00680	Methane metabolism / C1 metabolism	2758	1958	1327	2758	1958	104	86	3	R08323, R08328, R10397	21	83	20.19	36	50	41.86	147	21	135	0	48	0	results\prokaryote_maps\maps\map00680\iECO103_1326\iECO103_1326_map00680_map.json	results\prokaryote_maps\maps\map00680\iECO103_1326\iECO103_1326_map00680_map.html	results\prokaryote_maps\maps\map00680\iECO103_1326\summary.json	http://bigg.ucsd.edu/static/models/iECO103_1326.xml	3.104	
built	iECO111_1330	Escherichia coli O111:H- str. 11128	map00010	rn00010	Glycolysis / gluconeogenesis	2760	1959	1328	2760	1959	56	31	0		15	41	26.79	22	9	70.97	105	15	99	0	38	0	results\prokaryote_maps\maps\map00010\iECO111_1330\iECO111_1330_map00010_map.json	results\prokaryote_maps\maps\map00010\iECO111_1330\iECO111_1330_map00010_map.html	results\prokaryote_maps\maps\map00010\iECO111_1330\summary.json	http://bigg.ucsd.edu/static/models/iECO111_1330.xml	2.129	
built	iECO111_1330	Escherichia coli O111:H- str. 11128	map00020	rn00020	Citrate cycle (TCA cycle)	2760	1959	1328	2760	1959	29	20	0		7	22	24.14	13	7	65.0	50	7	45	0	16	0	results\prokaryote_maps\maps\map00020\iECO111_1330\iECO111_1330_map00020_map.json	results\prokaryote_maps\maps\map00020\iECO111_1330\iECO111_1330_map00020_map.html	results\prokaryote_maps\maps\map00020\iECO111_1330\summary.json	http://bigg.ucsd.edu/static/models/iECO111_1330.xml	1.357	
built	iECO111_1330	Escherichia coli O111:H- str. 11128	map00030	rn00030	Pentose phosphate pathway	2760	1959	1328	2760	1959	58	37	1	R06837	21	37	36.21	26	11	70.27	122	21	122	0	33	0	results\prokaryote_maps\maps\map00030\iECO111_1330\iECO111_1330_map00030_map.json	results\prokaryote_maps\maps\map00030\iECO111_1330\iECO111_1330_map00030_map.html	results\prokaryote_maps\maps\map00030\iECO111_1330\summary.json	http://bigg.ucsd.edu/static/models/iECO111_1330.xml	1.766	
built	iECO111_1330	Escherichia coli O111:H- str. 11128	map00680	rn00680	Methane metabolism / C1 metabolism	2760	1959	1328	2760	1959	104	86	3	R08323, R08328, R10397	21	83	20.19	36	50	41.86	147	21	135	0	48	0	results\prokaryote_maps\maps\map00680\iECO111_1330\iECO111_1330_map00680_map.json	results\prokaryote_maps\maps\map00680\iECO111_1330\iECO111_1330_map00680_map.html	results\prokaryote_maps\maps\map00680\iECO111_1330\summary.json	http://bigg.ucsd.edu/static/models/iECO111_1330.xml	3.128	
built	iECO26_1355	Escherichia coli O26:H11 str. 11368	map00010	rn00010	Glycolysis / gluconeogenesis	2780	1965	1355	2780	1965	56	31	0		15	41	26.79	22	9	70.97	105	15	99	0	38	0	results\prokaryote_maps\maps\map00010\iECO26_1355\iECO26_1355_map00010_map.json	results\prokaryote_maps\maps\map00010\iECO26_1355\iECO26_1355_map00010_map.html	results\prokaryote_maps\maps\map00010\iECO26_1355\summary.json	http://bigg.ucsd.edu/static/models/iECO26_1355.xml	2.125	
built	iECO26_1355	Escherichia coli O26:H11 str. 11368	map00020	rn00020	Citrate cycle (TCA cycle)	2780	1965	1355	2780	1965	29	20	0		7	22	24.14	13	7	65.0	50	7	45	0	16	0	results\prokaryote_maps\maps\map00020\iECO26_1355\iECO26_1355_map00020_map.json	results\prokaryote_maps\maps\map00020\iECO26_1355\iECO26_1355_map00020_map.html	results\prokaryote_maps\maps\map00020\iECO26_1355\summary.json	http://bigg.ucsd.edu/static/models/iECO26_1355.xml	1.398	
built	iECO26_1355	Escherichia coli O26:H11 str. 11368	map00030	rn00030	Pentose phosphate pathway	2780	1965	1355	2780	1965	58	37	1	R06837	21	37	36.21	26	11	70.27	122	21	122	0	33	0	results\prokaryote_maps\maps\map00030\iECO26_1355\iECO26_1355_map00030_map.json	results\prokaryote_maps\maps\map00030\iECO26_1355\iECO26_1355_map00030_map.html	results\prokaryote_maps\maps\map00030\iECO26_1355\summary.json	http://bigg.ucsd.edu/static/models/iECO26_1355.xml	1.967	
built	iECO26_1355	Escherichia coli O26:H11 str. 11368	map00680	rn00680	Methane metabolism / C1 metabolism	2780	1965	1355	2780	1965	104	86	3	R08323, R08328, R10397	21	83	20.19	36	50	41.86	147	21	135	0	48	0	results\prokaryote_maps\maps\map00680\iECO26_1355\iECO26_1355_map00680_map.json	results\prokaryote_maps\maps\map00680\iECO26_1355\iECO26_1355_map00680_map.html	results\prokaryote_maps\maps\map00680\iECO26_1355\summary.json	http://bigg.ucsd.edu/static/models/iECO26_1355.xml	2.968	
built	iECOK1_1307	Escherichia coli IHE3034	map00010	rn00010	Glycolysis / gluconeogenesis	2729	1941	1304	2729	1941	56	31	0		14	42	25.0	22	9	70.97	98	14	91	0	34	0	results\prokaryote_maps\maps\map00010\iECOK1_1307\iECOK1_1307_map00010_map.json	results\prokaryote_maps\maps\map00010\iECOK1_1307\iECOK1_1307_map00010_map.html	results\prokaryote_maps\maps\map00010\iECOK1_1307\summary.json	http://bigg.ucsd.edu/static/models/iECOK1_1307.xml	3.231	
built	iECOK1_1307	Escherichia coli IHE3034	map00020	rn00020	Citrate cycle (TCA cycle)	2729	1941	1304	2729	1941	29	20	0		7	22	24.14	13	7	65.0	50	7	45	0	16	0	results\prokaryote_maps\maps\map00020\iECOK1_1307\iECOK1_1307_map00020_map.json	results\prokaryote_maps\maps\map00020\iECOK1_1307\iECOK1_1307_map00020_map.html	results\prokaryote_maps\maps\map00020\iECOK1_1307\summary.json	http://bigg.ucsd.edu/static/models/iECOK1_1307.xml	1.583	
built	iECOK1_1307	Escherichia coli IHE3034	map00030	rn00030	Pentose phosphate pathway	2729	1941	1304	2729	1941	58	37	1	R06837	21	37	36.21	26	11	70.27	122	21	122	0	33	0	results\prokaryote_maps\maps\map00030\iECOK1_1307\iECOK1_1307_map00030_map.json	results\prokaryote_maps\maps\map00030\iECOK1_1307\iECOK1_1307_map00030_map.html	results\prokaryote_maps\maps\map00030\iECOK1_1307\summary.json	http://bigg.ucsd.edu/static/models/iECOK1_1307.xml	2.085	
built	iECOK1_1307	Escherichia coli IHE3034	map00680	rn00680	Methane metabolism / C1 metabolism	2729	1941	1304	2729	1941	104	86	3	R08323, R08328, R10397	21	83	20.19	36	50	41.86	147	21	135	0	48	0	results\prokaryote_maps\maps\map00680\iECOK1_1307\iECOK1_1307_map00680_map.json	results\prokaryote_maps\maps\map00680\iECOK1_1307\iECOK1_1307_map00680_map.html	results\prokaryote_maps\maps\map00680\iECOK1_1307\summary.json	http://bigg.ucsd.edu/static/models/iECOK1_1307.xml	3.828	
built	iEcolC_1368	Escherichia coli ATCC 8739	map00010	rn00010	Glycolysis / gluconeogenesis	2768	1969	1368	2768	1969	56	31	0		15	41	26.79	21	10	67.74	104	15	99	0	38	0	results\prokaryote_maps\maps\map00010\iEcolC_1368\iEcolC_1368_map00010_map.json	results\prokaryote_maps\maps\map00010\iEcolC_1368\iEcolC_1368_map00010_map.html	results\prokaryote_maps\maps\map00010\iEcolC_1368\summary.json	http://bigg.ucsd.edu/static/models/iEcolC_1368.xml	2.264	
built	iEcolC_1368	Escherichia coli ATCC 8739	map00020	rn00020	Citrate cycle (TCA cycle)	2768	1969	1368	2768	1969	29	20	0		7	22	24.14	13	7	65.0	50	7	45	0	16	0	results\prokaryote_maps\maps\map00020\iEcolC_1368\iEcolC_1368_map00020_map.json	results\prokaryote_maps\maps\map00020\iEcolC_1368\iEcolC_1368_map00020_map.html	results\prokaryote_maps\maps\map00020\iEcolC_1368\summary.json	http://bigg.ucsd.edu/static/models/iEcolC_1368.xml	1.751	
built	iEcolC_1368	Escherichia coli ATCC 8739	map00030	rn00030	Pentose phosphate pathway	2768	1969	1368	2768	1969	58	37	1	R06837	21	37	36.21	26	11	70.27	122	21	122	0	33	0	results\prokaryote_maps\maps\map00030\iEcolC_1368\iEcolC_1368_map00030_map.json	results\prokaryote_maps\maps\map00030\iEcolC_1368\iEcolC_1368_map00030_map.html	results\prokaryote_maps\maps\map00030\iEcolC_1368\summary.json	http://bigg.ucsd.edu/static/models/iEcolC_1368.xml	2.311	
built	iEcolC_1368	Escherichia coli ATCC 8739	map00680	rn00680	Methane metabolism / C1 metabolism	2768	1969	1368	2768	1969	104	86	3	R08323, R08328, R10397	21	83	20.19	36	50	41.86	147	21	135	0	48	0	results\prokaryote_maps\maps\map00680\iEcolC_1368\iEcolC_1368_map00680_map.json	results\prokaryote_maps\maps\map00680\iEcolC_1368\iEcolC_1368_map00680_map.html	results\prokaryote_maps\maps\map00680\iEcolC_1368\summary.json	http://bigg.ucsd.edu/static/models/iEcolC_1368.xml	3.775	
built	iECP_1309	Escherichia coli 536	map00010	rn00010	Glycolysis / gluconeogenesis	2739	1941	1309	2739	1941	56	31	0		14	42	25.0	21	10	67.74	97	14	91	0	34	0	results\prokaryote_maps\maps\map00010\iECP_1309\iECP_1309_map00010_map.json	results\prokaryote_maps\maps\map00010\iECP_1309\iECP_1309_map00010_map.html	results\prokaryote_maps\maps\map00010\iECP_1309\summary.json	http://bigg.ucsd.edu/static/models/iECP_1309.xml	2.335	
built	iECP_1309	Escherichia coli 536	map00020	rn00020	Citrate cycle (TCA cycle)	2739	1941	1309	2739	1941	29	20	0		7	22	24.14	13	7	65.0	50	7	45	0	16	0	results\prokaryote_maps\maps\map00020\iECP_1309\iECP_1309_map00020_map.json	results\prokaryote_maps\maps\map00020\iECP_1309\iECP_1309_map00020_map.html	results\prokaryote_maps\maps\map00020\iECP_1309\summary.json	http://bigg.ucsd.edu/static/models/iECP_1309.xml	2.085	
built	iECP_1309	Escherichia coli 536	map00030	rn00030	Pentose phosphate pathway	2739	1941	1309	2739	1941	58	37	1	R06837	22	36	37.93	26	11	70.27	128	22	129	0	36	0	results\prokaryote_maps\maps\map00030\iECP_1309\iECP_1309_map00030_map.json	results\prokaryote_maps\maps\map00030\iECP_1309\iECP_1309_map00030_map.html	results\prokaryote_maps\maps\map00030\iECP_1309\summary.json	http://bigg.ucsd.edu/static/models/iECP_1309.xml	2.199	
built	iECP_1309	Escherichia coli 536	map00680	rn00680	Methane metabolism / C1 metabolism	2739	1941	1309	2739	1941	104	86	3	R08323, R08328, R10397	21	83	20.19	36	50	41.86	147	21	135	0	48	0	results\prokaryote_maps\maps\map00680\iECP_1309\iECP_1309_map00680_map.json	results\prokaryote_maps\maps\map00680\iECP_1309\iECP_1309_map00680_map.html	results\prokaryote_maps\maps\map00680\iECP_1309\summary.json	http://bigg.ucsd.edu/static/models/iECP_1309.xml	3.646	
built	iECS88_1305	Escherichia coli S88	map00010	rn00010	Glycolysis / gluconeogenesis	2729	1942	1305	2729	1942	56	31	0		14	42	25.0	22	9	70.97	98	14	91	0	34	0	results\prokaryote_maps\maps\map00010\iECS88_1305\iECS88_1305_map00010_map.json	results\prokaryote_maps\maps\map00010\iECS88_1305\iECS88_1305_map00010_map.html	results\prokaryote_maps\maps\map00010\iECS88_1305\summary.json	http://bigg.ucsd.edu/static/models/iECS88_1305.xml	2.397	
built	iECS88_1305	Escherichia coli S88	map00020	rn00020	Citrate cycle (TCA cycle)	2729	1942	1305	2729	1942	29	20	0		7	22	24.14	13	7	65.0	50	7	45	0	16	0	results\prokaryote_maps\maps\map00020\iECS88_1305\iECS88_1305_map00020_map.json	results\prokaryote_maps\maps\map00020\iECS88_1305\iECS88_1305_map00020_map.html	results\prokaryote_maps\maps\map00020\iECS88_1305\summary.json	http://bigg.ucsd.edu/static/models/iECS88_1305.xml	1.818	
built	iECS88_1305	Escherichia coli S88	map00030	rn00030	Pentose phosphate pathway	2729	1942	1305	2729	1942	58	37	1	R06837	21	37	36.21	26	11	70.27	122	21	122	0	33	0	results\prokaryote_maps\maps\map00030\iECS88_1305\iECS88_1305_map00030_map.json	results\prokaryote_maps\maps\map00030\iECS88_1305\iECS88_1305_map00030_map.html	results\prokaryote_maps\maps\map00030\iECS88_1305\summary.json	http://bigg.ucsd.edu/static/models/iECS88_1305.xml	2.108	
built	iECS88_1305	Escherichia coli S88	map00680	rn00680	Methane metabolism / C1 metabolism	2729	1942	1305	2729	1942	104	86	3	R08323, R08328, R10397	21	83	20.19	36	50	41.86	147	21	135	0	48	0	results\prokaryote_maps\maps\map00680\iECS88_1305\iECS88_1305_map00680_map.json	results\prokaryote_maps\maps\map00680\iECS88_1305\iECS88_1305_map00680_map.html	results\prokaryote_maps\maps\map00680\iECS88_1305\summary.json	http://bigg.ucsd.edu/static/models/iECS88_1305.xml	3.725	
built	iECs_1301	Escherichia coli O157:H7 str. Sakai	map00010	rn00010	Glycolysis / gluconeogenesis	2720	1923	1301	2720	1923	56	31	0		15	41	26.79	21	10	67.74	104	15	99	0	38	0	results\prokaryote_maps\maps\map00010\iECs_1301\iECs_1301_map00010_map.json	results\prokaryote_maps\maps\map00010\iECs_1301\iECs_1301_map00010_map.html	results\prokaryote_maps\maps\map00010\iECs_1301\summary.json	http://bigg.ucsd.edu/static/models/iECs_1301.xml	2.157	
built	iECs_1301	Escherichia coli O157:H7 str. Sakai	map00020	rn00020	Citrate cycle (TCA cycle)	2720	1923	1301	2720	1923	29	20	0		7	22	24.14	13	7	65.0	50	7	45	0	16	0	results\prokaryote_maps\maps\map00020\iECs_1301\iECs_1301_map00020_map.json	results\prokaryote_maps\maps\map00020\iECs_1301\iECs_1301_map00020_map.html	results\prokaryote_maps\maps\map00020\iECs_1301\summary.json	http://bigg.ucsd.edu/static/models/iECs_1301.xml	1.754	
built	iECs_1301	Escherichia coli O157:H7 str. Sakai	map00030	rn00030	Pentose phosphate pathway	2720	1923	1301	2720	1923	58	37	1	R06837	21	37	36.21	26	11	70.27	122	21	122	0	33	0	results\prokaryote_maps\maps\map00030\iECs_1301\iECs_1301_map00030_map.json	results\prokaryote_maps\maps\map00030\iECs_1301\iECs_1301_map00030_map.html	results\prokaryote_maps\maps\map00030\iECs_1301\summary.json	http://bigg.ucsd.edu/static/models/iECs_1301.xml	2.249	
built	iECs_1301	Escherichia coli O157:H7 str. Sakai	map00680	rn00680	Methane metabolism / C1 metabolism	2720	1923	1301	2720	1923	104	86	3	R08323, R08328, R10397	21	83	20.19	36	50	41.86	147	21	135	0	48	0	results\prokaryote_maps\maps\map00680\iECs_1301\iECs_1301_map00680_map.json	results\prokaryote_maps\maps\map00680\iECs_1301\iECs_1301_map00680_map.html	results\prokaryote_maps\maps\map00680\iECs_1301\summary.json	http://bigg.ucsd.edu/static/models/iECs_1301.xml	3.744	
built	iECSE_1348	Escherichia coli SE11	map00010	rn00010	Glycolysis / gluconeogenesis	2768	1957	1348	2768	1957	56	31	0		15	41	26.79	22	9	70.97	105	15	99	0	38	0	results\prokaryote_maps\maps\map00010\iECSE_1348\iECSE_1348_map00010_map.json	results\prokaryote_maps\maps\map00010\iECSE_1348\iECSE_1348_map00010_map.html	results\prokaryote_maps\maps\map00010\iECSE_1348\summary.json	http://bigg.ucsd.edu/static/models/iECSE_1348.xml	2.224	
built	iECSE_1348	Escherichia coli SE11	map00020	rn00020	Citrate cycle (TCA cycle)	2768	1957	1348	2768	1957	29	20	0		7	22	24.14	13	7	65.0	50	7	45	0	16	0	results\prokaryote_maps\maps\map00020\iECSE_1348\iECSE_1348_map00020_map.json	results\prokaryote_maps\maps\map00020\iECSE_1348\iECSE_1348_map00020_map.html	results\prokaryote_maps\maps\map00020\iECSE_1348\summary.json	http://bigg.ucsd.edu/static/models/iECSE_1348.xml	1.762	
built	iECSE_1348	Escherichia coli SE11	map00030	rn00030	Pentose phosphate pathway	2768	1957	1348	2768	1957	58	37	1	R06837	21	37	36.21	26	11	70.27	122	21	122	0	33	0	results\prokaryote_maps\maps\map00030\iECSE_1348\iECSE_1348_map00030_map.json	results\prokaryote_maps\maps\map00030\iECSE_1348\iECSE_1348_map00030_map.html	results\prokaryote_maps\maps\map00030\iECSE_1348\summary.json	http://bigg.ucsd.edu/static/models/iECSE_1348.xml	2.244	
built	iECSE_1348	Escherichia coli SE11	map00680	rn00680	Methane metabolism / C1 metabolism	2768	1957	1348	2768	1957	104	86	3	R08323, R08328, R10397	21	83	20.19	36	50	41.86	147	21	135	0	48	0	results\prokaryote_maps\maps\map00680\iECSE_1348\iECSE_1348_map00680_map.json	results\prokaryote_maps\maps\map00680\iECSE_1348\iECSE_1348_map00680_map.html	results\prokaryote_maps\maps\map00680\iECSE_1348\summary.json	http://bigg.ucsd.edu/static/models/iECSE_1348.xml	3.765	
built	iECSF_1327	Escherichia coli SE15	map00010	rn00010	Glycolysis / gluconeogenesis	2742	1951	1327	2742	1951	56	31	0		14	42	25.0	21	10	67.74	97	14	91	0	34	0	results\prokaryote_maps\maps\map00010\iECSF_1327\iECSF_1327_map00010_map.json	results\prokaryote_maps\maps\map00010\iECSF_1327\iECSF_1327_map00010_map.html	results\prokaryote_maps\maps\map00010\iECSF_1327\summary.json	http://bigg.ucsd.edu/static/models/iECSF_1327.xml	2.497	
built	iECSF_1327	Escherichia coli SE15	map00020	rn00020	Citrate cycle (TCA cycle)	2742	1951	1327	2742	1951	29	20	0		7	22	24.14	13	7	65.0	50	7	45	0	16	0	results\prokaryote_maps\maps\map00020\iECSF_1327\iECSF_1327_map00020_map.json	results\prokaryote_maps\maps\map00020\iECSF_1327\iECSF_1327_map00020_map.html	results\prokaryote_maps\maps\map00020\iECSF_1327\summary.json	http://bigg.ucsd.edu/static/models/iECSF_1327.xml	1.832	
built	iECSF_1327	Escherichia coli SE15	map00030	rn00030	Pentose phosphate pathway	2742	1951	1327	2742	1951	58	37	1	R06837	22	36	37.93	26	11	70.27	128	22	129	0	36	0	results\prokaryote_maps\maps\map00030\iECSF_1327\iECSF_1327_map00030_map.json	results\prokaryote_maps\maps\map00030\iECSF_1327\iECSF_1327_map00030_map.html	results\prokaryote_maps\maps\map00030\iECSF_1327\summary.json	http://bigg.ucsd.edu/static/models/iECSF_1327.xml	2.175	
built	iECSF_1327	Escherichia coli SE15	map00680	rn00680	Methane metabolism / C1 metabolism	2742	1951	1327	2742	1951	104	86	3	R08323, R08328, R10397	21	83	20.19	36	50	41.86	147	21	135	0	48	0	results\prokaryote_maps\maps\map00680\iECSF_1327\iECSF_1327_map00680_map.json	results\prokaryote_maps\maps\map00680\iECSF_1327\iECSF_1327_map00680_map.html	results\prokaryote_maps\maps\map00680\iECSF_1327\summary.json	http://bigg.ucsd.edu/static/models/iECSF_1327.xml	3.892	
built	iEcSMS35_1347	Escherichia coli SMS-3-5	map00010	rn00010	Glycolysis / gluconeogenesis	2746	1947	1347	2746	1947	56	31	0		15	41	26.79	22	9	70.97	105	15	99	0	38	0	results\prokaryote_maps\maps\map00010\iEcSMS35_1347\iEcSMS35_1347_map00010_map.json	results\prokaryote_maps\maps\map00010\iEcSMS35_1347\iEcSMS35_1347_map00010_map.html	results\prokaryote_maps\maps\map00010\iEcSMS35_1347\summary.json	http://bigg.ucsd.edu/static/models/iEcSMS35_1347.xml	2.47	
built	iEcSMS35_1347	Escherichia coli SMS-3-5	map00020	rn00020	Citrate cycle (TCA cycle)	2746	1947	1347	2746	1947	29	20	0		7	22	24.14	13	7	65.0	50	7	45	0	16	0	results\prokaryote_maps\maps\map00020\iEcSMS35_1347\iEcSMS35_1347_map00020_map.json	results\prokaryote_maps\maps\map00020\iEcSMS35_1347\iEcSMS35_1347_map00020_map.html	results\prokaryote_maps\maps\map00020\iEcSMS35_1347\summary.json	http://bigg.ucsd.edu/static/models/iEcSMS35_1347.xml	1.604	
built	iEcSMS35_1347	Escherichia coli SMS-3-5	map00030	rn00030	Pentose phosphate pathway	2746	1947	1347	2746	1947	58	37	1	R06837	21	37	36.21	26	11	70.27	122	21	122	0	33	0	results\prokaryote_maps\maps\map00030\iEcSMS35_1347\iEcSMS35_1347_map00030_map.json	results\prokaryote_maps\maps\map00030\iEcSMS35_1347\iEcSMS35_1347_map00030_map.html	results\prokaryote_maps\maps\map00030\iEcSMS35_1347\summary.json	http://bigg.ucsd.edu/static/models/iEcSMS35_1347.xml	2.391	
built	iEcSMS35_1347	Escherichia coli SMS-3-5	map00680	rn00680	Methane metabolism / C1 metabolism	2746	1947	1347	2746	1947	104	86	3	R08323, R08328, R10397	21	83	20.19	36	50	41.86	147	21	135	0	48	0	results\prokaryote_maps\maps\map00680\iEcSMS35_1347\iEcSMS35_1347_map00680_map.json	results\prokaryote_maps\maps\map00680\iEcSMS35_1347\iEcSMS35_1347_map00680_map.html	results\prokaryote_maps\maps\map00680\iEcSMS35_1347\summary.json	http://bigg.ucsd.edu/static/models/iEcSMS35_1347.xml	3.718	
built	iECSP_1301	Escherichia coli O157:H7 str. TW14359	map00010	rn00010	Glycolysis / gluconeogenesis	2712	1920	1299	2712	1920	56	31	0		15	41	26.79	21	10	67.74	104	15	99	0	38	0	results\prokaryote_maps\maps\map00010\iECSP_1301\iECSP_1301_map00010_map.json	results\prokaryote_maps\maps\map00010\iECSP_1301\iECSP_1301_map00010_map.html	results\prokaryote_maps\maps\map00010\iECSP_1301\summary.json	http://bigg.ucsd.edu/static/models/iECSP_1301.xml	2.494	
built	iECSP_1301	Escherichia coli O157:H7 str. TW14359	map00020	rn00020	Citrate cycle (TCA cycle)	2712	1920	1299	2712	1920	29	20	0		7	22	24.14	13	7	65.0	50	7	45	0	16	0	results\prokaryote_maps\maps\map00020\iECSP_1301\iECSP_1301_map00020_map.json	results\prokaryote_maps\maps\map00020\iECSP_1301\iECSP_1301_map00020_map.html	results\prokaryote_maps\maps\map00020\iECSP_1301\summary.json	http://bigg.ucsd.edu/static/models/iECSP_1301.xml	1.626	
built	iECSP_1301	Escherichia coli O157:H7 str. TW14359	map00030	rn00030	Pentose phosphate pathway	2712	1920	1299	2712	1920	58	37	1	R06837	21	37	36.21	26	11	70.27	122	21	122	0	33	0	results\prokaryote_maps\maps\map00030\iECSP_1301\iECSP_1301_map00030_map.json	results\prokaryote_maps\maps\map00030\iECSP_1301\iECSP_1301_map00030_map.html	results\prokaryote_maps\maps\map00030\iECSP_1301\summary.json	http://bigg.ucsd.edu/static/models/iECSP_1301.xml	2.193	
built	iECSP_1301	Escherichia coli O157:H7 str. TW14359	map00680	rn00680	Methane metabolism / C1 metabolism	2712	1920	1299	2712	1920	104	86	3	R08323, R08328, R10397	21	83	20.19	36	50	41.86	147	21	135	0	48	0	results\prokaryote_maps\maps\map00680\iECSP_1301\iECSP_1301_map00680_map.json	results\prokaryote_maps\maps\map00680\iECSP_1301\iECSP_1301_map00680_map.html	results\prokaryote_maps\maps\map00680\iECSP_1301\summary.json	http://bigg.ucsd.edu/static/models/iECSP_1301.xml	3.689	
built	iECUMN_1333	Escherichia coli UMN026	map00010	rn00010	Glycolysis / gluconeogenesis	2740	1935	1332	2740	1935	56	31	0		15	41	26.79	21	10	67.74	104	15	99	0	38	0	results\prokaryote_maps\maps\map00010\iECUMN_1333\iECUMN_1333_map00010_map.json	results\prokaryote_maps\maps\map00010\iECUMN_1333\iECUMN_1333_map00010_map.html	results\prokaryote_maps\maps\map00010\iECUMN_1333\summary.json	http://bigg.ucsd.edu/static/models/iECUMN_1333.xml	2.47	
built	iECUMN_1333	Escherichia coli UMN026	map00020	rn00020	Citrate cycle (TCA cycle)	2740	1935	1332	2740	1935	29	20	0		7	22	24.14	13	7	65.0	50	7	45	0	16	0	results\prokaryote_maps\maps\map00020\iECUMN_1333\iECUMN_1333_map00020_map.json	results\prokaryote_maps\maps\map00020\iECUMN_1333\iECUMN_1333_map00020_map.html	results\prokaryote_maps\maps\map00020\iECUMN_1333\summary.json	http://bigg.ucsd.edu/static/models/iECUMN_1333.xml	1.694	
built	iECUMN_1333	Escherichia coli UMN026	map00030	rn00030	Pentose phosphate pathway	2740	1935	1332	2740	1935	58	37	1	R06837	21	37	36.21	26	11	70.27	122	21	122	0	33	0	results\prokaryote_maps\maps\map00030\iECUMN_1333\iECUMN_1333_map00030_map.json	results\prokaryote_maps\maps\map00030\iECUMN_1333\iECUMN_1333_map00030_map.html	results\prokaryote_maps\maps\map00030\iECUMN_1333\summary.json	http://bigg.ucsd.edu/static/models/iECUMN_1333.xml	2.379	
built	iECUMN_1333	Escherichia coli UMN026	map00680	rn00680	Methane metabolism / C1 metabolism	2740	1935	1332	2740	1935	104	86	3	R08323, R08328, R10397	21	83	20.19	36	50	41.86	147	21	135	0	48	0	results\prokaryote_maps\maps\map00680\iECUMN_1333\iECUMN_1333_map00680_map.json	results\prokaryote_maps\maps\map00680\iECUMN_1333\iECUMN_1333_map00680_map.html	results\prokaryote_maps\maps\map00680\iECUMN_1333\summary.json	http://bigg.ucsd.edu/static/models/iECUMN_1333.xml	3.65	
built	iECW_1372	Escherichia coli W	map00010	rn00010	Glycolysis / gluconeogenesis	2782	1973	1372	2782	1973	56	31	0		15	41	26.79	22	9	70.97	105	15	99	0	38	0	results\prokaryote_maps\maps\map00010\iECW_1372\iECW_1372_map00010_map.json	results\prokaryote_maps\maps\map00010\iECW_1372\iECW_1372_map00010_map.html	results\prokaryote_maps\maps\map00010\iECW_1372\summary.json	http://bigg.ucsd.edu/static/models/iECW_1372.xml	2.495	
built	iECW_1372	Escherichia coli W	map00020	rn00020	Citrate cycle (TCA cycle)	2782	1973	1372	2782	1973	29	20	0		7	22	24.14	13	7	65.0	50	7	45	0	16	0	results\prokaryote_maps\maps\map00020\iECW_1372\iECW_1372_map00020_map.json	results\prokaryote_maps\maps\map00020\iECW_1372\iECW_1372_map00020_map.html	results\prokaryote_maps\maps\map00020\iECW_1372\summary.json	http://bigg.ucsd.edu/static/models/iECW_1372.xml	1.839	
built	iECW_1372	Escherichia coli W	map00030	rn00030	Pentose phosphate pathway	2782	1973	1372	2782	1973	58	37	1	R06837	21	37	36.21	26	11	70.27	122	21	122	0	33	0	results\prokaryote_maps\maps\map00030\iECW_1372\iECW_1372_map00030_map.json	results\prokaryote_maps\maps\map00030\iECW_1372\iECW_1372_map00030_map.html	results\prokaryote_maps\maps\map00030\iECW_1372\summary.json	http://bigg.ucsd.edu/static/models/iECW_1372.xml	2.2	
built	iECW_1372	Escherichia coli W	map00680	rn00680	Methane metabolism / C1 metabolism	2782	1973	1372	2782	1973	104	86	3	R08323, R08328, R10397	21	83	20.19	36	50	41.86	147	21	135	0	48	0	results\prokaryote_maps\maps\map00680\iECW_1372\iECW_1372_map00680_map.json	results\prokaryote_maps\maps\map00680\iECW_1372\iECW_1372_map00680_map.html	results\prokaryote_maps\maps\map00680\iECW_1372\summary.json	http://bigg.ucsd.edu/static/models/iECW_1372.xml	3.804	
built	iEK1008	Mycobacterium tuberculosis H37Rv	map00010	rn00010	Glycolysis / gluconeogenesis	1226	998	1008	1226	998	56	31	0		15	41	26.79	18	13	58.06	100	15	98	0	37	0	results\prokaryote_maps\maps\map00010\iEK1008\iEK1008_map00010_map.json	results\prokaryote_maps\maps\map00010\iEK1008\iEK1008_map00010_map.html	results\prokaryote_maps\maps\map00010\iEK1008\summary.json	http://bigg.ucsd.edu/static/models/iEK1008.xml	1.721	
built	iEK1008	Mycobacterium tuberculosis H37Rv	map00020	rn00020	Citrate cycle (TCA cycle)	1226	998	1008	1226	998	29	20	0		7	22	24.14	12	8	60.0	57	7	53	0	24	0	results\prokaryote_maps\maps\map00020\iEK1008\iEK1008_map00020_map.json	results\prokaryote_maps\maps\map00020\iEK1008\iEK1008_map00020_map.html	results\prokaryote_maps\maps\map00020\iEK1008\summary.json	http://bigg.ucsd.edu/static/models/iEK1008.xml	1.415	
built	iEK1008	Mycobacterium tuberculosis H37Rv	map00030	rn00030	Pentose phosphate pathway	1226	998	1008	1226	998	58	37	1	R06837	13	45	22.41	23	14	62.16	83	13	77	0	21	0	results\prokaryote_maps\maps\map00030\iEK1008\iEK1008_map00030_map.json	results\prokaryote_maps\maps\map00030\iEK1008\iEK1008_map00030_map.html	results\prokaryote_maps\maps\map00030\iEK1008\summary.json	http://bigg.ucsd.edu/static/models/iEK1008.xml	1.577	
built	iEK1008	Mycobacterium tuberculosis H37Rv	map00680	rn00680	Methane metabolism / C1 metabolism	1226	998	1008	1226	998	104	86	3	R08323, R08328, R10397	22	82	21.15	36	50	41.86	157	22	146	1	55	0	results\prokaryote_maps\maps\map00680\iEK1008\iEK1008_map00680_map.json	results\prokaryote_maps\maps\map00680\iEK1008\iEK1008_map00680_map.html	results\prokaryote_maps\maps\map00680\iEK1008\summary.json	http://bigg.ucsd.edu/static/models/iEK1008.xml	2.512	
built	iEKO11_1354	Escherichia coli KO11FL	map00010	rn00010	Glycolysis / gluconeogenesis	2778	1972	1354	2778	1972	56	31	0		15	41	26.79	22	9	70.97	105	15	99	0	38	0	results\prokaryote_maps\maps\map00010\iEKO11_1354\iEKO11_1354_map00010_map.json	results\prokaryote_maps\maps\map00010\iEKO11_1354\iEKO11_1354_map00010_map.html	results\prokaryote_maps\maps\map00010\iEKO11_1354\summary.json	http://bigg.ucsd.edu/static/models/iEKO11_1354.xml	2.427	
built	iEKO11_1354	Escherichia coli KO11FL	map00020	rn00020	Citrate cycle (TCA cycle)	2778	1972	1354	2778	1972	29	20	0		7	22	24.14	13	7	65.0	50	7	45	0	16	0	results\prokaryote_maps\maps\map00020\iEKO11_1354\iEKO11_1354_map00020_map.json	results\prokaryote_maps\maps\map00020\iEKO11_1354\iEKO11_1354_map00020_map.html	results\prokaryote_maps\maps\map00020\iEKO11_1354\summary.json	http://bigg.ucsd.edu/static/models/iEKO11_1354.xml	1.837	
built	iEKO11_1354	Escherichia coli KO11FL	map00030	rn00030	Pentose phosphate pathway	2778	1972	1354	2778	1972	58	37	1	R06837	20	38	34.48	26	11	70.27	116	20	115	0	30	0	results\prokaryote_maps\maps\map00030\iEKO11_1354\iEKO11_1354_map00030_map.json	results\prokaryote_maps\maps\map00030\iEKO11_1354\iEKO11_1354_map00030_map.html	results\prokaryote_maps\maps\map00030\iEKO11_1354\summary.json	http://bigg.ucsd.edu/static/models/iEKO11_1354.xml	2.503	
built	iEKO11_1354	Escherichia coli KO11FL	map00680	rn00680	Methane metabolism / C1 metabolism	2778	1972	1354	2778	1972	104	86	3	R08323, R08328, R10397	21	83	20.19	36	50	41.86	147	21	135	0	48	0	results\prokaryote_maps\maps\map00680\iEKO11_1354\iEKO11_1354_map00680_map.json	results\prokaryote_maps\maps\map00680\iEKO11_1354\iEKO11_1354_map00680_map.html	results\prokaryote_maps\maps\map00680\iEKO11_1354\summary.json	http://bigg.ucsd.edu/static/models/iEKO11_1354.xml	3.636	
built	iETEC_1333	Escherichia coli ETEC H10407	map00010	rn00010	Glycolysis / gluconeogenesis	2756	1962	1333	2756	1962	56	31	0		15	41	26.79	21	10	67.74	104	15	99	0	38	0	results\prokaryote_maps\maps\map00010\iETEC_1333\iETEC_1333_map00010_map.json	results\prokaryote_maps\maps\map00010\iETEC_1333\iETEC_1333_map00010_map.html	results\prokaryote_maps\maps\map00010\iETEC_1333\summary.json	http://bigg.ucsd.edu/static/models/iETEC_1333.xml	2.448	
built	iETEC_1333	Escherichia coli ETEC H10407	map00020	rn00020	Citrate cycle (TCA cycle)	2756	1962	1333	2756	1962	29	20	0		7	22	24.14	13	7	65.0	50	7	45	0	16	0	results\prokaryote_maps\maps\map00020\iETEC_1333\iETEC_1333_map00020_map.json	results\prokaryote_maps\maps\map00020\iETEC_1333\iETEC_1333_map00020_map.html	results\prokaryote_maps\maps\map00020\iETEC_1333\summary.json	http://bigg.ucsd.edu/static/models/iETEC_1333.xml	1.839	
built	iETEC_1333	Escherichia coli ETEC H10407	map00030	rn00030	Pentose phosphate pathway	2756	1962	1333	2756	1962	58	37	1	R06837	22	36	37.93	26	11	70.27	128	22	129	0	36	0	results\prokaryote_maps\maps\map00030\iETEC_1333\iETEC_1333_map00030_map.json	results\prokaryote_maps\maps\map00030\iETEC_1333\iETEC_1333_map00030_map.html	results\prokaryote_maps\maps\map00030\iETEC_1333\summary.json	http://bigg.ucsd.edu/static/models/iETEC_1333.xml	2.118	
built	iETEC_1333	Escherichia coli ETEC H10407	map00680	rn00680	Methane metabolism / C1 metabolism	2756	1962	1333	2756	1962	104	86	3	R08323, R08328, R10397	21	83	20.19	36	50	41.86	147	21	135	0	48	0	results\prokaryote_maps\maps\map00680\iETEC_1333\iETEC_1333_map00680_map.json	results\prokaryote_maps\maps\map00680\iETEC_1333\iETEC_1333_map00680_map.html	results\prokaryote_maps\maps\map00680\iETEC_1333\summary.json	http://bigg.ucsd.edu/static/models/iETEC_1333.xml	3.856	
built	iG2583_1286	Escherichia coli O55:H7 str. CB9615	map00010	rn00010	Glycolysis / gluconeogenesis	2704	1919	1283	2704	1919	56	31	0		15	41	26.79	21	10	67.74	104	15	99	0	38	0	results\prokaryote_maps\maps\map00010\iG2583_1286\iG2583_1286_map00010_map.json	results\prokaryote_maps\maps\map00010\iG2583_1286\iG2583_1286_map00010_map.html	results\prokaryote_maps\maps\map00010\iG2583_1286\summary.json	http://bigg.ucsd.edu/static/models/iG2583_1286.xml	2.266	
built	iG2583_1286	Escherichia coli O55:H7 str. CB9615	map00020	rn00020	Citrate cycle (TCA cycle)	2704	1919	1283	2704	1919	29	20	0		7	22	24.14	13	7	65.0	50	7	45	0	16	0	results\prokaryote_maps\maps\map00020\iG2583_1286\iG2583_1286_map00020_map.json	results\prokaryote_maps\maps\map00020\iG2583_1286\iG2583_1286_map00020_map.html	results\prokaryote_maps\maps\map00020\iG2583_1286\summary.json	http://bigg.ucsd.edu/static/models/iG2583_1286.xml	1.769	
built	iG2583_1286	Escherichia coli O55:H7 str. CB9615	map00030	rn00030	Pentose phosphate pathway	2704	1919	1283	2704	1919	58	37	1	R06837	21	37	36.21	26	11	70.27	122	21	122	0	33	0	results\prokaryote_maps\maps\map00030\iG2583_1286\iG2583_1286_map00030_map.json	results\prokaryote_maps\maps\map00030\iG2583_1286\iG2583_1286_map00030_map.html	results\prokaryote_maps\maps\map00030\iG2583_1286\summary.json	http://bigg.ucsd.edu/static/models/iG2583_1286.xml	2.286	
built	iG2583_1286	Escherichia coli O55:H7 str. CB9615	map00680	rn00680	Methane metabolism / C1 metabolism	2704	1919	1283	2704	1919	104	86	3	R08323, R08328, R10397	20	84	19.23	36	50	41.86	142	20	129	0	46	0	results\prokaryote_maps\maps\map00680\iG2583_1286\iG2583_1286_map00680_map.json	results\prokaryote_maps\maps\map00680\iG2583_1286\iG2583_1286_map00680_map.html	results\prokaryote_maps\maps\map00680\iG2583_1286\summary.json	http://bigg.ucsd.edu/static/models/iG2583_1286.xml	3.905	
built	iHN637	Clostridium ljungdahlii DSM 13528	map00010	rn00010	Glycolysis / gluconeogenesis	785	698	637	785	698	56	31	0		13	43	23.21	18	13	58.06	86	13	82	0	29	0	results\prokaryote_maps\maps\map00010\iHN637\iHN637_map00010_map.json	results\prokaryote_maps\maps\map00010\iHN637\iHN637_map00010_map.html	results\prokaryote_maps\maps\map00010\iHN637\summary.json	http://bigg.ucsd.edu/static/models/iHN637.xml	1.723	
built	iHN637	Clostridium ljungdahlii DSM 13528	map00020	rn00020	Citrate cycle (TCA cycle)	785	698	637	785	698	29	20	0		8	21	27.59	13	7	65.0	57	8	53	0	20	0	results\prokaryote_maps\maps\map00020\iHN637\iHN637_map00020_map.json	results\prokaryote_maps\maps\map00020\iHN637\iHN637_map00020_map.html	results\prokaryote_maps\maps\map00020\iHN637\summary.json	http://bigg.ucsd.edu/static/models/iHN637.xml	1.168	
built	iHN637	Clostridium ljungdahlii DSM 13528	map00030	rn00030	Pentose phosphate pathway	785	698	637	785	698	58	37	1	R06837	15	43	25.86	21	16	56.76	85	15	84	0	19	0	results\prokaryote_maps\maps\map00030\iHN637\iHN637_map00030_map.json	results\prokaryote_maps\maps\map00030\iHN637\iHN637_map00030_map.html	results\prokaryote_maps\maps\map00030\iHN637\summary.json	http://bigg.ucsd.edu/static/models/iHN637.xml	1.517	
built	iHN637	Clostridium ljungdahlii DSM 13528	map00680	rn00680	Methane metabolism / C1 metabolism	785	698	637	785	698	104	86	3	R08323, R08328, R10397	13	91	12.5	29	57	33.72	92	13	79	0	24	0	results\prokaryote_maps\maps\map00680\iHN637\iHN637_map00680_map.json	results\prokaryote_maps\maps\map00680\iHN637\iHN637_map00680_map.html	results\prokaryote_maps\maps\map00680\iHN637\summary.json	http://bigg.ucsd.edu/static/models/iHN637.xml	1.881	
built	iIT341	Helicobacter pylori 26695	map00010	rn00010	Glycolysis / gluconeogenesis	554	485	339	554	485	56	31	0		10	46	17.86	18	13	58.06	69	10	62	0	21	0	results\prokaryote_maps\maps\map00010\iIT341\iIT341_map00010_map.json	results\prokaryote_maps\maps\map00010\iIT341\iIT341_map00010_map.html	results\prokaryote_maps\maps\map00010\iIT341\summary.json	http://bigg.ucsd.edu/static/models/iIT341.xml	1.388	
built	iIT341	Helicobacter pylori 26695	map00020	rn00020	Citrate cycle (TCA cycle)	554	485	339	554	485	29	20	0		2	27	6.9	12	8	60.0	22	2	13	0	4	0	results\prokaryote_maps\maps\map00020\iIT341\iIT341_map00020_map.json	results\prokaryote_maps\maps\map00020\iIT341\iIT341_map00020_map.html	results\prokaryote_maps\maps\map00020\iIT341\summary.json	http://bigg.ucsd.edu/static/models/iIT341.xml	1.283	
built	iIT341	Helicobacter pylori 26695	map00030	rn00030	Pentose phosphate pathway	554	485	339	554	485	58	37	1	R06837	13	45	22.41	21	16	56.76	72	13	69	0	12	0	results\prokaryote_maps\maps\map00030\iIT341\iIT341_map00030_map.json	results\prokaryote_maps\maps\map00030\iIT341\iIT341_map00030_map.html	results\prokaryote_maps\maps\map00030\iIT341\summary.json	http://bigg.ucsd.edu/static/models/iIT341.xml	1.427	
built	iIT341	Helicobacter pylori 26695	map00680	rn00680	Methane metabolism / C1 metabolism	554	485	339	554	485	104	86	3	R08323, R08328, R10397	12	92	11.54	26	60	30.23	86	12	75	0	24	0	results\prokaryote_maps\maps\map00680\iIT341\iIT341_map00680_map.json	results\prokaryote_maps\maps\map00680\iIT341\iIT341_map00680_map.html	results\prokaryote_maps\maps\map00680\iIT341\summary.json	http://bigg.ucsd.edu/static/models/iIT341.xml	1.565	
built	iJB785	Synechococcus elongatus PCC 7942	map00010	rn00010	Glycolysis / gluconeogenesis	849	768	785	849	768	56	31	0		14	42	25.0	17	14	54.84	93	14	92	0	34	0	results\prokaryote_maps\maps\map00010\iJB785\iJB785_map00010_map.json	results\prokaryote_maps\maps\map00010\iJB785\iJB785_map00010_map.html	results\prokaryote_maps\maps\map00010\iJB785\summary.json	http://bigg.ucsd.edu/static/models/iJB785.xml	1.665	
built	iJB785	Synechococcus elongatus PCC 7942	map00020	rn00020	Citrate cycle (TCA cycle)	849	768	785	849	768	29	20	0		3	26	10.34	12	8	60.0	27	3	20	0	6	0	results\prokaryote_maps\maps\map00020\iJB785\iJB785_map00020_map.json	results\prokaryote_maps\maps\map00020\iJB785\iJB785_map00020_map.html	results\prokaryote_maps\maps\map00020\iJB785\summary.json	http://bigg.ucsd.edu/static/models/iJB785.xml	1.225	
built	iJB785	Synechococcus elongatus PCC 7942	map00030	rn00030	Pentose phosphate pathway	849	768	785	849	768	58	37	1	R06837	11	47	18.97	18	19	48.65	69	11	66	0	18	0	results\prokaryote_maps\maps\map00030\iJB785\iJB785_map00030_map.json	results\prokaryote_maps\maps\map00030\iJB785\iJB785_map00030_map.html	results\prokaryote_maps\maps\map00030\iJB785\summary.json	http://bigg.ucsd.edu/static/models/iJB785.xml	1.577	
built	iJB785	Synechococcus elongatus PCC 7942	map00680	rn00680	Methane metabolism / C1 metabolism	849	768	785	849	768	104	86	3	R08323, R08328, R10397	16	88	15.38	33	53	38.37	116	16	102	0	35	0	results\prokaryote_maps\maps\map00680\iJB785\iJB785_map00680_map.json	results\prokaryote_maps\maps\map00680\iJB785\iJB785_map00680_map.html	results\prokaryote_maps\maps\map00680\iJB785\summary.json	http://bigg.ucsd.edu/static/models/iJB785.xml	1.866	
built	iJN1463	Pseudomonas putida KT2440	map00010	rn00010	Glycolysis / gluconeogenesis	2927	2153	1462	2927	2153	56	31	0		15	41	26.79	19	12	61.29	103	15	100	0	39	0	results\prokaryote_maps\maps\map00010\iJN1463\iJN1463_map00010_map.json	results\prokaryote_maps\maps\map00010\iJN1463\iJN1463_map00010_map.html	results\prokaryote_maps\maps\map00010\iJN1463\summary.json	http://bigg.ucsd.edu/static/models/iJN1463.xml	2.386	
built	iJN1463	Pseudomonas putida KT2440	map00020	rn00020	Citrate cycle (TCA cycle)	2927	2153	1462	2927	2153	29	20	0		8	21	27.59	13	7	65.0	58	8	54	0	21	0	results\prokaryote_maps\maps\map00020\iJN1463\iJN1463_map00020_map.json	results\prokaryote_maps\maps\map00020\iJN1463\iJN1463_map00020_map.html	results\prokaryote_maps\maps\map00020\iJN1463\summary.json	http://bigg.ucsd.edu/static/models/iJN1463.xml	1.788	
built	iJN1463	Pseudomonas putida KT2440	map00030	rn00030	Pentose phosphate pathway	2927	2153	1462	2927	2153	58	37	1	R06837	20	38	34.48	26	11	70.27	121	20	120	0	35	0	results\prokaryote_maps\maps\map00030\iJN1463\iJN1463_map00030_map.json	results\prokaryote_maps\maps\map00030\iJN1463\iJN1463_map00030_map.html	results\prokaryote_maps\maps\map00030\iJN1463\summary.json	http://bigg.ucsd.edu/static/models/iJN1463.xml	2.188	
built	iJN1463	Pseudomonas putida KT2440	map00680	rn00680	Methane metabolism / C1 metabolism	2927	2153	1462	2927	2153	104	86	3	R08323, R08328, R10397	20	84	19.23	34	52	39.53	140	20	130	0	46	0	results\prokaryote_maps\maps\map00680\iJN1463\iJN1463_map00680_map.json	results\prokaryote_maps\maps\map00680\iJN1463\iJN1463_map00680_map.html	results\prokaryote_maps\maps\map00680\iJN1463\summary.json	http://bigg.ucsd.edu/static/models/iJN1463.xml	3.624	
built	iJN678	Synechocystis sp. PCC 6803	map00010	rn00010	Glycolysis / gluconeogenesis	863	795	622	863	795	56	31	0		17	39	30.36	20	11	64.52	116	17	114	0	45	0	results\prokaryote_maps\maps\map00010\iJN678\iJN678_map00010_map.json	results\prokaryote_maps\maps\map00010\iJN678\iJN678_map00010_map.html	results\prokaryote_maps\maps\map00010\iJN678\summary.json	http://bigg.ucsd.edu/static/models/iJN678.xml	1.662	
built	iJN678	Synechocystis sp. PCC 6803	map00020	rn00020	Citrate cycle (TCA cycle)	863	795	622	863	795	29	20	0		5	24	17.24	12	8	60.0	43	5	37	0	16	0	results\prokaryote_maps\maps\map00020\iJN678\iJN678_map00020_map.json	results\prokaryote_maps\maps\map00020\iJN678\iJN678_map00020_map.html	results\prokaryote_maps\maps\map00020\iJN678\summary.json	http://bigg.ucsd.edu/static/models/iJN678.xml	1.314	
built	iJN678	Synechocystis sp. PCC 6803	map00030	rn00030	Pentose phosphate pathway	863	795	622	863	795	58	37	1	R06837	15	43	25.86	24	13	64.86	93	15	88	0	24	0	results\prokaryote_maps\maps\map00030\iJN678\iJN678_map00030_map.json	results\prokaryote_maps\maps\map00030\iJN678\iJN678_map00030_map.html	results\prokaryote_maps\maps\map00030\iJN678\summary.json	http://bigg.ucsd.edu/static/models/iJN678.xml	1.661	
built	iJN678	Synechocystis sp. PCC 6803	map00680	rn00680	Methane metabolism / C1 metabolism	863	795	622	863	795	104	86	3	R08323, R08328, R10397	16	88	15.38	29	57	33.72	113	16	105	0	36	0	results\prokaryote_maps\maps\map00680\iJN678\iJN678_map00680_map.json	results\prokaryote_maps\maps\map00680\iJN678\iJN678_map00680_map.html	results\prokaryote_maps\maps\map00680\iJN678\summary.json	http://bigg.ucsd.edu/static/models/iJN678.xml	1.929	
built	iJN746	Pseudomonas putida KT2440	map00010	rn00010	Glycolysis / gluconeogenesis	1054	907	746	1054	907	56	31	0		12	44	21.43	18	13	58.06	82	12	77	0	28	0	results\prokaryote_maps\maps\map00010\iJN746\iJN746_map00010_map.json	results\prokaryote_maps\maps\map00010\iJN746\iJN746_map00010_map.html	results\prokaryote_maps\maps\map00010\iJN746\summary.json	http://bigg.ucsd.edu/static/models/iJN746.xml	1.594	
built	iJN746	Pseudomonas putida KT2440	map00020	rn00020	Citrate cycle (TCA cycle)	1054	907	746	1054	907	29	20	0		7	22	24.14	12	8	60.0	51	7	47	0	18	0	results\prokaryote_maps\maps\map00020\iJN746\iJN746_map00020_map.json	results\prokaryote_maps\maps\map00020\iJN746\iJN746_map00020_map.html	results\prokaryote_maps\maps\map00020\iJN746\summary.json	http://bigg.ucsd.edu/static/models/iJN746.xml	1.321	
built	iJN746	Pseudomonas putida KT2440	map00030	rn00030	Pentose phosphate pathway	1054	907	746	1054	907	58	37	1	R06837	19	39	32.76	26	11	70.27	115	19	113	0	32	0	results\prokaryote_maps\maps\map00030\iJN746\iJN746_map00030_map.json	results\prokaryote_maps\maps\map00030\iJN746\iJN746_map00030_map.html	results\prokaryote_maps\maps\map00030\iJN746\summary.json	http://bigg.ucsd.edu/static/models/iJN746.xml	1.587	
built	iJN746	Pseudomonas putida KT2440	map00680	rn00680	Methane metabolism / C1 metabolism	1054	907	746	1054	907	104	86	3	R08323, R08328, R10397	16	88	15.38	30	56	34.88	113	16	102	0	35	0	results\prokaryote_maps\maps\map00680\iJN746\iJN746_map00680_map.json	results\prokaryote_maps\maps\map00680\iJN746\iJN746_map00680_map.html	results\prokaryote_maps\maps\map00680\iJN746\summary.json	http://bigg.ucsd.edu/static/models/iJN746.xml	2.218	
built	iJO1366	Escherichia coli str. K-12 substr. MG1655	map00010	rn00010	Glycolysis / gluconeogenesis	2583	1805	1367	2583	1805	56	31	0		15	41	26.79	20	11	64.52	103	15	99	0	38	0	results\prokaryote_maps\maps\map00010\iJO1366\iJO1366_map00010_map.json	results\prokaryote_maps\maps\map00010\iJO1366\iJO1366_map00010_map.html	results\prokaryote_maps\maps\map00010\iJO1366\summary.json	http://bigg.ucsd.edu/static/models/iJO1366.xml	2.28	
built	iJO1366	Escherichia coli str. K-12 substr. MG1655	map00020	rn00020	Citrate cycle (TCA cycle)	2583	1805	1367	2583	1805	29	20	0		7	22	24.14	13	7	65.0	50	7	45	0	16	0	results\prokaryote_maps\maps\map00020\iJO1366\iJO1366_map00020_map.json	results\prokaryote_maps\maps\map00020\iJO1366\iJO1366_map00020_map.html	results\prokaryote_maps\maps\map00020\iJO1366\summary.json	http://bigg.ucsd.edu/static/models/iJO1366.xml	1.718	
built	iJO1366	Escherichia coli str. K-12 substr. MG1655	map00030	rn00030	Pentose phosphate pathway	2583	1805	1367	2583	1805	58	37	1	R06837	21	37	36.21	25	12	67.57	121	21	122	0	33	0	results\prokaryote_maps\maps\map00030\iJO1366\iJO1366_map00030_map.json	results\prokaryote_maps\maps\map00030\iJO1366\iJO1366_map00030_map.html	results\prokaryote_maps\maps\map00030\iJO1366\summary.json	http://bigg.ucsd.edu/static/models/iJO1366.xml	2.301	
built	iJO1366	Escherichia coli str. K-12 substr. MG1655	map00680	rn00680	Methane metabolism / C1 metabolism	2583	1805	1367	2583	1805	104	86	3	R08323, R08328, R10397	21	83	20.19	36	50	41.86	147	21	135	0	48	0	results\prokaryote_maps\maps\map00680\iJO1366\iJO1366_map00680_map.json	results\prokaryote_maps\maps\map00680\iJO1366\iJO1366_map00680_map.html	results\prokaryote_maps\maps\map00680\iJO1366\summary.json	http://bigg.ucsd.edu/static/models/iJO1366.xml	3.455	
built	iJR904	Escherichia coli str. K-12 substr. MG1655	map00010	rn00010	Glycolysis / gluconeogenesis	1075	761	904	1075	761	56	31	0		13	43	23.21	19	12	61.29	89	13	84	0	31	0	results\prokaryote_maps\maps\map00010\iJR904\iJR904_map00010_map.json	results\prokaryote_maps\maps\map00010\iJR904\iJR904_map00010_map.html	results\prokaryote_maps\maps\map00010\iJR904\summary.json	http://bigg.ucsd.edu/static/models/iJR904.xml	1.84	
built	iJR904	Escherichia coli str. K-12 substr. MG1655	map00020	rn00020	Citrate cycle (TCA cycle)	1075	761	904	1075	761	29	20	0		5	24	17.24	12	8	60.0	41	5	35	0	14	0	results\prokaryote_maps\maps\map00020\iJR904\iJR904_map00020_map.json	results\prokaryote_maps\maps\map00020\iJR904\iJR904_map00020_map.html	results\prokaryote_maps\maps\map00020\iJR904\summary.json	http://bigg.ucsd.edu/static/models/iJR904.xml	1.282	
built	iJR904	Escherichia coli str. K-12 substr. MG1655	map00030	rn00030	Pentose phosphate pathway	1075	761	904	1075	761	58	37	1	R06837	19	39	32.76	25	12	67.57	110	19	109	0	28	0	results\prokaryote_maps\maps\map00030\iJR904\iJR904_map00030_map.json	results\prokaryote_maps\maps\map00030\iJR904\iJR904_map00030_map.html	results\prokaryote_maps\maps\map00030\iJR904\summary.json	http://bigg.ucsd.edu/static/models/iJR904.xml	1.681	
built	iJR904	Escherichia coli str. K-12 substr. MG1655	map00680	rn00680	Methane metabolism / C1 metabolism	1075	761	904	1075	761	104	86	3	R08323, R08328, R10397	17	87	16.35	31	55	36.05	120	17	109	0	38	0	results\prokaryote_maps\maps\map00680\iJR904\iJR904_map00680_map.json	results\prokaryote_maps\maps\map00680\iJR904\iJR904_map00680_map.html	results\prokaryote_maps\maps\map00680\iJR904\summary.json	http://bigg.ucsd.edu/static/models/iJR904.xml	2.346	
built	iLF82_1304	Escherichia coli LF82	map00010	rn00010	Glycolysis / gluconeogenesis	2726	1938	1302	2726	1938	56	31	0		15	41	26.79	22	9	70.97	105	15	99	0	38	0	results\prokaryote_maps\maps\map00010\iLF82_1304\iLF82_1304_map00010_map.json	results\prokaryote_maps\maps\map00010\iLF82_1304\iLF82_1304_map00010_map.html	results\prokaryote_maps\maps\map00010\iLF82_1304\summary.json	http://bigg.ucsd.edu/static/models/iLF82_1304.xml	2.72	
built	iLF82_1304	Escherichia coli LF82	map00020	rn00020	Citrate cycle (TCA cycle)	2726	1938	1302	2726	1938	29	20	0		7	22	24.14	13	7	65.0	50	7	45	0	16	0	results\prokaryote_maps\maps\map00020\iLF82_1304\iLF82_1304_map00020_map.json	results\prokaryote_maps\maps\map00020\iLF82_1304\iLF82_1304_map00020_map.html	results\prokaryote_maps\maps\map00020\iLF82_1304\summary.json	http://bigg.ucsd.edu/static/models/iLF82_1304.xml	1.818	
built	iLF82_1304	Escherichia coli LF82	map00030	rn00030	Pentose phosphate pathway	2726	1938	1302	2726	1938	58	37	1	R06837	21	37	36.21	26	11	70.27	122	21	122	0	33	0	results\prokaryote_maps\maps\map00030\iLF82_1304\iLF82_1304_map00030_map.json	results\prokaryote_maps\maps\map00030\iLF82_1304\iLF82_1304_map00030_map.html	results\prokaryote_maps\maps\map00030\iLF82_1304\summary.json	http://bigg.ucsd.edu/static/models/iLF82_1304.xml	2.123	
built	iLF82_1304	Escherichia coli LF82	map00680	rn00680	Methane metabolism / C1 metabolism	2726	1938	1302	2726	1938	104	86	3	R08323, R08328, R10397	21	83	20.19	36	50	41.86	147	21	135	0	48	0	results\prokaryote_maps\maps\map00680\iLF82_1304\iLF82_1304_map00680_map.json	results\prokaryote_maps\maps\map00680\iLF82_1304\iLF82_1304_map00680_map.html	results\prokaryote_maps\maps\map00680\iLF82_1304\summary.json	http://bigg.ucsd.edu/static/models/iLF82_1304.xml	3.806	
built	iLJ478	Thermotoga maritima MSB8	map00010	rn00010	Glycolysis / gluconeogenesis	652	570	482	652	570	56	31	0		13	43	23.21	19	12	61.29	85	13	80	0	27	0	results\prokaryote_maps\maps\map00010\iLJ478\iLJ478_map00010_map.json	results\prokaryote_maps\maps\map00010\iLJ478\iLJ478_map00010_map.html	results\prokaryote_maps\maps\map00010\iLJ478\summary.json	http://bigg.ucsd.edu/static/models/iLJ478.xml	1.624	
built	iLJ478	Thermotoga maritima MSB8	map00020	rn00020	Citrate cycle (TCA cycle)	652	570	482	652	570	29	20	0		5	24	17.24	12	8	60.0	43	5	37	0	16	0	results\prokaryote_maps\maps\map00020\iLJ478\iLJ478_map00020_map.json	results\prokaryote_maps\maps\map00020\iLJ478\iLJ478_map00020_map.html	results\prokaryote_maps\maps\map00020\iLJ478\summary.json	http://bigg.ucsd.edu/static/models/iLJ478.xml	1.196	
built	iLJ478	Thermotoga maritima MSB8	map00030	rn00030	Pentose phosphate pathway	652	570	482	652	570	58	37	1	R06837	21	37	36.21	26	11	70.27	123	21	123	0	34	0	results\prokaryote_maps\maps\map00030\iLJ478\iLJ478_map00030_map.json	results\prokaryote_maps\maps\map00030\iLJ478\iLJ478_map00030_map.html	results\prokaryote_maps\maps\map00030\iLJ478\summary.json	http://bigg.ucsd.edu/static/models/iLJ478.xml	1.423	
built	iLJ478	Thermotoga maritima MSB8	map00680	rn00680	Methane metabolism / C1 metabolism	652	570	482	652	570	104	86	3	R08323, R08328, R10397	12	92	11.54	29	57	33.72	88	12	74	0	23	0	results\prokaryote_maps\maps\map00680\iLJ478\iLJ478_map00680_map.json	results\prokaryote_maps\maps\map00680\iLJ478\iLJ478_map00680_map.html	results\prokaryote_maps\maps\map00680\iLJ478\summary.json	http://bigg.ucsd.edu/static/models/iLJ478.xml	1.653	
built	iML1515	Escherichia coli str. K-12 substr. MG1655	map00010	rn00010	Glycolysis / gluconeogenesis	2712	1877	1516	2712	1877	56	31	0		14	42	25.0	20	11	64.52	96	14	91	0	34	0	results\prokaryote_maps\maps\map00010\iML1515\iML1515_map00010_map.json	results\prokaryote_maps\maps\map00010\iML1515\iML1515_map00010_map.html	results\prokaryote_maps\maps\map00010\iML1515\summary.json	http://bigg.ucsd.edu/static/models/iML1515.xml	2.301	
built	iML1515	Escherichia coli str. K-12 substr. MG1655	map00020	rn00020	Citrate cycle (TCA cycle)	2712	1877	1516	2712	1877	29	20	0		7	22	24.14	13	7	65.0	50	7	45	0	16	0	results\prokaryote_maps\maps\map00020\iML1515\iML1515_map00020_map.json	results\prokaryote_maps\maps\map00020\iML1515\iML1515_map00020_map.html	results\prokaryote_maps\maps\map00020\iML1515\summary.json	http://bigg.ucsd.edu/static/models/iML1515.xml	1.573	
built	iML1515	Escherichia coli str. K-12 substr. MG1655	map00030	rn00030	Pentose phosphate pathway	2712	1877	1516	2712	1877	58	37	1	R06837	21	37	36.21	25	12	67.57	121	21	122	0	33	0	results\prokaryote_maps\maps\map00030\iML1515\iML1515_map00030_map.json	results\prokaryote_maps\maps\map00030\iML1515\iML1515_map00030_map.html	results\prokaryote_maps\maps\map00030\iML1515\summary.json	http://bigg.ucsd.edu/static/models/iML1515.xml	1.971	
built	iML1515	Escherichia coli str. K-12 substr. MG1655	map00680	rn00680	Methane metabolism / C1 metabolism	2712	1877	1516	2712	1877	104	86	3	R08323, R08328, R10397	21	83	20.19	37	49	43.02	148	21	135	0	48	0	results\prokaryote_maps\maps\map00680\iML1515\iML1515_map00680_map.json	results\prokaryote_maps\maps\map00680\iML1515\iML1515_map00680_map.html	results\prokaryote_maps\maps\map00680\iML1515\summary.json	http://bigg.ucsd.edu/static/models/iML1515.xml	3.621	
built	iNF517	Lactococcus lactis subsp. cremoris MG1363	map00010	rn00010	Glycolysis / gluconeogenesis	754	650	516	754	650	56	31	0		11	45	19.64	21	10	67.74	75	11	66	0	21	0	results\prokaryote_maps\maps\map00010\iNF517\iNF517_map00010_map.json	results\prokaryote_maps\maps\map00010\iNF517\iNF517_map00010_map.html	results\prokaryote_maps\maps\map00010\iNF517\summary.json	http://bigg.ucsd.edu/static/models/iNF517.xml	1.634	
built	iNF517	Lactococcus lactis subsp. cremoris MG1363	map00020	rn00020	Citrate cycle (TCA cycle)	754	650	516	754	650	29	20	0		2	27	6.9	12	8	60.0	26	2	17	0	8	0	results\prokaryote_maps\maps\map00020\iNF517\iNF517_map00020_map.json	results\prokaryote_maps\maps\map00020\iNF517\iNF517_map00020_map.html	results\prokaryote_maps\maps\map00020\iNF517\summary.json	http://bigg.ucsd.edu/static/models/iNF517.xml	1.202	
built	iNF517	Lactococcus lactis subsp. cremoris MG1363	map00030	rn00030	Pentose phosphate pathway	754	650	516	754	650	58	37	1	R06837	16	42	27.59	25	12	67.57	97	16	91	0	24	0	results\prokaryote_maps\maps\map00030\iNF517\iNF517_map00030_map.json	results\prokaryote_maps\maps\map00030\iNF517\iNF517_map00030_map.html	results\prokaryote_maps\maps\map00030\iNF517\summary.json	http://bigg.ucsd.edu/static/models/iNF517.xml	1.654	
built	iNF517	Lactococcus lactis subsp. cremoris MG1363	map00680	rn00680	Methane metabolism / C1 metabolism	754	650	516	754	650	104	86	3	R08323, R08328, R10397	11	93	10.58	26	60	30.23	77	11	65	0	18	0	results\prokaryote_maps\maps\map00680\iNF517\iNF517_map00680_map.json	results\prokaryote_maps\maps\map00680\iNF517\iNF517_map00680_map.html	results\prokaryote_maps\maps\map00680\iNF517\summary.json	http://bigg.ucsd.edu/static/models/iNF517.xml	2.2	
built	iNJ661	Mycobacterium tuberculosis H37Rv	map00010	rn00010	Glycolysis / gluconeogenesis	1025	825	661	1025	825	56	31	0		15	41	26.79	17	14	54.84	99	15	98	0	37	0	results\prokaryote_maps\maps\map00010\iNJ661\iNJ661_map00010_map.json	results\prokaryote_maps\maps\map00010\iNJ661\iNJ661_map00010_map.html	results\prokaryote_maps\maps\map00010\iNJ661\summary.json	http://bigg.ucsd.edu/static/models/iNJ661.xml	1.589	
built	iNJ661	Mycobacterium tuberculosis H37Rv	map00020	rn00020	Citrate cycle (TCA cycle)	1025	825	661	1025	825	29	20	0		7	22	24.14	12	8	60.0	55	7	51	0	22	0	results\prokaryote_maps\maps\map00020\iNJ661\iNJ661_map00020_map.json	results\prokaryote_maps\maps\map00020\iNJ661\iNJ661_map00020_map.html	results\prokaryote_maps\maps\map00020\iNJ661\summary.json	http://bigg.ucsd.edu/static/models/iNJ661.xml	1.329	
built	iNJ661	Mycobacterium tuberculosis H37Rv	map00030	rn00030	Pentose phosphate pathway	1025	825	661	1025	825	58	37	1	R06837	12	46	20.69	21	16	56.76	75	12	70	0	18	0	results\prokaryote_maps\maps\map00030\iNJ661\iNJ661_map00030_map.json	results\prokaryote_maps\maps\map00030\iNJ661\iNJ661_map00030_map.html	results\prokaryote_maps\maps\map00030\iNJ661\summary.json	http://bigg.ucsd.edu/static/models/iNJ661.xml	1.587	
built	iNJ661	Mycobacterium tuberculosis H37Rv	map00680	rn00680	Methane metabolism / C1 metabolism	1025	825	661	1025	825	104	86	3	R08323, R08328, R10397	16	88	15.38	30	56	34.88	111	16	100	0	33	0	results\prokaryote_maps\maps\map00680\iNJ661\iNJ661_map00680_map.json	results\prokaryote_maps\maps\map00680\iNJ661\iNJ661_map00680_map.html	results\prokaryote_maps\maps\map00680\iNJ661\summary.json	http://bigg.ucsd.edu/static/models/iNJ661.xml	2.174	
built	iNRG857_1313	Escherichia coli O83:H1 str. NRG 857C	map00010	rn00010	Glycolysis / gluconeogenesis	2735	1943	1311	2735	1943	56	31	0		15	41	26.79	22	9	70.97	105	15	99	0	38	0	results\prokaryote_maps\maps\map00010\iNRG857_1313\iNRG857_1313_map00010_map.json	results\prokaryote_maps\maps\map00010\iNRG857_1313\iNRG857_1313_map00010_map.html	results\prokaryote_maps\maps\map00010\iNRG857_1313\summary.json	http://bigg.ucsd.edu/static/models/iNRG857_1313.xml	2.347	
built	iNRG857_1313	Escherichia coli O83:H1 str. NRG 857C	map00020	rn00020	Citrate cycle (TCA cycle)	2735	1943	1311	2735	1943	29	20	0		7	22	24.14	13	7	65.0	50	7	45	0	16	0	results\prokaryote_maps\maps\map00020\iNRG857_1313\iNRG857_1313_map00020_map.json	results\prokaryote_maps\maps\map00020\iNRG857_1313\iNRG857_1313_map00020_map.html	results\prokaryote_maps\maps\map00020\iNRG857_1313\summary.json	http://bigg.ucsd.edu/static/models/iNRG857_1313.xml	1.772	
built	iNRG857_1313	Escherichia coli O83:H1 str. NRG 857C	map00030	rn00030	Pentose phosphate pathway	2735	1943	1311	2735	1943	58	37	1	R06837	21	37	36.21	26	11	70.27	122	21	122	0	33	0	results\prokaryote_maps\maps\map00030\iNRG857_1313\iNRG857_1313_map00030_map.json	results\prokaryote_maps\maps\map00030\iNRG857_1313\iNRG857_1313_map00030_map.html	results\prokaryote_maps\maps\map00030\iNRG857_1313\summary.json	http://bigg.ucsd.edu/static/models/iNRG857_1313.xml	2.22	
built	iNRG857_1313	Escherichia coli O83:H1 str. NRG 857C	map00680	rn00680	Methane metabolism / C1 metabolism	2735	1943	1311	2735	1943	104	86	3	R08323, R08328, R10397	21	83	20.19	36	50	41.86	147	21	135	0	48	0	results\prokaryote_maps\maps\map00680\iNRG857_1313\iNRG857_1313_map00680_map.json	results\prokaryote_maps\maps\map00680\iNRG857_1313\iNRG857_1313_map00680_map.html	results\prokaryote_maps\maps\map00680\iNRG857_1313\summary.json	http://bigg.ucsd.edu/static/models/iNRG857_1313.xml	3.849	
built	iPC815	Yersinia pestis CO92	map00010	rn00010	Glycolysis / gluconeogenesis	1961	1552	815	1961	1552	56	31	0		14	42	25.0	18	13	58.06	93	14	90	0	33	0	results\prokaryote_maps\maps\map00010\iPC815\iPC815_map00010_map.json	results\prokaryote_maps\maps\map00010\iPC815\iPC815_map00010_map.html	results\prokaryote_maps\maps\map00010\iPC815\summary.json	http://bigg.ucsd.edu/static/models/iPC815.xml	2.158	
built	iPC815	Yersinia pestis CO92	map00020	rn00020	Citrate cycle (TCA cycle)	1961	1552	815	1961	1552	29	20	0		7	22	24.14	13	7	65.0	50	7	45	0	16	0	results\prokaryote_maps\maps\map00020\iPC815\iPC815_map00020_map.json	results\prokaryote_maps\maps\map00020\iPC815\iPC815_map00020_map.html	results\prokaryote_maps\maps\map00020\iPC815\summary.json	http://bigg.ucsd.edu/static/models/iPC815.xml	1.556	
built	iPC815	Yersinia pestis CO92	map00030	rn00030	Pentose phosphate pathway	1961	1552	815	1961	1552	58	37	1	R06837	21	37	36.21	26	11	70.27	122	21	122	0	33	0	results\prokaryote_maps\maps\map00030\iPC815\iPC815_map00030_map.json	results\prokaryote_maps\maps\map00030\iPC815\iPC815_map00030_map.html	results\prokaryote_maps\maps\map00030\iPC815\summary.json	http://bigg.ucsd.edu/static/models/iPC815.xml	2.116	
built	iPC815	Yersinia pestis CO92	map00680	rn00680	Methane metabolism / C1 metabolism	1961	1552	815	1961	1552	104	86	3	R08323, R08328, R10397	19	85	18.27	35	51	40.7	137	19	124	0	45	0	results\prokaryote_maps\maps\map00680\iPC815\iPC815_map00680_map.json	results\prokaryote_maps\maps\map00680\iPC815\iPC815_map00680_map.html	results\prokaryote_maps\maps\map00680\iPC815\summary.json	http://bigg.ucsd.edu/static/models/iPC815.xml	3.398	
built	iS_1188	Shigella flexneri 2a str. 2457T	map00010	rn00010	Glycolysis / gluconeogenesis	2619	1914	1188	2619	1914	56	31	0		14	42	25.0	21	10	67.74	97	14	91	0	34	0	results\prokaryote_maps\maps\map00010\iS_1188\iS_1188_map00010_map.json	results\prokaryote_maps\maps\map00010\iS_1188\iS_1188_map00010_map.html	results\prokaryote_maps\maps\map00010\iS_1188\summary.json	http://bigg.ucsd.edu/static/models/iS_1188.xml	2.587	
built	iS_1188	Shigella flexneri 2a str. 2457T	map00020	rn00020	Citrate cycle (TCA cycle)	2619	1914	1188	2619	1914	29	20	0		7	22	24.14	13	7	65.0	50	7	45	0	16	0	results\prokaryote_maps\maps\map00020\iS_1188\iS_1188_map00020_map.json	results\prokaryote_maps\maps\map00020\iS_1188\iS_1188_map00020_map.html	results\prokaryote_maps\maps\map00020\iS_1188\summary.json	http://bigg.ucsd.edu/static/models/iS_1188.xml	2.014	
built	iS_1188	Shigella flexneri 2a str. 2457T	map00030	rn00030	Pentose phosphate pathway	2619	1914	1188	2619	1914	58	37	1	R06837	20	38	34.48	26	11	70.27	117	20	116	0	31	0	results\prokaryote_maps\maps\map00030\iS_1188\iS_1188_map00030_map.json	results\prokaryote_maps\maps\map00030\iS_1188\iS_1188_map00030_map.html	results\prokaryote_maps\maps\map00030\iS_1188\summary.json	http://bigg.ucsd.edu/static/models/iS_1188.xml	2.299	
built	iS_1188	Shigella flexneri 2a str. 2457T	map00680	rn00680	Methane metabolism / C1 metabolism	2619	1914	1188	2619	1914	104	86	3	R08323, R08328, R10397	17	87	16.35	35	51	40.7	122	17	107	0	36	0	results\prokaryote_maps\maps\map00680\iS_1188\iS_1188_map00680_map.json	results\prokaryote_maps\maps\map00680\iS_1188\iS_1188_map00680_map.html	results\prokaryote_maps\maps\map00680\iS_1188\summary.json	http://bigg.ucsd.edu/static/models/iS_1188.xml	4.165	
built	iSB619	Staphylococcus aureus subsp. aureus N315	map00010	rn00010	Glycolysis / gluconeogenesis	743	655	619	743	655	56	31	0		14	42	25.0	20	11	64.52	94	14	89	0	32	0	results\prokaryote_maps\maps\map00010\iSB619\iSB619_map00010_map.json	results\prokaryote_maps\maps\map00010\iSB619\iSB619_map00010_map.html	results\prokaryote_maps\maps\map00010\iSB619\summary.json	http://bigg.ucsd.edu/static/models/iSB619.xml	1.802	
built	iSB619	Staphylococcus aureus subsp. aureus N315	map00020	rn00020	Citrate cycle (TCA cycle)	743	655	619	743	655	29	20	0		6	23	20.69	12	8	60.0	49	6	44	0	19	0	results\prokaryote_maps\maps\map00020\iSB619\iSB619_map00020_map.json	results\prokaryote_maps\maps\map00020\iSB619\iSB619_map00020_map.html	results\prokaryote_maps\maps\map00020\iSB619\summary.json	http://bigg.ucsd.edu/static/models/iSB619.xml	1.314	
built	iSB619	Staphylococcus aureus subsp. aureus N315	map00030	rn00030	Pentose phosphate pathway	743	655	619	743	655	58	37	1	R06837	15	43	25.86	23	14	62.16	90	15	86	0	22	0	results\prokaryote_maps\maps\map00030\iSB619\iSB619_map00030_map.json	results\prokaryote_maps\maps\map00030\iSB619\iSB619_map00030_map.html	results\prokaryote_maps\maps\map00030\iSB619\summary.json	http://bigg.ucsd.edu/static/models/iSB619.xml	1.596	
built	iSB619	Staphylococcus aureus subsp. aureus N315	map00680	rn00680	Methane metabolism / C1 metabolism	743	655	619	743	655	104	86	3	R08323, R08328, R10397	17	87	16.35	30	56	34.88	117	17	107	0	36	0	results\prokaryote_maps\maps\map00680\iSB619\iSB619_map00680_map.json	results\prokaryote_maps\maps\map00680\iSB619\iSB619_map00680_map.html	results\prokaryote_maps\maps\map00680\iSB619\summary.json	http://bigg.ucsd.edu/static/models/iSB619.xml	2.419	
built	iSbBS512_1146	Shigella boydii CDC 3083-94	map00010	rn00010	Glycolysis / gluconeogenesis	2591	1910	1147	2591	1910	56	31	0		15	41	26.79	21	10	67.74	104	15	99	0	38	0	results\prokaryote_maps\maps\map00010\iSbBS512_1146\iSbBS512_1146_map00010_map.json	results\prokaryote_maps\maps\map00010\iSbBS512_1146\iSbBS512_1146_map00010_map.html	results\prokaryote_maps\maps\map00010\iSbBS512_1146\summary.json	http://bigg.ucsd.edu/static/models/iSbBS512_1146.xml	2.671	
built	iSbBS512_1146	Shigella boydii CDC 3083-94	map00020	rn00020	Citrate cycle (TCA cycle)	2591	1910	1147	2591	1910	29	20	0		7	22	24.14	13	7	65.0	50	7	45	0	16	0	results\prokaryote_maps\maps\map00020\iSbBS512_1146\iSbBS512_1146_map00020_map.json	results\prokaryote_maps\maps\map00020\iSbBS512_1146\iSbBS512_1146_map00020_map.html	results\prokaryote_maps\maps\map00020\iSbBS512_1146\summary.json	http://bigg.ucsd.edu/static/models/iSbBS512_1146.xml	1.995	
built	iSbBS512_1146	Shigella boydii CDC 3083-94	map00030	rn00030	Pentose phosphate pathway	2591	1910	1147	2591	1910	58	37	1	R06837	20	38	34.48	26	11	70.27	117	20	116	0	31	0	results\prokaryote_maps\maps\map00030\iSbBS512_1146\iSbBS512_1146_map00030_map.json	results\prokaryote_maps\maps\map00030\iSbBS512_1146\iSbBS512_1146_map00030_map.html	results\prokaryote_maps\maps\map00030\iSbBS512_1146\summary.json	http://bigg.ucsd.edu/static/models/iSbBS512_1146.xml	2.375	
built	iSbBS512_1146	Shigella boydii CDC 3083-94	map00680	rn00680	Methane metabolism / C1 metabolism	2591	1910	1147	2591	1910	104	86	3	R08323, R08328, R10397	20	84	19.23	36	50	41.86	142	20	129	0	46	0	results\prokaryote_maps\maps\map00680\iSbBS512_1146\iSbBS512_1146_map00680_map.json	results\prokaryote_maps\maps\map00680\iSbBS512_1146\iSbBS512_1146_map00680_map.html	results\prokaryote_maps\maps\map00680\iSbBS512_1146\summary.json	http://bigg.ucsd.edu/static/models/iSbBS512_1146.xml	4.675	
built	iSBO_1134	Shigella boydii Sb227	map00010	rn00010	Glycolysis / gluconeogenesis	2591	1908	1134	2591	1908	56	31	0		14	42	25.0	21	10	67.74	97	14	91	0	34	0	results\prokaryote_maps\maps\map00010\iSBO_1134\iSBO_1134_map00010_map.json	results\prokaryote_maps\maps\map00010\iSBO_1134\iSBO_1134_map00010_map.html	results\prokaryote_maps\maps\map00010\iSBO_1134\summary.json	http://bigg.ucsd.edu/static/models/iSBO_1134.xml	2.641	
built	iSBO_1134	Shigella boydii Sb227	map00020	rn00020	Citrate cycle (TCA cycle)	2591	1908	1134	2591	1908	29	20	0		7	22	24.14	13	7	65.0	50	7	45	0	16	0	results\prokaryote_maps\maps\map00020\iSBO_1134\iSBO_1134_map00020_map.json	results\prokaryote_maps\maps\map00020\iSBO_1134\iSBO_1134_map00020_map.html	results\prokaryote_maps\maps\map00020\iSBO_1134\summary.json	http://bigg.ucsd.edu/static/models/iSBO_1134.xml	1.755	
built	iSBO_1134	Shigella boydii Sb227	map00030	rn00030	Pentose phosphate pathway	2591	1908	1134	2591	1908	58	37	1	R06837	21	37	36.21	26	11	70.27	122	21	122	0	33	0	results\prokaryote_maps\maps\map00030\iSBO_1134\iSBO_1134_map00030_map.json	results\prokaryote_maps\maps\map00030\iSBO_1134\iSBO_1134_map00030_map.html	results\prokaryote_maps\maps\map00030\iSBO_1134\summary.json	http://bigg.ucsd.edu/static/models/iSBO_1134.xml	2.533	
built	iSBO_1134	Shigella boydii Sb227	map00680	rn00680	Methane metabolism / C1 metabolism	2591	1908	1134	2591	1908	104	86	3	R08323, R08328, R10397	18	86	17.31	36	50	41.86	129	18	114	0	39	0	results\prokaryote_maps\maps\map00680\iSBO_1134\iSBO_1134_map00680_map.json	results\prokaryote_maps\maps\map00680\iSBO_1134\iSBO_1134_map00680_map.html	results\prokaryote_maps\maps\map00680\iSBO_1134\summary.json	http://bigg.ucsd.edu/static/models/iSBO_1134.xml	3.879	
built	iSDY_1059	Shigella dysenteriae Sd197	map00010	rn00010	Glycolysis / gluconeogenesis	2539	1888	1059	2539	1888	56	31	0		13	43	23.21	21	10	67.74	90	13	83	0	30	0	results\prokaryote_maps\maps\map00010\iSDY_1059\iSDY_1059_map00010_map.json	results\prokaryote_maps\maps\map00010\iSDY_1059\iSDY_1059_map00010_map.html	results\prokaryote_maps\maps\map00010\iSDY_1059\summary.json	http://bigg.ucsd.edu/static/models/iSDY_1059.xml	2.244	
built	iSDY_1059	Shigella dysenteriae Sd197	map00020	rn00020	Citrate cycle (TCA cycle)	2539	1888	1059	2539	1888	29	20	0		7	22	24.14	13	7	65.0	50	7	45	0	16	0	results\prokaryote_maps\maps\map00020\iSDY_1059\iSDY_1059_map00020_map.json	results\prokaryote_maps\maps\map00020\iSDY_1059\iSDY_1059_map00020_map.html	results\prokaryote_maps\maps\map00020\iSDY_1059\summary.json	http://bigg.ucsd.edu/static/models/iSDY_1059.xml	1.789	
built	iSDY_1059	Shigella dysenteriae Sd197	map00030	rn00030	Pentose phosphate pathway	2539	1888	1059	2539	1888	58	37	1	R06837	20	38	34.48	26	11	70.27	116	20	115	0	30	0	results\prokaryote_maps\maps\map00030\iSDY_1059\iSDY_1059_map00030_map.json	results\prokaryote_maps\maps\map00030\iSDY_1059\iSDY_1059_map00030_map.html	results\prokaryote_maps\maps\map00030\iSDY_1059\summary.json	http://bigg.ucsd.edu/static/models/iSDY_1059.xml	2.299	
built	iSDY_1059	Shigella dysenteriae Sd197	map00680	rn00680	Methane metabolism / C1 metabolism	2539	1888	1059	2539	1888	104	86	3	R08323, R08328, R10397	18	86	17.31	36	50	41.86	129	18	114	0	39	0	results\prokaryote_maps\maps\map00680\iSDY_1059\iSDY_1059_map00680_map.json	results\prokaryote_maps\maps\map00680\iSDY_1059\iSDY_1059_map00680_map.html	results\prokaryote_maps\maps\map00680\iSDY_1059\summary.json	http://bigg.ucsd.edu/static/models/iSDY_1059.xml	3.844	
built	iSF_1195	Shigella flexneri 2a str. 301	map00010	rn00010	Glycolysis / gluconeogenesis	2630	1917	1195	2630	1917	56	31	0		14	42	25.0	21	10	67.74	97	14	91	0	34	0	results\prokaryote_maps\maps\map00010\iSF_1195\iSF_1195_map00010_map.json	results\prokaryote_maps\maps\map00010\iSF_1195\iSF_1195_map00010_map.html	results\prokaryote_maps\maps\map00010\iSF_1195\summary.json	http://bigg.ucsd.edu/static/models/iSF_1195.xml	2.383	
built	iSF_1195	Shigella flexneri 2a str. 301	map00020	rn00020	Citrate cycle (TCA cycle)	2630	1917	1195	2630	1917	29	20	0		7	22	24.14	13	7	65.0	50	7	45	0	16	0	results\prokaryote_maps\maps\map00020\iSF_1195\iSF_1195_map00020_map.json	results\prokaryote_maps\maps\map00020\iSF_1195\iSF_1195_map00020_map.html	results\prokaryote_maps\maps\map00020\iSF_1195\summary.json	http://bigg.ucsd.edu/static/models/iSF_1195.xml	1.813	
built	iSF_1195	Shigella flexneri 2a str. 301	map00030	rn00030	Pentose phosphate pathway	2630	1917	1195	2630	1917	58	37	1	R06837	20	38	34.48	26	11	70.27	117	20	116	0	31	0	results\prokaryote_maps\maps\map00030\iSF_1195\iSF_1195_map00030_map.json	results\prokaryote_maps\maps\map00030\iSF_1195\iSF_1195_map00030_map.html	results\prokaryote_maps\maps\map00030\iSF_1195\summary.json	http://bigg.ucsd.edu/static/models/iSF_1195.xml	2.327	
built	iSF_1195	Shigella flexneri 2a str. 301	map00680	rn00680	Methane metabolism / C1 metabolism	2630	1917	1195	2630	1917	104	86	3	R08323, R08328, R10397	17	87	16.35	35	51	40.7	122	17	107	0	36	0	results\prokaryote_maps\maps\map00680\iSF_1195\iSF_1195_map00680_map.json	results\prokaryote_maps\maps\map00680\iSF_1195\iSF_1195_map00680_map.html	results\prokaryote_maps\maps\map00680\iSF_1195\summary.json	http://bigg.ucsd.edu/static/models/iSF_1195.xml	3.905	
built	iSFV_1184	Shigella flexneri 5 str. 8401	map00010	rn00010	Glycolysis / gluconeogenesis	2621	1917	1184	2621	1917	56	31	0		15	41	26.79	21	10	67.74	104	15	99	0	38	0	results\prokaryote_maps\maps\map00010\iSFV_1184\iSFV_1184_map00010_map.json	results\prokaryote_maps\maps\map00010\iSFV_1184\iSFV_1184_map00010_map.html	results\prokaryote_maps\maps\map00010\iSFV_1184\summary.json	http://bigg.ucsd.edu/static/models/iSFV_1184.xml	2.408	
built	iSFV_1184	Shigella flexneri 5 str. 8401	map00020	rn00020	Citrate cycle (TCA cycle)	2621	1917	1184	2621	1917	29	20	0		7	22	24.14	13	7	65.0	50	7	45	0	16	0	results\prokaryote_maps\maps\map00020\iSFV_1184\iSFV_1184_map00020_map.json	results\prokaryote_maps\maps\map00020\iSFV_1184\iSFV_1184_map00020_map.html	results\prokaryote_maps\maps\map00020\iSFV_1184\summary.json	http://bigg.ucsd.edu/static/models/iSFV_1184.xml	1.846	
built	iSFV_1184	Shigella flexneri 5 str. 8401	map00030	rn00030	Pentose phosphate pathway	2621	1917	1184	2621	1917	58	37	1	R06837	20	38	34.48	26	11	70.27	117	20	116	0	31	0	results\prokaryote_maps\maps\map00030\iSFV_1184\iSFV_1184_map00030_map.json	results\prokaryote_maps\maps\map00030\iSFV_1184\iSFV_1184_map00030_map.html	results\prokaryote_maps\maps\map00030\iSFV_1184\summary.json	http://bigg.ucsd.edu/static/models/iSFV_1184.xml	2.363	
built	iSFV_1184	Shigella flexneri 5 str. 8401	map00680	rn00680	Methane metabolism / C1 metabolism	2621	1917	1184	2621	1917	104	86	3	R08323, R08328, R10397	19	85	18.27	36	50	41.86	136	19	122	0	43	0	results\prokaryote_maps\maps\map00680\iSFV_1184\iSFV_1184_map00680_map.json	results\prokaryote_maps\maps\map00680\iSFV_1184\iSFV_1184_map00680_map.html	results\prokaryote_maps\maps\map00680\iSFV_1184\summary.json	http://bigg.ucsd.edu/static/models/iSFV_1184.xml	3.864	
built	iSFxv_1172	Shigella flexneri 2002017	map00010	rn00010	Glycolysis / gluconeogenesis	2638	1918	1169	2638	1918	56	31	0		14	42	25.0	21	10	67.74	97	14	91	0	34	0	results\prokaryote_maps\maps\map00010\iSFxv_1172\iSFxv_1172_map00010_map.json	results\prokaryote_maps\maps\map00010\iSFxv_1172\iSFxv_1172_map00010_map.html	results\prokaryote_maps\maps\map00010\iSFxv_1172\summary.json	http://bigg.ucsd.edu/static/models/iSFxv_1172.xml	2.565	
built	iSFxv_1172	Shigella flexneri 2002017	map00020	rn00020	Citrate cycle (TCA cycle)	2638	1918	1169	2638	1918	29	20	0		7	22	24.14	13	7	65.0	50	7	45	0	16	0	results\prokaryote_maps\maps\map00020\iSFxv_1172\iSFxv_1172_map00020_map.json	results\prokaryote_maps\maps\map00020\iSFxv_1172\iSFxv_1172_map00020_map.html	results\prokaryote_maps\maps\map00020\iSFxv_1172\summary.json	http://bigg.ucsd.edu/static/models/iSFxv_1172.xml	1.788	
built	iSFxv_1172	Shigella flexneri 2002017	map00030	rn00030	Pentose phosphate pathway	2638	1918	1169	2638	1918	58	37	1	R06837	20	38	34.48	26	11	70.27	117	20	116	0	31	0	results\prokaryote_maps\maps\map00030\iSFxv_1172\iSFxv_1172_map00030_map.json	results\prokaryote_maps\maps\map00030\iSFxv_1172\iSFxv_1172_map00030_map.html	results\prokaryote_maps\maps\map00030\iSFxv_1172\summary.json	http://bigg.ucsd.edu/static/models/iSFxv_1172.xml	2.417	
built	iSFxv_1172	Shigella flexneri 2002017	map00680	rn00680	Methane metabolism / C1 metabolism	2638	1918	1169	2638	1918	104	86	3	R08323, R08328, R10397	17	87	16.35	35	51	40.7	122	17	107	0	36	0	results\prokaryote_maps\maps\map00680\iSFxv_1172\iSFxv_1172_map00680_map.json	results\prokaryote_maps\maps\map00680\iSFxv_1172\iSFxv_1172_map00680_map.html	results\prokaryote_maps\maps\map00680\iSFxv_1172\summary.json	http://bigg.ucsd.edu/static/models/iSFxv_1172.xml	4.35	
built	iSSON_1240	Shigella sonnei Ss046	map00010	rn00010	Glycolysis / gluconeogenesis	2693	1936	1240	2693	1936	56	31	0		14	42	25.0	21	10	67.74	97	14	91	0	34	0	results\prokaryote_maps\maps\map00010\iSSON_1240\iSSON_1240_map00010_map.json	results\prokaryote_maps\maps\map00010\iSSON_1240\iSSON_1240_map00010_map.html	results\prokaryote_maps\maps\map00010\iSSON_1240\summary.json	http://bigg.ucsd.edu/static/models/iSSON_1240.xml	2.509	
built	iSSON_1240	Shigella sonnei Ss046	map00020	rn00020	Citrate cycle (TCA cycle)	2693	1936	1240	2693	1936	29	20	0		7	22	24.14	13	7	65.0	50	7	45	0	16	0	results\prokaryote_maps\maps\map00020\iSSON_1240\iSSON_1240_map00020_map.json	results\prokaryote_maps\maps\map00020\iSSON_1240\iSSON_1240_map00020_map.html	results\prokaryote_maps\maps\map00020\iSSON_1240\summary.json	http://bigg.ucsd.edu/static/models/iSSON_1240.xml	1.898	
built	iSSON_1240	Shigella sonnei Ss046	map00030	rn00030	Pentose phosphate pathway	2693	1936	1240	2693	1936	58	37	1	R06837	21	37	36.21	26	11	70.27	122	21	122	0	33	0	results\prokaryote_maps\maps\map00030\iSSON_1240\iSSON_1240_map00030_map.json	results\prokaryote_maps\maps\map00030\iSSON_1240\iSSON_1240_map00030_map.html	results\prokaryote_maps\maps\map00030\iSSON_1240\summary.json	http://bigg.ucsd.edu/static/models/iSSON_1240.xml	2.236	
built	iSSON_1240	Shigella sonnei Ss046	map00680	rn00680	Methane metabolism / C1 metabolism	2693	1936	1240	2693	1936	104	86	3	R08323, R08328, R10397	20	84	19.23	36	50	41.86	142	20	129	0	46	0	results\prokaryote_maps\maps\map00680\iSSON_1240\iSSON_1240_map00680_map.json	results\prokaryote_maps\maps\map00680\iSSON_1240\iSSON_1240_map00680_map.html	results\prokaryote_maps\maps\map00680\iSSON_1240\summary.json	http://bigg.ucsd.edu/static/models/iSSON_1240.xml	3.864	
built	iSynCJ816	Synechocystis sp. PCC 6803	map00010	rn00010	Glycolysis / gluconeogenesis	1044	928	816	1044	928	56	31	0		18	38	32.14	20	11	64.52	122	18	121	0	48	0	results\prokaryote_maps\maps\map00010\iSynCJ816\iSynCJ816_map00010_map.json	results\prokaryote_maps\maps\map00010\iSynCJ816\iSynCJ816_map00010_map.html	results\prokaryote_maps\maps\map00010\iSynCJ816\summary.json	http://bigg.ucsd.edu/static/models/iSynCJ816.xml	1.698	
built	iSynCJ816	Synechocystis sp. PCC 6803	map00020	rn00020	Citrate cycle (TCA cycle)	1044	928	816	1044	928	29	20	0		7	22	24.14	13	7	65.0	54	7	49	0	20	0	results\prokaryote_maps\maps\map00020\iSynCJ816\iSynCJ816_map00020_map.json	results\prokaryote_maps\maps\map00020\iSynCJ816\iSynCJ816_map00020_map.html	results\prokaryote_maps\maps\map00020\iSynCJ816\summary.json	http://bigg.ucsd.edu/static/models/iSynCJ816.xml	1.483	
built	iSynCJ816	Synechocystis sp. PCC 6803	map00030	rn00030	Pentose phosphate pathway	1044	928	816	1044	928	58	37	1	R06837	16	42	27.59	24	13	64.86	99	16	95	0	27	0	results\prokaryote_maps\maps\map00030\iSynCJ816\iSynCJ816_map00030_map.json	results\prokaryote_maps\maps\map00030\iSynCJ816\iSynCJ816_map00030_map.html	results\prokaryote_maps\maps\map00030\iSynCJ816\summary.json	http://bigg.ucsd.edu/static/models/iSynCJ816.xml	1.472	
built	iSynCJ816	Synechocystis sp. PCC 6803	map00680	rn00680	Methane metabolism / C1 metabolism	1044	928	816	1044	928	104	86	3	R08323, R08328, R10397	18	86	17.31	30	56	34.88	125	18	118	0	41	0	results\prokaryote_maps\maps\map00680\iSynCJ816\iSynCJ816_map00680_map.json	results\prokaryote_maps\maps\map00680\iSynCJ816\iSynCJ816_map00680_map.html	results\prokaryote_maps\maps\map00680\iSynCJ816\summary.json	http://bigg.ucsd.edu/static/models/iSynCJ816.xml	2.352	
built	iUMN146_1321	Escherichia coli UM146	map00010	rn00010	Glycolysis / gluconeogenesis	2735	1942	1319	2735	1942	56	31	0		14	42	25.0	22	9	70.97	98	14	91	0	34	0	results\prokaryote_maps\maps\map00010\iUMN146_1321\iUMN146_1321_map00010_map.json	results\prokaryote_maps\maps\map00010\iUMN146_1321\iUMN146_1321_map00010_map.html	results\prokaryote_maps\maps\map00010\iUMN146_1321\summary.json	http://bigg.ucsd.edu/static/models/iUMN146_1321.xml	2.389	
built	iUMN146_1321	Escherichia coli UM146	map00020	rn00020	Citrate cycle (TCA cycle)	2735	1942	1319	2735	1942	29	20	0		7	22	24.14	13	7	65.0	50	7	45	0	16	0	results\prokaryote_maps\maps\map00020\iUMN146_1321\iUMN146_1321_map00020_map.json	results\prokaryote_maps\maps\map00020\iUMN146_1321\iUMN146_1321_map00020_map.html	results\prokaryote_maps\maps\map00020\iUMN146_1321\summary.json	http://bigg.ucsd.edu/static/models/iUMN146_1321.xml	1.861	
built	iUMN146_1321	Escherichia coli UM146	map00030	rn00030	Pentose phosphate pathway	2735	1942	1319	2735	1942	58	37	1	R06837	21	37	36.21	26	11	70.27	122	21	122	0	33	0	results\prokaryote_maps\maps\map00030\iUMN146_1321\iUMN146_1321_map00030_map.json	results\prokaryote_maps\maps\map00030\iUMN146_1321\iUMN146_1321_map00030_map.html	results\prokaryote_maps\maps\map00030\iUMN146_1321\summary.json	http://bigg.ucsd.edu/static/models/iUMN146_1321.xml	2.72	
built	iUMN146_1321	Escherichia coli UM146	map00680	rn00680	Methane metabolism / C1 metabolism	2735	1942	1319	2735	1942	104	86	3	R08323, R08328, R10397	21	83	20.19	36	50	41.86	147	21	135	0	48	0	results\prokaryote_maps\maps\map00680\iUMN146_1321\iUMN146_1321_map00680_map.json	results\prokaryote_maps\maps\map00680\iUMN146_1321\iUMN146_1321_map00680_map.html	results\prokaryote_maps\maps\map00680\iUMN146_1321\summary.json	http://bigg.ucsd.edu/static/models/iUMN146_1321.xml	3.89	
built	iUMNK88_1353	Escherichia coli UMNK88	map00010	rn00010	Glycolysis / gluconeogenesis	2777	1969	1353	2777	1969	56	31	0		15	41	26.79	22	9	70.97	105	15	99	0	38	0	results\prokaryote_maps\maps\map00010\iUMNK88_1353\iUMNK88_1353_map00010_map.json	results\prokaryote_maps\maps\map00010\iUMNK88_1353\iUMNK88_1353_map00010_map.html	results\prokaryote_maps\maps\map00010\iUMNK88_1353\summary.json	http://bigg.ucsd.edu/static/models/iUMNK88_1353.xml	2.49	
built	iUMNK88_1353	Escherichia coli UMNK88	map00020	rn00020	Citrate cycle (TCA cycle)	2777	1969	1353	2777	1969	29	20	0		7	22	24.14	13	7	65.0	50	7	45	0	16	0	results\prokaryote_maps\maps\map00020\iUMNK88_1353\iUMNK88_1353_map00020_map.json	results\prokaryote_maps\maps\map00020\iUMNK88_1353\iUMNK88_1353_map00020_map.html	results\prokaryote_maps\maps\map00020\iUMNK88_1353\summary.json	http://bigg.ucsd.edu/static/models/iUMNK88_1353.xml	2.057	
built	iUMNK88_1353	Escherichia coli UMNK88	map00030	rn00030	Pentose phosphate pathway	2777	1969	1353	2777	1969	58	37	1	R06837	21	37	36.21	26	11	70.27	122	21	122	0	33	0	results\prokaryote_maps\maps\map00030\iUMNK88_1353\iUMNK88_1353_map00030_map.json	results\prokaryote_maps\maps\map00030\iUMNK88_1353\iUMNK88_1353_map00030_map.html	results\prokaryote_maps\maps\map00030\iUMNK88_1353\summary.json	http://bigg.ucsd.edu/static/models/iUMNK88_1353.xml	2.376	
built	iUMNK88_1353	Escherichia coli UMNK88	map00680	rn00680	Methane metabolism / C1 metabolism	2777	1969	1353	2777	1969	104	86	3	R08323, R08328, R10397	21	83	20.19	36	50	41.86	147	21	135	0	48	0	results\prokaryote_maps\maps\map00680\iUMNK88_1353\iUMNK88_1353_map00680_map.json	results\prokaryote_maps\maps\map00680\iUMNK88_1353\iUMNK88_1353_map00680_map.html	results\prokaryote_maps\maps\map00680\iUMNK88_1353\summary.json	http://bigg.ucsd.edu/static/models/iUMNK88_1353.xml	3.855	
built	iUTI89_1310	Escherichia coli UTI89	map00010	rn00010	Glycolysis / gluconeogenesis	2725	1940	1310	2725	1940	56	31	0		14	42	25.0	22	9	70.97	98	14	91	0	34	0	results\prokaryote_maps\maps\map00010\iUTI89_1310\iUTI89_1310_map00010_map.json	results\prokaryote_maps\maps\map00010\iUTI89_1310\iUTI89_1310_map00010_map.html	results\prokaryote_maps\maps\map00010\iUTI89_1310\summary.json	http://bigg.ucsd.edu/static/models/iUTI89_1310.xml	2.442	
built	iUTI89_1310	Escherichia coli UTI89	map00020	rn00020	Citrate cycle (TCA cycle)	2725	1940	1310	2725	1940	29	20	0		7	22	24.14	13	7	65.0	50	7	45	0	16	0	results\prokaryote_maps\maps\map00020\iUTI89_1310\iUTI89_1310_map00020_map.json	results\prokaryote_maps\maps\map00020\iUTI89_1310\iUTI89_1310_map00020_map.html	results\prokaryote_maps\maps\map00020\iUTI89_1310\summary.json	http://bigg.ucsd.edu/static/models/iUTI89_1310.xml	1.856	
built	iUTI89_1310	Escherichia coli UTI89	map00030	rn00030	Pentose phosphate pathway	2725	1940	1310	2725	1940	58	37	1	R06837	21	37	36.21	26	11	70.27	122	21	122	0	33	0	results\prokaryote_maps\maps\map00030\iUTI89_1310\iUTI89_1310_map00030_map.json	results\prokaryote_maps\maps\map00030\iUTI89_1310\iUTI89_1310_map00030_map.html	results\prokaryote_maps\maps\map00030\iUTI89_1310\summary.json	http://bigg.ucsd.edu/static/models/iUTI89_1310.xml	2.365	
built	iUTI89_1310	Escherichia coli UTI89	map00680	rn00680	Methane metabolism / C1 metabolism	2725	1940	1310	2725	1940	104	86	3	R08323, R08328, R10397	21	83	20.19	36	50	41.86	147	21	135	0	48	0	results\prokaryote_maps\maps\map00680\iUTI89_1310\iUTI89_1310_map00680_map.json	results\prokaryote_maps\maps\map00680\iUTI89_1310\iUTI89_1310_map00680_map.html	results\prokaryote_maps\maps\map00680\iUTI89_1310\summary.json	http://bigg.ucsd.edu/static/models/iUTI89_1310.xml	3.794	
built	iWFL_1372	Escherichia coli W	map00010	rn00010	Glycolysis / gluconeogenesis	2782	1973	1372	2782	1973	56	31	0		15	41	26.79	22	9	70.97	105	15	99	0	38	0	results\prokaryote_maps\maps\map00010\iWFL_1372\iWFL_1372_map00010_map.json	results\prokaryote_maps\maps\map00010\iWFL_1372\iWFL_1372_map00010_map.html	results\prokaryote_maps\maps\map00010\iWFL_1372\summary.json	http://bigg.ucsd.edu/static/models/iWFL_1372.xml	2.485	
built	iWFL_1372	Escherichia coli W	map00020	rn00020	Citrate cycle (TCA cycle)	2782	1973	1372	2782	1973	29	20	0		7	22	24.14	13	7	65.0	50	7	45	0	16	0	results\prokaryote_maps\maps\map00020\iWFL_1372\iWFL_1372_map00020_map.json	results\prokaryote_maps\maps\map00020\iWFL_1372\iWFL_1372_map00020_map.html	results\prokaryote_maps\maps\map00020\iWFL_1372\summary.json	http://bigg.ucsd.edu/static/models/iWFL_1372.xml	1.783	
built	iWFL_1372	Escherichia coli W	map00030	rn00030	Pentose phosphate pathway	2782	1973	1372	2782	1973	58	37	1	R06837	21	37	36.21	26	11	70.27	122	21	122	0	33	0	results\prokaryote_maps\maps\map00030\iWFL_1372\iWFL_1372_map00030_map.json	results\prokaryote_maps\maps\map00030\iWFL_1372\iWFL_1372_map00030_map.html	results\prokaryote_maps\maps\map00030\iWFL_1372\summary.json	http://bigg.ucsd.edu/static/models/iWFL_1372.xml	2.367	
built	iWFL_1372	Escherichia coli W	map00680	rn00680	Methane metabolism / C1 metabolism	2782	1973	1372	2782	1973	104	86	3	R08323, R08328, R10397	21	83	20.19	36	50	41.86	147	21	135	0	48	0	results\prokaryote_maps\maps\map00680\iWFL_1372\iWFL_1372_map00680_map.json	results\prokaryote_maps\maps\map00680\iWFL_1372\iWFL_1372_map00680_map.html	results\prokaryote_maps\maps\map00680\iWFL_1372\summary.json	http://bigg.ucsd.edu/static/models/iWFL_1372.xml	3.781	
built	iY75_1357	Escherichia coli str. K-12 substr. W3110	map00010	rn00010	Glycolysis / gluconeogenesis	2759	1953	1358	2759	1953	56	31	0		15	41	26.79	21	10	67.74	104	15	99	0	38	0	results\prokaryote_maps\maps\map00010\iY75_1357\iY75_1357_map00010_map.json	results\prokaryote_maps\maps\map00010\iY75_1357\iY75_1357_map00010_map.html	results\prokaryote_maps\maps\map00010\iY75_1357\summary.json	http://bigg.ucsd.edu/static/models/iY75_1357.xml	2.381	
built	iY75_1357	Escherichia coli str. K-12 substr. W3110	map00020	rn00020	Citrate cycle (TCA cycle)	2759	1953	1358	2759	1953	29	20	0		7	22	24.14	13	7	65.0	50	7	45	0	16	0	results\prokaryote_maps\maps\map00020\iY75_1357\iY75_1357_map00020_map.json	results\prokaryote_maps\maps\map00020\iY75_1357\iY75_1357_map00020_map.html	results\prokaryote_maps\maps\map00020\iY75_1357\summary.json	http://bigg.ucsd.edu/static/models/iY75_1357.xml	1.846	
built	iY75_1357	Escherichia coli str. K-12 substr. W3110	map00030	rn00030	Pentose phosphate pathway	2759	1953	1358	2759	1953	58	37	1	R06837	21	37	36.21	26	11	70.27	122	21	122	0	33	0	results\prokaryote_maps\maps\map00030\iY75_1357\iY75_1357_map00030_map.json	results\prokaryote_maps\maps\map00030\iY75_1357\iY75_1357_map00030_map.html	results\prokaryote_maps\maps\map00030\iY75_1357\summary.json	http://bigg.ucsd.edu/static/models/iY75_1357.xml	2.412	
built	iY75_1357	Escherichia coli str. K-12 substr. W3110	map00680	rn00680	Methane metabolism / C1 metabolism	2759	1953	1358	2759	1953	104	86	3	R08323, R08328, R10397	21	83	20.19	36	50	41.86	147	21	135	0	48	0	results\prokaryote_maps\maps\map00680\iY75_1357\iY75_1357_map00680_map.json	results\prokaryote_maps\maps\map00680\iY75_1357\iY75_1357_map00680_map.html	results\prokaryote_maps\maps\map00680\iY75_1357\summary.json	http://bigg.ucsd.edu/static/models/iY75_1357.xml	3.748	
built	iYL1228	Klebsiella pneumoniae subsp. pneumoniae MGH 78578	map00010	rn00010	Glycolysis / gluconeogenesis	2262	1658	1229	2262	1658	56	31	0		15	41	26.79	19	12	61.29	102	15	99	0	38	0	results\prokaryote_maps\maps\map00010\iYL1228\iYL1228_map00010_map.json	results\prokaryote_maps\maps\map00010\iYL1228\iYL1228_map00010_map.html	results\prokaryote_maps\maps\map00010\iYL1228\summary.json	http://bigg.ucsd.edu/static/models/iYL1228.xml	2.312	
built	iYL1228	Klebsiella pneumoniae subsp. pneumoniae MGH 78578	map00020	rn00020	Citrate cycle (TCA cycle)	2262	1658	1229	2262	1658	29	20	0		7	22	24.14	13	7	65.0	50	7	45	0	16	0	results\prokaryote_maps\maps\map00020\iYL1228\iYL1228_map00020_map.json	results\prokaryote_maps\maps\map00020\iYL1228\iYL1228_map00020_map.html	results\prokaryote_maps\maps\map00020\iYL1228\summary.json	http://bigg.ucsd.edu/static/models/iYL1228.xml	1.585	
built	iYL1228	Klebsiella pneumoniae subsp. pneumoniae MGH 78578	map00030	rn00030	Pentose phosphate pathway	2262	1658	1229	2262	1658	58	37	1	R06837	22	36	37.93	26	11	70.27	128	22	129	0	36	0	results\prokaryote_maps\maps\map00030\iYL1228\iYL1228_map00030_map.json	results\prokaryote_maps\maps\map00030\iYL1228\iYL1228_map00030_map.html	results\prokaryote_maps\maps\map00030\iYL1228\summary.json	http://bigg.ucsd.edu/static/models/iYL1228.xml	2.127	
built	iYL1228	Klebsiella pneumoniae subsp. pneumoniae MGH 78578	map00680	rn00680	Methane metabolism / C1 metabolism	2262	1658	1229	2262	1658	104	86	3	R08323, R08328, R10397	21	83	20.19	36	50	41.86	149	21	137	0	50	0	results\prokaryote_maps\maps\map00680\iYL1228\iYL1228_map00680_map.json	results\prokaryote_maps\maps\map00680\iYL1228\iYL1228_map00680_map.html	results\prokaryote_maps\maps\map00680\iYL1228\summary.json	http://bigg.ucsd.edu/static/models/iYL1228.xml	3.398	
built	iYO844	Bacillus subtilis subsp. subtilis str. 168	map00010	rn00010	Glycolysis / gluconeogenesis	1250	990	844	1250	990	56	31	0		16	40	28.57	23	8	74.19	112	16	106	0	41	0	results\prokaryote_maps\maps\map00010\iYO844\iYO844_map00010_map.json	results\prokaryote_maps\maps\map00010\iYO844\iYO844_map00010_map.html	results\prokaryote_maps\maps\map00010\iYO844\summary.json	http://bigg.ucsd.edu/static/models/iYO844.xml	1.796	
built	iYO844	Bacillus subtilis subsp. subtilis str. 168	map00020	rn00020	Citrate cycle (TCA cycle)	1250	990	844	1250	990	29	20	0		6	23	20.69	12	8	60.0	49	6	44	0	19	0	results\prokaryote_maps\maps\map00020\iYO844\iYO844_map00020_map.json	results\prokaryote_maps\maps\map00020\iYO844\iYO844_map00020_map.html	results\prokaryote_maps\maps\map00020\iYO844\summary.json	http://bigg.ucsd.edu/static/models/iYO844.xml	1.307	
built	iYO844	Bacillus subtilis subsp. subtilis str. 168	map00030	rn00030	Pentose phosphate pathway	1250	990	844	1250	990	58	37	1	R06837	18	40	31.03	27	10	72.97	108	18	104	0	27	0	results\prokaryote_maps\maps\map00030\iYO844\iYO844_map00030_map.json	results\prokaryote_maps\maps\map00030\iYO844\iYO844_map00030_map.html	results\prokaryote_maps\maps\map00030\iYO844\summary.json	http://bigg.ucsd.edu/static/models/iYO844.xml	1.669	
built	iYO844	Bacillus subtilis subsp. subtilis str. 168	map00680	rn00680	Methane metabolism / C1 metabolism	1250	990	844	1250	990	104	86	3	R08323, R08328, R10397	16	88	15.38	31	55	36.05	115	16	103	0	36	0	results\prokaryote_maps\maps\map00680\iYO844\iYO844_map00680_map.json	results\prokaryote_maps\maps\map00680\iYO844\iYO844_map00680_map.html	results\prokaryote_maps\maps\map00680\iYO844\summary.json	http://bigg.ucsd.edu/static/models/iYO844.xml	2.403	
built	iYS1720	Salmonella pan-reactome	map00010	rn00010	Glycolysis / gluconeogenesis	3357	2436	1707	3357	2436	56	31	0		14	42	25.0	19	12	61.29	95	14	91	0	34	0	results\prokaryote_maps\maps\map00010\iYS1720\iYS1720_map00010_map.json	results\prokaryote_maps\maps\map00010\iYS1720\iYS1720_map00010_map.html	results\prokaryote_maps\maps\map00010\iYS1720\summary.json	http://bigg.ucsd.edu/static/models/iYS1720.xml	2.416	
built	iYS1720	Salmonella pan-reactome	map00020	rn00020	Citrate cycle (TCA cycle)	3357	2436	1707	3357	2436	29	20	0		7	22	24.14	13	7	65.0	50	7	45	0	16	0	results\prokaryote_maps\maps\map00020\iYS1720\iYS1720_map00020_map.json	results\prokaryote_maps\maps\map00020\iYS1720\iYS1720_map00020_map.html	results\prokaryote_maps\maps\map00020\iYS1720\summary.json	http://bigg.ucsd.edu/static/models/iYS1720.xml	1.887	
built	iYS1720	Salmonella pan-reactome	map00030	rn00030	Pentose phosphate pathway	3357	2436	1707	3357	2436	58	37	1	R06837	21	37	36.21	26	11	70.27	123	21	123	0	34	0	results\prokaryote_maps\maps\map00030\iYS1720\iYS1720_map00030_map.json	results\prokaryote_maps\maps\map00030\iYS1720\iYS1720_map00030_map.html	results\prokaryote_maps\maps\map00030\iYS1720\summary.json	http://bigg.ucsd.edu/static/models/iYS1720.xml	2.411	
built	iYS1720	Salmonella pan-reactome	map00680	rn00680	Methane metabolism / C1 metabolism	3357	2436	1707	3357	2436	104	86	3	R08323, R08328, R10397	21	83	20.19	35	51	40.7	146	21	135	0	48	0	results\prokaryote_maps\maps\map00680\iYS1720\iYS1720_map00680_map.json	results\prokaryote_maps\maps\map00680\iYS1720\iYS1720_map00680_map.html	results\prokaryote_maps\maps\map00680\iYS1720\summary.json	http://bigg.ucsd.edu/static/models/iYS1720.xml	4.176	
built	iYS854	Staphylococcus aureus subsp. aureus USA300_TCH1516	map00010	rn00010	Glycolysis / gluconeogenesis	1455	1335	866	1455	1335	56	31	0		16	40	28.57	24	7	77.42	107	16	100	0	35	0	results\prokaryote_maps\maps\map00010\iYS854\iYS854_map00010_map.json	results\prokaryote_maps\maps\map00010\iYS854\iYS854_map00010_map.html	results\prokaryote_maps\maps\map00010\iYS854\summary.json	http://bigg.ucsd.edu/static/models/iYS854.xml	1.91	
built	iYS854	Staphylococcus aureus subsp. aureus USA300_TCH1516	map00020	rn00020	Citrate cycle (TCA cycle)	1455	1335	866	1455	1335	29	20	0		9	20	31.03	14	6	70.0	66	9	62	0	25	0	results\prokaryote_maps\maps\map00020\iYS854\iYS854_map00020_map.json	results\prokaryote_maps\maps\map00020\iYS854\iYS854_map00020_map.html	results\prokaryote_maps\maps\map00020\iYS854\summary.json	http://bigg.ucsd.edu/static/models/iYS854.xml	1.348	
built	iYS854	Staphylococcus aureus subsp. aureus USA300_TCH1516	map00030	rn00030	Pentose phosphate pathway	1455	1335	866	1455	1335	58	37	1	R06837	19	39	32.76	27	10	72.97	112	19	109	0	28	0	results\prokaryote_maps\maps\map00030\iYS854\iYS854_map00030_map.json	results\prokaryote_maps\maps\map00030\iYS854\iYS854_map00030_map.html	results\prokaryote_maps\maps\map00030\iYS854\summary.json	http://bigg.ucsd.edu/static/models/iYS854.xml	2.126	
built	iYS854	Staphylococcus aureus subsp. aureus USA300_TCH1516	map00680	rn00680	Methane metabolism / C1 metabolism	1455	1335	866	1455	1335	104	86	3	R08323, R08328, R10397	16	88	15.38	33	53	38.37	116	16	102	0	35	0	results\prokaryote_maps\maps\map00680\iYS854\iYS854_map00680_map.json	results\prokaryote_maps\maps\map00680\iYS854\iYS854_map00680_map.html	results\prokaryote_maps\maps\map00680\iYS854\summary.json	http://bigg.ucsd.edu/static/models/iYS854.xml	2.534	
built	iZ_1308	Escherichia coli O157:H7 str. EDL933	map00010	rn00010	Glycolysis / gluconeogenesis	2721	1923	1308	2721	1923	56	31	0		15	41	26.79	21	10	67.74	104	15	99	0	38	0	results\prokaryote_maps\maps\map00010\iZ_1308\iZ_1308_map00010_map.json	results\prokaryote_maps\maps\map00010\iZ_1308\iZ_1308_map00010_map.html	results\prokaryote_maps\maps\map00010\iZ_1308\summary.json	http://bigg.ucsd.edu/static/models/iZ_1308.xml	2.385	
built	iZ_1308	Escherichia coli O157:H7 str. EDL933	map00020	rn00020	Citrate cycle (TCA cycle)	2721	1923	1308	2721	1923	29	20	0		7	22	24.14	13	7	65.0	50	7	45	0	16	0	results\prokaryote_maps\maps\map00020\iZ_1308\iZ_1308_map00020_map.json	results\prokaryote_maps\maps\map00020\iZ_1308\iZ_1308_map00020_map.html	results\prokaryote_maps\maps\map00020\iZ_1308\summary.json	http://bigg.ucsd.edu/static/models/iZ_1308.xml	1.807	
built	iZ_1308	Escherichia coli O157:H7 str. EDL933	map00030	rn00030	Pentose phosphate pathway	2721	1923	1308	2721	1923	58	37	1	R06837	21	37	36.21	26	11	70.27	122	21	122	0	33	0	results\prokaryote_maps\maps\map00030\iZ_1308\iZ_1308_map00030_map.json	results\prokaryote_maps\maps\map00030\iZ_1308\iZ_1308_map00030_map.html	results\prokaryote_maps\maps\map00030\iZ_1308\summary.json	http://bigg.ucsd.edu/static/models/iZ_1308.xml	2.216	
built	iZ_1308	Escherichia coli O157:H7 str. EDL933	map00680	rn00680	Methane metabolism / C1 metabolism	2721	1923	1308	2721	1923	104	86	3	R08323, R08328, R10397	21	83	20.19	36	50	41.86	147	21	135	0	48	0	results\prokaryote_maps\maps\map00680\iZ_1308\iZ_1308_map00680_map.json	results\prokaryote_maps\maps\map00680\iZ_1308\iZ_1308_map00680_map.html	results\prokaryote_maps\maps\map00680\iZ_1308\summary.json	http://bigg.ucsd.edu/static/models/iZ_1308.xml	3.55	
built	STM_v1_0	Salmonella enterica subsp. enterica serovar Typhimurium str. LT2	map00010	rn00010	Glycolysis / gluconeogenesis	2545	1802	1271	2545	1802	56	31	0		14	42	25.0	19	12	61.29	95	14	91	0	34	0	results\prokaryote_maps\maps\map00010\STM_v1_0\STM_v1_0_map00010_map.json	results\prokaryote_maps\maps\map00010\STM_v1_0\STM_v1_0_map00010_map.html	results\prokaryote_maps\maps\map00010\STM_v1_0\summary.json	http://bigg.ucsd.edu/static/models/STM_v1_0.xml	2.331	
built	STM_v1_0	Salmonella enterica subsp. enterica serovar Typhimurium str. LT2	map00020	rn00020	Citrate cycle (TCA cycle)	2545	1802	1271	2545	1802	29	20	0		7	22	24.14	13	7	65.0	50	7	45	0	16	0	results\prokaryote_maps\maps\map00020\STM_v1_0\STM_v1_0_map00020_map.json	results\prokaryote_maps\maps\map00020\STM_v1_0\STM_v1_0_map00020_map.html	results\prokaryote_maps\maps\map00020\STM_v1_0\summary.json	http://bigg.ucsd.edu/static/models/STM_v1_0.xml	1.8	
built	STM_v1_0	Salmonella enterica subsp. enterica serovar Typhimurium str. LT2	map00030	rn00030	Pentose phosphate pathway	2545	1802	1271	2545	1802	58	37	1	R06837	21	37	36.21	26	11	70.27	123	21	123	0	34	0	results\prokaryote_maps\maps\map00030\STM_v1_0\STM_v1_0_map00030_map.json	results\prokaryote_maps\maps\map00030\STM_v1_0\STM_v1_0_map00030_map.html	results\prokaryote_maps\maps\map00030\STM_v1_0\summary.json	http://bigg.ucsd.edu/static/models/STM_v1_0.xml	2.316	
built	STM_v1_0	Salmonella enterica subsp. enterica serovar Typhimurium str. LT2	map00680	rn00680	Methane metabolism / C1 metabolism	2545	1802	1271	2545	1802	104	86	3	R08323, R08328, R10397	21	83	20.19	35	51	40.7	146	21	135	0	48	0	results\prokaryote_maps\maps\map00680\STM_v1_0\STM_v1_0_map00680_map.json	results\prokaryote_maps\maps\map00680\STM_v1_0\STM_v1_0_map00680_map.html	results\prokaryote_maps\maps\map00680\STM_v1_0\summary.json	http://bigg.ucsd.edu/static/models/STM_v1_0.xml	4.007	




