pathway	pathway_rn	pathway_label	model_a	organism_a	model_b	organism_b	reaction_count_a	reaction_count_b	intersection_count	union_count	only_a_count	only_b_count	jaccard	jaccard_percent	identical_reaction_set
map00010	rn00010	Glycolysis / gluconeogenesis	iAF1260	Escherichia coli str. K-12 substr. MG1655	iAF1260b	Escherichia coli str. K-12 substr. MG1655	40	40	40	40	0	0	1.0	100.0	1
map00010	rn00010	Glycolysis / gluconeogenesis	iAF1260	Escherichia coli str. K-12 substr. MG1655	iAPECO1_1312	Escherichia coli APEC O1	40	41	40	41	0	1	0.9756	97.56	0
map00010	rn00010	Glycolysis / gluconeogenesis	iAF1260	Escherichia coli str. K-12 substr. MG1655	iB21_1397	Escherichia coli BL21(DE3)	40	41	40	41	0	1	0.9756	97.56	0
map00010	rn00010	Glycolysis / gluconeogenesis	iAF1260	Escherichia coli str. K-12 substr. MG1655	iBWG_1329	Escherichia coli BW2952	40	41	40	41	0	1	0.9756	97.56	0
map00010	rn00010	Glycolysis / gluconeogenesis	iAF1260	Escherichia coli str. K-12 substr. MG1655	iE2348C_1286	Escherichia coli O127:H6 str. E2348/69	40	41	40	41	0	1	0.9756	97.56	0
map00010	rn00010	Glycolysis / gluconeogenesis	iAF1260	Escherichia coli str. K-12 substr. MG1655	iEC042_1314	Escherichia coli 042	40	41	40	41	0	1	0.9756	97.56	0
map00010	rn00010	Glycolysis / gluconeogenesis	iAF1260	Escherichia coli str. K-12 substr. MG1655	iEC1344_C	Escherichia coli C	40	41	40	41	0	1	0.9756	97.56	0
map00010	rn00010	Glycolysis / gluconeogenesis	iAF1260	Escherichia coli str. K-12 substr. MG1655	iEC1349_Crooks	Escherichia coli ATCC 8739	40	40	40	40	0	0	1.0	100.0	1
map00010	rn00010	Glycolysis / gluconeogenesis	iAF1260	Escherichia coli str. K-12 substr. MG1655	iEC1356_Bl21DE3	Escherichia coli BL21(DE3)	40	41	40	41	0	1	0.9756	97.56	0
map00010	rn00010	Glycolysis / gluconeogenesis	iAF1260	Escherichia coli str. K-12 substr. MG1655	iEC1364_W	Escherichia coli W	40	41	40	41	0	1	0.9756	97.56	0
map00010	rn00010	Glycolysis / gluconeogenesis	iAF1260	Escherichia coli str. K-12 substr. MG1655	iEC1368_DH5a	Escherichia coli DH5[alpha]	40	41	40	41	0	1	0.9756	97.56	0
map00010	rn00010	Glycolysis / gluconeogenesis	iAF1260	Escherichia coli str. K-12 substr. MG1655	iEC1372_W3110	Escherichia coli str. K-12 substr. W3110	40	40	40	40	0	0	1.0	100.0	1
map00010	rn00010	Glycolysis / gluconeogenesis	iAF1260	Escherichia coli str. K-12 substr. MG1655	iEC55989_1330	Escherichia coli 55989	40	41	40	41	0	1	0.9756	97.56	0
map00010	rn00010	Glycolysis / gluconeogenesis	iAF1260	Escherichia coli str. K-12 substr. MG1655	iECABU_c1320	Escherichia coli ABU 83972	40	41	40	41	0	1	0.9756	97.56	0
map00010	rn00010	Glycolysis / gluconeogenesis	iAF1260	Escherichia coli str. K-12 substr. MG1655	iECBD_1354	Escherichia coli 'BL21-Gold(DE3)pLysS AG'	40	41	40	41	0	1	0.9756	97.56	0
map00010	rn00010	Glycolysis / gluconeogenesis	iAF1260	Escherichia coli str. K-12 substr. MG1655	iECB_1328	Escherichia coli B str. REL606	40	41	40	41	0	1	0.9756	97.56	0
map00010	rn00010	Glycolysis / gluconeogenesis	iAF1260	Escherichia coli str. K-12 substr. MG1655	iECDH10B_1368	Escherichia coli str. K-12 substr. DH10B	40	41	40	41	0	1	0.9756	97.56	0
map00010	rn00010	Glycolysis / gluconeogenesis	iAF1260	Escherichia coli str. K-12 substr. MG1655	iECDH1ME8569_1439	Escherichia coli DH1	40	41	40	41	0	1	0.9756	97.56	0
map00010	rn00010	Glycolysis / gluconeogenesis	iAF1260	Escherichia coli str. K-12 substr. MG1655	iECD_1391	Escherichia coli BL21(DE3)	40	41	40	41	0	1	0.9756	97.56	0
map00010	rn00010	Glycolysis / gluconeogenesis	iAF1260	Escherichia coli str. K-12 substr. MG1655	iECED1_1282	Escherichia coli ED1a	40	41	40	41	0	1	0.9756	97.56	0
map00010	rn00010	Glycolysis / gluconeogenesis	iAF1260	Escherichia coli str. K-12 substr. MG1655	iECH74115_1262	Escherichia coli O157:H7 str. EC4115	40	41	40	41	0	1	0.9756	97.56	0
map00010	rn00010	Glycolysis / gluconeogenesis	iAF1260	Escherichia coli str. K-12 substr. MG1655	iECIAI1_1343	Escherichia coli IAI1	40	41	40	41	0	1	0.9756	97.56	0
map00010	rn00010	Glycolysis / gluconeogenesis	iAF1260	Escherichia coli str. K-12 substr. MG1655	iECIAI39_1322	Escherichia coli IAI39	40	41	40	41	0	1	0.9756	97.56	0
map00010	rn00010	Glycolysis / gluconeogenesis	iAF1260	Escherichia coli str. K-12 substr. MG1655	iECNA114_1301	Escherichia coli NA114	40	41	40	41	0	1	0.9756	97.56	0
map00010	rn00010	Glycolysis / gluconeogenesis	iAF1260	Escherichia coli str. K-12 substr. MG1655	iECO103_1326	Escherichia coli O103:H2 str. 12009	40	41	40	41	0	1	0.9756	97.56	0
map00010	rn00010	Glycolysis / gluconeogenesis	iAF1260	Escherichia coli str. K-12 substr. MG1655	iECO111_1330	Escherichia coli O111:H- str. 11128	40	41	40	41	0	1	0.9756	97.56	0
map00010	rn00010	Glycolysis / gluconeogenesis	iAF1260	Escherichia coli str. K-12 substr. MG1655	iECO26_1355	Escherichia coli O26:H11 str. 11368	40	41	40	41	0	1	0.9756	97.56	0
map00010	rn00010	Glycolysis / gluconeogenesis	iAF1260	Escherichia coli str. K-12 substr. MG1655	iECOK1_1307	Escherichia coli IHE3034	40	41	40	41	0	1	0.9756	97.56	0
map00010	rn00010	Glycolysis / gluconeogenesis	iAF1260	Escherichia coli str. K-12 substr. MG1655	iECP_1309	Escherichia coli 536	40	41	40	41	0	1	0.9756	97.56	0
map00010	rn00010	Glycolysis / gluconeogenesis	iAF1260	Escherichia coli str. K-12 substr. MG1655	iECS88_1305	Escherichia coli S88	40	41	40	41	0	1	0.9756	97.56	0
map00010	rn00010	Glycolysis / gluconeogenesis	iAF1260	Escherichia coli str. K-12 substr. MG1655	iECSE_1348	Escherichia coli SE11	40	41	40	41	0	1	0.9756	97.56	0
map00010	rn00010	Glycolysis / gluconeogenesis	iAF1260	Escherichia coli str. K-12 substr. MG1655	iECSF_1327	Escherichia coli SE15	40	41	40	41	0	1	0.9756	97.56	0
map00010	rn00010	Glycolysis / gluconeogenesis	iAF1260	Escherichia coli str. K-12 substr. MG1655	iECSP_1301	Escherichia coli O157:H7 str. TW14359	40	41	40	41	0	1	0.9756	97.56	0
map00010	rn00010	Glycolysis / gluconeogenesis	iAF1260	Escherichia coli str. K-12 substr. MG1655	iECUMN_1333	Escherichia coli UMN026	40	41	40	41	0	1	0.9756	97.56	0
map00010	rn00010	Glycolysis / gluconeogenesis	iAF1260	Escherichia coli str. K-12 substr. MG1655	iECW_1372	Escherichia coli W	40	41	40	41	0	1	0.9756	97.56	0
map00010	rn00010	Glycolysis / gluconeogenesis	iAF1260	Escherichia coli str. K-12 substr. MG1655	iECs_1301	Escherichia coli O157:H7 str. Sakai	40	41	40	41	0	1	0.9756	97.56	0
map00010	rn00010	Glycolysis / gluconeogenesis	iAF1260	Escherichia coli str. K-12 substr. MG1655	iEKO11_1354	Escherichia coli KO11FL	40	41	40	41	0	1	0.9756	97.56	0
map00010	rn00010	Glycolysis / gluconeogenesis	iAF1260	Escherichia coli str. K-12 substr. MG1655	iETEC_1333	Escherichia coli ETEC H10407	40	41	40	41	0	1	0.9756	97.56	0
map00010	rn00010	Glycolysis / gluconeogenesis	iAF1260	Escherichia coli str. K-12 substr. MG1655	iEcDH1_1363	Escherichia coli DH1	40	41	40	41	0	1	0.9756	97.56	0
map00010	rn00010	Glycolysis / gluconeogenesis	iAF1260	Escherichia coli str. K-12 substr. MG1655	iEcE24377_1341	Escherichia coli O139:H28 str. E24377A	40	41	40	41	0	1	0.9756	97.56	0
map00010	rn00010	Glycolysis / gluconeogenesis	iAF1260	Escherichia coli str. K-12 substr. MG1655	iEcHS_1320	Escherichia coli HS	40	41	40	41	0	1	0.9756	97.56	0
map00010	rn00010	Glycolysis / gluconeogenesis	iAF1260	Escherichia coli str. K-12 substr. MG1655	iEcSMS35_1347	Escherichia coli SMS-3-5	40	41	40	41	0	1	0.9756	97.56	0
map00010	rn00010	Glycolysis / gluconeogenesis	iAF1260	Escherichia coli str. K-12 substr. MG1655	iEcolC_1368	Escherichia coli ATCC 8739	40	41	40	41	0	1	0.9756	97.56	0
map00010	rn00010	Glycolysis / gluconeogenesis	iAF1260	Escherichia coli str. K-12 substr. MG1655	iG2583_1286	Escherichia coli O55:H7 str. CB9615	40	41	40	41	0	1	0.9756	97.56	0
map00010	rn00010	Glycolysis / gluconeogenesis	iAF1260	Escherichia coli str. K-12 substr. MG1655	iJO1366	Escherichia coli str. K-12 substr. MG1655	40	40	40	40	0	0	1.0	100.0	1
map00010	rn00010	Glycolysis / gluconeogenesis	iAF1260	Escherichia coli str. K-12 substr. MG1655	iJR904	Escherichia coli str. K-12 substr. MG1655	40	37	37	40	3	0	0.925	92.5	0
map00010	rn00010	Glycolysis / gluconeogenesis	iAF1260	Escherichia coli str. K-12 substr. MG1655	iLF82_1304	Escherichia coli LF82	40	41	40	41	0	1	0.9756	97.56	0
map00010	rn00010	Glycolysis / gluconeogenesis	iAF1260	Escherichia coli str. K-12 substr. MG1655	iML1515	Escherichia coli str. K-12 substr. MG1655	40	40	40	40	0	0	1.0	100.0	1
map00010	rn00010	Glycolysis / gluconeogenesis	iAF1260	Escherichia coli str. K-12 substr. MG1655	iNRG857_1313	Escherichia coli O83:H1 str. NRG 857C	40	41	40	41	0	1	0.9756	97.56	0
map00010	rn00010	Glycolysis / gluconeogenesis	iAF1260	Escherichia coli str. K-12 substr. MG1655	iUMN146_1321	Escherichia coli UM146	40	41	40	41	0	1	0.9756	97.56	0
map00010	rn00010	Glycolysis / gluconeogenesis	iAF1260	Escherichia coli str. K-12 substr. MG1655	iUMNK88_1353	Escherichia coli UMNK88	40	41	40	41	0	1	0.9756	97.56	0
map00010	rn00010	Glycolysis / gluconeogenesis	iAF1260	Escherichia coli str. K-12 substr. MG1655	iUTI89_1310	Escherichia coli UTI89	40	41	40	41	0	1	0.9756	97.56	0
map00010	rn00010	Glycolysis / gluconeogenesis	iAF1260	Escherichia coli str. K-12 substr. MG1655	iWFL_1372	Escherichia coli W	40	41	40	41	0	1	0.9756	97.56	0
map00010	rn00010	Glycolysis / gluconeogenesis	iAF1260	Escherichia coli str. K-12 substr. MG1655	iY75_1357	Escherichia coli str. K-12 substr. W3110	40	41	40	41	0	1	0.9756	97.56	0
map00010	rn00010	Glycolysis / gluconeogenesis	iAF1260	Escherichia coli str. K-12 substr. MG1655	iZ_1308	Escherichia coli O157:H7 str. EDL933	40	41	40	41	0	1	0.9756	97.56	0
map00010	rn00010	Glycolysis / gluconeogenesis	iAF1260	Escherichia coli str. K-12 substr. MG1655	ic_1306	Escherichia coli CFT073	40	41	40	41	0	1	0.9756	97.56	0
map00010	rn00010	Glycolysis / gluconeogenesis	iAF1260b	Escherichia coli str. K-12 substr. MG1655	iAPECO1_1312	Escherichia coli APEC O1	40	41	40	41	0	1	0.9756	97.56	0
map00010	rn00010	Glycolysis / gluconeogenesis	iAF1260b	Escherichia coli str. K-12 substr. MG1655	iB21_1397	Escherichia coli BL21(DE3)	40	41	40	41	0	1	0.9756	97.56	0
map00010	rn00010	Glycolysis / gluconeogenesis	iAF1260b	Escherichia coli str. K-12 substr. MG1655	iBWG_1329	Escherichia coli BW2952	40	41	40	41	0	1	0.9756	97.56	0
map00010	rn00010	Glycolysis / gluconeogenesis	iAF1260b	Escherichia coli str. K-12 substr. MG1655	iE2348C_1286	Escherichia coli O127:H6 str. E2348/69	40	41	40	41	0	1	0.9756	97.56	0
map00010	rn00010	Glycolysis / gluconeogenesis	iAF1260b	Escherichia coli str. K-12 substr. MG1655	iEC042_1314	Escherichia coli 042	40	41	40	41	0	1	0.9756	97.56	0
map00010	rn00010	Glycolysis / gluconeogenesis	iAF1260b	Escherichia coli str. K-12 substr. MG1655	iEC1344_C	Escherichia coli C	40	41	40	41	0	1	0.9756	97.56	0
map00010	rn00010	Glycolysis / gluconeogenesis	iAF1260b	Escherichia coli str. K-12 substr. MG1655	iEC1349_Crooks	Escherichia coli ATCC 8739	40	40	40	40	0	0	1.0	100.0	1
map00010	rn00010	Glycolysis / gluconeogenesis	iAF1260b	Escherichia coli str. K-12 substr. MG1655	iEC1356_Bl21DE3	Escherichia coli BL21(DE3)	40	41	40	41	0	1	0.9756	97.56	0
map00010	rn00010	Glycolysis / gluconeogenesis	iAF1260b	Escherichia coli str. K-12 substr. MG1655	iEC1364_W	Escherichia coli W	40	41	40	41	0	1	0.9756	97.56	0
map00010	rn00010	Glycolysis / gluconeogenesis	iAF1260b	Escherichia coli str. K-12 substr. MG1655	iEC1368_DH5a	Escherichia coli DH5[alpha]	40	41	40	41	0	1	0.9756	97.56	0
map00010	rn00010	Glycolysis / gluconeogenesis	iAF1260b	Escherichia coli str. K-12 substr. MG1655	iEC1372_W3110	Escherichia coli str. K-12 substr. W3110	40	40	40	40	0	0	1.0	100.0	1
map00010	rn00010	Glycolysis / gluconeogenesis	iAF1260b	Escherichia coli str. K-12 substr. MG1655	iEC55989_1330	Escherichia coli 55989	40	41	40	41	0	1	0.9756	97.56	0
map00010	rn00010	Glycolysis / gluconeogenesis	iAF1260b	Escherichia coli str. K-12 substr. MG1655	iECABU_c1320	Escherichia coli ABU 83972	40	41	40	41	0	1	0.9756	97.56	0
map00010	rn00010	Glycolysis / gluconeogenesis	iAF1260b	Escherichia coli str. K-12 substr. MG1655	iECBD_1354	Escherichia coli 'BL21-Gold(DE3)pLysS AG'	40	41	40	41	0	1	0.9756	97.56	0
map00010	rn00010	Glycolysis / gluconeogenesis	iAF1260b	Escherichia coli str. K-12 substr. MG1655	iECB_1328	Escherichia coli B str. REL606	40	41	40	41	0	1	0.9756	97.56	0
map00010	rn00010	Glycolysis / gluconeogenesis	iAF1260b	Escherichia coli str. K-12 substr. MG1655	iECDH10B_1368	Escherichia coli str. K-12 substr. DH10B	40	41	40	41	0	1	0.9756	97.56	0
map00010	rn00010	Glycolysis / gluconeogenesis	iAF1260b	Escherichia coli str. K-12 substr. MG1655	iECDH1ME8569_1439	Escherichia coli DH1	40	41	40	41	0	1	0.9756	97.56	0
map00010	rn00010	Glycolysis / gluconeogenesis	iAF1260b	Escherichia coli str. K-12 substr. MG1655	iECD_1391	Escherichia coli BL21(DE3)	40	41	40	41	0	1	0.9756	97.56	0
map00010	rn00010	Glycolysis / gluconeogenesis	iAF1260b	Escherichia coli str. K-12 substr. MG1655	iECED1_1282	Escherichia coli ED1a	40	41	40	41	0	1	0.9756	97.56	0
map00010	rn00010	Glycolysis / gluconeogenesis	iAF1260b	Escherichia coli str. K-12 substr. MG1655	iECH74115_1262	Escherichia coli O157:H7 str. EC4115	40	41	40	41	0	1	0.9756	97.56	0
map00010	rn00010	Glycolysis / gluconeogenesis	iAF1260b	Escherichia coli str. K-12 substr. MG1655	iECIAI1_1343	Escherichia coli IAI1	40	41	40	41	0	1	0.9756	97.56	0
map00010	rn00010	Glycolysis / gluconeogenesis	iAF1260b	Escherichia coli str. K-12 substr. MG1655	iECIAI39_1322	Escherichia coli IAI39	40	41	40	41	0	1	0.9756	97.56	0
map00010	rn00010	Glycolysis / gluconeogenesis	iAF1260b	Escherichia coli str. K-12 substr. MG1655	iECNA114_1301	Escherichia coli NA114	40	41	40	41	0	1	0.9756	97.56	0
map00010	rn00010	Glycolysis / gluconeogenesis	iAF1260b	Escherichia coli str. K-12 substr. MG1655	iECO103_1326	Escherichia coli O103:H2 str. 12009	40	41	40	41	0	1	0.9756	97.56	0
map00010	rn00010	Glycolysis / gluconeogenesis	iAF1260b	Escherichia coli str. K-12 substr. MG1655	iECO111_1330	Escherichia coli O111:H- str. 11128	40	41	40	41	0	1	0.9756	97.56	0
map00010	rn00010	Glycolysis / gluconeogenesis	iAF1260b	Escherichia coli str. K-12 substr. MG1655	iECO26_1355	Escherichia coli O26:H11 str. 11368	40	41	40	41	0	1	0.9756	97.56	0
map00010	rn00010	Glycolysis / gluconeogenesis	iAF1260b	Escherichia coli str. K-12 substr. MG1655	iECOK1_1307	Escherichia coli IHE3034	40	41	40	41	0	1	0.9756	97.56	0
map00010	rn00010	Glycolysis / gluconeogenesis	iAF1260b	Escherichia coli str. K-12 substr. MG1655	iECP_1309	Escherichia coli 536	40	41	40	41	0	1	0.9756	97.56	0
map00010	rn00010	Glycolysis / gluconeogenesis	iAF1260b	Escherichia coli str. K-12 substr. MG1655	iECS88_1305	Escherichia coli S88	40	41	40	41	0	1	0.9756	97.56	0
map00010	rn00010	Glycolysis / gluconeogenesis	iAF1260b	Escherichia coli str. K-12 substr. MG1655	iECSE_1348	Escherichia coli SE11	40	41	40	41	0	1	0.9756	97.56	0
map00010	rn00010	Glycolysis / gluconeogenesis	iAF1260b	Escherichia coli str. K-12 substr. MG1655	iECSF_1327	Escherichia coli SE15	40	41	40	41	0	1	0.9756	97.56	0
map00010	rn00010	Glycolysis / gluconeogenesis	iAF1260b	Escherichia coli str. K-12 substr. MG1655	iECSP_1301	Escherichia coli O157:H7 str. TW14359	40	41	40	41	0	1	0.9756	97.56	0
map00010	rn00010	Glycolysis / gluconeogenesis	iAF1260b	Escherichia coli str. K-12 substr. MG1655	iECUMN_1333	Escherichia coli UMN026	40	41	40	41	0	1	0.9756	97.56	0
map00010	rn00010	Glycolysis / gluconeogenesis	iAF1260b	Escherichia coli str. K-12 substr. MG1655	iECW_1372	Escherichia coli W	40	41	40	41	0	1	0.9756	97.56	0
map00010	rn00010	Glycolysis / gluconeogenesis	iAF1260b	Escherichia coli str. K-12 substr. MG1655	iECs_1301	Escherichia coli O157:H7 str. Sakai	40	41	40	41	0	1	0.9756	97.56	0
map00010	rn00010	Glycolysis / gluconeogenesis	iAF1260b	Escherichia coli str. K-12 substr. MG1655	iEKO11_1354	Escherichia coli KO11FL	40	41	40	41	0	1	0.9756	97.56	0
map00010	rn00010	Glycolysis / gluconeogenesis	iAF1260b	Escherichia coli str. K-12 substr. MG1655	iETEC_1333	Escherichia coli ETEC H10407	40	41	40	41	0	1	0.9756	97.56	0
map00010	rn00010	Glycolysis / gluconeogenesis	iAF1260b	Escherichia coli str. K-12 substr. MG1655	iEcDH1_1363	Escherichia coli DH1	40	41	40	41	0	1	0.9756	97.56	0
map00010	rn00010	Glycolysis / gluconeogenesis	iAF1260b	Escherichia coli str. K-12 substr. MG1655	iEcE24377_1341	Escherichia coli O139:H28 str. E24377A	40	41	40	41	0	1	0.9756	97.56	0
map00010	rn00010	Glycolysis / gluconeogenesis	iAF1260b	Escherichia coli str. K-12 substr. MG1655	iEcHS_1320	Escherichia coli HS	40	41	40	41	0	1	0.9756	97.56	0
map00010	rn00010	Glycolysis / gluconeogenesis	iAF1260b	Escherichia coli str. K-12 substr. MG1655	iEcSMS35_1347	Escherichia coli SMS-3-5	40	41	40	41	0	1	0.9756	97.56	0
map00010	rn00010	Glycolysis / gluconeogenesis	iAF1260b	Escherichia coli str. K-12 substr. MG1655	iEcolC_1368	Escherichia coli ATCC 8739	40	41	40	41	0	1	0.9756	97.56	0
map00010	rn00010	Glycolysis / gluconeogenesis	iAF1260b	Escherichia coli str. K-12 substr. MG1655	iG2583_1286	Escherichia coli O55:H7 str. CB9615	40	41	40	41	0	1	0.9756	97.56	0
map00010	rn00010	Glycolysis / gluconeogenesis	iAF1260b	Escherichia coli str. K-12 substr. MG1655	iJO1366	Escherichia coli str. K-12 substr. MG1655	40	40	40	40	0	0	1.0	100.0	1
map00010	rn00010	Glycolysis / gluconeogenesis	iAF1260b	Escherichia coli str. K-12 substr. MG1655	iJR904	Escherichia coli str. K-12 substr. MG1655	40	37	37	40	3	0	0.925	92.5	0
map00010	rn00010	Glycolysis / gluconeogenesis	iAF1260b	Escherichia coli str. K-12 substr. MG1655	iLF82_1304	Escherichia coli LF82	40	41	40	41	0	1	0.9756	97.56	0
map00010	rn00010	Glycolysis / gluconeogenesis	iAF1260b	Escherichia coli str. K-12 substr. MG1655	iML1515	Escherichia coli str. K-12 substr. MG1655	40	40	40	40	0	0	1.0	100.0	1
map00010	rn00010	Glycolysis / gluconeogenesis	iAF1260b	Escherichia coli str. K-12 substr. MG1655	iNRG857_1313	Escherichia coli O83:H1 str. NRG 857C	40	41	40	41	0	1	0.9756	97.56	0
map00010	rn00010	Glycolysis / gluconeogenesis	iAF1260b	Escherichia coli str. K-12 substr. MG1655	iUMN146_1321	Escherichia coli UM146	40	41	40	41	0	1	0.9756	97.56	0
map00010	rn00010	Glycolysis / gluconeogenesis	iAF1260b	Escherichia coli str. K-12 substr. MG1655	iUMNK88_1353	Escherichia coli UMNK88	40	41	40	41	0	1	0.9756	97.56	0
map00010	rn00010	Glycolysis / gluconeogenesis	iAF1260b	Escherichia coli str. K-12 substr. MG1655	iUTI89_1310	Escherichia coli UTI89	40	41	40	41	0	1	0.9756	97.56	0
map00010	rn00010	Glycolysis / gluconeogenesis	iAF1260b	Escherichia coli str. K-12 substr. MG1655	iWFL_1372	Escherichia coli W	40	41	40	41	0	1	0.9756	97.56	0
map00010	rn00010	Glycolysis / gluconeogenesis	iAF1260b	Escherichia coli str. K-12 substr. MG1655	iY75_1357	Escherichia coli str. K-12 substr. W3110	40	41	40	41	0	1	0.9756	97.56	0
map00010	rn00010	Glycolysis / gluconeogenesis	iAF1260b	Escherichia coli str. K-12 substr. MG1655	iZ_1308	Escherichia coli O157:H7 str. EDL933	40	41	40	41	0	1	0.9756	97.56	0
map00010	rn00010	Glycolysis / gluconeogenesis	iAF1260b	Escherichia coli str. K-12 substr. MG1655	ic_1306	Escherichia coli CFT073	40	41	40	41	0	1	0.9756	97.56	0
map00010	rn00010	Glycolysis / gluconeogenesis	iAPECO1_1312	Escherichia coli APEC O1	iB21_1397	Escherichia coli BL21(DE3)	41	41	41	41	0	0	1.0	100.0	1
map00010	rn00010	Glycolysis / gluconeogenesis	iAPECO1_1312	Escherichia coli APEC O1	iBWG_1329	Escherichia coli BW2952	41	41	41	41	0	0	1.0	100.0	1
map00010	rn00010	Glycolysis / gluconeogenesis	iAPECO1_1312	Escherichia coli APEC O1	iE2348C_1286	Escherichia coli O127:H6 str. E2348/69	41	41	41	41	0	0	1.0	100.0	1
map00010	rn00010	Glycolysis / gluconeogenesis	iAPECO1_1312	Escherichia coli APEC O1	iEC042_1314	Escherichia coli 042	41	41	41	41	0	0	1.0	100.0	1
map00010	rn00010	Glycolysis / gluconeogenesis	iAPECO1_1312	Escherichia coli APEC O1	iEC1344_C	Escherichia coli C	41	41	40	42	1	1	0.9524	95.24	0
map00010	rn00010	Glycolysis / gluconeogenesis	iAPECO1_1312	Escherichia coli APEC O1	iEC1349_Crooks	Escherichia coli ATCC 8739	41	40	40	41	1	0	0.9756	97.56	0
map00010	rn00010	Glycolysis / gluconeogenesis	iAPECO1_1312	Escherichia coli APEC O1	iEC1356_Bl21DE3	Escherichia coli BL21(DE3)	41	41	40	42	1	1	0.9524	95.24	0
map00010	rn00010	Glycolysis / gluconeogenesis	iAPECO1_1312	Escherichia coli APEC O1	iEC1364_W	Escherichia coli W	41	41	40	42	1	1	0.9524	95.24	0
map00010	rn00010	Glycolysis / gluconeogenesis	iAPECO1_1312	Escherichia coli APEC O1	iEC1368_DH5a	Escherichia coli DH5[alpha]	41	41	40	42	1	1	0.9524	95.24	0
map00010	rn00010	Glycolysis / gluconeogenesis	iAPECO1_1312	Escherichia coli APEC O1	iEC1372_W3110	Escherichia coli str. K-12 substr. W3110	41	40	40	41	1	0	0.9756	97.56	0
map00010	rn00010	Glycolysis / gluconeogenesis	iAPECO1_1312	Escherichia coli APEC O1	iEC55989_1330	Escherichia coli 55989	41	41	41	41	0	0	1.0	100.0	1
map00010	rn00010	Glycolysis / gluconeogenesis	iAPECO1_1312	Escherichia coli APEC O1	iECABU_c1320	Escherichia coli ABU 83972	41	41	41	41	0	0	1.0	100.0	1
map00010	rn00010	Glycolysis / gluconeogenesis	iAPECO1_1312	Escherichia coli APEC O1	iECBD_1354	Escherichia coli 'BL21-Gold(DE3)pLysS AG'	41	41	41	41	0	0	1.0	100.0	1
map00010	rn00010	Glycolysis / gluconeogenesis	iAPECO1_1312	Escherichia coli APEC O1	iECB_1328	Escherichia coli B str. REL606	41	41	41	41	0	0	1.0	100.0	1
map00010	rn00010	Glycolysis / gluconeogenesis	iAPECO1_1312	Escherichia coli APEC O1	iECDH10B_1368	Escherichia coli str. K-12 substr. DH10B	41	41	41	41	0	0	1.0	100.0	1
map00010	rn00010	Glycolysis / gluconeogenesis	iAPECO1_1312	Escherichia coli APEC O1	iECDH1ME8569_1439	Escherichia coli DH1	41	41	41	41	0	0	1.0	100.0	1
map00010	rn00010	Glycolysis / gluconeogenesis	iAPECO1_1312	Escherichia coli APEC O1	iECD_1391	Escherichia coli BL21(DE3)	41	41	41	41	0	0	1.0	100.0	1
map00010	rn00010	Glycolysis / gluconeogenesis	iAPECO1_1312	Escherichia coli APEC O1	iECED1_1282	Escherichia coli ED1a	41	41	41	41	0	0	1.0	100.0	1
map00010	rn00010	Glycolysis / gluconeogenesis	iAPECO1_1312	Escherichia coli APEC O1	iECH74115_1262	Escherichia coli O157:H7 str. EC4115	41	41	41	41	0	0	1.0	100.0	1
map00010	rn00010	Glycolysis / gluconeogenesis	iAPECO1_1312	Escherichia coli APEC O1	iECIAI1_1343	Escherichia coli IAI1	41	41	41	41	0	0	1.0	100.0	1
map00010	rn00010	Glycolysis / gluconeogenesis	iAPECO1_1312	Escherichia coli APEC O1	iECIAI39_1322	Escherichia coli IAI39	41	41	41	41	0	0	1.0	100.0	1
map00010	rn00010	Glycolysis / gluconeogenesis	iAPECO1_1312	Escherichia coli APEC O1	iECNA114_1301	Escherichia coli NA114	41	41	41	41	0	0	1.0	100.0	1
map00010	rn00010	Glycolysis / gluconeogenesis	iAPECO1_1312	Escherichia coli APEC O1	iECO103_1326	Escherichia coli O103:H2 str. 12009	41	41	41	41	0	0	1.0	100.0	1
map00010	rn00010	Glycolysis / gluconeogenesis	iAPECO1_1312	Escherichia coli APEC O1	iECO111_1330	Escherichia coli O111:H- str. 11128	41	41	41	41	0	0	1.0	100.0	1
map00010	rn00010	Glycolysis / gluconeogenesis	iAPECO1_1312	Escherichia coli APEC O1	iECO26_1355	Escherichia coli O26:H11 str. 11368	41	41	41	41	0	0	1.0	100.0	1
map00010	rn00010	Glycolysis / gluconeogenesis	iAPECO1_1312	Escherichia coli APEC O1	iECOK1_1307	Escherichia coli IHE3034	41	41	41	41	0	0	1.0	100.0	1
map00010	rn00010	Glycolysis / gluconeogenesis	iAPECO1_1312	Escherichia coli APEC O1	iECP_1309	Escherichia coli 536	41	41	41	41	0	0	1.0	100.0	1
map00010	rn00010	Glycolysis / gluconeogenesis	iAPECO1_1312	Escherichia coli APEC O1	iECS88_1305	Escherichia coli S88	41	41	41	41	0	0	1.0	100.0	1
map00010	rn00010	Glycolysis / gluconeogenesis	iAPECO1_1312	Escherichia coli APEC O1	iECSE_1348	Escherichia coli SE11	41	41	41	41	0	0	1.0	100.0	1
map00010	rn00010	Glycolysis / gluconeogenesis	iAPECO1_1312	Escherichia coli APEC O1	iECSF_1327	Escherichia coli SE15	41	41	41	41	0	0	1.0	100.0	1
map00010	rn00010	Glycolysis / gluconeogenesis	iAPECO1_1312	Escherichia coli APEC O1	iECSP_1301	Escherichia coli O157:H7 str. TW14359	41	41	41	41	0	0	1.0	100.0	1
map00010	rn00010	Glycolysis / gluconeogenesis	iAPECO1_1312	Escherichia coli APEC O1	iECUMN_1333	Escherichia coli UMN026	41	41	41	41	0	0	1.0	100.0	1
map00010	rn00010	Glycolysis / gluconeogenesis	iAPECO1_1312	Escherichia coli APEC O1	iECW_1372	Escherichia coli W	41	41	41	41	0	0	1.0	100.0	1
map00010	rn00010	Glycolysis / gluconeogenesis	iAPECO1_1312	Escherichia coli APEC O1	iECs_1301	Escherichia coli O157:H7 str. Sakai	41	41	41	41	0	0	1.0	100.0	1
map00010	rn00010	Glycolysis / gluconeogenesis	iAPECO1_1312	Escherichia coli APEC O1	iEKO11_1354	Escherichia coli KO11FL	41	41	41	41	0	0	1.0	100.0	1
map00010	rn00010	Glycolysis / gluconeogenesis	iAPECO1_1312	Escherichia coli APEC O1	iETEC_1333	Escherichia coli ETEC H10407	41	41	41	41	0	0	1.0	100.0	1
map00010	rn00010	Glycolysis / gluconeogenesis	iAPECO1_1312	Escherichia coli APEC O1	iEcDH1_1363	Escherichia coli DH1	41	41	41	41	0	0	1.0	100.0	1
map00010	rn00010	Glycolysis / gluconeogenesis	iAPECO1_1312	Escherichia coli APEC O1	iEcE24377_1341	Escherichia coli O139:H28 str. E24377A	41	41	41	41	0	0	1.0	100.0	1
map00010	rn00010	Glycolysis / gluconeogenesis	iAPECO1_1312	Escherichia coli APEC O1	iEcHS_1320	Escherichia coli HS	41	41	41	41	0	0	1.0	100.0	1
map00010	rn00010	Glycolysis / gluconeogenesis	iAPECO1_1312	Escherichia coli APEC O1	iEcSMS35_1347	Escherichia coli SMS-3-5	41	41	41	41	0	0	1.0	100.0	1
map00010	rn00010	Glycolysis / gluconeogenesis	iAPECO1_1312	Escherichia coli APEC O1	iEcolC_1368	Escherichia coli ATCC 8739	41	41	41	41	0	0	1.0	100.0	1
map00010	rn00010	Glycolysis / gluconeogenesis	iAPECO1_1312	Escherichia coli APEC O1	iG2583_1286	Escherichia coli O55:H7 str. CB9615	41	41	41	41	0	0	1.0	100.0	1
map00010	rn00010	Glycolysis / gluconeogenesis	iAPECO1_1312	Escherichia coli APEC O1	iJO1366	Escherichia coli str. K-12 substr. MG1655	41	40	40	41	1	0	0.9756	97.56	0
map00010	rn00010	Glycolysis / gluconeogenesis	iAPECO1_1312	Escherichia coli APEC O1	iJR904	Escherichia coli str. K-12 substr. MG1655	41	37	37	41	4	0	0.9024	90.24	0
map00010	rn00010	Glycolysis / gluconeogenesis	iAPECO1_1312	Escherichia coli APEC O1	iLF82_1304	Escherichia coli LF82	41	41	41	41	0	0	1.0	100.0	1
map00010	rn00010	Glycolysis / gluconeogenesis	iAPECO1_1312	Escherichia coli APEC O1	iML1515	Escherichia coli str. K-12 substr. MG1655	41	40	40	41	1	0	0.9756	97.56	0
map00010	rn00010	Glycolysis / gluconeogenesis	iAPECO1_1312	Escherichia coli APEC O1	iNRG857_1313	Escherichia coli O83:H1 str. NRG 857C	41	41	41	41	0	0	1.0	100.0	1
map00010	rn00010	Glycolysis / gluconeogenesis	iAPECO1_1312	Escherichia coli APEC O1	iUMN146_1321	Escherichia coli UM146	41	41	41	41	0	0	1.0	100.0	1
map00010	rn00010	Glycolysis / gluconeogenesis	iAPECO1_1312	Escherichia coli APEC O1	iUMNK88_1353	Escherichia coli UMNK88	41	41	41	41	0	0	1.0	100.0	1
map00010	rn00010	Glycolysis / gluconeogenesis	iAPECO1_1312	Escherichia coli APEC O1	iUTI89_1310	Escherichia coli UTI89	41	41	41	41	0	0	1.0	100.0	1
map00010	rn00010	Glycolysis / gluconeogenesis	iAPECO1_1312	Escherichia coli APEC O1	iWFL_1372	Escherichia coli W	41	41	41	41	0	0	1.0	100.0	1
map00010	rn00010	Glycolysis / gluconeogenesis	iAPECO1_1312	Escherichia coli APEC O1	iY75_1357	Escherichia coli str. K-12 substr. W3110	41	41	41	41	0	0	1.0	100.0	1
map00010	rn00010	Glycolysis / gluconeogenesis	iAPECO1_1312	Escherichia coli APEC O1	iZ_1308	Escherichia coli O157:H7 str. EDL933	41	41	41	41	0	0	1.0	100.0	1
map00010	rn00010	Glycolysis / gluconeogenesis	iAPECO1_1312	Escherichia coli APEC O1	ic_1306	Escherichia coli CFT073	41	41	41	41	0	0	1.0	100.0	1
map00010	rn00010	Glycolysis / gluconeogenesis	iB21_1397	Escherichia coli BL21(DE3)	iBWG_1329	Escherichia coli BW2952	41	41	41	41	0	0	1.0	100.0	1
map00010	rn00010	Glycolysis / gluconeogenesis	iB21_1397	Escherichia coli BL21(DE3)	iE2348C_1286	Escherichia coli O127:H6 str. E2348/69	41	41	41	41	0	0	1.0	100.0	1
map00010	rn00010	Glycolysis / gluconeogenesis	iB21_1397	Escherichia coli BL21(DE3)	iEC042_1314	Escherichia coli 042	41	41	41	41	0	0	1.0	100.0	1
map00010	rn00010	Glycolysis / gluconeogenesis	iB21_1397	Escherichia coli BL21(DE3)	iEC1344_C	Escherichia coli C	41	41	40	42	1	1	0.9524	95.24	0
map00010	rn00010	Glycolysis / gluconeogenesis	iB21_1397	Escherichia coli BL21(DE3)	iEC1349_Crooks	Escherichia coli ATCC 8739	41	40	40	41	1	0	0.9756	97.56	0
map00010	rn00010	Glycolysis / gluconeogenesis	iB21_1397	Escherichia coli BL21(DE3)	iEC1356_Bl21DE3	Escherichia coli BL21(DE3)	41	41	40	42	1	1	0.9524	95.24	0
map00010	rn00010	Glycolysis / gluconeogenesis	iB21_1397	Escherichia coli BL21(DE3)	iEC1364_W	Escherichia coli W	41	41	40	42	1	1	0.9524	95.24	0
map00010	rn00010	Glycolysis / gluconeogenesis	iB21_1397	Escherichia coli BL21(DE3)	iEC1368_DH5a	Escherichia coli DH5[alpha]	41	41	40	42	1	1	0.9524	95.24	0
map00010	rn00010	Glycolysis / gluconeogenesis	iB21_1397	Escherichia coli BL21(DE3)	iEC1372_W3110	Escherichia coli str. K-12 substr. W3110	41	40	40	41	1	0	0.9756	97.56	0
map00010	rn00010	Glycolysis / gluconeogenesis	iB21_1397	Escherichia coli BL21(DE3)	iEC55989_1330	Escherichia coli 55989	41	41	41	41	0	0	1.0	100.0	1
map00010	rn00010	Glycolysis / gluconeogenesis	iB21_1397	Escherichia coli BL21(DE3)	iECABU_c1320	Escherichia coli ABU 83972	41	41	41	41	0	0	1.0	100.0	1
map00010	rn00010	Glycolysis / gluconeogenesis	iB21_1397	Escherichia coli BL21(DE3)	iECBD_1354	Escherichia coli 'BL21-Gold(DE3)pLysS AG'	41	41	41	41	0	0	1.0	100.0	1
map00010	rn00010	Glycolysis / gluconeogenesis	iB21_1397	Escherichia coli BL21(DE3)	iECB_1328	Escherichia coli B str. REL606	41	41	41	41	0	0	1.0	100.0	1
map00010	rn00010	Glycolysis / gluconeogenesis	iB21_1397	Escherichia coli BL21(DE3)	iECDH10B_1368	Escherichia coli str. K-12 substr. DH10B	41	41	41	41	0	0	1.0	100.0	1
map00010	rn00010	Glycolysis / gluconeogenesis	iB21_1397	Escherichia coli BL21(DE3)	iECDH1ME8569_1439	Escherichia coli DH1	41	41	41	41	0	0	1.0	100.0	1
map00010	rn00010	Glycolysis / gluconeogenesis	iB21_1397	Escherichia coli BL21(DE3)	iECD_1391	Escherichia coli BL21(DE3)	41	41	41	41	0	0	1.0	100.0	1
map00010	rn00010	Glycolysis / gluconeogenesis	iB21_1397	Escherichia coli BL21(DE3)	iECED1_1282	Escherichia coli ED1a	41	41	41	41	0	0	1.0	100.0	1
map00010	rn00010	Glycolysis / gluconeogenesis	iB21_1397	Escherichia coli BL21(DE3)	iECH74115_1262	Escherichia coli O157:H7 str. EC4115	41	41	41	41	0	0	1.0	100.0	1
map00010	rn00010	Glycolysis / gluconeogenesis	iB21_1397	Escherichia coli BL21(DE3)	iECIAI1_1343	Escherichia coli IAI1	41	41	41	41	0	0	1.0	100.0	1
map00010	rn00010	Glycolysis / gluconeogenesis	iB21_1397	Escherichia coli BL21(DE3)	iECIAI39_1322	Escherichia coli IAI39	41	41	41	41	0	0	1.0	100.0	1
map00010	rn00010	Glycolysis / gluconeogenesis	iB21_1397	Escherichia coli BL21(DE3)	iECNA114_1301	Escherichia coli NA114	41	41	41	41	0	0	1.0	100.0	1
map00010	rn00010	Glycolysis / gluconeogenesis	iB21_1397	Escherichia coli BL21(DE3)	iECO103_1326	Escherichia coli O103:H2 str. 12009	41	41	41	41	0	0	1.0	100.0	1
map00010	rn00010	Glycolysis / gluconeogenesis	iB21_1397	Escherichia coli BL21(DE3)	iECO111_1330	Escherichia coli O111:H- str. 11128	41	41	41	41	0	0	1.0	100.0	1
map00010	rn00010	Glycolysis / gluconeogenesis	iB21_1397	Escherichia coli BL21(DE3)	iECO26_1355	Escherichia coli O26:H11 str. 11368	41	41	41	41	0	0	1.0	100.0	1
map00010	rn00010	Glycolysis / gluconeogenesis	iB21_1397	Escherichia coli BL21(DE3)	iECOK1_1307	Escherichia coli IHE3034	41	41	41	41	0	0	1.0	100.0	1
map00010	rn00010	Glycolysis / gluconeogenesis	iB21_1397	Escherichia coli BL21(DE3)	iECP_1309	Escherichia coli 536	41	41	41	41	0	0	1.0	100.0	1
map00010	rn00010	Glycolysis / gluconeogenesis	iB21_1397	Escherichia coli BL21(DE3)	iECS88_1305	Escherichia coli S88	41	41	41	41	0	0	1.0	100.0	1
map00010	rn00010	Glycolysis / gluconeogenesis	iB21_1397	Escherichia coli BL21(DE3)	iECSE_1348	Escherichia coli SE11	41	41	41	41	0	0	1.0	100.0	1
map00010	rn00010	Glycolysis / gluconeogenesis	iB21_1397	Escherichia coli BL21(DE3)	iECSF_1327	Escherichia coli SE15	41	41	41	41	0	0	1.0	100.0	1
map00010	rn00010	Glycolysis / gluconeogenesis	iB21_1397	Escherichia coli BL21(DE3)	iECSP_1301	Escherichia coli O157:H7 str. TW14359	41	41	41	41	0	0	1.0	100.0	1
map00010	rn00010	Glycolysis / gluconeogenesis	iB21_1397	Escherichia coli BL21(DE3)	iECUMN_1333	Escherichia coli UMN026	41	41	41	41	0	0	1.0	100.0	1
map00010	rn00010	Glycolysis / gluconeogenesis	iB21_1397	Escherichia coli BL21(DE3)	iECW_1372	Escherichia coli W	41	41	41	41	0	0	1.0	100.0	1
map00010	rn00010	Glycolysis / gluconeogenesis	iB21_1397	Escherichia coli BL21(DE3)	iECs_1301	Escherichia coli O157:H7 str. Sakai	41	41	41	41	0	0	1.0	100.0	1
map00010	rn00010	Glycolysis / gluconeogenesis	iB21_1397	Escherichia coli BL21(DE3)	iEKO11_1354	Escherichia coli KO11FL	41	41	41	41	0	0	1.0	100.0	1
map00010	rn00010	Glycolysis / gluconeogenesis	iB21_1397	Escherichia coli BL21(DE3)	iETEC_1333	Escherichia coli ETEC H10407	41	41	41	41	0	0	1.0	100.0	1
map00010	rn00010	Glycolysis / gluconeogenesis	iB21_1397	Escherichia coli BL21(DE3)	iEcDH1_1363	Escherichia coli DH1	41	41	41	41	0	0	1.0	100.0	1
map00010	rn00010	Glycolysis / gluconeogenesis	iB21_1397	Escherichia coli BL21(DE3)	iEcE24377_1341	Escherichia coli O139:H28 str. E24377A	41	41	41	41	0	0	1.0	100.0	1
map00010	rn00010	Glycolysis / gluconeogenesis	iB21_1397	Escherichia coli BL21(DE3)	iEcHS_1320	Escherichia coli HS	41	41	41	41	0	0	1.0	100.0	1
map00010	rn00010	Glycolysis / gluconeogenesis	iB21_1397	Escherichia coli BL21(DE3)	iEcSMS35_1347	Escherichia coli SMS-3-5	41	41	41	41	0	0	1.0	100.0	1
map00010	rn00010	Glycolysis / gluconeogenesis	iB21_1397	Escherichia coli BL21(DE3)	iEcolC_1368	Escherichia coli ATCC 8739	41	41	41	41	0	0	1.0	100.0	1
map00010	rn00010	Glycolysis / gluconeogenesis	iB21_1397	Escherichia coli BL21(DE3)	iG2583_1286	Escherichia coli O55:H7 str. CB9615	41	41	41	41	0	0	1.0	100.0	1
map00010	rn00010	Glycolysis / gluconeogenesis	iB21_1397	Escherichia coli BL21(DE3)	iJO1366	Escherichia coli str. K-12 substr. MG1655	41	40	40	41	1	0	0.9756	97.56	0
map00010	rn00010	Glycolysis / gluconeogenesis	iB21_1397	Escherichia coli BL21(DE3)	iJR904	Escherichia coli str. K-12 substr. MG1655	41	37	37	41	4	0	0.9024	90.24	0
map00010	rn00010	Glycolysis / gluconeogenesis	iB21_1397	Escherichia coli BL21(DE3)	iLF82_1304	Escherichia coli LF82	41	41	41	41	0	0	1.0	100.0	1
map00010	rn00010	Glycolysis / gluconeogenesis	iB21_1397	Escherichia coli BL21(DE3)	iML1515	Escherichia coli str. K-12 substr. MG1655	41	40	40	41	1	0	0.9756	97.56	0
map00010	rn00010	Glycolysis / gluconeogenesis	iB21_1397	Escherichia coli BL21(DE3)	iNRG857_1313	Escherichia coli O83:H1 str. NRG 857C	41	41	41	41	0	0	1.0	100.0	1
map00010	rn00010	Glycolysis / gluconeogenesis	iB21_1397	Escherichia coli BL21(DE3)	iUMN146_1321	Escherichia coli UM146	41	41	41	41	0	0	1.0	100.0	1
map00010	rn00010	Glycolysis / gluconeogenesis	iB21_1397	Escherichia coli BL21(DE3)	iUMNK88_1353	Escherichia coli UMNK88	41	41	41	41	0	0	1.0	100.0	1
map00010	rn00010	Glycolysis / gluconeogenesis	iB21_1397	Escherichia coli BL21(DE3)	iUTI89_1310	Escherichia coli UTI89	41	41	41	41	0	0	1.0	100.0	1
map00010	rn00010	Glycolysis / gluconeogenesis	iB21_1397	Escherichia coli BL21(DE3)	iWFL_1372	Escherichia coli W	41	41	41	41	0	0	1.0	100.0	1
map00010	rn00010	Glycolysis / gluconeogenesis	iB21_1397	Escherichia coli BL21(DE3)	iY75_1357	Escherichia coli str. K-12 substr. W3110	41	41	41	41	0	0	1.0	100.0	1
map00010	rn00010	Glycolysis / gluconeogenesis	iB21_1397	Escherichia coli BL21(DE3)	iZ_1308	Escherichia coli O157:H7 str. EDL933	41	41	41	41	0	0	1.0	100.0	1
map00010	rn00010	Glycolysis / gluconeogenesis	iB21_1397	Escherichia coli BL21(DE3)	ic_1306	Escherichia coli CFT073	41	41	41	41	0	0	1.0	100.0	1
map00010	rn00010	Glycolysis / gluconeogenesis	iBWG_1329	Escherichia coli BW2952	iE2348C_1286	Escherichia coli O127:H6 str. E2348/69	41	41	41	41	0	0	1.0	100.0	1
map00010	rn00010	Glycolysis / gluconeogenesis	iBWG_1329	Escherichia coli BW2952	iEC042_1314	Escherichia coli 042	41	41	41	41	0	0	1.0	100.0	1
map00010	rn00010	Glycolysis / gluconeogenesis	iBWG_1329	Escherichia coli BW2952	iEC1344_C	Escherichia coli C	41	41	40	42	1	1	0.9524	95.24	0
map00010	rn00010	Glycolysis / gluconeogenesis	iBWG_1329	Escherichia coli BW2952	iEC1349_Crooks	Escherichia coli ATCC 8739	41	40	40	41	1	0	0.9756	97.56	0
map00010	rn00010	Glycolysis / gluconeogenesis	iBWG_1329	Escherichia coli BW2952	iEC1356_Bl21DE3	Escherichia coli BL21(DE3)	41	41	40	42	1	1	0.9524	95.24	0
map00010	rn00010	Glycolysis / gluconeogenesis	iBWG_1329	Escherichia coli BW2952	iEC1364_W	Escherichia coli W	41	41	40	42	1	1	0.9524	95.24	0
map00010	rn00010	Glycolysis / gluconeogenesis	iBWG_1329	Escherichia coli BW2952	iEC1368_DH5a	Escherichia coli DH5[alpha]	41	41	40	42	1	1	0.9524	95.24	0
map00010	rn00010	Glycolysis / gluconeogenesis	iBWG_1329	Escherichia coli BW2952	iEC1372_W3110	Escherichia coli str. K-12 substr. W3110	41	40	40	41	1	0	0.9756	97.56	0
map00010	rn00010	Glycolysis / gluconeogenesis	iBWG_1329	Escherichia coli BW2952	iEC55989_1330	Escherichia coli 55989	41	41	41	41	0	0	1.0	100.0	1
map00010	rn00010	Glycolysis / gluconeogenesis	iBWG_1329	Escherichia coli BW2952	iECABU_c1320	Escherichia coli ABU 83972	41	41	41	41	0	0	1.0	100.0	1
map00010	rn00010	Glycolysis / gluconeogenesis	iBWG_1329	Escherichia coli BW2952	iECBD_1354	Escherichia coli 'BL21-Gold(DE3)pLysS AG'	41	41	41	41	0	0	1.0	100.0	1
map00010	rn00010	Glycolysis / gluconeogenesis	iBWG_1329	Escherichia coli BW2952	iECB_1328	Escherichia coli B str. REL606	41	41	41	41	0	0	1.0	100.0	1
map00010	rn00010	Glycolysis / gluconeogenesis	iBWG_1329	Escherichia coli BW2952	iECDH10B_1368	Escherichia coli str. K-12 substr. DH10B	41	41	41	41	0	0	1.0	100.0	1
map00010	rn00010	Glycolysis / gluconeogenesis	iBWG_1329	Escherichia coli BW2952	iECDH1ME8569_1439	Escherichia coli DH1	41	41	41	41	0	0	1.0	100.0	1
map00010	rn00010	Glycolysis / gluconeogenesis	iBWG_1329	Escherichia coli BW2952	iECD_1391	Escherichia coli BL21(DE3)	41	41	41	41	0	0	1.0	100.0	1
map00010	rn00010	Glycolysis / gluconeogenesis	iBWG_1329	Escherichia coli BW2952	iECED1_1282	Escherichia coli ED1a	41	41	41	41	0	0	1.0	100.0	1
map00010	rn00010	Glycolysis / gluconeogenesis	iBWG_1329	Escherichia coli BW2952	iECH74115_1262	Escherichia coli O157:H7 str. EC4115	41	41	41	41	0	0	1.0	100.0	1
map00010	rn00010	Glycolysis / gluconeogenesis	iBWG_1329	Escherichia coli BW2952	iECIAI1_1343	Escherichia coli IAI1	41	41	41	41	0	0	1.0	100.0	1
map00010	rn00010	Glycolysis / gluconeogenesis	iBWG_1329	Escherichia coli BW2952	iECIAI39_1322	Escherichia coli IAI39	41	41	41	41	0	0	1.0	100.0	1
map00010	rn00010	Glycolysis / gluconeogenesis	iBWG_1329	Escherichia coli BW2952	iECNA114_1301	Escherichia coli NA114	41	41	41	41	0	0	1.0	100.0	1
map00010	rn00010	Glycolysis / gluconeogenesis	iBWG_1329	Escherichia coli BW2952	iECO103_1326	Escherichia coli O103:H2 str. 12009	41	41	41	41	0	0	1.0	100.0	1
map00010	rn00010	Glycolysis / gluconeogenesis	iBWG_1329	Escherichia coli BW2952	iECO111_1330	Escherichia coli O111:H- str. 11128	41	41	41	41	0	0	1.0	100.0	1
map00010	rn00010	Glycolysis / gluconeogenesis	iBWG_1329	Escherichia coli BW2952	iECO26_1355	Escherichia coli O26:H11 str. 11368	41	41	41	41	0	0	1.0	100.0	1
map00010	rn00010	Glycolysis / gluconeogenesis	iBWG_1329	Escherichia coli BW2952	iECOK1_1307	Escherichia coli IHE3034	41	41	41	41	0	0	1.0	100.0	1
map00010	rn00010	Glycolysis / gluconeogenesis	iBWG_1329	Escherichia coli BW2952	iECP_1309	Escherichia coli 536	41	41	41	41	0	0	1.0	100.0	1
map00010	rn00010	Glycolysis / gluconeogenesis	iBWG_1329	Escherichia coli BW2952	iECS88_1305	Escherichia coli S88	41	41	41	41	0	0	1.0	100.0	1
map00010	rn00010	Glycolysis / gluconeogenesis	iBWG_1329	Escherichia coli BW2952	iECSE_1348	Escherichia coli SE11	41	41	41	41	0	0	1.0	100.0	1
map00010	rn00010	Glycolysis / gluconeogenesis	iBWG_1329	Escherichia coli BW2952	iECSF_1327	Escherichia coli SE15	41	41	41	41	0	0	1.0	100.0	1
map00010	rn00010	Glycolysis / gluconeogenesis	iBWG_1329	Escherichia coli BW2952	iECSP_1301	Escherichia coli O157:H7 str. TW14359	41	41	41	41	0	0	1.0	100.0	1
map00010	rn00010	Glycolysis / gluconeogenesis	iBWG_1329	Escherichia coli BW2952	iECUMN_1333	Escherichia coli UMN026	41	41	41	41	0	0	1.0	100.0	1
map00010	rn00010	Glycolysis / gluconeogenesis	iBWG_1329	Escherichia coli BW2952	iECW_1372	Escherichia coli W	41	41	41	41	0	0	1.0	100.0	1
map00010	rn00010	Glycolysis / gluconeogenesis	iBWG_1329	Escherichia coli BW2952	iECs_1301	Escherichia coli O157:H7 str. Sakai	41	41	41	41	0	0	1.0	100.0	1
map00010	rn00010	Glycolysis / gluconeogenesis	iBWG_1329	Escherichia coli BW2952	iEKO11_1354	Escherichia coli KO11FL	41	41	41	41	0	0	1.0	100.0	1
map00010	rn00010	Glycolysis / gluconeogenesis	iBWG_1329	Escherichia coli BW2952	iETEC_1333	Escherichia coli ETEC H10407	41	41	41	41	0	0	1.0	100.0	1
map00010	rn00010	Glycolysis / gluconeogenesis	iBWG_1329	Escherichia coli BW2952	iEcDH1_1363	Escherichia coli DH1	41	41	41	41	0	0	1.0	100.0	1
map00010	rn00010	Glycolysis / gluconeogenesis	iBWG_1329	Escherichia coli BW2952	iEcE24377_1341	Escherichia coli O139:H28 str. E24377A	41	41	41	41	0	0	1.0	100.0	1
map00010	rn00010	Glycolysis / gluconeogenesis	iBWG_1329	Escherichia coli BW2952	iEcHS_1320	Escherichia coli HS	41	41	41	41	0	0	1.0	100.0	1
map00010	rn00010	Glycolysis / gluconeogenesis	iBWG_1329	Escherichia coli BW2952	iEcSMS35_1347	Escherichia coli SMS-3-5	41	41	41	41	0	0	1.0	100.0	1
map00010	rn00010	Glycolysis / gluconeogenesis	iBWG_1329	Escherichia coli BW2952	iEcolC_1368	Escherichia coli ATCC 8739	41	41	41	41	0	0	1.0	100.0	1
map00010	rn00010	Glycolysis / gluconeogenesis	iBWG_1329	Escherichia coli BW2952	iG2583_1286	Escherichia coli O55:H7 str. CB9615	41	41	41	41	0	0	1.0	100.0	1
map00010	rn00010	Glycolysis / gluconeogenesis	iBWG_1329	Escherichia coli BW2952	iJO1366	Escherichia coli str. K-12 substr. MG1655	41	40	40	41	1	0	0.9756	97.56	0
map00010	rn00010	Glycolysis / gluconeogenesis	iBWG_1329	Escherichia coli BW2952	iJR904	Escherichia coli str. K-12 substr. MG1655	41	37	37	41	4	0	0.9024	90.24	0
map00010	rn00010	Glycolysis / gluconeogenesis	iBWG_1329	Escherichia coli BW2952	iLF82_1304	Escherichia coli LF82	41	41	41	41	0	0	1.0	100.0	1
map00010	rn00010	Glycolysis / gluconeogenesis	iBWG_1329	Escherichia coli BW2952	iML1515	Escherichia coli str. K-12 substr. MG1655	41	40	40	41	1	0	0.9756	97.56	0
map00010	rn00010	Glycolysis / gluconeogenesis	iBWG_1329	Escherichia coli BW2952	iNRG857_1313	Escherichia coli O83:H1 str. NRG 857C	41	41	41	41	0	0	1.0	100.0	1
map00010	rn00010	Glycolysis / gluconeogenesis	iBWG_1329	Escherichia coli BW2952	iUMN146_1321	Escherichia coli UM146	41	41	41	41	0	0	1.0	100.0	1
map00010	rn00010	Glycolysis / gluconeogenesis	iBWG_1329	Escherichia coli BW2952	iUMNK88_1353	Escherichia coli UMNK88	41	41	41	41	0	0	1.0	100.0	1
map00010	rn00010	Glycolysis / gluconeogenesis	iBWG_1329	Escherichia coli BW2952	iUTI89_1310	Escherichia coli UTI89	41	41	41	41	0	0	1.0	100.0	1
map00010	rn00010	Glycolysis / gluconeogenesis	iBWG_1329	Escherichia coli BW2952	iWFL_1372	Escherichia coli W	41	41	41	41	0	0	1.0	100.0	1
map00010	rn00010	Glycolysis / gluconeogenesis	iBWG_1329	Escherichia coli BW2952	iY75_1357	Escherichia coli str. K-12 substr. W3110	41	41	41	41	0	0	1.0	100.0	1
map00010	rn00010	Glycolysis / gluconeogenesis	iBWG_1329	Escherichia coli BW2952	iZ_1308	Escherichia coli O157:H7 str. EDL933	41	41	41	41	0	0	1.0	100.0	1
map00010	rn00010	Glycolysis / gluconeogenesis	iBWG_1329	Escherichia coli BW2952	ic_1306	Escherichia coli CFT073	41	41	41	41	0	0	1.0	100.0	1
map00010	rn00010	Glycolysis / gluconeogenesis	iE2348C_1286	Escherichia coli O127:H6 str. E2348/69	iEC042_1314	Escherichia coli 042	41	41	41	41	0	0	1.0	100.0	1
map00010	rn00010	Glycolysis / gluconeogenesis	iE2348C_1286	Escherichia coli O127:H6 str. E2348/69	iEC1344_C	Escherichia coli C	41	41	40	42	1	1	0.9524	95.24	0
map00010	rn00010	Glycolysis / gluconeogenesis	iE2348C_1286	Escherichia coli O127:H6 str. E2348/69	iEC1349_Crooks	Escherichia coli ATCC 8739	41	40	40	41	1	0	0.9756	97.56	0
map00010	rn00010	Glycolysis / gluconeogenesis	iE2348C_1286	Escherichia coli O127:H6 str. E2348/69	iEC1356_Bl21DE3	Escherichia coli BL21(DE3)	41	41	40	42	1	1	0.9524	95.24	0
map00010	rn00010	Glycolysis / gluconeogenesis	iE2348C_1286	Escherichia coli O127:H6 str. E2348/69	iEC1364_W	Escherichia coli W	41	41	40	42	1	1	0.9524	95.24	0
map00010	rn00010	Glycolysis / gluconeogenesis	iE2348C_1286	Escherichia coli O127:H6 str. E2348/69	iEC1368_DH5a	Escherichia coli DH5[alpha]	41	41	40	42	1	1	0.9524	95.24	0
map00010	rn00010	Glycolysis / gluconeogenesis	iE2348C_1286	Escherichia coli O127:H6 str. E2348/69	iEC1372_W3110	Escherichia coli str. K-12 substr. W3110	41	40	40	41	1	0	0.9756	97.56	0
map00010	rn00010	Glycolysis / gluconeogenesis	iE2348C_1286	Escherichia coli O127:H6 str. E2348/69	iEC55989_1330	Escherichia coli 55989	41	41	41	41	0	0	1.0	100.0	1
map00010	rn00010	Glycolysis / gluconeogenesis	iE2348C_1286	Escherichia coli O127:H6 str. E2348/69	iECABU_c1320	Escherichia coli ABU 83972	41	41	41	41	0	0	1.0	100.0	1
map00010	rn00010	Glycolysis / gluconeogenesis	iE2348C_1286	Escherichia coli O127:H6 str. E2348/69	iECBD_1354	Escherichia coli 'BL21-Gold(DE3)pLysS AG'	41	41	41	41	0	0	1.0	100.0	1
map00010	rn00010	Glycolysis / gluconeogenesis	iE2348C_1286	Escherichia coli O127:H6 str. E2348/69	iECB_1328	Escherichia coli B str. REL606	41	41	41	41	0	0	1.0	100.0	1
map00010	rn00010	Glycolysis / gluconeogenesis	iE2348C_1286	Escherichia coli O127:H6 str. E2348/69	iECDH10B_1368	Escherichia coli str. K-12 substr. DH10B	41	41	41	41	0	0	1.0	100.0	1
map00010	rn00010	Glycolysis / gluconeogenesis	iE2348C_1286	Escherichia coli O127:H6 str. E2348/69	iECDH1ME8569_1439	Escherichia coli DH1	41	41	41	41	0	0	1.0	100.0	1
map00010	rn00010	Glycolysis / gluconeogenesis	iE2348C_1286	Escherichia coli O127:H6 str. E2348/69	iECD_1391	Escherichia coli BL21(DE3)	41	41	41	41	0	0	1.0	100.0	1
map00010	rn00010	Glycolysis / gluconeogenesis	iE2348C_1286	Escherichia coli O127:H6 str. E2348/69	iECED1_1282	Escherichia coli ED1a	41	41	41	41	0	0	1.0	100.0	1
map00010	rn00010	Glycolysis / gluconeogenesis	iE2348C_1286	Escherichia coli O127:H6 str. E2348/69	iECH74115_1262	Escherichia coli O157:H7 str. EC4115	41	41	41	41	0	0	1.0	100.0	1
map00010	rn00010	Glycolysis / gluconeogenesis	iE2348C_1286	Escherichia coli O127:H6 str. E2348/69	iECIAI1_1343	Escherichia coli IAI1	41	41	41	41	0	0	1.0	100.0	1
map00010	rn00010	Glycolysis / gluconeogenesis	iE2348C_1286	Escherichia coli O127:H6 str. E2348/69	iECIAI39_1322	Escherichia coli IAI39	41	41	41	41	0	0	1.0	100.0	1
map00010	rn00010	Glycolysis / gluconeogenesis	iE2348C_1286	Escherichia coli O127:H6 str. E2348/69	iECNA114_1301	Escherichia coli NA114	41	41	41	41	0	0	1.0	100.0	1
map00010	rn00010	Glycolysis / gluconeogenesis	iE2348C_1286	Escherichia coli O127:H6 str. E2348/69	iECO103_1326	Escherichia coli O103:H2 str. 12009	41	41	41	41	0	0	1.0	100.0	1
map00010	rn00010	Glycolysis / gluconeogenesis	iE2348C_1286	Escherichia coli O127:H6 str. E2348/69	iECO111_1330	Escherichia coli O111:H- str. 11128	41	41	41	41	0	0	1.0	100.0	1
map00010	rn00010	Glycolysis / gluconeogenesis	iE2348C_1286	Escherichia coli O127:H6 str. E2348/69	iECO26_1355	Escherichia coli O26:H11 str. 11368	41	41	41	41	0	0	1.0	100.0	1
map00010	rn00010	Glycolysis / gluconeogenesis	iE2348C_1286	Escherichia coli O127:H6 str. E2348/69	iECOK1_1307	Escherichia coli IHE3034	41	41	41	41	0	0	1.0	100.0	1
map00010	rn00010	Glycolysis / gluconeogenesis	iE2348C_1286	Escherichia coli O127:H6 str. E2348/69	iECP_1309	Escherichia coli 536	41	41	41	41	0	0	1.0	100.0	1
map00010	rn00010	Glycolysis / gluconeogenesis	iE2348C_1286	Escherichia coli O127:H6 str. E2348/69	iECS88_1305	Escherichia coli S88	41	41	41	41	0	0	1.0	100.0	1
map00010	rn00010	Glycolysis / gluconeogenesis	iE2348C_1286	Escherichia coli O127:H6 str. E2348/69	iECSE_1348	Escherichia coli SE11	41	41	41	41	0	0	1.0	100.0	1
map00010	rn00010	Glycolysis / gluconeogenesis	iE2348C_1286	Escherichia coli O127:H6 str. E2348/69	iECSF_1327	Escherichia coli SE15	41	41	41	41	0	0	1.0	100.0	1
map00010	rn00010	Glycolysis / gluconeogenesis	iE2348C_1286	Escherichia coli O127:H6 str. E2348/69	iECSP_1301	Escherichia coli O157:H7 str. TW14359	41	41	41	41	0	0	1.0	100.0	1
map00010	rn00010	Glycolysis / gluconeogenesis	iE2348C_1286	Escherichia coli O127:H6 str. E2348/69	iECUMN_1333	Escherichia coli UMN026	41	41	41	41	0	0	1.0	100.0	1
map00010	rn00010	Glycolysis / gluconeogenesis	iE2348C_1286	Escherichia coli O127:H6 str. E2348/69	iECW_1372	Escherichia coli W	41	41	41	41	0	0	1.0	100.0	1
map00010	rn00010	Glycolysis / gluconeogenesis	iE2348C_1286	Escherichia coli O127:H6 str. E2348/69	iECs_1301	Escherichia coli O157:H7 str. Sakai	41	41	41	41	0	0	1.0	100.0	1
map00010	rn00010	Glycolysis / gluconeogenesis	iE2348C_1286	Escherichia coli O127:H6 str. E2348/69	iEKO11_1354	Escherichia coli KO11FL	41	41	41	41	0	0	1.0	100.0	1
map00010	rn00010	Glycolysis / gluconeogenesis	iE2348C_1286	Escherichia coli O127:H6 str. E2348/69	iETEC_1333	Escherichia coli ETEC H10407	41	41	41	41	0	0	1.0	100.0	1
map00010	rn00010	Glycolysis / gluconeogenesis	iE2348C_1286	Escherichia coli O127:H6 str. E2348/69	iEcDH1_1363	Escherichia coli DH1	41	41	41	41	0	0	1.0	100.0	1
map00010	rn00010	Glycolysis / gluconeogenesis	iE2348C_1286	Escherichia coli O127:H6 str. E2348/69	iEcE24377_1341	Escherichia coli O139:H28 str. E24377A	41	41	41	41	0	0	1.0	100.0	1
map00010	rn00010	Glycolysis / gluconeogenesis	iE2348C_1286	Escherichia coli O127:H6 str. E2348/69	iEcHS_1320	Escherichia coli HS	41	41	41	41	0	0	1.0	100.0	1
map00010	rn00010	Glycolysis / gluconeogenesis	iE2348C_1286	Escherichia coli O127:H6 str. E2348/69	iEcSMS35_1347	Escherichia coli SMS-3-5	41	41	41	41	0	0	1.0	100.0	1
map00010	rn00010	Glycolysis / gluconeogenesis	iE2348C_1286	Escherichia coli O127:H6 str. E2348/69	iEcolC_1368	Escherichia coli ATCC 8739	41	41	41	41	0	0	1.0	100.0	1
map00010	rn00010	Glycolysis / gluconeogenesis	iE2348C_1286	Escherichia coli O127:H6 str. E2348/69	iG2583_1286	Escherichia coli O55:H7 str. CB9615	41	41	41	41	0	0	1.0	100.0	1
map00010	rn00010	Glycolysis / gluconeogenesis	iE2348C_1286	Escherichia coli O127:H6 str. E2348/69	iJO1366	Escherichia coli str. K-12 substr. MG1655	41	40	40	41	1	0	0.9756	97.56	0
map00010	rn00010	Glycolysis / gluconeogenesis	iE2348C_1286	Escherichia coli O127:H6 str. E2348/69	iJR904	Escherichia coli str. K-12 substr. MG1655	41	37	37	41	4	0	0.9024	90.24	0
map00010	rn00010	Glycolysis / gluconeogenesis	iE2348C_1286	Escherichia coli O127:H6 str. E2348/69	iLF82_1304	Escherichia coli LF82	41	41	41	41	0	0	1.0	100.0	1
map00010	rn00010	Glycolysis / gluconeogenesis	iE2348C_1286	Escherichia coli O127:H6 str. E2348/69	iML1515	Escherichia coli str. K-12 substr. MG1655	41	40	40	41	1	0	0.9756	97.56	0
map00010	rn00010	Glycolysis / gluconeogenesis	iE2348C_1286	Escherichia coli O127:H6 str. E2348/69	iNRG857_1313	Escherichia coli O83:H1 str. NRG 857C	41	41	41	41	0	0	1.0	100.0	1
map00010	rn00010	Glycolysis / gluconeogenesis	iE2348C_1286	Escherichia coli O127:H6 str. E2348/69	iUMN146_1321	Escherichia coli UM146	41	41	41	41	0	0	1.0	100.0	1
map00010	rn00010	Glycolysis / gluconeogenesis	iE2348C_1286	Escherichia coli O127:H6 str. E2348/69	iUMNK88_1353	Escherichia coli UMNK88	41	41	41	41	0	0	1.0	100.0	1
map00010	rn00010	Glycolysis / gluconeogenesis	iE2348C_1286	Escherichia coli O127:H6 str. E2348/69	iUTI89_1310	Escherichia coli UTI89	41	41	41	41	0	0	1.0	100.0	1
map00010	rn00010	Glycolysis / gluconeogenesis	iE2348C_1286	Escherichia coli O127:H6 str. E2348/69	iWFL_1372	Escherichia coli W	41	41	41	41	0	0	1.0	100.0	1
map00010	rn00010	Glycolysis / gluconeogenesis	iE2348C_1286	Escherichia coli O127:H6 str. E2348/69	iY75_1357	Escherichia coli str. K-12 substr. W3110	41	41	41	41	0	0	1.0	100.0	1
map00010	rn00010	Glycolysis / gluconeogenesis	iE2348C_1286	Escherichia coli O127:H6 str. E2348/69	iZ_1308	Escherichia coli O157:H7 str. EDL933	41	41	41	41	0	0	1.0	100.0	1
map00010	rn00010	Glycolysis / gluconeogenesis	iE2348C_1286	Escherichia coli O127:H6 str. E2348/69	ic_1306	Escherichia coli CFT073	41	41	41	41	0	0	1.0	100.0	1
map00010	rn00010	Glycolysis / gluconeogenesis	iEC042_1314	Escherichia coli 042	iEC1344_C	Escherichia coli C	41	41	40	42	1	1	0.9524	95.24	0
map00010	rn00010	Glycolysis / gluconeogenesis	iEC042_1314	Escherichia coli 042	iEC1349_Crooks	Escherichia coli ATCC 8739	41	40	40	41	1	0	0.9756	97.56	0
map00010	rn00010	Glycolysis / gluconeogenesis	iEC042_1314	Escherichia coli 042	iEC1356_Bl21DE3	Escherichia coli BL21(DE3)	41	41	40	42	1	1	0.9524	95.24	0
map00010	rn00010	Glycolysis / gluconeogenesis	iEC042_1314	Escherichia coli 042	iEC1364_W	Escherichia coli W	41	41	40	42	1	1	0.9524	95.24	0
map00010	rn00010	Glycolysis / gluconeogenesis	iEC042_1314	Escherichia coli 042	iEC1368_DH5a	Escherichia coli DH5[alpha]	41	41	40	42	1	1	0.9524	95.24	0
map00010	rn00010	Glycolysis / gluconeogenesis	iEC042_1314	Escherichia coli 042	iEC1372_W3110	Escherichia coli str. K-12 substr. W3110	41	40	40	41	1	0	0.9756	97.56	0
map00010	rn00010	Glycolysis / gluconeogenesis	iEC042_1314	Escherichia coli 042	iEC55989_1330	Escherichia coli 55989	41	41	41	41	0	0	1.0	100.0	1
map00010	rn00010	Glycolysis / gluconeogenesis	iEC042_1314	Escherichia coli 042	iECABU_c1320	Escherichia coli ABU 83972	41	41	41	41	0	0	1.0	100.0	1
map00010	rn00010	Glycolysis / gluconeogenesis	iEC042_1314	Escherichia coli 042	iECBD_1354	Escherichia coli 'BL21-Gold(DE3)pLysS AG'	41	41	41	41	0	0	1.0	100.0	1
map00010	rn00010	Glycolysis / gluconeogenesis	iEC042_1314	Escherichia coli 042	iECB_1328	Escherichia coli B str. REL606	41	41	41	41	0	0	1.0	100.0	1
map00010	rn00010	Glycolysis / gluconeogenesis	iEC042_1314	Escherichia coli 042	iECDH10B_1368	Escherichia coli str. K-12 substr. DH10B	41	41	41	41	0	0	1.0	100.0	1
map00010	rn00010	Glycolysis / gluconeogenesis	iEC042_1314	Escherichia coli 042	iECDH1ME8569_1439	Escherichia coli DH1	41	41	41	41	0	0	1.0	100.0	1
map00010	rn00010	Glycolysis / gluconeogenesis	iEC042_1314	Escherichia coli 042	iECD_1391	Escherichia coli BL21(DE3)	41	41	41	41	0	0	1.0	100.0	1
map00010	rn00010	Glycolysis / gluconeogenesis	iEC042_1314	Escherichia coli 042	iECED1_1282	Escherichia coli ED1a	41	41	41	41	0	0	1.0	100.0	1
map00010	rn00010	Glycolysis / gluconeogenesis	iEC042_1314	Escherichia coli 042	iECH74115_1262	Escherichia coli O157:H7 str. EC4115	41	41	41	41	0	0	1.0	100.0	1
map00010	rn00010	Glycolysis / gluconeogenesis	iEC042_1314	Escherichia coli 042	iECIAI1_1343	Escherichia coli IAI1	41	41	41	41	0	0	1.0	100.0	1
map00010	rn00010	Glycolysis / gluconeogenesis	iEC042_1314	Escherichia coli 042	iECIAI39_1322	Escherichia coli IAI39	41	41	41	41	0	0	1.0	100.0	1
map00010	rn00010	Glycolysis / gluconeogenesis	iEC042_1314	Escherichia coli 042	iECNA114_1301	Escherichia coli NA114	41	41	41	41	0	0	1.0	100.0	1
map00010	rn00010	Glycolysis / gluconeogenesis	iEC042_1314	Escherichia coli 042	iECO103_1326	Escherichia coli O103:H2 str. 12009	41	41	41	41	0	0	1.0	100.0	1
map00010	rn00010	Glycolysis / gluconeogenesis	iEC042_1314	Escherichia coli 042	iECO111_1330	Escherichia coli O111:H- str. 11128	41	41	41	41	0	0	1.0	100.0	1
map00010	rn00010	Glycolysis / gluconeogenesis	iEC042_1314	Escherichia coli 042	iECO26_1355	Escherichia coli O26:H11 str. 11368	41	41	41	41	0	0	1.0	100.0	1
map00010	rn00010	Glycolysis / gluconeogenesis	iEC042_1314	Escherichia coli 042	iECOK1_1307	Escherichia coli IHE3034	41	41	41	41	0	0	1.0	100.0	1
map00010	rn00010	Glycolysis / gluconeogenesis	iEC042_1314	Escherichia coli 042	iECP_1309	Escherichia coli 536	41	41	41	41	0	0	1.0	100.0	1
map00010	rn00010	Glycolysis / gluconeogenesis	iEC042_1314	Escherichia coli 042	iECS88_1305	Escherichia coli S88	41	41	41	41	0	0	1.0	100.0	1
map00010	rn00010	Glycolysis / gluconeogenesis	iEC042_1314	Escherichia coli 042	iECSE_1348	Escherichia coli SE11	41	41	41	41	0	0	1.0	100.0	1
map00010	rn00010	Glycolysis / gluconeogenesis	iEC042_1314	Escherichia coli 042	iECSF_1327	Escherichia coli SE15	41	41	41	41	0	0	1.0	100.0	1
map00010	rn00010	Glycolysis / gluconeogenesis	iEC042_1314	Escherichia coli 042	iECSP_1301	Escherichia coli O157:H7 str. TW14359	41	41	41	41	0	0	1.0	100.0	1
map00010	rn00010	Glycolysis / gluconeogenesis	iEC042_1314	Escherichia coli 042	iECUMN_1333	Escherichia coli UMN026	41	41	41	41	0	0	1.0	100.0	1
map00010	rn00010	Glycolysis / gluconeogenesis	iEC042_1314	Escherichia coli 042	iECW_1372	Escherichia coli W	41	41	41	41	0	0	1.0	100.0	1
map00010	rn00010	Glycolysis / gluconeogenesis	iEC042_1314	Escherichia coli 042	iECs_1301	Escherichia coli O157:H7 str. Sakai	41	41	41	41	0	0	1.0	100.0	1
map00010	rn00010	Glycolysis / gluconeogenesis	iEC042_1314	Escherichia coli 042	iEKO11_1354	Escherichia coli KO11FL	41	41	41	41	0	0	1.0	100.0	1
map00010	rn00010	Glycolysis / gluconeogenesis	iEC042_1314	Escherichia coli 042	iETEC_1333	Escherichia coli ETEC H10407	41	41	41	41	0	0	1.0	100.0	1
map00010	rn00010	Glycolysis / gluconeogenesis	iEC042_1314	Escherichia coli 042	iEcDH1_1363	Escherichia coli DH1	41	41	41	41	0	0	1.0	100.0	1
map00010	rn00010	Glycolysis / gluconeogenesis	iEC042_1314	Escherichia coli 042	iEcE24377_1341	Escherichia coli O139:H28 str. E24377A	41	41	41	41	0	0	1.0	100.0	1
map00010	rn00010	Glycolysis / gluconeogenesis	iEC042_1314	Escherichia coli 042	iEcHS_1320	Escherichia coli HS	41	41	41	41	0	0	1.0	100.0	1
map00010	rn00010	Glycolysis / gluconeogenesis	iEC042_1314	Escherichia coli 042	iEcSMS35_1347	Escherichia coli SMS-3-5	41	41	41	41	0	0	1.0	100.0	1
map00010	rn00010	Glycolysis / gluconeogenesis	iEC042_1314	Escherichia coli 042	iEcolC_1368	Escherichia coli ATCC 8739	41	41	41	41	0	0	1.0	100.0	1
map00010	rn00010	Glycolysis / gluconeogenesis	iEC042_1314	Escherichia coli 042	iG2583_1286	Escherichia coli O55:H7 str. CB9615	41	41	41	41	0	0	1.0	100.0	1
map00010	rn00010	Glycolysis / gluconeogenesis	iEC042_1314	Escherichia coli 042	iJO1366	Escherichia coli str. K-12 substr. MG1655	41	40	40	41	1	0	0.9756	97.56	0
map00010	rn00010	Glycolysis / gluconeogenesis	iEC042_1314	Escherichia coli 042	iJR904	Escherichia coli str. K-12 substr. MG1655	41	37	37	41	4	0	0.9024	90.24	0
map00010	rn00010	Glycolysis / gluconeogenesis	iEC042_1314	Escherichia coli 042	iLF82_1304	Escherichia coli LF82	41	41	41	41	0	0	1.0	100.0	1
map00010	rn00010	Glycolysis / gluconeogenesis	iEC042_1314	Escherichia coli 042	iML1515	Escherichia coli str. K-12 substr. MG1655	41	40	40	41	1	0	0.9756	97.56	0
map00010	rn00010	Glycolysis / gluconeogenesis	iEC042_1314	Escherichia coli 042	iNRG857_1313	Escherichia coli O83:H1 str. NRG 857C	41	41	41	41	0	0	1.0	100.0	1
map00010	rn00010	Glycolysis / gluconeogenesis	iEC042_1314	Escherichia coli 042	iUMN146_1321	Escherichia coli UM146	41	41	41	41	0	0	1.0	100.0	1
map00010	rn00010	Glycolysis / gluconeogenesis	iEC042_1314	Escherichia coli 042	iUMNK88_1353	Escherichia coli UMNK88	41	41	41	41	0	0	1.0	100.0	1
map00010	rn00010	Glycolysis / gluconeogenesis	iEC042_1314	Escherichia coli 042	iUTI89_1310	Escherichia coli UTI89	41	41	41	41	0	0	1.0	100.0	1
map00010	rn00010	Glycolysis / gluconeogenesis	iEC042_1314	Escherichia coli 042	iWFL_1372	Escherichia coli W	41	41	41	41	0	0	1.0	100.0	1
map00010	rn00010	Glycolysis / gluconeogenesis	iEC042_1314	Escherichia coli 042	iY75_1357	Escherichia coli str. K-12 substr. W3110	41	41	41	41	0	0	1.0	100.0	1
map00010	rn00010	Glycolysis / gluconeogenesis	iEC042_1314	Escherichia coli 042	iZ_1308	Escherichia coli O157:H7 str. EDL933	41	41	41	41	0	0	1.0	100.0	1
map00010	rn00010	Glycolysis / gluconeogenesis	iEC042_1314	Escherichia coli 042	ic_1306	Escherichia coli CFT073	41	41	41	41	0	0	1.0	100.0	1
map00010	rn00010	Glycolysis / gluconeogenesis	iEC1344_C	Escherichia coli C	iEC1349_Crooks	Escherichia coli ATCC 8739	41	40	40	41	1	0	0.9756	97.56	0
map00010	rn00010	Glycolysis / gluconeogenesis	iEC1344_C	Escherichia coli C	iEC1356_Bl21DE3	Escherichia coli BL21(DE3)	41	41	41	41	0	0	1.0	100.0	1
map00010	rn00010	Glycolysis / gluconeogenesis	iEC1344_C	Escherichia coli C	iEC1364_W	Escherichia coli W	41	41	41	41	0	0	1.0	100.0	1
map00010	rn00010	Glycolysis / gluconeogenesis	iEC1344_C	Escherichia coli C	iEC1368_DH5a	Escherichia coli DH5[alpha]	41	41	41	41	0	0	1.0	100.0	1
map00010	rn00010	Glycolysis / gluconeogenesis	iEC1344_C	Escherichia coli C	iEC1372_W3110	Escherichia coli str. K-12 substr. W3110	41	40	40	41	1	0	0.9756	97.56	0
map00010	rn00010	Glycolysis / gluconeogenesis	iEC1344_C	Escherichia coli C	iEC55989_1330	Escherichia coli 55989	41	41	40	42	1	1	0.9524	95.24	0
map00010	rn00010	Glycolysis / gluconeogenesis	iEC1344_C	Escherichia coli C	iECABU_c1320	Escherichia coli ABU 83972	41	41	40	42	1	1	0.9524	95.24	0
map00010	rn00010	Glycolysis / gluconeogenesis	iEC1344_C	Escherichia coli C	iECBD_1354	Escherichia coli 'BL21-Gold(DE3)pLysS AG'	41	41	40	42	1	1	0.9524	95.24	0
map00010	rn00010	Glycolysis / gluconeogenesis	iEC1344_C	Escherichia coli C	iECB_1328	Escherichia coli B str. REL606	41	41	40	42	1	1	0.9524	95.24	0
map00010	rn00010	Glycolysis / gluconeogenesis	iEC1344_C	Escherichia coli C	iECDH10B_1368	Escherichia coli str. K-12 substr. DH10B	41	41	40	42	1	1	0.9524	95.24	0
map00010	rn00010	Glycolysis / gluconeogenesis	iEC1344_C	Escherichia coli C	iECDH1ME8569_1439	Escherichia coli DH1	41	41	40	42	1	1	0.9524	95.24	0
map00010	rn00010	Glycolysis / gluconeogenesis	iEC1344_C	Escherichia coli C	iECD_1391	Escherichia coli BL21(DE3)	41	41	40	42	1	1	0.9524	95.24	0
map00010	rn00010	Glycolysis / gluconeogenesis	iEC1344_C	Escherichia coli C	iECED1_1282	Escherichia coli ED1a	41	41	40	42	1	1	0.9524	95.24	0
map00010	rn00010	Glycolysis / gluconeogenesis	iEC1344_C	Escherichia coli C	iECH74115_1262	Escherichia coli O157:H7 str. EC4115	41	41	40	42	1	1	0.9524	95.24	0
map00010	rn00010	Glycolysis / gluconeogenesis	iEC1344_C	Escherichia coli C	iECIAI1_1343	Escherichia coli IAI1	41	41	40	42	1	1	0.9524	95.24	0
map00010	rn00010	Glycolysis / gluconeogenesis	iEC1344_C	Escherichia coli C	iECIAI39_1322	Escherichia coli IAI39	41	41	40	42	1	1	0.9524	95.24	0
map00010	rn00010	Glycolysis / gluconeogenesis	iEC1344_C	Escherichia coli C	iECNA114_1301	Escherichia coli NA114	41	41	40	42	1	1	0.9524	95.24	0
map00010	rn00010	Glycolysis / gluconeogenesis	iEC1344_C	Escherichia coli C	iECO103_1326	Escherichia coli O103:H2 str. 12009	41	41	40	42	1	1	0.9524	95.24	0
map00010	rn00010	Glycolysis / gluconeogenesis	iEC1344_C	Escherichia coli C	iECO111_1330	Escherichia coli O111:H- str. 11128	41	41	40	42	1	1	0.9524	95.24	0
map00010	rn00010	Glycolysis / gluconeogenesis	iEC1344_C	Escherichia coli C	iECO26_1355	Escherichia coli O26:H11 str. 11368	41	41	40	42	1	1	0.9524	95.24	0
map00010	rn00010	Glycolysis / gluconeogenesis	iEC1344_C	Escherichia coli C	iECOK1_1307	Escherichia coli IHE3034	41	41	40	42	1	1	0.9524	95.24	0
map00010	rn00010	Glycolysis / gluconeogenesis	iEC1344_C	Escherichia coli C	iECP_1309	Escherichia coli 536	41	41	40	42	1	1	0.9524	95.24	0
map00010	rn00010	Glycolysis / gluconeogenesis	iEC1344_C	Escherichia coli C	iECS88_1305	Escherichia coli S88	41	41	40	42	1	1	0.9524	95.24	0
map00010	rn00010	Glycolysis / gluconeogenesis	iEC1344_C	Escherichia coli C	iECSE_1348	Escherichia coli SE11	41	41	40	42	1	1	0.9524	95.24	0
map00010	rn00010	Glycolysis / gluconeogenesis	iEC1344_C	Escherichia coli C	iECSF_1327	Escherichia coli SE15	41	41	40	42	1	1	0.9524	95.24	0
map00010	rn00010	Glycolysis / gluconeogenesis	iEC1344_C	Escherichia coli C	iECSP_1301	Escherichia coli O157:H7 str. TW14359	41	41	40	42	1	1	0.9524	95.24	0
map00010	rn00010	Glycolysis / gluconeogenesis	iEC1344_C	Escherichia coli C	iECUMN_1333	Escherichia coli UMN026	41	41	40	42	1	1	0.9524	95.24	0
map00010	rn00010	Glycolysis / gluconeogenesis	iEC1344_C	Escherichia coli C	iECW_1372	Escherichia coli W	41	41	40	42	1	1	0.9524	95.24	0
map00010	rn00010	Glycolysis / gluconeogenesis	iEC1344_C	Escherichia coli C	iECs_1301	Escherichia coli O157:H7 str. Sakai	41	41	40	42	1	1	0.9524	95.24	0
map00010	rn00010	Glycolysis / gluconeogenesis	iEC1344_C	Escherichia coli C	iEKO11_1354	Escherichia coli KO11FL	41	41	40	42	1	1	0.9524	95.24	0
map00010	rn00010	Glycolysis / gluconeogenesis	iEC1344_C	Escherichia coli C	iETEC_1333	Escherichia coli ETEC H10407	41	41	40	42	1	1	0.9524	95.24	0
map00010	rn00010	Glycolysis / gluconeogenesis	iEC1344_C	Escherichia coli C	iEcDH1_1363	Escherichia coli DH1	41	41	40	42	1	1	0.9524	95.24	0
map00010	rn00010	Glycolysis / gluconeogenesis	iEC1344_C	Escherichia coli C	iEcE24377_1341	Escherichia coli O139:H28 str. E24377A	41	41	40	42	1	1	0.9524	95.24	0
map00010	rn00010	Glycolysis / gluconeogenesis	iEC1344_C	Escherichia coli C	iEcHS_1320	Escherichia coli HS	41	41	40	42	1	1	0.9524	95.24	0
map00010	rn00010	Glycolysis / gluconeogenesis	iEC1344_C	Escherichia coli C	iEcSMS35_1347	Escherichia coli SMS-3-5	41	41	40	42	1	1	0.9524	95.24	0
map00010	rn00010	Glycolysis / gluconeogenesis	iEC1344_C	Escherichia coli C	iEcolC_1368	Escherichia coli ATCC 8739	41	41	40	42	1	1	0.9524	95.24	0
map00010	rn00010	Glycolysis / gluconeogenesis	iEC1344_C	Escherichia coli C	iG2583_1286	Escherichia coli O55:H7 str. CB9615	41	41	40	42	1	1	0.9524	95.24	0
map00010	rn00010	Glycolysis / gluconeogenesis	iEC1344_C	Escherichia coli C	iJO1366	Escherichia coli str. K-12 substr. MG1655	41	40	40	41	1	0	0.9756	97.56	0
map00010	rn00010	Glycolysis / gluconeogenesis	iEC1344_C	Escherichia coli C	iJR904	Escherichia coli str. K-12 substr. MG1655	41	37	37	41	4	0	0.9024	90.24	0
map00010	rn00010	Glycolysis / gluconeogenesis	iEC1344_C	Escherichia coli C	iLF82_1304	Escherichia coli LF82	41	41	40	42	1	1	0.9524	95.24	0
map00010	rn00010	Glycolysis / gluconeogenesis	iEC1344_C	Escherichia coli C	iML1515	Escherichia coli str. K-12 substr. MG1655	41	40	40	41	1	0	0.9756	97.56	0
map00010	rn00010	Glycolysis / gluconeogenesis	iEC1344_C	Escherichia coli C	iNRG857_1313	Escherichia coli O83:H1 str. NRG 857C	41	41	40	42	1	1	0.9524	95.24	0
map00010	rn00010	Glycolysis / gluconeogenesis	iEC1344_C	Escherichia coli C	iUMN146_1321	Escherichia coli UM146	41	41	40	42	1	1	0.9524	95.24	0
map00010	rn00010	Glycolysis / gluconeogenesis	iEC1344_C	Escherichia coli C	iUMNK88_1353	Escherichia coli UMNK88	41	41	40	42	1	1	0.9524	95.24	0
map00010	rn00010	Glycolysis / gluconeogenesis	iEC1344_C	Escherichia coli C	iUTI89_1310	Escherichia coli UTI89	41	41	40	42	1	1	0.9524	95.24	0
map00010	rn00010	Glycolysis / gluconeogenesis	iEC1344_C	Escherichia coli C	iWFL_1372	Escherichia coli W	41	41	40	42	1	1	0.9524	95.24	0
map00010	rn00010	Glycolysis / gluconeogenesis	iEC1344_C	Escherichia coli C	iY75_1357	Escherichia coli str. K-12 substr. W3110	41	41	40	42	1	1	0.9524	95.24	0
map00010	rn00010	Glycolysis / gluconeogenesis	iEC1344_C	Escherichia coli C	iZ_1308	Escherichia coli O157:H7 str. EDL933	41	41	40	42	1	1	0.9524	95.24	0
map00010	rn00010	Glycolysis / gluconeogenesis	iEC1344_C	Escherichia coli C	ic_1306	Escherichia coli CFT073	41	41	40	42	1	1	0.9524	95.24	0
map00010	rn00010	Glycolysis / gluconeogenesis	iEC1349_Crooks	Escherichia coli ATCC 8739	iEC1356_Bl21DE3	Escherichia coli BL21(DE3)	40	41	40	41	0	1	0.9756	97.56	0
map00010	rn00010	Glycolysis / gluconeogenesis	iEC1349_Crooks	Escherichia coli ATCC 8739	iEC1364_W	Escherichia coli W	40	41	40	41	0	1	0.9756	97.56	0
map00010	rn00010	Glycolysis / gluconeogenesis	iEC1349_Crooks	Escherichia coli ATCC 8739	iEC1368_DH5a	Escherichia coli DH5[alpha]	40	41	40	41	0	1	0.9756	97.56	0
map00010	rn00010	Glycolysis / gluconeogenesis	iEC1349_Crooks	Escherichia coli ATCC 8739	iEC1372_W3110	Escherichia coli str. K-12 substr. W3110	40	40	40	40	0	0	1.0	100.0	1
map00010	rn00010	Glycolysis / gluconeogenesis	iEC1349_Crooks	Escherichia coli ATCC 8739	iEC55989_1330	Escherichia coli 55989	40	41	40	41	0	1	0.9756	97.56	0
map00010	rn00010	Glycolysis / gluconeogenesis	iEC1349_Crooks	Escherichia coli ATCC 8739	iECABU_c1320	Escherichia coli ABU 83972	40	41	40	41	0	1	0.9756	97.56	0
map00010	rn00010	Glycolysis / gluconeogenesis	iEC1349_Crooks	Escherichia coli ATCC 8739	iECBD_1354	Escherichia coli 'BL21-Gold(DE3)pLysS AG'	40	41	40	41	0	1	0.9756	97.56	0
map00010	rn00010	Glycolysis / gluconeogenesis	iEC1349_Crooks	Escherichia coli ATCC 8739	iECB_1328	Escherichia coli B str. REL606	40	41	40	41	0	1	0.9756	97.56	0
map00010	rn00010	Glycolysis / gluconeogenesis	iEC1349_Crooks	Escherichia coli ATCC 8739	iECDH10B_1368	Escherichia coli str. K-12 substr. DH10B	40	41	40	41	0	1	0.9756	97.56	0
map00010	rn00010	Glycolysis / gluconeogenesis	iEC1349_Crooks	Escherichia coli ATCC 8739	iECDH1ME8569_1439	Escherichia coli DH1	40	41	40	41	0	1	0.9756	97.56	0
map00010	rn00010	Glycolysis / gluconeogenesis	iEC1349_Crooks	Escherichia coli ATCC 8739	iECD_1391	Escherichia coli BL21(DE3)	40	41	40	41	0	1	0.9756	97.56	0
map00010	rn00010	Glycolysis / gluconeogenesis	iEC1349_Crooks	Escherichia coli ATCC 8739	iECED1_1282	Escherichia coli ED1a	40	41	40	41	0	1	0.9756	97.56	0
map00010	rn00010	Glycolysis / gluconeogenesis	iEC1349_Crooks	Escherichia coli ATCC 8739	iECH74115_1262	Escherichia coli O157:H7 str. EC4115	40	41	40	41	0	1	0.9756	97.56	0
map00010	rn00010	Glycolysis / gluconeogenesis	iEC1349_Crooks	Escherichia coli ATCC 8739	iECIAI1_1343	Escherichia coli IAI1	40	41	40	41	0	1	0.9756	97.56	0
map00010	rn00010	Glycolysis / gluconeogenesis	iEC1349_Crooks	Escherichia coli ATCC 8739	iECIAI39_1322	Escherichia coli IAI39	40	41	40	41	0	1	0.9756	97.56	0
map00010	rn00010	Glycolysis / gluconeogenesis	iEC1349_Crooks	Escherichia coli ATCC 8739	iECNA114_1301	Escherichia coli NA114	40	41	40	41	0	1	0.9756	97.56	0
map00010	rn00010	Glycolysis / gluconeogenesis	iEC1349_Crooks	Escherichia coli ATCC 8739	iECO103_1326	Escherichia coli O103:H2 str. 12009	40	41	40	41	0	1	0.9756	97.56	0
map00010	rn00010	Glycolysis / gluconeogenesis	iEC1349_Crooks	Escherichia coli ATCC 8739	iECO111_1330	Escherichia coli O111:H- str. 11128	40	41	40	41	0	1	0.9756	97.56	0
map00010	rn00010	Glycolysis / gluconeogenesis	iEC1349_Crooks	Escherichia coli ATCC 8739	iECO26_1355	Escherichia coli O26:H11 str. 11368	40	41	40	41	0	1	0.9756	97.56	0
map00010	rn00010	Glycolysis / gluconeogenesis	iEC1349_Crooks	Escherichia coli ATCC 8739	iECOK1_1307	Escherichia coli IHE3034	40	41	40	41	0	1	0.9756	97.56	0
map00010	rn00010	Glycolysis / gluconeogenesis	iEC1349_Crooks	Escherichia coli ATCC 8739	iECP_1309	Escherichia coli 536	40	41	40	41	0	1	0.9756	97.56	0
map00010	rn00010	Glycolysis / gluconeogenesis	iEC1349_Crooks	Escherichia coli ATCC 8739	iECS88_1305	Escherichia coli S88	40	41	40	41	0	1	0.9756	97.56	0
map00010	rn00010	Glycolysis / gluconeogenesis	iEC1349_Crooks	Escherichia coli ATCC 8739	iECSE_1348	Escherichia coli SE11	40	41	40	41	0	1	0.9756	97.56	0
map00010	rn00010	Glycolysis / gluconeogenesis	iEC1349_Crooks	Escherichia coli ATCC 8739	iECSF_1327	Escherichia coli SE15	40	41	40	41	0	1	0.9756	97.56	0
map00010	rn00010	Glycolysis / gluconeogenesis	iEC1349_Crooks	Escherichia coli ATCC 8739	iECSP_1301	Escherichia coli O157:H7 str. TW14359	40	41	40	41	0	1	0.9756	97.56	0
map00010	rn00010	Glycolysis / gluconeogenesis	iEC1349_Crooks	Escherichia coli ATCC 8739	iECUMN_1333	Escherichia coli UMN026	40	41	40	41	0	1	0.9756	97.56	0
map00010	rn00010	Glycolysis / gluconeogenesis	iEC1349_Crooks	Escherichia coli ATCC 8739	iECW_1372	Escherichia coli W	40	41	40	41	0	1	0.9756	97.56	0
map00010	rn00010	Glycolysis / gluconeogenesis	iEC1349_Crooks	Escherichia coli ATCC 8739	iECs_1301	Escherichia coli O157:H7 str. Sakai	40	41	40	41	0	1	0.9756	97.56	0
map00010	rn00010	Glycolysis / gluconeogenesis	iEC1349_Crooks	Escherichia coli ATCC 8739	iEKO11_1354	Escherichia coli KO11FL	40	41	40	41	0	1	0.9756	97.56	0
map00010	rn00010	Glycolysis / gluconeogenesis	iEC1349_Crooks	Escherichia coli ATCC 8739	iETEC_1333	Escherichia coli ETEC H10407	40	41	40	41	0	1	0.9756	97.56	0
map00010	rn00010	Glycolysis / gluconeogenesis	iEC1349_Crooks	Escherichia coli ATCC 8739	iEcDH1_1363	Escherichia coli DH1	40	41	40	41	0	1	0.9756	97.56	0
map00010	rn00010	Glycolysis / gluconeogenesis	iEC1349_Crooks	Escherichia coli ATCC 8739	iEcE24377_1341	Escherichia coli O139:H28 str. E24377A	40	41	40	41	0	1	0.9756	97.56	0
map00010	rn00010	Glycolysis / gluconeogenesis	iEC1349_Crooks	Escherichia coli ATCC 8739	iEcHS_1320	Escherichia coli HS	40	41	40	41	0	1	0.9756	97.56	0
map00010	rn00010	Glycolysis / gluconeogenesis	iEC1349_Crooks	Escherichia coli ATCC 8739	iEcSMS35_1347	Escherichia coli SMS-3-5	40	41	40	41	0	1	0.9756	97.56	0
map00010	rn00010	Glycolysis / gluconeogenesis	iEC1349_Crooks	Escherichia coli ATCC 8739	iEcolC_1368	Escherichia coli ATCC 8739	40	41	40	41	0	1	0.9756	97.56	0
map00010	rn00010	Glycolysis / gluconeogenesis	iEC1349_Crooks	Escherichia coli ATCC 8739	iG2583_1286	Escherichia coli O55:H7 str. CB9615	40	41	40	41	0	1	0.9756	97.56	0
map00010	rn00010	Glycolysis / gluconeogenesis	iEC1349_Crooks	Escherichia coli ATCC 8739	iJO1366	Escherichia coli str. K-12 substr. MG1655	40	40	40	40	0	0	1.0	100.0	1
map00010	rn00010	Glycolysis / gluconeogenesis	iEC1349_Crooks	Escherichia coli ATCC 8739	iJR904	Escherichia coli str. K-12 substr. MG1655	40	37	37	40	3	0	0.925	92.5	0
map00010	rn00010	Glycolysis / gluconeogenesis	iEC1349_Crooks	Escherichia coli ATCC 8739	iLF82_1304	Escherichia coli LF82	40	41	40	41	0	1	0.9756	97.56	0
map00010	rn00010	Glycolysis / gluconeogenesis	iEC1349_Crooks	Escherichia coli ATCC 8739	iML1515	Escherichia coli str. K-12 substr. MG1655	40	40	40	40	0	0	1.0	100.0	1
map00010	rn00010	Glycolysis / gluconeogenesis	iEC1349_Crooks	Escherichia coli ATCC 8739	iNRG857_1313	Escherichia coli O83:H1 str. NRG 857C	40	41	40	41	0	1	0.9756	97.56	0
map00010	rn00010	Glycolysis / gluconeogenesis	iEC1349_Crooks	Escherichia coli ATCC 8739	iUMN146_1321	Escherichia coli UM146	40	41	40	41	0	1	0.9756	97.56	0
map00010	rn00010	Glycolysis / gluconeogenesis	iEC1349_Crooks	Escherichia coli ATCC 8739	iUMNK88_1353	Escherichia coli UMNK88	40	41	40	41	0	1	0.9756	97.56	0
map00010	rn00010	Glycolysis / gluconeogenesis	iEC1349_Crooks	Escherichia coli ATCC 8739	iUTI89_1310	Escherichia coli UTI89	40	41	40	41	0	1	0.9756	97.56	0
map00010	rn00010	Glycolysis / gluconeogenesis	iEC1349_Crooks	Escherichia coli ATCC 8739	iWFL_1372	Escherichia coli W	40	41	40	41	0	1	0.9756	97.56	0
map00010	rn00010	Glycolysis / gluconeogenesis	iEC1349_Crooks	Escherichia coli ATCC 8739	iY75_1357	Escherichia coli str. K-12 substr. W3110	40	41	40	41	0	1	0.9756	97.56	0
map00010	rn00010	Glycolysis / gluconeogenesis	iEC1349_Crooks	Escherichia coli ATCC 8739	iZ_1308	Escherichia coli O157:H7 str. EDL933	40	41	40	41	0	1	0.9756	97.56	0
map00010	rn00010	Glycolysis / gluconeogenesis	iEC1349_Crooks	Escherichia coli ATCC 8739	ic_1306	Escherichia coli CFT073	40	41	40	41	0	1	0.9756	97.56	0
map00010	rn00010	Glycolysis / gluconeogenesis	iEC1356_Bl21DE3	Escherichia coli BL21(DE3)	iEC1364_W	Escherichia coli W	41	41	41	41	0	0	1.0	100.0	1
map00010	rn00010	Glycolysis / gluconeogenesis	iEC1356_Bl21DE3	Escherichia coli BL21(DE3)	iEC1368_DH5a	Escherichia coli DH5[alpha]	41	41	41	41	0	0	1.0	100.0	1
map00010	rn00010	Glycolysis / gluconeogenesis	iEC1356_Bl21DE3	Escherichia coli BL21(DE3)	iEC1372_W3110	Escherichia coli str. K-12 substr. W3110	41	40	40	41	1	0	0.9756	97.56	0
map00010	rn00010	Glycolysis / gluconeogenesis	iEC1356_Bl21DE3	Escherichia coli BL21(DE3)	iEC55989_1330	Escherichia coli 55989	41	41	40	42	1	1	0.9524	95.24	0
map00010	rn00010	Glycolysis / gluconeogenesis	iEC1356_Bl21DE3	Escherichia coli BL21(DE3)	iECABU_c1320	Escherichia coli ABU 83972	41	41	40	42	1	1	0.9524	95.24	0
map00010	rn00010	Glycolysis / gluconeogenesis	iEC1356_Bl21DE3	Escherichia coli BL21(DE3)	iECBD_1354	Escherichia coli 'BL21-Gold(DE3)pLysS AG'	41	41	40	42	1	1	0.9524	95.24	0
map00010	rn00010	Glycolysis / gluconeogenesis	iEC1356_Bl21DE3	Escherichia coli BL21(DE3)	iECB_1328	Escherichia coli B str. REL606	41	41	40	42	1	1	0.9524	95.24	0
map00010	rn00010	Glycolysis / gluconeogenesis	iEC1356_Bl21DE3	Escherichia coli BL21(DE3)	iECDH10B_1368	Escherichia coli str. K-12 substr. DH10B	41	41	40	42	1	1	0.9524	95.24	0
map00010	rn00010	Glycolysis / gluconeogenesis	iEC1356_Bl21DE3	Escherichia coli BL21(DE3)	iECDH1ME8569_1439	Escherichia coli DH1	41	41	40	42	1	1	0.9524	95.24	0
map00010	rn00010	Glycolysis / gluconeogenesis	iEC1356_Bl21DE3	Escherichia coli BL21(DE3)	iECD_1391	Escherichia coli BL21(DE3)	41	41	40	42	1	1	0.9524	95.24	0
map00010	rn00010	Glycolysis / gluconeogenesis	iEC1356_Bl21DE3	Escherichia coli BL21(DE3)	iECED1_1282	Escherichia coli ED1a	41	41	40	42	1	1	0.9524	95.24	0
map00010	rn00010	Glycolysis / gluconeogenesis	iEC1356_Bl21DE3	Escherichia coli BL21(DE3)	iECH74115_1262	Escherichia coli O157:H7 str. EC4115	41	41	40	42	1	1	0.9524	95.24	0
map00010	rn00010	Glycolysis / gluconeogenesis	iEC1356_Bl21DE3	Escherichia coli BL21(DE3)	iECIAI1_1343	Escherichia coli IAI1	41	41	40	42	1	1	0.9524	95.24	0
map00010	rn00010	Glycolysis / gluconeogenesis	iEC1356_Bl21DE3	Escherichia coli BL21(DE3)	iECIAI39_1322	Escherichia coli IAI39	41	41	40	42	1	1	0.9524	95.24	0
map00010	rn00010	Glycolysis / gluconeogenesis	iEC1356_Bl21DE3	Escherichia coli BL21(DE3)	iECNA114_1301	Escherichia coli NA114	41	41	40	42	1	1	0.9524	95.24	0
map00010	rn00010	Glycolysis / gluconeogenesis	iEC1356_Bl21DE3	Escherichia coli BL21(DE3)	iECO103_1326	Escherichia coli O103:H2 str. 12009	41	41	40	42	1	1	0.9524	95.24	0
map00010	rn00010	Glycolysis / gluconeogenesis	iEC1356_Bl21DE3	Escherichia coli BL21(DE3)	iECO111_1330	Escherichia coli O111:H- str. 11128	41	41	40	42	1	1	0.9524	95.24	0
map00010	rn00010	Glycolysis / gluconeogenesis	iEC1356_Bl21DE3	Escherichia coli BL21(DE3)	iECO26_1355	Escherichia coli O26:H11 str. 11368	41	41	40	42	1	1	0.9524	95.24	0
map00010	rn00010	Glycolysis / gluconeogenesis	iEC1356_Bl21DE3	Escherichia coli BL21(DE3)	iECOK1_1307	Escherichia coli IHE3034	41	41	40	42	1	1	0.9524	95.24	0
map00010	rn00010	Glycolysis / gluconeogenesis	iEC1356_Bl21DE3	Escherichia coli BL21(DE3)	iECP_1309	Escherichia coli 536	41	41	40	42	1	1	0.9524	95.24	0
map00010	rn00010	Glycolysis / gluconeogenesis	iEC1356_Bl21DE3	Escherichia coli BL21(DE3)	iECS88_1305	Escherichia coli S88	41	41	40	42	1	1	0.9524	95.24	0
map00010	rn00010	Glycolysis / gluconeogenesis	iEC1356_Bl21DE3	Escherichia coli BL21(DE3)	iECSE_1348	Escherichia coli SE11	41	41	40	42	1	1	0.9524	95.24	0
map00010	rn00010	Glycolysis / gluconeogenesis	iEC1356_Bl21DE3	Escherichia coli BL21(DE3)	iECSF_1327	Escherichia coli SE15	41	41	40	42	1	1	0.9524	95.24	0
map00010	rn00010	Glycolysis / gluconeogenesis	iEC1356_Bl21DE3	Escherichia coli BL21(DE3)	iECSP_1301	Escherichia coli O157:H7 str. TW14359	41	41	40	42	1	1	0.9524	95.24	0
map00010	rn00010	Glycolysis / gluconeogenesis	iEC1356_Bl21DE3	Escherichia coli BL21(DE3)	iECUMN_1333	Escherichia coli UMN026	41	41	40	42	1	1	0.9524	95.24	0
map00010	rn00010	Glycolysis / gluconeogenesis	iEC1356_Bl21DE3	Escherichia coli BL21(DE3)	iECW_1372	Escherichia coli W	41	41	40	42	1	1	0.9524	95.24	0
map00010	rn00010	Glycolysis / gluconeogenesis	iEC1356_Bl21DE3	Escherichia coli BL21(DE3)	iECs_1301	Escherichia coli O157:H7 str. Sakai	41	41	40	42	1	1	0.9524	95.24	0
map00010	rn00010	Glycolysis / gluconeogenesis	iEC1356_Bl21DE3	Escherichia coli BL21(DE3)	iEKO11_1354	Escherichia coli KO11FL	41	41	40	42	1	1	0.9524	95.24	0
map00010	rn00010	Glycolysis / gluconeogenesis	iEC1356_Bl21DE3	Escherichia coli BL21(DE3)	iETEC_1333	Escherichia coli ETEC H10407	41	41	40	42	1	1	0.9524	95.24	0
map00010	rn00010	Glycolysis / gluconeogenesis	iEC1356_Bl21DE3	Escherichia coli BL21(DE3)	iEcDH1_1363	Escherichia coli DH1	41	41	40	42	1	1	0.9524	95.24	0
map00010	rn00010	Glycolysis / gluconeogenesis	iEC1356_Bl21DE3	Escherichia coli BL21(DE3)	iEcE24377_1341	Escherichia coli O139:H28 str. E24377A	41	41	40	42	1	1	0.9524	95.24	0
map00010	rn00010	Glycolysis / gluconeogenesis	iEC1356_Bl21DE3	Escherichia coli BL21(DE3)	iEcHS_1320	Escherichia coli HS	41	41	40	42	1	1	0.9524	95.24	0
map00010	rn00010	Glycolysis / gluconeogenesis	iEC1356_Bl21DE3	Escherichia coli BL21(DE3)	iEcSMS35_1347	Escherichia coli SMS-3-5	41	41	40	42	1	1	0.9524	95.24	0
map00010	rn00010	Glycolysis / gluconeogenesis	iEC1356_Bl21DE3	Escherichia coli BL21(DE3)	iEcolC_1368	Escherichia coli ATCC 8739	41	41	40	42	1	1	0.9524	95.24	0
map00010	rn00010	Glycolysis / gluconeogenesis	iEC1356_Bl21DE3	Escherichia coli BL21(DE3)	iG2583_1286	Escherichia coli O55:H7 str. CB9615	41	41	40	42	1	1	0.9524	95.24	0
map00010	rn00010	Glycolysis / gluconeogenesis	iEC1356_Bl21DE3	Escherichia coli BL21(DE3)	iJO1366	Escherichia coli str. K-12 substr. MG1655	41	40	40	41	1	0	0.9756	97.56	0
map00010	rn00010	Glycolysis / gluconeogenesis	iEC1356_Bl21DE3	Escherichia coli BL21(DE3)	iJR904	Escherichia coli str. K-12 substr. MG1655	41	37	37	41	4	0	0.9024	90.24	0
map00010	rn00010	Glycolysis / gluconeogenesis	iEC1356_Bl21DE3	Escherichia coli BL21(DE3)	iLF82_1304	Escherichia coli LF82	41	41	40	42	1	1	0.9524	95.24	0
map00010	rn00010	Glycolysis / gluconeogenesis	iEC1356_Bl21DE3	Escherichia coli BL21(DE3)	iML1515	Escherichia coli str. K-12 substr. MG1655	41	40	40	41	1	0	0.9756	97.56	0
map00010	rn00010	Glycolysis / gluconeogenesis	iEC1356_Bl21DE3	Escherichia coli BL21(DE3)	iNRG857_1313	Escherichia coli O83:H1 str. NRG 857C	41	41	40	42	1	1	0.9524	95.24	0
map00010	rn00010	Glycolysis / gluconeogenesis	iEC1356_Bl21DE3	Escherichia coli BL21(DE3)	iUMN146_1321	Escherichia coli UM146	41	41	40	42	1	1	0.9524	95.24	0
map00010	rn00010	Glycolysis / gluconeogenesis	iEC1356_Bl21DE3	Escherichia coli BL21(DE3)	iUMNK88_1353	Escherichia coli UMNK88	41	41	40	42	1	1	0.9524	95.24	0
map00010	rn00010	Glycolysis / gluconeogenesis	iEC1356_Bl21DE3	Escherichia coli BL21(DE3)	iUTI89_1310	Escherichia coli UTI89	41	41	40	42	1	1	0.9524	95.24	0
map00010	rn00010	Glycolysis / gluconeogenesis	iEC1356_Bl21DE3	Escherichia coli BL21(DE3)	iWFL_1372	Escherichia coli W	41	41	40	42	1	1	0.9524	95.24	0
map00010	rn00010	Glycolysis / gluconeogenesis	iEC1356_Bl21DE3	Escherichia coli BL21(DE3)	iY75_1357	Escherichia coli str. K-12 substr. W3110	41	41	40	42	1	1	0.9524	95.24	0
map00010	rn00010	Glycolysis / gluconeogenesis	iEC1356_Bl21DE3	Escherichia coli BL21(DE3)	iZ_1308	Escherichia coli O157:H7 str. EDL933	41	41	40	42	1	1	0.9524	95.24	0
map00010	rn00010	Glycolysis / gluconeogenesis	iEC1356_Bl21DE3	Escherichia coli BL21(DE3)	ic_1306	Escherichia coli CFT073	41	41	40	42	1	1	0.9524	95.24	0
map00010	rn00010	Glycolysis / gluconeogenesis	iEC1364_W	Escherichia coli W	iEC1368_DH5a	Escherichia coli DH5[alpha]	41	41	41	41	0	0	1.0	100.0	1
map00010	rn00010	Glycolysis / gluconeogenesis	iEC1364_W	Escherichia coli W	iEC1372_W3110	Escherichia coli str. K-12 substr. W3110	41	40	40	41	1	0	0.9756	97.56	0
map00010	rn00010	Glycolysis / gluconeogenesis	iEC1364_W	Escherichia coli W	iEC55989_1330	Escherichia coli 55989	41	41	40	42	1	1	0.9524	95.24	0
map00010	rn00010	Glycolysis / gluconeogenesis	iEC1364_W	Escherichia coli W	iECABU_c1320	Escherichia coli ABU 83972	41	41	40	42	1	1	0.9524	95.24	0
map00010	rn00010	Glycolysis / gluconeogenesis	iEC1364_W	Escherichia coli W	iECBD_1354	Escherichia coli 'BL21-Gold(DE3)pLysS AG'	41	41	40	42	1	1	0.9524	95.24	0
map00010	rn00010	Glycolysis / gluconeogenesis	iEC1364_W	Escherichia coli W	iECB_1328	Escherichia coli B str. REL606	41	41	40	42	1	1	0.9524	95.24	0
map00010	rn00010	Glycolysis / gluconeogenesis	iEC1364_W	Escherichia coli W	iECDH10B_1368	Escherichia coli str. K-12 substr. DH10B	41	41	40	42	1	1	0.9524	95.24	0
map00010	rn00010	Glycolysis / gluconeogenesis	iEC1364_W	Escherichia coli W	iECDH1ME8569_1439	Escherichia coli DH1	41	41	40	42	1	1	0.9524	95.24	0
map00010	rn00010	Glycolysis / gluconeogenesis	iEC1364_W	Escherichia coli W	iECD_1391	Escherichia coli BL21(DE3)	41	41	40	42	1	1	0.9524	95.24	0
map00010	rn00010	Glycolysis / gluconeogenesis	iEC1364_W	Escherichia coli W	iECED1_1282	Escherichia coli ED1a	41	41	40	42	1	1	0.9524	95.24	0
map00010	rn00010	Glycolysis / gluconeogenesis	iEC1364_W	Escherichia coli W	iECH74115_1262	Escherichia coli O157:H7 str. EC4115	41	41	40	42	1	1	0.9524	95.24	0
map00010	rn00010	Glycolysis / gluconeogenesis	iEC1364_W	Escherichia coli W	iECIAI1_1343	Escherichia coli IAI1	41	41	40	42	1	1	0.9524	95.24	0
map00010	rn00010	Glycolysis / gluconeogenesis	iEC1364_W	Escherichia coli W	iECIAI39_1322	Escherichia coli IAI39	41	41	40	42	1	1	0.9524	95.24	0
map00010	rn00010	Glycolysis / gluconeogenesis	iEC1364_W	Escherichia coli W	iECNA114_1301	Escherichia coli NA114	41	41	40	42	1	1	0.9524	95.24	0
map00010	rn00010	Glycolysis / gluconeogenesis	iEC1364_W	Escherichia coli W	iECO103_1326	Escherichia coli O103:H2 str. 12009	41	41	40	42	1	1	0.9524	95.24	0
map00010	rn00010	Glycolysis / gluconeogenesis	iEC1364_W	Escherichia coli W	iECO111_1330	Escherichia coli O111:H- str. 11128	41	41	40	42	1	1	0.9524	95.24	0
map00010	rn00010	Glycolysis / gluconeogenesis	iEC1364_W	Escherichia coli W	iECO26_1355	Escherichia coli O26:H11 str. 11368	41	41	40	42	1	1	0.9524	95.24	0
map00010	rn00010	Glycolysis / gluconeogenesis	iEC1364_W	Escherichia coli W	iECOK1_1307	Escherichia coli IHE3034	41	41	40	42	1	1	0.9524	95.24	0
map00010	rn00010	Glycolysis / gluconeogenesis	iEC1364_W	Escherichia coli W	iECP_1309	Escherichia coli 536	41	41	40	42	1	1	0.9524	95.24	0
map00010	rn00010	Glycolysis / gluconeogenesis	iEC1364_W	Escherichia coli W	iECS88_1305	Escherichia coli S88	41	41	40	42	1	1	0.9524	95.24	0
map00010	rn00010	Glycolysis / gluconeogenesis	iEC1364_W	Escherichia coli W	iECSE_1348	Escherichia coli SE11	41	41	40	42	1	1	0.9524	95.24	0
map00010	rn00010	Glycolysis / gluconeogenesis	iEC1364_W	Escherichia coli W	iECSF_1327	Escherichia coli SE15	41	41	40	42	1	1	0.9524	95.24	0
map00010	rn00010	Glycolysis / gluconeogenesis	iEC1364_W	Escherichia coli W	iECSP_1301	Escherichia coli O157:H7 str. TW14359	41	41	40	42	1	1	0.9524	95.24	0
map00010	rn00010	Glycolysis / gluconeogenesis	iEC1364_W	Escherichia coli W	iECUMN_1333	Escherichia coli UMN026	41	41	40	42	1	1	0.9524	95.24	0
map00010	rn00010	Glycolysis / gluconeogenesis	iEC1364_W	Escherichia coli W	iECW_1372	Escherichia coli W	41	41	40	42	1	1	0.9524	95.24	0
map00010	rn00010	Glycolysis / gluconeogenesis	iEC1364_W	Escherichia coli W	iECs_1301	Escherichia coli O157:H7 str. Sakai	41	41	40	42	1	1	0.9524	95.24	0
map00010	rn00010	Glycolysis / gluconeogenesis	iEC1364_W	Escherichia coli W	iEKO11_1354	Escherichia coli KO11FL	41	41	40	42	1	1	0.9524	95.24	0
map00010	rn00010	Glycolysis / gluconeogenesis	iEC1364_W	Escherichia coli W	iETEC_1333	Escherichia coli ETEC H10407	41	41	40	42	1	1	0.9524	95.24	0
map00010	rn00010	Glycolysis / gluconeogenesis	iEC1364_W	Escherichia coli W	iEcDH1_1363	Escherichia coli DH1	41	41	40	42	1	1	0.9524	95.24	0
map00010	rn00010	Glycolysis / gluconeogenesis	iEC1364_W	Escherichia coli W	iEcE24377_1341	Escherichia coli O139:H28 str. E24377A	41	41	40	42	1	1	0.9524	95.24	0
map00010	rn00010	Glycolysis / gluconeogenesis	iEC1364_W	Escherichia coli W	iEcHS_1320	Escherichia coli HS	41	41	40	42	1	1	0.9524	95.24	0
map00010	rn00010	Glycolysis / gluconeogenesis	iEC1364_W	Escherichia coli W	iEcSMS35_1347	Escherichia coli SMS-3-5	41	41	40	42	1	1	0.9524	95.24	0
map00010	rn00010	Glycolysis / gluconeogenesis	iEC1364_W	Escherichia coli W	iEcolC_1368	Escherichia coli ATCC 8739	41	41	40	42	1	1	0.9524	95.24	0
map00010	rn00010	Glycolysis / gluconeogenesis	iEC1364_W	Escherichia coli W	iG2583_1286	Escherichia coli O55:H7 str. CB9615	41	41	40	42	1	1	0.9524	95.24	0
map00010	rn00010	Glycolysis / gluconeogenesis	iEC1364_W	Escherichia coli W	iJO1366	Escherichia coli str. K-12 substr. MG1655	41	40	40	41	1	0	0.9756	97.56	0
map00010	rn00010	Glycolysis / gluconeogenesis	iEC1364_W	Escherichia coli W	iJR904	Escherichia coli str. K-12 substr. MG1655	41	37	37	41	4	0	0.9024	90.24	0
map00010	rn00010	Glycolysis / gluconeogenesis	iEC1364_W	Escherichia coli W	iLF82_1304	Escherichia coli LF82	41	41	40	42	1	1	0.9524	95.24	0
map00010	rn00010	Glycolysis / gluconeogenesis	iEC1364_W	Escherichia coli W	iML1515	Escherichia coli str. K-12 substr. MG1655	41	40	40	41	1	0	0.9756	97.56	0
map00010	rn00010	Glycolysis / gluconeogenesis	iEC1364_W	Escherichia coli W	iNRG857_1313	Escherichia coli O83:H1 str. NRG 857C	41	41	40	42	1	1	0.9524	95.24	0
map00010	rn00010	Glycolysis / gluconeogenesis	iEC1364_W	Escherichia coli W	iUMN146_1321	Escherichia coli UM146	41	41	40	42	1	1	0.9524	95.24	0
map00010	rn00010	Glycolysis / gluconeogenesis	iEC1364_W	Escherichia coli W	iUMNK88_1353	Escherichia coli UMNK88	41	41	40	42	1	1	0.9524	95.24	0
map00010	rn00010	Glycolysis / gluconeogenesis	iEC1364_W	Escherichia coli W	iUTI89_1310	Escherichia coli UTI89	41	41	40	42	1	1	0.9524	95.24	0
map00010	rn00010	Glycolysis / gluconeogenesis	iEC1364_W	Escherichia coli W	iWFL_1372	Escherichia coli W	41	41	40	42	1	1	0.9524	95.24	0
map00010	rn00010	Glycolysis / gluconeogenesis	iEC1364_W	Escherichia coli W	iY75_1357	Escherichia coli str. K-12 substr. W3110	41	41	40	42	1	1	0.9524	95.24	0
map00010	rn00010	Glycolysis / gluconeogenesis	iEC1364_W	Escherichia coli W	iZ_1308	Escherichia coli O157:H7 str. EDL933	41	41	40	42	1	1	0.9524	95.24	0
map00010	rn00010	Glycolysis / gluconeogenesis	iEC1364_W	Escherichia coli W	ic_1306	Escherichia coli CFT073	41	41	40	42	1	1	0.9524	95.24	0
map00010	rn00010	Glycolysis / gluconeogenesis	iEC1368_DH5a	Escherichia coli DH5[alpha]	iEC1372_W3110	Escherichia coli str. K-12 substr. W3110	41	40	40	41	1	0	0.9756	97.56	0
map00010	rn00010	Glycolysis / gluconeogenesis	iEC1368_DH5a	Escherichia coli DH5[alpha]	iEC55989_1330	Escherichia coli 55989	41	41	40	42	1	1	0.9524	95.24	0
map00010	rn00010	Glycolysis / gluconeogenesis	iEC1368_DH5a	Escherichia coli DH5[alpha]	iECABU_c1320	Escherichia coli ABU 83972	41	41	40	42	1	1	0.9524	95.24	0
map00010	rn00010	Glycolysis / gluconeogenesis	iEC1368_DH5a	Escherichia coli DH5[alpha]	iECBD_1354	Escherichia coli 'BL21-Gold(DE3)pLysS AG'	41	41	40	42	1	1	0.9524	95.24	0
map00010	rn00010	Glycolysis / gluconeogenesis	iEC1368_DH5a	Escherichia coli DH5[alpha]	iECB_1328	Escherichia coli B str. REL606	41	41	40	42	1	1	0.9524	95.24	0
map00010	rn00010	Glycolysis / gluconeogenesis	iEC1368_DH5a	Escherichia coli DH5[alpha]	iECDH10B_1368	Escherichia coli str. K-12 substr. DH10B	41	41	40	42	1	1	0.9524	95.24	0
map00010	rn00010	Glycolysis / gluconeogenesis	iEC1368_DH5a	Escherichia coli DH5[alpha]	iECDH1ME8569_1439	Escherichia coli DH1	41	41	40	42	1	1	0.9524	95.24	0
map00010	rn00010	Glycolysis / gluconeogenesis	iEC1368_DH5a	Escherichia coli DH5[alpha]	iECD_1391	Escherichia coli BL21(DE3)	41	41	40	42	1	1	0.9524	95.24	0
map00010	rn00010	Glycolysis / gluconeogenesis	iEC1368_DH5a	Escherichia coli DH5[alpha]	iECED1_1282	Escherichia coli ED1a	41	41	40	42	1	1	0.9524	95.24	0
map00010	rn00010	Glycolysis / gluconeogenesis	iEC1368_DH5a	Escherichia coli DH5[alpha]	iECH74115_1262	Escherichia coli O157:H7 str. EC4115	41	41	40	42	1	1	0.9524	95.24	0
map00010	rn00010	Glycolysis / gluconeogenesis	iEC1368_DH5a	Escherichia coli DH5[alpha]	iECIAI1_1343	Escherichia coli IAI1	41	41	40	42	1	1	0.9524	95.24	0
map00010	rn00010	Glycolysis / gluconeogenesis	iEC1368_DH5a	Escherichia coli DH5[alpha]	iECIAI39_1322	Escherichia coli IAI39	41	41	40	42	1	1	0.9524	95.24	0
map00010	rn00010	Glycolysis / gluconeogenesis	iEC1368_DH5a	Escherichia coli DH5[alpha]	iECNA114_1301	Escherichia coli NA114	41	41	40	42	1	1	0.9524	95.24	0
map00010	rn00010	Glycolysis / gluconeogenesis	iEC1368_DH5a	Escherichia coli DH5[alpha]	iECO103_1326	Escherichia coli O103:H2 str. 12009	41	41	40	42	1	1	0.9524	95.24	0
map00010	rn00010	Glycolysis / gluconeogenesis	iEC1368_DH5a	Escherichia coli DH5[alpha]	iECO111_1330	Escherichia coli O111:H- str. 11128	41	41	40	42	1	1	0.9524	95.24	0
map00010	rn00010	Glycolysis / gluconeogenesis	iEC1368_DH5a	Escherichia coli DH5[alpha]	iECO26_1355	Escherichia coli O26:H11 str. 11368	41	41	40	42	1	1	0.9524	95.24	0
map00010	rn00010	Glycolysis / gluconeogenesis	iEC1368_DH5a	Escherichia coli DH5[alpha]	iECOK1_1307	Escherichia coli IHE3034	41	41	40	42	1	1	0.9524	95.24	0
map00010	rn00010	Glycolysis / gluconeogenesis	iEC1368_DH5a	Escherichia coli DH5[alpha]	iECP_1309	Escherichia coli 536	41	41	40	42	1	1	0.9524	95.24	0
map00010	rn00010	Glycolysis / gluconeogenesis	iEC1368_DH5a	Escherichia coli DH5[alpha]	iECS88_1305	Escherichia coli S88	41	41	40	42	1	1	0.9524	95.24	0
map00010	rn00010	Glycolysis / gluconeogenesis	iEC1368_DH5a	Escherichia coli DH5[alpha]	iECSE_1348	Escherichia coli SE11	41	41	40	42	1	1	0.9524	95.24	0
map00010	rn00010	Glycolysis / gluconeogenesis	iEC1368_DH5a	Escherichia coli DH5[alpha]	iECSF_1327	Escherichia coli SE15	41	41	40	42	1	1	0.9524	95.24	0
map00010	rn00010	Glycolysis / gluconeogenesis	iEC1368_DH5a	Escherichia coli DH5[alpha]	iECSP_1301	Escherichia coli O157:H7 str. TW14359	41	41	40	42	1	1	0.9524	95.24	0
map00010	rn00010	Glycolysis / gluconeogenesis	iEC1368_DH5a	Escherichia coli DH5[alpha]	iECUMN_1333	Escherichia coli UMN026	41	41	40	42	1	1	0.9524	95.24	0
map00010	rn00010	Glycolysis / gluconeogenesis	iEC1368_DH5a	Escherichia coli DH5[alpha]	iECW_1372	Escherichia coli W	41	41	40	42	1	1	0.9524	95.24	0
map00010	rn00010	Glycolysis / gluconeogenesis	iEC1368_DH5a	Escherichia coli DH5[alpha]	iECs_1301	Escherichia coli O157:H7 str. Sakai	41	41	40	42	1	1	0.9524	95.24	0
map00010	rn00010	Glycolysis / gluconeogenesis	iEC1368_DH5a	Escherichia coli DH5[alpha]	iEKO11_1354	Escherichia coli KO11FL	41	41	40	42	1	1	0.9524	95.24	0
map00010	rn00010	Glycolysis / gluconeogenesis	iEC1368_DH5a	Escherichia coli DH5[alpha]	iETEC_1333	Escherichia coli ETEC H10407	41	41	40	42	1	1	0.9524	95.24	0
map00010	rn00010	Glycolysis / gluconeogenesis	iEC1368_DH5a	Escherichia coli DH5[alpha]	iEcDH1_1363	Escherichia coli DH1	41	41	40	42	1	1	0.9524	95.24	0
map00010	rn00010	Glycolysis / gluconeogenesis	iEC1368_DH5a	Escherichia coli DH5[alpha]	iEcE24377_1341	Escherichia coli O139:H28 str. E24377A	41	41	40	42	1	1	0.9524	95.24	0
map00010	rn00010	Glycolysis / gluconeogenesis	iEC1368_DH5a	Escherichia coli DH5[alpha]	iEcHS_1320	Escherichia coli HS	41	41	40	42	1	1	0.9524	95.24	0
map00010	rn00010	Glycolysis / gluconeogenesis	iEC1368_DH5a	Escherichia coli DH5[alpha]	iEcSMS35_1347	Escherichia coli SMS-3-5	41	41	40	42	1	1	0.9524	95.24	0
map00010	rn00010	Glycolysis / gluconeogenesis	iEC1368_DH5a	Escherichia coli DH5[alpha]	iEcolC_1368	Escherichia coli ATCC 8739	41	41	40	42	1	1	0.9524	95.24	0
map00010	rn00010	Glycolysis / gluconeogenesis	iEC1368_DH5a	Escherichia coli DH5[alpha]	iG2583_1286	Escherichia coli O55:H7 str. CB9615	41	41	40	42	1	1	0.9524	95.24	0
map00010	rn00010	Glycolysis / gluconeogenesis	iEC1368_DH5a	Escherichia coli DH5[alpha]	iJO1366	Escherichia coli str. K-12 substr. MG1655	41	40	40	41	1	0	0.9756	97.56	0
map00010	rn00010	Glycolysis / gluconeogenesis	iEC1368_DH5a	Escherichia coli DH5[alpha]	iJR904	Escherichia coli str. K-12 substr. MG1655	41	37	37	41	4	0	0.9024	90.24	0
map00010	rn00010	Glycolysis / gluconeogenesis	iEC1368_DH5a	Escherichia coli DH5[alpha]	iLF82_1304	Escherichia coli LF82	41	41	40	42	1	1	0.9524	95.24	0
map00010	rn00010	Glycolysis / gluconeogenesis	iEC1368_DH5a	Escherichia coli DH5[alpha]	iML1515	Escherichia coli str. K-12 substr. MG1655	41	40	40	41	1	0	0.9756	97.56	0
map00010	rn00010	Glycolysis / gluconeogenesis	iEC1368_DH5a	Escherichia coli DH5[alpha]	iNRG857_1313	Escherichia coli O83:H1 str. NRG 857C	41	41	40	42	1	1	0.9524	95.24	0
map00010	rn00010	Glycolysis / gluconeogenesis	iEC1368_DH5a	Escherichia coli DH5[alpha]	iUMN146_1321	Escherichia coli UM146	41	41	40	42	1	1	0.9524	95.24	0
map00010	rn00010	Glycolysis / gluconeogenesis	iEC1368_DH5a	Escherichia coli DH5[alpha]	iUMNK88_1353	Escherichia coli UMNK88	41	41	40	42	1	1	0.9524	95.24	0
map00010	rn00010	Glycolysis / gluconeogenesis	iEC1368_DH5a	Escherichia coli DH5[alpha]	iUTI89_1310	Escherichia coli UTI89	41	41	40	42	1	1	0.9524	95.24	0
map00010	rn00010	Glycolysis / gluconeogenesis	iEC1368_DH5a	Escherichia coli DH5[alpha]	iWFL_1372	Escherichia coli W	41	41	40	42	1	1	0.9524	95.24	0
map00010	rn00010	Glycolysis / gluconeogenesis	iEC1368_DH5a	Escherichia coli DH5[alpha]	iY75_1357	Escherichia coli str. K-12 substr. W3110	41	41	40	42	1	1	0.9524	95.24	0
map00010	rn00010	Glycolysis / gluconeogenesis	iEC1368_DH5a	Escherichia coli DH5[alpha]	iZ_1308	Escherichia coli O157:H7 str. EDL933	41	41	40	42	1	1	0.9524	95.24	0
map00010	rn00010	Glycolysis / gluconeogenesis	iEC1368_DH5a	Escherichia coli DH5[alpha]	ic_1306	Escherichia coli CFT073	41	41	40	42	1	1	0.9524	95.24	0
map00010	rn00010	Glycolysis / gluconeogenesis	iEC1372_W3110	Escherichia coli str. K-12 substr. W3110	iEC55989_1330	Escherichia coli 55989	40	41	40	41	0	1	0.9756	97.56	0
map00010	rn00010	Glycolysis / gluconeogenesis	iEC1372_W3110	Escherichia coli str. K-12 substr. W3110	iECABU_c1320	Escherichia coli ABU 83972	40	41	40	41	0	1	0.9756	97.56	0
map00010	rn00010	Glycolysis / gluconeogenesis	iEC1372_W3110	Escherichia coli str. K-12 substr. W3110	iECBD_1354	Escherichia coli 'BL21-Gold(DE3)pLysS AG'	40	41	40	41	0	1	0.9756	97.56	0
map00010	rn00010	Glycolysis / gluconeogenesis	iEC1372_W3110	Escherichia coli str. K-12 substr. W3110	iECB_1328	Escherichia coli B str. REL606	40	41	40	41	0	1	0.9756	97.56	0
map00010	rn00010	Glycolysis / gluconeogenesis	iEC1372_W3110	Escherichia coli str. K-12 substr. W3110	iECDH10B_1368	Escherichia coli str. K-12 substr. DH10B	40	41	40	41	0	1	0.9756	97.56	0
map00010	rn00010	Glycolysis / gluconeogenesis	iEC1372_W3110	Escherichia coli str. K-12 substr. W3110	iECDH1ME8569_1439	Escherichia coli DH1	40	41	40	41	0	1	0.9756	97.56	0
map00010	rn00010	Glycolysis / gluconeogenesis	iEC1372_W3110	Escherichia coli str. K-12 substr. W3110	iECD_1391	Escherichia coli BL21(DE3)	40	41	40	41	0	1	0.9756	97.56	0
map00010	rn00010	Glycolysis / gluconeogenesis	iEC1372_W3110	Escherichia coli str. K-12 substr. W3110	iECED1_1282	Escherichia coli ED1a	40	41	40	41	0	1	0.9756	97.56	0
map00010	rn00010	Glycolysis / gluconeogenesis	iEC1372_W3110	Escherichia coli str. K-12 substr. W3110	iECH74115_1262	Escherichia coli O157:H7 str. EC4115	40	41	40	41	0	1	0.9756	97.56	0
map00010	rn00010	Glycolysis / gluconeogenesis	iEC1372_W3110	Escherichia coli str. K-12 substr. W3110	iECIAI1_1343	Escherichia coli IAI1	40	41	40	41	0	1	0.9756	97.56	0
map00010	rn00010	Glycolysis / gluconeogenesis	iEC1372_W3110	Escherichia coli str. K-12 substr. W3110	iECIAI39_1322	Escherichia coli IAI39	40	41	40	41	0	1	0.9756	97.56	0
map00010	rn00010	Glycolysis / gluconeogenesis	iEC1372_W3110	Escherichia coli str. K-12 substr. W3110	iECNA114_1301	Escherichia coli NA114	40	41	40	41	0	1	0.9756	97.56	0
map00010	rn00010	Glycolysis / gluconeogenesis	iEC1372_W3110	Escherichia coli str. K-12 substr. W3110	iECO103_1326	Escherichia coli O103:H2 str. 12009	40	41	40	41	0	1	0.9756	97.56	0
map00010	rn00010	Glycolysis / gluconeogenesis	iEC1372_W3110	Escherichia coli str. K-12 substr. W3110	iECO111_1330	Escherichia coli O111:H- str. 11128	40	41	40	41	0	1	0.9756	97.56	0
map00010	rn00010	Glycolysis / gluconeogenesis	iEC1372_W3110	Escherichia coli str. K-12 substr. W3110	iECO26_1355	Escherichia coli O26:H11 str. 11368	40	41	40	41	0	1	0.9756	97.56	0
map00010	rn00010	Glycolysis / gluconeogenesis	iEC1372_W3110	Escherichia coli str. K-12 substr. W3110	iECOK1_1307	Escherichia coli IHE3034	40	41	40	41	0	1	0.9756	97.56	0
map00010	rn00010	Glycolysis / gluconeogenesis	iEC1372_W3110	Escherichia coli str. K-12 substr. W3110	iECP_1309	Escherichia coli 536	40	41	40	41	0	1	0.9756	97.56	0
map00010	rn00010	Glycolysis / gluconeogenesis	iEC1372_W3110	Escherichia coli str. K-12 substr. W3110	iECS88_1305	Escherichia coli S88	40	41	40	41	0	1	0.9756	97.56	0
map00010	rn00010	Glycolysis / gluconeogenesis	iEC1372_W3110	Escherichia coli str. K-12 substr. W3110	iECSE_1348	Escherichia coli SE11	40	41	40	41	0	1	0.9756	97.56	0
map00010	rn00010	Glycolysis / gluconeogenesis	iEC1372_W3110	Escherichia coli str. K-12 substr. W3110	iECSF_1327	Escherichia coli SE15	40	41	40	41	0	1	0.9756	97.56	0
map00010	rn00010	Glycolysis / gluconeogenesis	iEC1372_W3110	Escherichia coli str. K-12 substr. W3110	iECSP_1301	Escherichia coli O157:H7 str. TW14359	40	41	40	41	0	1	0.9756	97.56	0
map00010	rn00010	Glycolysis / gluconeogenesis	iEC1372_W3110	Escherichia coli str. K-12 substr. W3110	iECUMN_1333	Escherichia coli UMN026	40	41	40	41	0	1	0.9756	97.56	0
map00010	rn00010	Glycolysis / gluconeogenesis	iEC1372_W3110	Escherichia coli str. K-12 substr. W3110	iECW_1372	Escherichia coli W	40	41	40	41	0	1	0.9756	97.56	0
map00010	rn00010	Glycolysis / gluconeogenesis	iEC1372_W3110	Escherichia coli str. K-12 substr. W3110	iECs_1301	Escherichia coli O157:H7 str. Sakai	40	41	40	41	0	1	0.9756	97.56	0
map00010	rn00010	Glycolysis / gluconeogenesis	iEC1372_W3110	Escherichia coli str. K-12 substr. W3110	iEKO11_1354	Escherichia coli KO11FL	40	41	40	41	0	1	0.9756	97.56	0
map00010	rn00010	Glycolysis / gluconeogenesis	iEC1372_W3110	Escherichia coli str. K-12 substr. W3110	iETEC_1333	Escherichia coli ETEC H10407	40	41	40	41	0	1	0.9756	97.56	0
map00010	rn00010	Glycolysis / gluconeogenesis	iEC1372_W3110	Escherichia coli str. K-12 substr. W3110	iEcDH1_1363	Escherichia coli DH1	40	41	40	41	0	1	0.9756	97.56	0
map00010	rn00010	Glycolysis / gluconeogenesis	iEC1372_W3110	Escherichia coli str. K-12 substr. W3110	iEcE24377_1341	Escherichia coli O139:H28 str. E24377A	40	41	40	41	0	1	0.9756	97.56	0
map00010	rn00010	Glycolysis / gluconeogenesis	iEC1372_W3110	Escherichia coli str. K-12 substr. W3110	iEcHS_1320	Escherichia coli HS	40	41	40	41	0	1	0.9756	97.56	0
map00010	rn00010	Glycolysis / gluconeogenesis	iEC1372_W3110	Escherichia coli str. K-12 substr. W3110	iEcSMS35_1347	Escherichia coli SMS-3-5	40	41	40	41	0	1	0.9756	97.56	0
map00010	rn00010	Glycolysis / gluconeogenesis	iEC1372_W3110	Escherichia coli str. K-12 substr. W3110	iEcolC_1368	Escherichia coli ATCC 8739	40	41	40	41	0	1	0.9756	97.56	0
map00010	rn00010	Glycolysis / gluconeogenesis	iEC1372_W3110	Escherichia coli str. K-12 substr. W3110	iG2583_1286	Escherichia coli O55:H7 str. CB9615	40	41	40	41	0	1	0.9756	97.56	0
map00010	rn00010	Glycolysis / gluconeogenesis	iEC1372_W3110	Escherichia coli str. K-12 substr. W3110	iJO1366	Escherichia coli str. K-12 substr. MG1655	40	40	40	40	0	0	1.0	100.0	1
map00010	rn00010	Glycolysis / gluconeogenesis	iEC1372_W3110	Escherichia coli str. K-12 substr. W3110	iJR904	Escherichia coli str. K-12 substr. MG1655	40	37	37	40	3	0	0.925	92.5	0
map00010	rn00010	Glycolysis / gluconeogenesis	iEC1372_W3110	Escherichia coli str. K-12 substr. W3110	iLF82_1304	Escherichia coli LF82	40	41	40	41	0	1	0.9756	97.56	0
map00010	rn00010	Glycolysis / gluconeogenesis	iEC1372_W3110	Escherichia coli str. K-12 substr. W3110	iML1515	Escherichia coli str. K-12 substr. MG1655	40	40	40	40	0	0	1.0	100.0	1
map00010	rn00010	Glycolysis / gluconeogenesis	iEC1372_W3110	Escherichia coli str. K-12 substr. W3110	iNRG857_1313	Escherichia coli O83:H1 str. NRG 857C	40	41	40	41	0	1	0.9756	97.56	0
map00010	rn00010	Glycolysis / gluconeogenesis	iEC1372_W3110	Escherichia coli str. K-12 substr. W3110	iUMN146_1321	Escherichia coli UM146	40	41	40	41	0	1	0.9756	97.56	0
map00010	rn00010	Glycolysis / gluconeogenesis	iEC1372_W3110	Escherichia coli str. K-12 substr. W3110	iUMNK88_1353	Escherichia coli UMNK88	40	41	40	41	0	1	0.9756	97.56	0
map00010	rn00010	Glycolysis / gluconeogenesis	iEC1372_W3110	Escherichia coli str. K-12 substr. W3110	iUTI89_1310	Escherichia coli UTI89	40	41	40	41	0	1	0.9756	97.56	0
map00010	rn00010	Glycolysis / gluconeogenesis	iEC1372_W3110	Escherichia coli str. K-12 substr. W3110	iWFL_1372	Escherichia coli W	40	41	40	41	0	1	0.9756	97.56	0
map00010	rn00010	Glycolysis / gluconeogenesis	iEC1372_W3110	Escherichia coli str. K-12 substr. W3110	iY75_1357	Escherichia coli str. K-12 substr. W3110	40	41	40	41	0	1	0.9756	97.56	0
map00010	rn00010	Glycolysis / gluconeogenesis	iEC1372_W3110	Escherichia coli str. K-12 substr. W3110	iZ_1308	Escherichia coli O157:H7 str. EDL933	40	41	40	41	0	1	0.9756	97.56	0
map00010	rn00010	Glycolysis / gluconeogenesis	iEC1372_W3110	Escherichia coli str. K-12 substr. W3110	ic_1306	Escherichia coli CFT073	40	41	40	41	0	1	0.9756	97.56	0
map00010	rn00010	Glycolysis / gluconeogenesis	iEC55989_1330	Escherichia coli 55989	iECABU_c1320	Escherichia coli ABU 83972	41	41	41	41	0	0	1.0	100.0	1
map00010	rn00010	Glycolysis / gluconeogenesis	iEC55989_1330	Escherichia coli 55989	iECBD_1354	Escherichia coli 'BL21-Gold(DE3)pLysS AG'	41	41	41	41	0	0	1.0	100.0	1
map00010	rn00010	Glycolysis / gluconeogenesis	iEC55989_1330	Escherichia coli 55989	iECB_1328	Escherichia coli B str. REL606	41	41	41	41	0	0	1.0	100.0	1
map00010	rn00010	Glycolysis / gluconeogenesis	iEC55989_1330	Escherichia coli 55989	iECDH10B_1368	Escherichia coli str. K-12 substr. DH10B	41	41	41	41	0	0	1.0	100.0	1
map00010	rn00010	Glycolysis / gluconeogenesis	iEC55989_1330	Escherichia coli 55989	iECDH1ME8569_1439	Escherichia coli DH1	41	41	41	41	0	0	1.0	100.0	1
map00010	rn00010	Glycolysis / gluconeogenesis	iEC55989_1330	Escherichia coli 55989	iECD_1391	Escherichia coli BL21(DE3)	41	41	41	41	0	0	1.0	100.0	1
map00010	rn00010	Glycolysis / gluconeogenesis	iEC55989_1330	Escherichia coli 55989	iECED1_1282	Escherichia coli ED1a	41	41	41	41	0	0	1.0	100.0	1
map00010	rn00010	Glycolysis / gluconeogenesis	iEC55989_1330	Escherichia coli 55989	iECH74115_1262	Escherichia coli O157:H7 str. EC4115	41	41	41	41	0	0	1.0	100.0	1
map00010	rn00010	Glycolysis / gluconeogenesis	iEC55989_1330	Escherichia coli 55989	iECIAI1_1343	Escherichia coli IAI1	41	41	41	41	0	0	1.0	100.0	1
map00010	rn00010	Glycolysis / gluconeogenesis	iEC55989_1330	Escherichia coli 55989	iECIAI39_1322	Escherichia coli IAI39	41	41	41	41	0	0	1.0	100.0	1
map00010	rn00010	Glycolysis / gluconeogenesis	iEC55989_1330	Escherichia coli 55989	iECNA114_1301	Escherichia coli NA114	41	41	41	41	0	0	1.0	100.0	1
map00010	rn00010	Glycolysis / gluconeogenesis	iEC55989_1330	Escherichia coli 55989	iECO103_1326	Escherichia coli O103:H2 str. 12009	41	41	41	41	0	0	1.0	100.0	1
map00010	rn00010	Glycolysis / gluconeogenesis	iEC55989_1330	Escherichia coli 55989	iECO111_1330	Escherichia coli O111:H- str. 11128	41	41	41	41	0	0	1.0	100.0	1
map00010	rn00010	Glycolysis / gluconeogenesis	iEC55989_1330	Escherichia coli 55989	iECO26_1355	Escherichia coli O26:H11 str. 11368	41	41	41	41	0	0	1.0	100.0	1
map00010	rn00010	Glycolysis / gluconeogenesis	iEC55989_1330	Escherichia coli 55989	iECOK1_1307	Escherichia coli IHE3034	41	41	41	41	0	0	1.0	100.0	1
map00010	rn00010	Glycolysis / gluconeogenesis	iEC55989_1330	Escherichia coli 55989	iECP_1309	Escherichia coli 536	41	41	41	41	0	0	1.0	100.0	1
map00010	rn00010	Glycolysis / gluconeogenesis	iEC55989_1330	Escherichia coli 55989	iECS88_1305	Escherichia coli S88	41	41	41	41	0	0	1.0	100.0	1
map00010	rn00010	Glycolysis / gluconeogenesis	iEC55989_1330	Escherichia coli 55989	iECSE_1348	Escherichia coli SE11	41	41	41	41	0	0	1.0	100.0	1
map00010	rn00010	Glycolysis / gluconeogenesis	iEC55989_1330	Escherichia coli 55989	iECSF_1327	Escherichia coli SE15	41	41	41	41	0	0	1.0	100.0	1
map00010	rn00010	Glycolysis / gluconeogenesis	iEC55989_1330	Escherichia coli 55989	iECSP_1301	Escherichia coli O157:H7 str. TW14359	41	41	41	41	0	0	1.0	100.0	1
map00010	rn00010	Glycolysis / gluconeogenesis	iEC55989_1330	Escherichia coli 55989	iECUMN_1333	Escherichia coli UMN026	41	41	41	41	0	0	1.0	100.0	1
map00010	rn00010	Glycolysis / gluconeogenesis	iEC55989_1330	Escherichia coli 55989	iECW_1372	Escherichia coli W	41	41	41	41	0	0	1.0	100.0	1
map00010	rn00010	Glycolysis / gluconeogenesis	iEC55989_1330	Escherichia coli 55989	iECs_1301	Escherichia coli O157:H7 str. Sakai	41	41	41	41	0	0	1.0	100.0	1
map00010	rn00010	Glycolysis / gluconeogenesis	iEC55989_1330	Escherichia coli 55989	iEKO11_1354	Escherichia coli KO11FL	41	41	41	41	0	0	1.0	100.0	1
map00010	rn00010	Glycolysis / gluconeogenesis	iEC55989_1330	Escherichia coli 55989	iETEC_1333	Escherichia coli ETEC H10407	41	41	41	41	0	0	1.0	100.0	1
map00010	rn00010	Glycolysis / gluconeogenesis	iEC55989_1330	Escherichia coli 55989	iEcDH1_1363	Escherichia coli DH1	41	41	41	41	0	0	1.0	100.0	1
map00010	rn00010	Glycolysis / gluconeogenesis	iEC55989_1330	Escherichia coli 55989	iEcE24377_1341	Escherichia coli O139:H28 str. E24377A	41	41	41	41	0	0	1.0	100.0	1
map00010	rn00010	Glycolysis / gluconeogenesis	iEC55989_1330	Escherichia coli 55989	iEcHS_1320	Escherichia coli HS	41	41	41	41	0	0	1.0	100.0	1
map00010	rn00010	Glycolysis / gluconeogenesis	iEC55989_1330	Escherichia coli 55989	iEcSMS35_1347	Escherichia coli SMS-3-5	41	41	41	41	0	0	1.0	100.0	1
map00010	rn00010	Glycolysis / gluconeogenesis	iEC55989_1330	Escherichia coli 55989	iEcolC_1368	Escherichia coli ATCC 8739	41	41	41	41	0	0	1.0	100.0	1
map00010	rn00010	Glycolysis / gluconeogenesis	iEC55989_1330	Escherichia coli 55989	iG2583_1286	Escherichia coli O55:H7 str. CB9615	41	41	41	41	0	0	1.0	100.0	1
map00010	rn00010	Glycolysis / gluconeogenesis	iEC55989_1330	Escherichia coli 55989	iJO1366	Escherichia coli str. K-12 substr. MG1655	41	40	40	41	1	0	0.9756	97.56	0
map00010	rn00010	Glycolysis / gluconeogenesis	iEC55989_1330	Escherichia coli 55989	iJR904	Escherichia coli str. K-12 substr. MG1655	41	37	37	41	4	0	0.9024	90.24	0
map00010	rn00010	Glycolysis / gluconeogenesis	iEC55989_1330	Escherichia coli 55989	iLF82_1304	Escherichia coli LF82	41	41	41	41	0	0	1.0	100.0	1
map00010	rn00010	Glycolysis / gluconeogenesis	iEC55989_1330	Escherichia coli 55989	iML1515	Escherichia coli str. K-12 substr. MG1655	41	40	40	41	1	0	0.9756	97.56	0
map00010	rn00010	Glycolysis / gluconeogenesis	iEC55989_1330	Escherichia coli 55989	iNRG857_1313	Escherichia coli O83:H1 str. NRG 857C	41	41	41	41	0	0	1.0	100.0	1
map00010	rn00010	Glycolysis / gluconeogenesis	iEC55989_1330	Escherichia coli 55989	iUMN146_1321	Escherichia coli UM146	41	41	41	41	0	0	1.0	100.0	1
map00010	rn00010	Glycolysis / gluconeogenesis	iEC55989_1330	Escherichia coli 55989	iUMNK88_1353	Escherichia coli UMNK88	41	41	41	41	0	0	1.0	100.0	1
map00010	rn00010	Glycolysis / gluconeogenesis	iEC55989_1330	Escherichia coli 55989	iUTI89_1310	Escherichia coli UTI89	41	41	41	41	0	0	1.0	100.0	1
map00010	rn00010	Glycolysis / gluconeogenesis	iEC55989_1330	Escherichia coli 55989	iWFL_1372	Escherichia coli W	41	41	41	41	0	0	1.0	100.0	1
map00010	rn00010	Glycolysis / gluconeogenesis	iEC55989_1330	Escherichia coli 55989	iY75_1357	Escherichia coli str. K-12 substr. W3110	41	41	41	41	0	0	1.0	100.0	1
map00010	rn00010	Glycolysis / gluconeogenesis	iEC55989_1330	Escherichia coli 55989	iZ_1308	Escherichia coli O157:H7 str. EDL933	41	41	41	41	0	0	1.0	100.0	1
map00010	rn00010	Glycolysis / gluconeogenesis	iEC55989_1330	Escherichia coli 55989	ic_1306	Escherichia coli CFT073	41	41	41	41	0	0	1.0	100.0	1
map00010	rn00010	Glycolysis / gluconeogenesis	iECABU_c1320	Escherichia coli ABU 83972	iECBD_1354	Escherichia coli 'BL21-Gold(DE3)pLysS AG'	41	41	41	41	0	0	1.0	100.0	1
map00010	rn00010	Glycolysis / gluconeogenesis	iECABU_c1320	Escherichia coli ABU 83972	iECB_1328	Escherichia coli B str. REL606	41	41	41	41	0	0	1.0	100.0	1
map00010	rn00010	Glycolysis / gluconeogenesis	iECABU_c1320	Escherichia coli ABU 83972	iECDH10B_1368	Escherichia coli str. K-12 substr. DH10B	41	41	41	41	0	0	1.0	100.0	1
map00010	rn00010	Glycolysis / gluconeogenesis	iECABU_c1320	Escherichia coli ABU 83972	iECDH1ME8569_1439	Escherichia coli DH1	41	41	41	41	0	0	1.0	100.0	1
map00010	rn00010	Glycolysis / gluconeogenesis	iECABU_c1320	Escherichia coli ABU 83972	iECD_1391	Escherichia coli BL21(DE3)	41	41	41	41	0	0	1.0	100.0	1
map00010	rn00010	Glycolysis / gluconeogenesis	iECABU_c1320	Escherichia coli ABU 83972	iECED1_1282	Escherichia coli ED1a	41	41	41	41	0	0	1.0	100.0	1
map00010	rn00010	Glycolysis / gluconeogenesis	iECABU_c1320	Escherichia coli ABU 83972	iECH74115_1262	Escherichia coli O157:H7 str. EC4115	41	41	41	41	0	0	1.0	100.0	1
map00010	rn00010	Glycolysis / gluconeogenesis	iECABU_c1320	Escherichia coli ABU 83972	iECIAI1_1343	Escherichia coli IAI1	41	41	41	41	0	0	1.0	100.0	1
map00010	rn00010	Glycolysis / gluconeogenesis	iECABU_c1320	Escherichia coli ABU 83972	iECIAI39_1322	Escherichia coli IAI39	41	41	41	41	0	0	1.0	100.0	1
map00010	rn00010	Glycolysis / gluconeogenesis	iECABU_c1320	Escherichia coli ABU 83972	iECNA114_1301	Escherichia coli NA114	41	41	41	41	0	0	1.0	100.0	1
map00010	rn00010	Glycolysis / gluconeogenesis	iECABU_c1320	Escherichia coli ABU 83972	iECO103_1326	Escherichia coli O103:H2 str. 12009	41	41	41	41	0	0	1.0	100.0	1
map00010	rn00010	Glycolysis / gluconeogenesis	iECABU_c1320	Escherichia coli ABU 83972	iECO111_1330	Escherichia coli O111:H- str. 11128	41	41	41	41	0	0	1.0	100.0	1
map00010	rn00010	Glycolysis / gluconeogenesis	iECABU_c1320	Escherichia coli ABU 83972	iECO26_1355	Escherichia coli O26:H11 str. 11368	41	41	41	41	0	0	1.0	100.0	1
map00010	rn00010	Glycolysis / gluconeogenesis	iECABU_c1320	Escherichia coli ABU 83972	iECOK1_1307	Escherichia coli IHE3034	41	41	41	41	0	0	1.0	100.0	1
map00010	rn00010	Glycolysis / gluconeogenesis	iECABU_c1320	Escherichia coli ABU 83972	iECP_1309	Escherichia coli 536	41	41	41	41	0	0	1.0	100.0	1
map00010	rn00010	Glycolysis / gluconeogenesis	iECABU_c1320	Escherichia coli ABU 83972	iECS88_1305	Escherichia coli S88	41	41	41	41	0	0	1.0	100.0	1
map00010	rn00010	Glycolysis / gluconeogenesis	iECABU_c1320	Escherichia coli ABU 83972	iECSE_1348	Escherichia coli SE11	41	41	41	41	0	0	1.0	100.0	1
map00010	rn00010	Glycolysis / gluconeogenesis	iECABU_c1320	Escherichia coli ABU 83972	iECSF_1327	Escherichia coli SE15	41	41	41	41	0	0	1.0	100.0	1
map00010	rn00010	Glycolysis / gluconeogenesis	iECABU_c1320	Escherichia coli ABU 83972	iECSP_1301	Escherichia coli O157:H7 str. TW14359	41	41	41	41	0	0	1.0	100.0	1
map00010	rn00010	Glycolysis / gluconeogenesis	iECABU_c1320	Escherichia coli ABU 83972	iECUMN_1333	Escherichia coli UMN026	41	41	41	41	0	0	1.0	100.0	1
map00010	rn00010	Glycolysis / gluconeogenesis	iECABU_c1320	Escherichia coli ABU 83972	iECW_1372	Escherichia coli W	41	41	41	41	0	0	1.0	100.0	1
map00010	rn00010	Glycolysis / gluconeogenesis	iECABU_c1320	Escherichia coli ABU 83972	iECs_1301	Escherichia coli O157:H7 str. Sakai	41	41	41	41	0	0	1.0	100.0	1
map00010	rn00010	Glycolysis / gluconeogenesis	iECABU_c1320	Escherichia coli ABU 83972	iEKO11_1354	Escherichia coli KO11FL	41	41	41	41	0	0	1.0	100.0	1
map00010	rn00010	Glycolysis / gluconeogenesis	iECABU_c1320	Escherichia coli ABU 83972	iETEC_1333	Escherichia coli ETEC H10407	41	41	41	41	0	0	1.0	100.0	1
map00010	rn00010	Glycolysis / gluconeogenesis	iECABU_c1320	Escherichia coli ABU 83972	iEcDH1_1363	Escherichia coli DH1	41	41	41	41	0	0	1.0	100.0	1
map00010	rn00010	Glycolysis / gluconeogenesis	iECABU_c1320	Escherichia coli ABU 83972	iEcE24377_1341	Escherichia coli O139:H28 str. E24377A	41	41	41	41	0	0	1.0	100.0	1
map00010	rn00010	Glycolysis / gluconeogenesis	iECABU_c1320	Escherichia coli ABU 83972	iEcHS_1320	Escherichia coli HS	41	41	41	41	0	0	1.0	100.0	1
map00010	rn00010	Glycolysis / gluconeogenesis	iECABU_c1320	Escherichia coli ABU 83972	iEcSMS35_1347	Escherichia coli SMS-3-5	41	41	41	41	0	0	1.0	100.0	1
map00010	rn00010	Glycolysis / gluconeogenesis	iECABU_c1320	Escherichia coli ABU 83972	iEcolC_1368	Escherichia coli ATCC 8739	41	41	41	41	0	0	1.0	100.0	1
map00010	rn00010	Glycolysis / gluconeogenesis	iECABU_c1320	Escherichia coli ABU 83972	iG2583_1286	Escherichia coli O55:H7 str. CB9615	41	41	41	41	0	0	1.0	100.0	1
map00010	rn00010	Glycolysis / gluconeogenesis	iECABU_c1320	Escherichia coli ABU 83972	iJO1366	Escherichia coli str. K-12 substr. MG1655	41	40	40	41	1	0	0.9756	97.56	0
map00010	rn00010	Glycolysis / gluconeogenesis	iECABU_c1320	Escherichia coli ABU 83972	iJR904	Escherichia coli str. K-12 substr. MG1655	41	37	37	41	4	0	0.9024	90.24	0
map00010	rn00010	Glycolysis / gluconeogenesis	iECABU_c1320	Escherichia coli ABU 83972	iLF82_1304	Escherichia coli LF82	41	41	41	41	0	0	1.0	100.0	1
map00010	rn00010	Glycolysis / gluconeogenesis	iECABU_c1320	Escherichia coli ABU 83972	iML1515	Escherichia coli str. K-12 substr. MG1655	41	40	40	41	1	0	0.9756	97.56	0
map00010	rn00010	Glycolysis / gluconeogenesis	iECABU_c1320	Escherichia coli ABU 83972	iNRG857_1313	Escherichia coli O83:H1 str. NRG 857C	41	41	41	41	0	0	1.0	100.0	1
map00010	rn00010	Glycolysis / gluconeogenesis	iECABU_c1320	Escherichia coli ABU 83972	iUMN146_1321	Escherichia coli UM146	41	41	41	41	0	0	1.0	100.0	1
map00010	rn00010	Glycolysis / gluconeogenesis	iECABU_c1320	Escherichia coli ABU 83972	iUMNK88_1353	Escherichia coli UMNK88	41	41	41	41	0	0	1.0	100.0	1
map00010	rn00010	Glycolysis / gluconeogenesis	iECABU_c1320	Escherichia coli ABU 83972	iUTI89_1310	Escherichia coli UTI89	41	41	41	41	0	0	1.0	100.0	1
map00010	rn00010	Glycolysis / gluconeogenesis	iECABU_c1320	Escherichia coli ABU 83972	iWFL_1372	Escherichia coli W	41	41	41	41	0	0	1.0	100.0	1
map00010	rn00010	Glycolysis / gluconeogenesis	iECABU_c1320	Escherichia coli ABU 83972	iY75_1357	Escherichia coli str. K-12 substr. W3110	41	41	41	41	0	0	1.0	100.0	1
map00010	rn00010	Glycolysis / gluconeogenesis	iECABU_c1320	Escherichia coli ABU 83972	iZ_1308	Escherichia coli O157:H7 str. EDL933	41	41	41	41	0	0	1.0	100.0	1
map00010	rn00010	Glycolysis / gluconeogenesis	iECABU_c1320	Escherichia coli ABU 83972	ic_1306	Escherichia coli CFT073	41	41	41	41	0	0	1.0	100.0	1
map00010	rn00010	Glycolysis / gluconeogenesis	iECBD_1354	Escherichia coli 'BL21-Gold(DE3)pLysS AG'	iECB_1328	Escherichia coli B str. REL606	41	41	41	41	0	0	1.0	100.0	1
map00010	rn00010	Glycolysis / gluconeogenesis	iECBD_1354	Escherichia coli 'BL21-Gold(DE3)pLysS AG'	iECDH10B_1368	Escherichia coli str. K-12 substr. DH10B	41	41	41	41	0	0	1.0	100.0	1
map00010	rn00010	Glycolysis / gluconeogenesis	iECBD_1354	Escherichia coli 'BL21-Gold(DE3)pLysS AG'	iECDH1ME8569_1439	Escherichia coli DH1	41	41	41	41	0	0	1.0	100.0	1
map00010	rn00010	Glycolysis / gluconeogenesis	iECBD_1354	Escherichia coli 'BL21-Gold(DE3)pLysS AG'	iECD_1391	Escherichia coli BL21(DE3)	41	41	41	41	0	0	1.0	100.0	1
map00010	rn00010	Glycolysis / gluconeogenesis	iECBD_1354	Escherichia coli 'BL21-Gold(DE3)pLysS AG'	iECED1_1282	Escherichia coli ED1a	41	41	41	41	0	0	1.0	100.0	1
map00010	rn00010	Glycolysis / gluconeogenesis	iECBD_1354	Escherichia coli 'BL21-Gold(DE3)pLysS AG'	iECH74115_1262	Escherichia coli O157:H7 str. EC4115	41	41	41	41	0	0	1.0	100.0	1
map00010	rn00010	Glycolysis / gluconeogenesis	iECBD_1354	Escherichia coli 'BL21-Gold(DE3)pLysS AG'	iECIAI1_1343	Escherichia coli IAI1	41	41	41	41	0	0	1.0	100.0	1
map00010	rn00010	Glycolysis / gluconeogenesis	iECBD_1354	Escherichia coli 'BL21-Gold(DE3)pLysS AG'	iECIAI39_1322	Escherichia coli IAI39	41	41	41	41	0	0	1.0	100.0	1
map00010	rn00010	Glycolysis / gluconeogenesis	iECBD_1354	Escherichia coli 'BL21-Gold(DE3)pLysS AG'	iECNA114_1301	Escherichia coli NA114	41	41	41	41	0	0	1.0	100.0	1
map00010	rn00010	Glycolysis / gluconeogenesis	iECBD_1354	Escherichia coli 'BL21-Gold(DE3)pLysS AG'	iECO103_1326	Escherichia coli O103:H2 str. 12009	41	41	41	41	0	0	1.0	100.0	1
map00010	rn00010	Glycolysis / gluconeogenesis	iECBD_1354	Escherichia coli 'BL21-Gold(DE3)pLysS AG'	iECO111_1330	Escherichia coli O111:H- str. 11128	41	41	41	41	0	0	1.0	100.0	1
map00010	rn00010	Glycolysis / gluconeogenesis	iECBD_1354	Escherichia coli 'BL21-Gold(DE3)pLysS AG'	iECO26_1355	Escherichia coli O26:H11 str. 11368	41	41	41	41	0	0	1.0	100.0	1
map00010	rn00010	Glycolysis / gluconeogenesis	iECBD_1354	Escherichia coli 'BL21-Gold(DE3)pLysS AG'	iECOK1_1307	Escherichia coli IHE3034	41	41	41	41	0	0	1.0	100.0	1
map00010	rn00010	Glycolysis / gluconeogenesis	iECBD_1354	Escherichia coli 'BL21-Gold(DE3)pLysS AG'	iECP_1309	Escherichia coli 536	41	41	41	41	0	0	1.0	100.0	1
map00010	rn00010	Glycolysis / gluconeogenesis	iECBD_1354	Escherichia coli 'BL21-Gold(DE3)pLysS AG'	iECS88_1305	Escherichia coli S88	41	41	41	41	0	0	1.0	100.0	1
map00010	rn00010	Glycolysis / gluconeogenesis	iECBD_1354	Escherichia coli 'BL21-Gold(DE3)pLysS AG'	iECSE_1348	Escherichia coli SE11	41	41	41	41	0	0	1.0	100.0	1
map00010	rn00010	Glycolysis / gluconeogenesis	iECBD_1354	Escherichia coli 'BL21-Gold(DE3)pLysS AG'	iECSF_1327	Escherichia coli SE15	41	41	41	41	0	0	1.0	100.0	1
map00010	rn00010	Glycolysis / gluconeogenesis	iECBD_1354	Escherichia coli 'BL21-Gold(DE3)pLysS AG'	iECSP_1301	Escherichia coli O157:H7 str. TW14359	41	41	41	41	0	0	1.0	100.0	1
map00010	rn00010	Glycolysis / gluconeogenesis	iECBD_1354	Escherichia coli 'BL21-Gold(DE3)pLysS AG'	iECUMN_1333	Escherichia coli UMN026	41	41	41	41	0	0	1.0	100.0	1
map00010	rn00010	Glycolysis / gluconeogenesis	iECBD_1354	Escherichia coli 'BL21-Gold(DE3)pLysS AG'	iECW_1372	Escherichia coli W	41	41	41	41	0	0	1.0	100.0	1
map00010	rn00010	Glycolysis / gluconeogenesis	iECBD_1354	Escherichia coli 'BL21-Gold(DE3)pLysS AG'	iECs_1301	Escherichia coli O157:H7 str. Sakai	41	41	41	41	0	0	1.0	100.0	1
map00010	rn00010	Glycolysis / gluconeogenesis	iECBD_1354	Escherichia coli 'BL21-Gold(DE3)pLysS AG'	iEKO11_1354	Escherichia coli KO11FL	41	41	41	41	0	0	1.0	100.0	1
map00010	rn00010	Glycolysis / gluconeogenesis	iECBD_1354	Escherichia coli 'BL21-Gold(DE3)pLysS AG'	iETEC_1333	Escherichia coli ETEC H10407	41	41	41	41	0	0	1.0	100.0	1
map00010	rn00010	Glycolysis / gluconeogenesis	iECBD_1354	Escherichia coli 'BL21-Gold(DE3)pLysS AG'	iEcDH1_1363	Escherichia coli DH1	41	41	41	41	0	0	1.0	100.0	1
map00010	rn00010	Glycolysis / gluconeogenesis	iECBD_1354	Escherichia coli 'BL21-Gold(DE3)pLysS AG'	iEcE24377_1341	Escherichia coli O139:H28 str. E24377A	41	41	41	41	0	0	1.0	100.0	1
map00010	rn00010	Glycolysis / gluconeogenesis	iECBD_1354	Escherichia coli 'BL21-Gold(DE3)pLysS AG'	iEcHS_1320	Escherichia coli HS	41	41	41	41	0	0	1.0	100.0	1
map00010	rn00010	Glycolysis / gluconeogenesis	iECBD_1354	Escherichia coli 'BL21-Gold(DE3)pLysS AG'	iEcSMS35_1347	Escherichia coli SMS-3-5	41	41	41	41	0	0	1.0	100.0	1
map00010	rn00010	Glycolysis / gluconeogenesis	iECBD_1354	Escherichia coli 'BL21-Gold(DE3)pLysS AG'	iEcolC_1368	Escherichia coli ATCC 8739	41	41	41	41	0	0	1.0	100.0	1
map00010	rn00010	Glycolysis / gluconeogenesis	iECBD_1354	Escherichia coli 'BL21-Gold(DE3)pLysS AG'	iG2583_1286	Escherichia coli O55:H7 str. CB9615	41	41	41	41	0	0	1.0	100.0	1
map00010	rn00010	Glycolysis / gluconeogenesis	iECBD_1354	Escherichia coli 'BL21-Gold(DE3)pLysS AG'	iJO1366	Escherichia coli str. K-12 substr. MG1655	41	40	40	41	1	0	0.9756	97.56	0
map00010	rn00010	Glycolysis / gluconeogenesis	iECBD_1354	Escherichia coli 'BL21-Gold(DE3)pLysS AG'	iJR904	Escherichia coli str. K-12 substr. MG1655	41	37	37	41	4	0	0.9024	90.24	0
map00010	rn00010	Glycolysis / gluconeogenesis	iECBD_1354	Escherichia coli 'BL21-Gold(DE3)pLysS AG'	iLF82_1304	Escherichia coli LF82	41	41	41	41	0	0	1.0	100.0	1
map00010	rn00010	Glycolysis / gluconeogenesis	iECBD_1354	Escherichia coli 'BL21-Gold(DE3)pLysS AG'	iML1515	Escherichia coli str. K-12 substr. MG1655	41	40	40	41	1	0	0.9756	97.56	0
map00010	rn00010	Glycolysis / gluconeogenesis	iECBD_1354	Escherichia coli 'BL21-Gold(DE3)pLysS AG'	iNRG857_1313	Escherichia coli O83:H1 str. NRG 857C	41	41	41	41	0	0	1.0	100.0	1
map00010	rn00010	Glycolysis / gluconeogenesis	iECBD_1354	Escherichia coli 'BL21-Gold(DE3)pLysS AG'	iUMN146_1321	Escherichia coli UM146	41	41	41	41	0	0	1.0	100.0	1
map00010	rn00010	Glycolysis / gluconeogenesis	iECBD_1354	Escherichia coli 'BL21-Gold(DE3)pLysS AG'	iUMNK88_1353	Escherichia coli UMNK88	41	41	41	41	0	0	1.0	100.0	1
map00010	rn00010	Glycolysis / gluconeogenesis	iECBD_1354	Escherichia coli 'BL21-Gold(DE3)pLysS AG'	iUTI89_1310	Escherichia coli UTI89	41	41	41	41	0	0	1.0	100.0	1
map00010	rn00010	Glycolysis / gluconeogenesis	iECBD_1354	Escherichia coli 'BL21-Gold(DE3)pLysS AG'	iWFL_1372	Escherichia coli W	41	41	41	41	0	0	1.0	100.0	1
map00010	rn00010	Glycolysis / gluconeogenesis	iECBD_1354	Escherichia coli 'BL21-Gold(DE3)pLysS AG'	iY75_1357	Escherichia coli str. K-12 substr. W3110	41	41	41	41	0	0	1.0	100.0	1
map00010	rn00010	Glycolysis / gluconeogenesis	iECBD_1354	Escherichia coli 'BL21-Gold(DE3)pLysS AG'	iZ_1308	Escherichia coli O157:H7 str. EDL933	41	41	41	41	0	0	1.0	100.0	1
map00010	rn00010	Glycolysis / gluconeogenesis	iECBD_1354	Escherichia coli 'BL21-Gold(DE3)pLysS AG'	ic_1306	Escherichia coli CFT073	41	41	41	41	0	0	1.0	100.0	1
map00010	rn00010	Glycolysis / gluconeogenesis	iECB_1328	Escherichia coli B str. REL606	iECDH10B_1368	Escherichia coli str. K-12 substr. DH10B	41	41	41	41	0	0	1.0	100.0	1
map00010	rn00010	Glycolysis / gluconeogenesis	iECB_1328	Escherichia coli B str. REL606	iECDH1ME8569_1439	Escherichia coli DH1	41	41	41	41	0	0	1.0	100.0	1
map00010	rn00010	Glycolysis / gluconeogenesis	iECB_1328	Escherichia coli B str. REL606	iECD_1391	Escherichia coli BL21(DE3)	41	41	41	41	0	0	1.0	100.0	1
map00010	rn00010	Glycolysis / gluconeogenesis	iECB_1328	Escherichia coli B str. REL606	iECED1_1282	Escherichia coli ED1a	41	41	41	41	0	0	1.0	100.0	1
map00010	rn00010	Glycolysis / gluconeogenesis	iECB_1328	Escherichia coli B str. REL606	iECH74115_1262	Escherichia coli O157:H7 str. EC4115	41	41	41	41	0	0	1.0	100.0	1
map00010	rn00010	Glycolysis / gluconeogenesis	iECB_1328	Escherichia coli B str. REL606	iECIAI1_1343	Escherichia coli IAI1	41	41	41	41	0	0	1.0	100.0	1
map00010	rn00010	Glycolysis / gluconeogenesis	iECB_1328	Escherichia coli B str. REL606	iECIAI39_1322	Escherichia coli IAI39	41	41	41	41	0	0	1.0	100.0	1
map00010	rn00010	Glycolysis / gluconeogenesis	iECB_1328	Escherichia coli B str. REL606	iECNA114_1301	Escherichia coli NA114	41	41	41	41	0	0	1.0	100.0	1
map00010	rn00010	Glycolysis / gluconeogenesis	iECB_1328	Escherichia coli B str. REL606	iECO103_1326	Escherichia coli O103:H2 str. 12009	41	41	41	41	0	0	1.0	100.0	1
map00010	rn00010	Glycolysis / gluconeogenesis	iECB_1328	Escherichia coli B str. REL606	iECO111_1330	Escherichia coli O111:H- str. 11128	41	41	41	41	0	0	1.0	100.0	1
map00010	rn00010	Glycolysis / gluconeogenesis	iECB_1328	Escherichia coli B str. REL606	iECO26_1355	Escherichia coli O26:H11 str. 11368	41	41	41	41	0	0	1.0	100.0	1
map00010	rn00010	Glycolysis / gluconeogenesis	iECB_1328	Escherichia coli B str. REL606	iECOK1_1307	Escherichia coli IHE3034	41	41	41	41	0	0	1.0	100.0	1
map00010	rn00010	Glycolysis / gluconeogenesis	iECB_1328	Escherichia coli B str. REL606	iECP_1309	Escherichia coli 536	41	41	41	41	0	0	1.0	100.0	1
map00010	rn00010	Glycolysis / gluconeogenesis	iECB_1328	Escherichia coli B str. REL606	iECS88_1305	Escherichia coli S88	41	41	41	41	0	0	1.0	100.0	1
map00010	rn00010	Glycolysis / gluconeogenesis	iECB_1328	Escherichia coli B str. REL606	iECSE_1348	Escherichia coli SE11	41	41	41	41	0	0	1.0	100.0	1
map00010	rn00010	Glycolysis / gluconeogenesis	iECB_1328	Escherichia coli B str. REL606	iECSF_1327	Escherichia coli SE15	41	41	41	41	0	0	1.0	100.0	1
map00010	rn00010	Glycolysis / gluconeogenesis	iECB_1328	Escherichia coli B str. REL606	iECSP_1301	Escherichia coli O157:H7 str. TW14359	41	41	41	41	0	0	1.0	100.0	1
map00010	rn00010	Glycolysis / gluconeogenesis	iECB_1328	Escherichia coli B str. REL606	iECUMN_1333	Escherichia coli UMN026	41	41	41	41	0	0	1.0	100.0	1
map00010	rn00010	Glycolysis / gluconeogenesis	iECB_1328	Escherichia coli B str. REL606	iECW_1372	Escherichia coli W	41	41	41	41	0	0	1.0	100.0	1
map00010	rn00010	Glycolysis / gluconeogenesis	iECB_1328	Escherichia coli B str. REL606	iECs_1301	Escherichia coli O157:H7 str. Sakai	41	41	41	41	0	0	1.0	100.0	1
map00010	rn00010	Glycolysis / gluconeogenesis	iECB_1328	Escherichia coli B str. REL606	iEKO11_1354	Escherichia coli KO11FL	41	41	41	41	0	0	1.0	100.0	1
map00010	rn00010	Glycolysis / gluconeogenesis	iECB_1328	Escherichia coli B str. REL606	iETEC_1333	Escherichia coli ETEC H10407	41	41	41	41	0	0	1.0	100.0	1
map00010	rn00010	Glycolysis / gluconeogenesis	iECB_1328	Escherichia coli B str. REL606	iEcDH1_1363	Escherichia coli DH1	41	41	41	41	0	0	1.0	100.0	1
map00010	rn00010	Glycolysis / gluconeogenesis	iECB_1328	Escherichia coli B str. REL606	iEcE24377_1341	Escherichia coli O139:H28 str. E24377A	41	41	41	41	0	0	1.0	100.0	1
map00010	rn00010	Glycolysis / gluconeogenesis	iECB_1328	Escherichia coli B str. REL606	iEcHS_1320	Escherichia coli HS	41	41	41	41	0	0	1.0	100.0	1
map00010	rn00010	Glycolysis / gluconeogenesis	iECB_1328	Escherichia coli B str. REL606	iEcSMS35_1347	Escherichia coli SMS-3-5	41	41	41	41	0	0	1.0	100.0	1
map00010	rn00010	Glycolysis / gluconeogenesis	iECB_1328	Escherichia coli B str. REL606	iEcolC_1368	Escherichia coli ATCC 8739	41	41	41	41	0	0	1.0	100.0	1
map00010	rn00010	Glycolysis / gluconeogenesis	iECB_1328	Escherichia coli B str. REL606	iG2583_1286	Escherichia coli O55:H7 str. CB9615	41	41	41	41	0	0	1.0	100.0	1
map00010	rn00010	Glycolysis / gluconeogenesis	iECB_1328	Escherichia coli B str. REL606	iJO1366	Escherichia coli str. K-12 substr. MG1655	41	40	40	41	1	0	0.9756	97.56	0
map00010	rn00010	Glycolysis / gluconeogenesis	iECB_1328	Escherichia coli B str. REL606	iJR904	Escherichia coli str. K-12 substr. MG1655	41	37	37	41	4	0	0.9024	90.24	0
map00010	rn00010	Glycolysis / gluconeogenesis	iECB_1328	Escherichia coli B str. REL606	iLF82_1304	Escherichia coli LF82	41	41	41	41	0	0	1.0	100.0	1
map00010	rn00010	Glycolysis / gluconeogenesis	iECB_1328	Escherichia coli B str. REL606	iML1515	Escherichia coli str. K-12 substr. MG1655	41	40	40	41	1	0	0.9756	97.56	0
map00010	rn00010	Glycolysis / gluconeogenesis	iECB_1328	Escherichia coli B str. REL606	iNRG857_1313	Escherichia coli O83:H1 str. NRG 857C	41	41	41	41	0	0	1.0	100.0	1
map00010	rn00010	Glycolysis / gluconeogenesis	iECB_1328	Escherichia coli B str. REL606	iUMN146_1321	Escherichia coli UM146	41	41	41	41	0	0	1.0	100.0	1
map00010	rn00010	Glycolysis / gluconeogenesis	iECB_1328	Escherichia coli B str. REL606	iUMNK88_1353	Escherichia coli UMNK88	41	41	41	41	0	0	1.0	100.0	1
map00010	rn00010	Glycolysis / gluconeogenesis	iECB_1328	Escherichia coli B str. REL606	iUTI89_1310	Escherichia coli UTI89	41	41	41	41	0	0	1.0	100.0	1
map00010	rn00010	Glycolysis / gluconeogenesis	iECB_1328	Escherichia coli B str. REL606	iWFL_1372	Escherichia coli W	41	41	41	41	0	0	1.0	100.0	1
map00010	rn00010	Glycolysis / gluconeogenesis	iECB_1328	Escherichia coli B str. REL606	iY75_1357	Escherichia coli str. K-12 substr. W3110	41	41	41	41	0	0	1.0	100.0	1
map00010	rn00010	Glycolysis / gluconeogenesis	iECB_1328	Escherichia coli B str. REL606	iZ_1308	Escherichia coli O157:H7 str. EDL933	41	41	41	41	0	0	1.0	100.0	1
map00010	rn00010	Glycolysis / gluconeogenesis	iECB_1328	Escherichia coli B str. REL606	ic_1306	Escherichia coli CFT073	41	41	41	41	0	0	1.0	100.0	1
map00010	rn00010	Glycolysis / gluconeogenesis	iECDH10B_1368	Escherichia coli str. K-12 substr. DH10B	iECDH1ME8569_1439	Escherichia coli DH1	41	41	41	41	0	0	1.0	100.0	1
map00010	rn00010	Glycolysis / gluconeogenesis	iECDH10B_1368	Escherichia coli str. K-12 substr. DH10B	iECD_1391	Escherichia coli BL21(DE3)	41	41	41	41	0	0	1.0	100.0	1
map00010	rn00010	Glycolysis / gluconeogenesis	iECDH10B_1368	Escherichia coli str. K-12 substr. DH10B	iECED1_1282	Escherichia coli ED1a	41	41	41	41	0	0	1.0	100.0	1
map00010	rn00010	Glycolysis / gluconeogenesis	iECDH10B_1368	Escherichia coli str. K-12 substr. DH10B	iECH74115_1262	Escherichia coli O157:H7 str. EC4115	41	41	41	41	0	0	1.0	100.0	1
map00010	rn00010	Glycolysis / gluconeogenesis	iECDH10B_1368	Escherichia coli str. K-12 substr. DH10B	iECIAI1_1343	Escherichia coli IAI1	41	41	41	41	0	0	1.0	100.0	1
map00010	rn00010	Glycolysis / gluconeogenesis	iECDH10B_1368	Escherichia coli str. K-12 substr. DH10B	iECIAI39_1322	Escherichia coli IAI39	41	41	41	41	0	0	1.0	100.0	1
map00010	rn00010	Glycolysis / gluconeogenesis	iECDH10B_1368	Escherichia coli str. K-12 substr. DH10B	iECNA114_1301	Escherichia coli NA114	41	41	41	41	0	0	1.0	100.0	1
map00010	rn00010	Glycolysis / gluconeogenesis	iECDH10B_1368	Escherichia coli str. K-12 substr. DH10B	iECO103_1326	Escherichia coli O103:H2 str. 12009	41	41	41	41	0	0	1.0	100.0	1
map00010	rn00010	Glycolysis / gluconeogenesis	iECDH10B_1368	Escherichia coli str. K-12 substr. DH10B	iECO111_1330	Escherichia coli O111:H- str. 11128	41	41	41	41	0	0	1.0	100.0	1
map00010	rn00010	Glycolysis / gluconeogenesis	iECDH10B_1368	Escherichia coli str. K-12 substr. DH10B	iECO26_1355	Escherichia coli O26:H11 str. 11368	41	41	41	41	0	0	1.0	100.0	1
map00010	rn00010	Glycolysis / gluconeogenesis	iECDH10B_1368	Escherichia coli str. K-12 substr. DH10B	iECOK1_1307	Escherichia coli IHE3034	41	41	41	41	0	0	1.0	100.0	1
map00010	rn00010	Glycolysis / gluconeogenesis	iECDH10B_1368	Escherichia coli str. K-12 substr. DH10B	iECP_1309	Escherichia coli 536	41	41	41	41	0	0	1.0	100.0	1
map00010	rn00010	Glycolysis / gluconeogenesis	iECDH10B_1368	Escherichia coli str. K-12 substr. DH10B	iECS88_1305	Escherichia coli S88	41	41	41	41	0	0	1.0	100.0	1
map00010	rn00010	Glycolysis / gluconeogenesis	iECDH10B_1368	Escherichia coli str. K-12 substr. DH10B	iECSE_1348	Escherichia coli SE11	41	41	41	41	0	0	1.0	100.0	1
map00010	rn00010	Glycolysis / gluconeogenesis	iECDH10B_1368	Escherichia coli str. K-12 substr. DH10B	iECSF_1327	Escherichia coli SE15	41	41	41	41	0	0	1.0	100.0	1
map00010	rn00010	Glycolysis / gluconeogenesis	iECDH10B_1368	Escherichia coli str. K-12 substr. DH10B	iECSP_1301	Escherichia coli O157:H7 str. TW14359	41	41	41	41	0	0	1.0	100.0	1
map00010	rn00010	Glycolysis / gluconeogenesis	iECDH10B_1368	Escherichia coli str. K-12 substr. DH10B	iECUMN_1333	Escherichia coli UMN026	41	41	41	41	0	0	1.0	100.0	1
map00010	rn00010	Glycolysis / gluconeogenesis	iECDH10B_1368	Escherichia coli str. K-12 substr. DH10B	iECW_1372	Escherichia coli W	41	41	41	41	0	0	1.0	100.0	1
map00010	rn00010	Glycolysis / gluconeogenesis	iECDH10B_1368	Escherichia coli str. K-12 substr. DH10B	iECs_1301	Escherichia coli O157:H7 str. Sakai	41	41	41	41	0	0	1.0	100.0	1
map00010	rn00010	Glycolysis / gluconeogenesis	iECDH10B_1368	Escherichia coli str. K-12 substr. DH10B	iEKO11_1354	Escherichia coli KO11FL	41	41	41	41	0	0	1.0	100.0	1
map00010	rn00010	Glycolysis / gluconeogenesis	iECDH10B_1368	Escherichia coli str. K-12 substr. DH10B	iETEC_1333	Escherichia coli ETEC H10407	41	41	41	41	0	0	1.0	100.0	1
map00010	rn00010	Glycolysis / gluconeogenesis	iECDH10B_1368	Escherichia coli str. K-12 substr. DH10B	iEcDH1_1363	Escherichia coli DH1	41	41	41	41	0	0	1.0	100.0	1
map00010	rn00010	Glycolysis / gluconeogenesis	iECDH10B_1368	Escherichia coli str. K-12 substr. DH10B	iEcE24377_1341	Escherichia coli O139:H28 str. E24377A	41	41	41	41	0	0	1.0	100.0	1
map00010	rn00010	Glycolysis / gluconeogenesis	iECDH10B_1368	Escherichia coli str. K-12 substr. DH10B	iEcHS_1320	Escherichia coli HS	41	41	41	41	0	0	1.0	100.0	1
map00010	rn00010	Glycolysis / gluconeogenesis	iECDH10B_1368	Escherichia coli str. K-12 substr. DH10B	iEcSMS35_1347	Escherichia coli SMS-3-5	41	41	41	41	0	0	1.0	100.0	1
map00010	rn00010	Glycolysis / gluconeogenesis	iECDH10B_1368	Escherichia coli str. K-12 substr. DH10B	iEcolC_1368	Escherichia coli ATCC 8739	41	41	41	41	0	0	1.0	100.0	1
map00010	rn00010	Glycolysis / gluconeogenesis	iECDH10B_1368	Escherichia coli str. K-12 substr. DH10B	iG2583_1286	Escherichia coli O55:H7 str. CB9615	41	41	41	41	0	0	1.0	100.0	1
map00010	rn00010	Glycolysis / gluconeogenesis	iECDH10B_1368	Escherichia coli str. K-12 substr. DH10B	iJO1366	Escherichia coli str. K-12 substr. MG1655	41	40	40	41	1	0	0.9756	97.56	0
map00010	rn00010	Glycolysis / gluconeogenesis	iECDH10B_1368	Escherichia coli str. K-12 substr. DH10B	iJR904	Escherichia coli str. K-12 substr. MG1655	41	37	37	41	4	0	0.9024	90.24	0
map00010	rn00010	Glycolysis / gluconeogenesis	iECDH10B_1368	Escherichia coli str. K-12 substr. DH10B	iLF82_1304	Escherichia coli LF82	41	41	41	41	0	0	1.0	100.0	1
map00010	rn00010	Glycolysis / gluconeogenesis	iECDH10B_1368	Escherichia coli str. K-12 substr. DH10B	iML1515	Escherichia coli str. K-12 substr. MG1655	41	40	40	41	1	0	0.9756	97.56	0
map00010	rn00010	Glycolysis / gluconeogenesis	iECDH10B_1368	Escherichia coli str. K-12 substr. DH10B	iNRG857_1313	Escherichia coli O83:H1 str. NRG 857C	41	41	41	41	0	0	1.0	100.0	1
map00010	rn00010	Glycolysis / gluconeogenesis	iECDH10B_1368	Escherichia coli str. K-12 substr. DH10B	iUMN146_1321	Escherichia coli UM146	41	41	41	41	0	0	1.0	100.0	1
map00010	rn00010	Glycolysis / gluconeogenesis	iECDH10B_1368	Escherichia coli str. K-12 substr. DH10B	iUMNK88_1353	Escherichia coli UMNK88	41	41	41	41	0	0	1.0	100.0	1
map00010	rn00010	Glycolysis / gluconeogenesis	iECDH10B_1368	Escherichia coli str. K-12 substr. DH10B	iUTI89_1310	Escherichia coli UTI89	41	41	41	41	0	0	1.0	100.0	1
map00010	rn00010	Glycolysis / gluconeogenesis	iECDH10B_1368	Escherichia coli str. K-12 substr. DH10B	iWFL_1372	Escherichia coli W	41	41	41	41	0	0	1.0	100.0	1
map00010	rn00010	Glycolysis / gluconeogenesis	iECDH10B_1368	Escherichia coli str. K-12 substr. DH10B	iY75_1357	Escherichia coli str. K-12 substr. W3110	41	41	41	41	0	0	1.0	100.0	1
map00010	rn00010	Glycolysis / gluconeogenesis	iECDH10B_1368	Escherichia coli str. K-12 substr. DH10B	iZ_1308	Escherichia coli O157:H7 str. EDL933	41	41	41	41	0	0	1.0	100.0	1
map00010	rn00010	Glycolysis / gluconeogenesis	iECDH10B_1368	Escherichia coli str. K-12 substr. DH10B	ic_1306	Escherichia coli CFT073	41	41	41	41	0	0	1.0	100.0	1
map00010	rn00010	Glycolysis / gluconeogenesis	iECDH1ME8569_1439	Escherichia coli DH1	iECD_1391	Escherichia coli BL21(DE3)	41	41	41	41	0	0	1.0	100.0	1
map00010	rn00010	Glycolysis / gluconeogenesis	iECDH1ME8569_1439	Escherichia coli DH1	iECED1_1282	Escherichia coli ED1a	41	41	41	41	0	0	1.0	100.0	1
map00010	rn00010	Glycolysis / gluconeogenesis	iECDH1ME8569_1439	Escherichia coli DH1	iECH74115_1262	Escherichia coli O157:H7 str. EC4115	41	41	41	41	0	0	1.0	100.0	1
map00010	rn00010	Glycolysis / gluconeogenesis	iECDH1ME8569_1439	Escherichia coli DH1	iECIAI1_1343	Escherichia coli IAI1	41	41	41	41	0	0	1.0	100.0	1
map00010	rn00010	Glycolysis / gluconeogenesis	iECDH1ME8569_1439	Escherichia coli DH1	iECIAI39_1322	Escherichia coli IAI39	41	41	41	41	0	0	1.0	100.0	1
map00010	rn00010	Glycolysis / gluconeogenesis	iECDH1ME8569_1439	Escherichia coli DH1	iECNA114_1301	Escherichia coli NA114	41	41	41	41	0	0	1.0	100.0	1
map00010	rn00010	Glycolysis / gluconeogenesis	iECDH1ME8569_1439	Escherichia coli DH1	iECO103_1326	Escherichia coli O103:H2 str. 12009	41	41	41	41	0	0	1.0	100.0	1
map00010	rn00010	Glycolysis / gluconeogenesis	iECDH1ME8569_1439	Escherichia coli DH1	iECO111_1330	Escherichia coli O111:H- str. 11128	41	41	41	41	0	0	1.0	100.0	1
map00010	rn00010	Glycolysis / gluconeogenesis	iECDH1ME8569_1439	Escherichia coli DH1	iECO26_1355	Escherichia coli O26:H11 str. 11368	41	41	41	41	0	0	1.0	100.0	1
map00010	rn00010	Glycolysis / gluconeogenesis	iECDH1ME8569_1439	Escherichia coli DH1	iECOK1_1307	Escherichia coli IHE3034	41	41	41	41	0	0	1.0	100.0	1
map00010	rn00010	Glycolysis / gluconeogenesis	iECDH1ME8569_1439	Escherichia coli DH1	iECP_1309	Escherichia coli 536	41	41	41	41	0	0	1.0	100.0	1
map00010	rn00010	Glycolysis / gluconeogenesis	iECDH1ME8569_1439	Escherichia coli DH1	iECS88_1305	Escherichia coli S88	41	41	41	41	0	0	1.0	100.0	1
map00010	rn00010	Glycolysis / gluconeogenesis	iECDH1ME8569_1439	Escherichia coli DH1	iECSE_1348	Escherichia coli SE11	41	41	41	41	0	0	1.0	100.0	1
map00010	rn00010	Glycolysis / gluconeogenesis	iECDH1ME8569_1439	Escherichia coli DH1	iECSF_1327	Escherichia coli SE15	41	41	41	41	0	0	1.0	100.0	1
map00010	rn00010	Glycolysis / gluconeogenesis	iECDH1ME8569_1439	Escherichia coli DH1	iECSP_1301	Escherichia coli O157:H7 str. TW14359	41	41	41	41	0	0	1.0	100.0	1
map00010	rn00010	Glycolysis / gluconeogenesis	iECDH1ME8569_1439	Escherichia coli DH1	iECUMN_1333	Escherichia coli UMN026	41	41	41	41	0	0	1.0	100.0	1
map00010	rn00010	Glycolysis / gluconeogenesis	iECDH1ME8569_1439	Escherichia coli DH1	iECW_1372	Escherichia coli W	41	41	41	41	0	0	1.0	100.0	1
map00010	rn00010	Glycolysis / gluconeogenesis	iECDH1ME8569_1439	Escherichia coli DH1	iECs_1301	Escherichia coli O157:H7 str. Sakai	41	41	41	41	0	0	1.0	100.0	1
map00010	rn00010	Glycolysis / gluconeogenesis	iECDH1ME8569_1439	Escherichia coli DH1	iEKO11_1354	Escherichia coli KO11FL	41	41	41	41	0	0	1.0	100.0	1
map00010	rn00010	Glycolysis / gluconeogenesis	iECDH1ME8569_1439	Escherichia coli DH1	iETEC_1333	Escherichia coli ETEC H10407	41	41	41	41	0	0	1.0	100.0	1
map00010	rn00010	Glycolysis / gluconeogenesis	iECDH1ME8569_1439	Escherichia coli DH1	iEcDH1_1363	Escherichia coli DH1	41	41	41	41	0	0	1.0	100.0	1
map00010	rn00010	Glycolysis / gluconeogenesis	iECDH1ME8569_1439	Escherichia coli DH1	iEcE24377_1341	Escherichia coli O139:H28 str. E24377A	41	41	41	41	0	0	1.0	100.0	1
map00010	rn00010	Glycolysis / gluconeogenesis	iECDH1ME8569_1439	Escherichia coli DH1	iEcHS_1320	Escherichia coli HS	41	41	41	41	0	0	1.0	100.0	1
map00010	rn00010	Glycolysis / gluconeogenesis	iECDH1ME8569_1439	Escherichia coli DH1	iEcSMS35_1347	Escherichia coli SMS-3-5	41	41	41	41	0	0	1.0	100.0	1
map00010	rn00010	Glycolysis / gluconeogenesis	iECDH1ME8569_1439	Escherichia coli DH1	iEcolC_1368	Escherichia coli ATCC 8739	41	41	41	41	0	0	1.0	100.0	1
map00010	rn00010	Glycolysis / gluconeogenesis	iECDH1ME8569_1439	Escherichia coli DH1	iG2583_1286	Escherichia coli O55:H7 str. CB9615	41	41	41	41	0	0	1.0	100.0	1
map00010	rn00010	Glycolysis / gluconeogenesis	iECDH1ME8569_1439	Escherichia coli DH1	iJO1366	Escherichia coli str. K-12 substr. MG1655	41	40	40	41	1	0	0.9756	97.56	0
map00010	rn00010	Glycolysis / gluconeogenesis	iECDH1ME8569_1439	Escherichia coli DH1	iJR904	Escherichia coli str. K-12 substr. MG1655	41	37	37	41	4	0	0.9024	90.24	0
map00010	rn00010	Glycolysis / gluconeogenesis	iECDH1ME8569_1439	Escherichia coli DH1	iLF82_1304	Escherichia coli LF82	41	41	41	41	0	0	1.0	100.0	1
map00010	rn00010	Glycolysis / gluconeogenesis	iECDH1ME8569_1439	Escherichia coli DH1	iML1515	Escherichia coli str. K-12 substr. MG1655	41	40	40	41	1	0	0.9756	97.56	0
map00010	rn00010	Glycolysis / gluconeogenesis	iECDH1ME8569_1439	Escherichia coli DH1	iNRG857_1313	Escherichia coli O83:H1 str. NRG 857C	41	41	41	41	0	0	1.0	100.0	1
map00010	rn00010	Glycolysis / gluconeogenesis	iECDH1ME8569_1439	Escherichia coli DH1	iUMN146_1321	Escherichia coli UM146	41	41	41	41	0	0	1.0	100.0	1
map00010	rn00010	Glycolysis / gluconeogenesis	iECDH1ME8569_1439	Escherichia coli DH1	iUMNK88_1353	Escherichia coli UMNK88	41	41	41	41	0	0	1.0	100.0	1
map00010	rn00010	Glycolysis / gluconeogenesis	iECDH1ME8569_1439	Escherichia coli DH1	iUTI89_1310	Escherichia coli UTI89	41	41	41	41	0	0	1.0	100.0	1
map00010	rn00010	Glycolysis / gluconeogenesis	iECDH1ME8569_1439	Escherichia coli DH1	iWFL_1372	Escherichia coli W	41	41	41	41	0	0	1.0	100.0	1
map00010	rn00010	Glycolysis / gluconeogenesis	iECDH1ME8569_1439	Escherichia coli DH1	iY75_1357	Escherichia coli str. K-12 substr. W3110	41	41	41	41	0	0	1.0	100.0	1
map00010	rn00010	Glycolysis / gluconeogenesis	iECDH1ME8569_1439	Escherichia coli DH1	iZ_1308	Escherichia coli O157:H7 str. EDL933	41	41	41	41	0	0	1.0	100.0	1
map00010	rn00010	Glycolysis / gluconeogenesis	iECDH1ME8569_1439	Escherichia coli DH1	ic_1306	Escherichia coli CFT073	41	41	41	41	0	0	1.0	100.0	1
map00010	rn00010	Glycolysis / gluconeogenesis	iECD_1391	Escherichia coli BL21(DE3)	iECED1_1282	Escherichia coli ED1a	41	41	41	41	0	0	1.0	100.0	1
map00010	rn00010	Glycolysis / gluconeogenesis	iECD_1391	Escherichia coli BL21(DE3)	iECH74115_1262	Escherichia coli O157:H7 str. EC4115	41	41	41	41	0	0	1.0	100.0	1
map00010	rn00010	Glycolysis / gluconeogenesis	iECD_1391	Escherichia coli BL21(DE3)	iECIAI1_1343	Escherichia coli IAI1	41	41	41	41	0	0	1.0	100.0	1
map00010	rn00010	Glycolysis / gluconeogenesis	iECD_1391	Escherichia coli BL21(DE3)	iECIAI39_1322	Escherichia coli IAI39	41	41	41	41	0	0	1.0	100.0	1
map00010	rn00010	Glycolysis / gluconeogenesis	iECD_1391	Escherichia coli BL21(DE3)	iECNA114_1301	Escherichia coli NA114	41	41	41	41	0	0	1.0	100.0	1
map00010	rn00010	Glycolysis / gluconeogenesis	iECD_1391	Escherichia coli BL21(DE3)	iECO103_1326	Escherichia coli O103:H2 str. 12009	41	41	41	41	0	0	1.0	100.0	1
map00010	rn00010	Glycolysis / gluconeogenesis	iECD_1391	Escherichia coli BL21(DE3)	iECO111_1330	Escherichia coli O111:H- str. 11128	41	41	41	41	0	0	1.0	100.0	1
map00010	rn00010	Glycolysis / gluconeogenesis	iECD_1391	Escherichia coli BL21(DE3)	iECO26_1355	Escherichia coli O26:H11 str. 11368	41	41	41	41	0	0	1.0	100.0	1
map00010	rn00010	Glycolysis / gluconeogenesis	iECD_1391	Escherichia coli BL21(DE3)	iECOK1_1307	Escherichia coli IHE3034	41	41	41	41	0	0	1.0	100.0	1
map00010	rn00010	Glycolysis / gluconeogenesis	iECD_1391	Escherichia coli BL21(DE3)	iECP_1309	Escherichia coli 536	41	41	41	41	0	0	1.0	100.0	1
map00010	rn00010	Glycolysis / gluconeogenesis	iECD_1391	Escherichia coli BL21(DE3)	iECS88_1305	Escherichia coli S88	41	41	41	41	0	0	1.0	100.0	1
map00010	rn00010	Glycolysis / gluconeogenesis	iECD_1391	Escherichia coli BL21(DE3)	iECSE_1348	Escherichia coli SE11	41	41	41	41	0	0	1.0	100.0	1
map00010	rn00010	Glycolysis / gluconeogenesis	iECD_1391	Escherichia coli BL21(DE3)	iECSF_1327	Escherichia coli SE15	41	41	41	41	0	0	1.0	100.0	1
map00010	rn00010	Glycolysis / gluconeogenesis	iECD_1391	Escherichia coli BL21(DE3)	iECSP_1301	Escherichia coli O157:H7 str. TW14359	41	41	41	41	0	0	1.0	100.0	1
map00010	rn00010	Glycolysis / gluconeogenesis	iECD_1391	Escherichia coli BL21(DE3)	iECUMN_1333	Escherichia coli UMN026	41	41	41	41	0	0	1.0	100.0	1
map00010	rn00010	Glycolysis / gluconeogenesis	iECD_1391	Escherichia coli BL21(DE3)	iECW_1372	Escherichia coli W	41	41	41	41	0	0	1.0	100.0	1
map00010	rn00010	Glycolysis / gluconeogenesis	iECD_1391	Escherichia coli BL21(DE3)	iECs_1301	Escherichia coli O157:H7 str. Sakai	41	41	41	41	0	0	1.0	100.0	1
map00010	rn00010	Glycolysis / gluconeogenesis	iECD_1391	Escherichia coli BL21(DE3)	iEKO11_1354	Escherichia coli KO11FL	41	41	41	41	0	0	1.0	100.0	1
map00010	rn00010	Glycolysis / gluconeogenesis	iECD_1391	Escherichia coli BL21(DE3)	iETEC_1333	Escherichia coli ETEC H10407	41	41	41	41	0	0	1.0	100.0	1
map00010	rn00010	Glycolysis / gluconeogenesis	iECD_1391	Escherichia coli BL21(DE3)	iEcDH1_1363	Escherichia coli DH1	41	41	41	41	0	0	1.0	100.0	1
map00010	rn00010	Glycolysis / gluconeogenesis	iECD_1391	Escherichia coli BL21(DE3)	iEcE24377_1341	Escherichia coli O139:H28 str. E24377A	41	41	41	41	0	0	1.0	100.0	1
map00010	rn00010	Glycolysis / gluconeogenesis	iECD_1391	Escherichia coli BL21(DE3)	iEcHS_1320	Escherichia coli HS	41	41	41	41	0	0	1.0	100.0	1
map00010	rn00010	Glycolysis / gluconeogenesis	iECD_1391	Escherichia coli BL21(DE3)	iEcSMS35_1347	Escherichia coli SMS-3-5	41	41	41	41	0	0	1.0	100.0	1
map00010	rn00010	Glycolysis / gluconeogenesis	iECD_1391	Escherichia coli BL21(DE3)	iEcolC_1368	Escherichia coli ATCC 8739	41	41	41	41	0	0	1.0	100.0	1
map00010	rn00010	Glycolysis / gluconeogenesis	iECD_1391	Escherichia coli BL21(DE3)	iG2583_1286	Escherichia coli O55:H7 str. CB9615	41	41	41	41	0	0	1.0	100.0	1
map00010	rn00010	Glycolysis / gluconeogenesis	iECD_1391	Escherichia coli BL21(DE3)	iJO1366	Escherichia coli str. K-12 substr. MG1655	41	40	40	41	1	0	0.9756	97.56	0
map00010	rn00010	Glycolysis / gluconeogenesis	iECD_1391	Escherichia coli BL21(DE3)	iJR904	Escherichia coli str. K-12 substr. MG1655	41	37	37	41	4	0	0.9024	90.24	0
map00010	rn00010	Glycolysis / gluconeogenesis	iECD_1391	Escherichia coli BL21(DE3)	iLF82_1304	Escherichia coli LF82	41	41	41	41	0	0	1.0	100.0	1
map00010	rn00010	Glycolysis / gluconeogenesis	iECD_1391	Escherichia coli BL21(DE3)	iML1515	Escherichia coli str. K-12 substr. MG1655	41	40	40	41	1	0	0.9756	97.56	0
map00010	rn00010	Glycolysis / gluconeogenesis	iECD_1391	Escherichia coli BL21(DE3)	iNRG857_1313	Escherichia coli O83:H1 str. NRG 857C	41	41	41	41	0	0	1.0	100.0	1
map00010	rn00010	Glycolysis / gluconeogenesis	iECD_1391	Escherichia coli BL21(DE3)	iUMN146_1321	Escherichia coli UM146	41	41	41	41	0	0	1.0	100.0	1
map00010	rn00010	Glycolysis / gluconeogenesis	iECD_1391	Escherichia coli BL21(DE3)	iUMNK88_1353	Escherichia coli UMNK88	41	41	41	41	0	0	1.0	100.0	1
map00010	rn00010	Glycolysis / gluconeogenesis	iECD_1391	Escherichia coli BL21(DE3)	iUTI89_1310	Escherichia coli UTI89	41	41	41	41	0	0	1.0	100.0	1
map00010	rn00010	Glycolysis / gluconeogenesis	iECD_1391	Escherichia coli BL21(DE3)	iWFL_1372	Escherichia coli W	41	41	41	41	0	0	1.0	100.0	1
map00010	rn00010	Glycolysis / gluconeogenesis	iECD_1391	Escherichia coli BL21(DE3)	iY75_1357	Escherichia coli str. K-12 substr. W3110	41	41	41	41	0	0	1.0	100.0	1
map00010	rn00010	Glycolysis / gluconeogenesis	iECD_1391	Escherichia coli BL21(DE3)	iZ_1308	Escherichia coli O157:H7 str. EDL933	41	41	41	41	0	0	1.0	100.0	1
map00010	rn00010	Glycolysis / gluconeogenesis	iECD_1391	Escherichia coli BL21(DE3)	ic_1306	Escherichia coli CFT073	41	41	41	41	0	0	1.0	100.0	1
map00010	rn00010	Glycolysis / gluconeogenesis	iECED1_1282	Escherichia coli ED1a	iECH74115_1262	Escherichia coli O157:H7 str. EC4115	41	41	41	41	0	0	1.0	100.0	1
map00010	rn00010	Glycolysis / gluconeogenesis	iECED1_1282	Escherichia coli ED1a	iECIAI1_1343	Escherichia coli IAI1	41	41	41	41	0	0	1.0	100.0	1
map00010	rn00010	Glycolysis / gluconeogenesis	iECED1_1282	Escherichia coli ED1a	iECIAI39_1322	Escherichia coli IAI39	41	41	41	41	0	0	1.0	100.0	1
map00010	rn00010	Glycolysis / gluconeogenesis	iECED1_1282	Escherichia coli ED1a	iECNA114_1301	Escherichia coli NA114	41	41	41	41	0	0	1.0	100.0	1
map00010	rn00010	Glycolysis / gluconeogenesis	iECED1_1282	Escherichia coli ED1a	iECO103_1326	Escherichia coli O103:H2 str. 12009	41	41	41	41	0	0	1.0	100.0	1
map00010	rn00010	Glycolysis / gluconeogenesis	iECED1_1282	Escherichia coli ED1a	iECO111_1330	Escherichia coli O111:H- str. 11128	41	41	41	41	0	0	1.0	100.0	1
map00010	rn00010	Glycolysis / gluconeogenesis	iECED1_1282	Escherichia coli ED1a	iECO26_1355	Escherichia coli O26:H11 str. 11368	41	41	41	41	0	0	1.0	100.0	1
map00010	rn00010	Glycolysis / gluconeogenesis	iECED1_1282	Escherichia coli ED1a	iECOK1_1307	Escherichia coli IHE3034	41	41	41	41	0	0	1.0	100.0	1
map00010	rn00010	Glycolysis / gluconeogenesis	iECED1_1282	Escherichia coli ED1a	iECP_1309	Escherichia coli 536	41	41	41	41	0	0	1.0	100.0	1
map00010	rn00010	Glycolysis / gluconeogenesis	iECED1_1282	Escherichia coli ED1a	iECS88_1305	Escherichia coli S88	41	41	41	41	0	0	1.0	100.0	1
map00010	rn00010	Glycolysis / gluconeogenesis	iECED1_1282	Escherichia coli ED1a	iECSE_1348	Escherichia coli SE11	41	41	41	41	0	0	1.0	100.0	1
map00010	rn00010	Glycolysis / gluconeogenesis	iECED1_1282	Escherichia coli ED1a	iECSF_1327	Escherichia coli SE15	41	41	41	41	0	0	1.0	100.0	1
map00010	rn00010	Glycolysis / gluconeogenesis	iECED1_1282	Escherichia coli ED1a	iECSP_1301	Escherichia coli O157:H7 str. TW14359	41	41	41	41	0	0	1.0	100.0	1
map00010	rn00010	Glycolysis / gluconeogenesis	iECED1_1282	Escherichia coli ED1a	iECUMN_1333	Escherichia coli UMN026	41	41	41	41	0	0	1.0	100.0	1
map00010	rn00010	Glycolysis / gluconeogenesis	iECED1_1282	Escherichia coli ED1a	iECW_1372	Escherichia coli W	41	41	41	41	0	0	1.0	100.0	1
map00010	rn00010	Glycolysis / gluconeogenesis	iECED1_1282	Escherichia coli ED1a	iECs_1301	Escherichia coli O157:H7 str. Sakai	41	41	41	41	0	0	1.0	100.0	1
map00010	rn00010	Glycolysis / gluconeogenesis	iECED1_1282	Escherichia coli ED1a	iEKO11_1354	Escherichia coli KO11FL	41	41	41	41	0	0	1.0	100.0	1
map00010	rn00010	Glycolysis / gluconeogenesis	iECED1_1282	Escherichia coli ED1a	iETEC_1333	Escherichia coli ETEC H10407	41	41	41	41	0	0	1.0	100.0	1
map00010	rn00010	Glycolysis / gluconeogenesis	iECED1_1282	Escherichia coli ED1a	iEcDH1_1363	Escherichia coli DH1	41	41	41	41	0	0	1.0	100.0	1
map00010	rn00010	Glycolysis / gluconeogenesis	iECED1_1282	Escherichia coli ED1a	iEcE24377_1341	Escherichia coli O139:H28 str. E24377A	41	41	41	41	0	0	1.0	100.0	1
map00010	rn00010	Glycolysis / gluconeogenesis	iECED1_1282	Escherichia coli ED1a	iEcHS_1320	Escherichia coli HS	41	41	41	41	0	0	1.0	100.0	1
map00010	rn00010	Glycolysis / gluconeogenesis	iECED1_1282	Escherichia coli ED1a	iEcSMS35_1347	Escherichia coli SMS-3-5	41	41	41	41	0	0	1.0	100.0	1
map00010	rn00010	Glycolysis / gluconeogenesis	iECED1_1282	Escherichia coli ED1a	iEcolC_1368	Escherichia coli ATCC 8739	41	41	41	41	0	0	1.0	100.0	1
map00010	rn00010	Glycolysis / gluconeogenesis	iECED1_1282	Escherichia coli ED1a	iG2583_1286	Escherichia coli O55:H7 str. CB9615	41	41	41	41	0	0	1.0	100.0	1
map00010	rn00010	Glycolysis / gluconeogenesis	iECED1_1282	Escherichia coli ED1a	iJO1366	Escherichia coli str. K-12 substr. MG1655	41	40	40	41	1	0	0.9756	97.56	0
map00010	rn00010	Glycolysis / gluconeogenesis	iECED1_1282	Escherichia coli ED1a	iJR904	Escherichia coli str. K-12 substr. MG1655	41	37	37	41	4	0	0.9024	90.24	0
map00010	rn00010	Glycolysis / gluconeogenesis	iECED1_1282	Escherichia coli ED1a	iLF82_1304	Escherichia coli LF82	41	41	41	41	0	0	1.0	100.0	1
map00010	rn00010	Glycolysis / gluconeogenesis	iECED1_1282	Escherichia coli ED1a	iML1515	Escherichia coli str. K-12 substr. MG1655	41	40	40	41	1	0	0.9756	97.56	0
map00010	rn00010	Glycolysis / gluconeogenesis	iECED1_1282	Escherichia coli ED1a	iNRG857_1313	Escherichia coli O83:H1 str. NRG 857C	41	41	41	41	0	0	1.0	100.0	1
map00010	rn00010	Glycolysis / gluconeogenesis	iECED1_1282	Escherichia coli ED1a	iUMN146_1321	Escherichia coli UM146	41	41	41	41	0	0	1.0	100.0	1
map00010	rn00010	Glycolysis / gluconeogenesis	iECED1_1282	Escherichia coli ED1a	iUMNK88_1353	Escherichia coli UMNK88	41	41	41	41	0	0	1.0	100.0	1
map00010	rn00010	Glycolysis / gluconeogenesis	iECED1_1282	Escherichia coli ED1a	iUTI89_1310	Escherichia coli UTI89	41	41	41	41	0	0	1.0	100.0	1
map00010	rn00010	Glycolysis / gluconeogenesis	iECED1_1282	Escherichia coli ED1a	iWFL_1372	Escherichia coli W	41	41	41	41	0	0	1.0	100.0	1
map00010	rn00010	Glycolysis / gluconeogenesis	iECED1_1282	Escherichia coli ED1a	iY75_1357	Escherichia coli str. K-12 substr. W3110	41	41	41	41	0	0	1.0	100.0	1
map00010	rn00010	Glycolysis / gluconeogenesis	iECED1_1282	Escherichia coli ED1a	iZ_1308	Escherichia coli O157:H7 str. EDL933	41	41	41	41	0	0	1.0	100.0	1
map00010	rn00010	Glycolysis / gluconeogenesis	iECED1_1282	Escherichia coli ED1a	ic_1306	Escherichia coli CFT073	41	41	41	41	0	0	1.0	100.0	1
map00010	rn00010	Glycolysis / gluconeogenesis	iECH74115_1262	Escherichia coli O157:H7 str. EC4115	iECIAI1_1343	Escherichia coli IAI1	41	41	41	41	0	0	1.0	100.0	1
map00010	rn00010	Glycolysis / gluconeogenesis	iECH74115_1262	Escherichia coli O157:H7 str. EC4115	iECIAI39_1322	Escherichia coli IAI39	41	41	41	41	0	0	1.0	100.0	1
map00010	rn00010	Glycolysis / gluconeogenesis	iECH74115_1262	Escherichia coli O157:H7 str. EC4115	iECNA114_1301	Escherichia coli NA114	41	41	41	41	0	0	1.0	100.0	1
map00010	rn00010	Glycolysis / gluconeogenesis	iECH74115_1262	Escherichia coli O157:H7 str. EC4115	iECO103_1326	Escherichia coli O103:H2 str. 12009	41	41	41	41	0	0	1.0	100.0	1
map00010	rn00010	Glycolysis / gluconeogenesis	iECH74115_1262	Escherichia coli O157:H7 str. EC4115	iECO111_1330	Escherichia coli O111:H- str. 11128	41	41	41	41	0	0	1.0	100.0	1
map00010	rn00010	Glycolysis / gluconeogenesis	iECH74115_1262	Escherichia coli O157:H7 str. EC4115	iECO26_1355	Escherichia coli O26:H11 str. 11368	41	41	41	41	0	0	1.0	100.0	1
map00010	rn00010	Glycolysis / gluconeogenesis	iECH74115_1262	Escherichia coli O157:H7 str. EC4115	iECOK1_1307	Escherichia coli IHE3034	41	41	41	41	0	0	1.0	100.0	1
map00010	rn00010	Glycolysis / gluconeogenesis	iECH74115_1262	Escherichia coli O157:H7 str. EC4115	iECP_1309	Escherichia coli 536	41	41	41	41	0	0	1.0	100.0	1
map00010	rn00010	Glycolysis / gluconeogenesis	iECH74115_1262	Escherichia coli O157:H7 str. EC4115	iECS88_1305	Escherichia coli S88	41	41	41	41	0	0	1.0	100.0	1
map00010	rn00010	Glycolysis / gluconeogenesis	iECH74115_1262	Escherichia coli O157:H7 str. EC4115	iECSE_1348	Escherichia coli SE11	41	41	41	41	0	0	1.0	100.0	1
map00010	rn00010	Glycolysis / gluconeogenesis	iECH74115_1262	Escherichia coli O157:H7 str. EC4115	iECSF_1327	Escherichia coli SE15	41	41	41	41	0	0	1.0	100.0	1
map00010	rn00010	Glycolysis / gluconeogenesis	iECH74115_1262	Escherichia coli O157:H7 str. EC4115	iECSP_1301	Escherichia coli O157:H7 str. TW14359	41	41	41	41	0	0	1.0	100.0	1
map00010	rn00010	Glycolysis / gluconeogenesis	iECH74115_1262	Escherichia coli O157:H7 str. EC4115	iECUMN_1333	Escherichia coli UMN026	41	41	41	41	0	0	1.0	100.0	1
map00010	rn00010	Glycolysis / gluconeogenesis	iECH74115_1262	Escherichia coli O157:H7 str. EC4115	iECW_1372	Escherichia coli W	41	41	41	41	0	0	1.0	100.0	1
map00010	rn00010	Glycolysis / gluconeogenesis	iECH74115_1262	Escherichia coli O157:H7 str. EC4115	iECs_1301	Escherichia coli O157:H7 str. Sakai	41	41	41	41	0	0	1.0	100.0	1
map00010	rn00010	Glycolysis / gluconeogenesis	iECH74115_1262	Escherichia coli O157:H7 str. EC4115	iEKO11_1354	Escherichia coli KO11FL	41	41	41	41	0	0	1.0	100.0	1
map00010	rn00010	Glycolysis / gluconeogenesis	iECH74115_1262	Escherichia coli O157:H7 str. EC4115	iETEC_1333	Escherichia coli ETEC H10407	41	41	41	41	0	0	1.0	100.0	1
map00010	rn00010	Glycolysis / gluconeogenesis	iECH74115_1262	Escherichia coli O157:H7 str. EC4115	iEcDH1_1363	Escherichia coli DH1	41	41	41	41	0	0	1.0	100.0	1
map00010	rn00010	Glycolysis / gluconeogenesis	iECH74115_1262	Escherichia coli O157:H7 str. EC4115	iEcE24377_1341	Escherichia coli O139:H28 str. E24377A	41	41	41	41	0	0	1.0	100.0	1
map00010	rn00010	Glycolysis / gluconeogenesis	iECH74115_1262	Escherichia coli O157:H7 str. EC4115	iEcHS_1320	Escherichia coli HS	41	41	41	41	0	0	1.0	100.0	1
map00010	rn00010	Glycolysis / gluconeogenesis	iECH74115_1262	Escherichia coli O157:H7 str. EC4115	iEcSMS35_1347	Escherichia coli SMS-3-5	41	41	41	41	0	0	1.0	100.0	1
map00010	rn00010	Glycolysis / gluconeogenesis	iECH74115_1262	Escherichia coli O157:H7 str. EC4115	iEcolC_1368	Escherichia coli ATCC 8739	41	41	41	41	0	0	1.0	100.0	1
map00010	rn00010	Glycolysis / gluconeogenesis	iECH74115_1262	Escherichia coli O157:H7 str. EC4115	iG2583_1286	Escherichia coli O55:H7 str. CB9615	41	41	41	41	0	0	1.0	100.0	1
map00010	rn00010	Glycolysis / gluconeogenesis	iECH74115_1262	Escherichia coli O157:H7 str. EC4115	iJO1366	Escherichia coli str. K-12 substr. MG1655	41	40	40	41	1	0	0.9756	97.56	0
map00010	rn00010	Glycolysis / gluconeogenesis	iECH74115_1262	Escherichia coli O157:H7 str. EC4115	iJR904	Escherichia coli str. K-12 substr. MG1655	41	37	37	41	4	0	0.9024	90.24	0
map00010	rn00010	Glycolysis / gluconeogenesis	iECH74115_1262	Escherichia coli O157:H7 str. EC4115	iLF82_1304	Escherichia coli LF82	41	41	41	41	0	0	1.0	100.0	1
map00010	rn00010	Glycolysis / gluconeogenesis	iECH74115_1262	Escherichia coli O157:H7 str. EC4115	iML1515	Escherichia coli str. K-12 substr. MG1655	41	40	40	41	1	0	0.9756	97.56	0
map00010	rn00010	Glycolysis / gluconeogenesis	iECH74115_1262	Escherichia coli O157:H7 str. EC4115	iNRG857_1313	Escherichia coli O83:H1 str. NRG 857C	41	41	41	41	0	0	1.0	100.0	1
map00010	rn00010	Glycolysis / gluconeogenesis	iECH74115_1262	Escherichia coli O157:H7 str. EC4115	iUMN146_1321	Escherichia coli UM146	41	41	41	41	0	0	1.0	100.0	1
map00010	rn00010	Glycolysis / gluconeogenesis	iECH74115_1262	Escherichia coli O157:H7 str. EC4115	iUMNK88_1353	Escherichia coli UMNK88	41	41	41	41	0	0	1.0	100.0	1
map00010	rn00010	Glycolysis / gluconeogenesis	iECH74115_1262	Escherichia coli O157:H7 str. EC4115	iUTI89_1310	Escherichia coli UTI89	41	41	41	41	0	0	1.0	100.0	1
map00010	rn00010	Glycolysis / gluconeogenesis	iECH74115_1262	Escherichia coli O157:H7 str. EC4115	iWFL_1372	Escherichia coli W	41	41	41	41	0	0	1.0	100.0	1
map00010	rn00010	Glycolysis / gluconeogenesis	iECH74115_1262	Escherichia coli O157:H7 str. EC4115	iY75_1357	Escherichia coli str. K-12 substr. W3110	41	41	41	41	0	0	1.0	100.0	1
map00010	rn00010	Glycolysis / gluconeogenesis	iECH74115_1262	Escherichia coli O157:H7 str. EC4115	iZ_1308	Escherichia coli O157:H7 str. EDL933	41	41	41	41	0	0	1.0	100.0	1
map00010	rn00010	Glycolysis / gluconeogenesis	iECH74115_1262	Escherichia coli O157:H7 str. EC4115	ic_1306	Escherichia coli CFT073	41	41	41	41	0	0	1.0	100.0	1
map00010	rn00010	Glycolysis / gluconeogenesis	iECIAI1_1343	Escherichia coli IAI1	iECIAI39_1322	Escherichia coli IAI39	41	41	41	41	0	0	1.0	100.0	1
map00010	rn00010	Glycolysis / gluconeogenesis	iECIAI1_1343	Escherichia coli IAI1	iECNA114_1301	Escherichia coli NA114	41	41	41	41	0	0	1.0	100.0	1
map00010	rn00010	Glycolysis / gluconeogenesis	iECIAI1_1343	Escherichia coli IAI1	iECO103_1326	Escherichia coli O103:H2 str. 12009	41	41	41	41	0	0	1.0	100.0	1
map00010	rn00010	Glycolysis / gluconeogenesis	iECIAI1_1343	Escherichia coli IAI1	iECO111_1330	Escherichia coli O111:H- str. 11128	41	41	41	41	0	0	1.0	100.0	1
map00010	rn00010	Glycolysis / gluconeogenesis	iECIAI1_1343	Escherichia coli IAI1	iECO26_1355	Escherichia coli O26:H11 str. 11368	41	41	41	41	0	0	1.0	100.0	1
map00010	rn00010	Glycolysis / gluconeogenesis	iECIAI1_1343	Escherichia coli IAI1	iECOK1_1307	Escherichia coli IHE3034	41	41	41	41	0	0	1.0	100.0	1
map00010	rn00010	Glycolysis / gluconeogenesis	iECIAI1_1343	Escherichia coli IAI1	iECP_1309	Escherichia coli 536	41	41	41	41	0	0	1.0	100.0	1
map00010	rn00010	Glycolysis / gluconeogenesis	iECIAI1_1343	Escherichia coli IAI1	iECS88_1305	Escherichia coli S88	41	41	41	41	0	0	1.0	100.0	1
map00010	rn00010	Glycolysis / gluconeogenesis	iECIAI1_1343	Escherichia coli IAI1	iECSE_1348	Escherichia coli SE11	41	41	41	41	0	0	1.0	100.0	1
map00010	rn00010	Glycolysis / gluconeogenesis	iECIAI1_1343	Escherichia coli IAI1	iECSF_1327	Escherichia coli SE15	41	41	41	41	0	0	1.0	100.0	1
map00010	rn00010	Glycolysis / gluconeogenesis	iECIAI1_1343	Escherichia coli IAI1	iECSP_1301	Escherichia coli O157:H7 str. TW14359	41	41	41	41	0	0	1.0	100.0	1
map00010	rn00010	Glycolysis / gluconeogenesis	iECIAI1_1343	Escherichia coli IAI1	iECUMN_1333	Escherichia coli UMN026	41	41	41	41	0	0	1.0	100.0	1
map00010	rn00010	Glycolysis / gluconeogenesis	iECIAI1_1343	Escherichia coli IAI1	iECW_1372	Escherichia coli W	41	41	41	41	0	0	1.0	100.0	1
map00010	rn00010	Glycolysis / gluconeogenesis	iECIAI1_1343	Escherichia coli IAI1	iECs_1301	Escherichia coli O157:H7 str. Sakai	41	41	41	41	0	0	1.0	100.0	1
map00010	rn00010	Glycolysis / gluconeogenesis	iECIAI1_1343	Escherichia coli IAI1	iEKO11_1354	Escherichia coli KO11FL	41	41	41	41	0	0	1.0	100.0	1
map00010	rn00010	Glycolysis / gluconeogenesis	iECIAI1_1343	Escherichia coli IAI1	iETEC_1333	Escherichia coli ETEC H10407	41	41	41	41	0	0	1.0	100.0	1
map00010	rn00010	Glycolysis / gluconeogenesis	iECIAI1_1343	Escherichia coli IAI1	iEcDH1_1363	Escherichia coli DH1	41	41	41	41	0	0	1.0	100.0	1
map00010	rn00010	Glycolysis / gluconeogenesis	iECIAI1_1343	Escherichia coli IAI1	iEcE24377_1341	Escherichia coli O139:H28 str. E24377A	41	41	41	41	0	0	1.0	100.0	1
map00010	rn00010	Glycolysis / gluconeogenesis	iECIAI1_1343	Escherichia coli IAI1	iEcHS_1320	Escherichia coli HS	41	41	41	41	0	0	1.0	100.0	1
map00010	rn00010	Glycolysis / gluconeogenesis	iECIAI1_1343	Escherichia coli IAI1	iEcSMS35_1347	Escherichia coli SMS-3-5	41	41	41	41	0	0	1.0	100.0	1
map00010	rn00010	Glycolysis / gluconeogenesis	iECIAI1_1343	Escherichia coli IAI1	iEcolC_1368	Escherichia coli ATCC 8739	41	41	41	41	0	0	1.0	100.0	1
map00010	rn00010	Glycolysis / gluconeogenesis	iECIAI1_1343	Escherichia coli IAI1	iG2583_1286	Escherichia coli O55:H7 str. CB9615	41	41	41	41	0	0	1.0	100.0	1
map00010	rn00010	Glycolysis / gluconeogenesis	iECIAI1_1343	Escherichia coli IAI1	iJO1366	Escherichia coli str. K-12 substr. MG1655	41	40	40	41	1	0	0.9756	97.56	0
map00010	rn00010	Glycolysis / gluconeogenesis	iECIAI1_1343	Escherichia coli IAI1	iJR904	Escherichia coli str. K-12 substr. MG1655	41	37	37	41	4	0	0.9024	90.24	0
map00010	rn00010	Glycolysis / gluconeogenesis	iECIAI1_1343	Escherichia coli IAI1	iLF82_1304	Escherichia coli LF82	41	41	41	41	0	0	1.0	100.0	1
map00010	rn00010	Glycolysis / gluconeogenesis	iECIAI1_1343	Escherichia coli IAI1	iML1515	Escherichia coli str. K-12 substr. MG1655	41	40	40	41	1	0	0.9756	97.56	0
map00010	rn00010	Glycolysis / gluconeogenesis	iECIAI1_1343	Escherichia coli IAI1	iNRG857_1313	Escherichia coli O83:H1 str. NRG 857C	41	41	41	41	0	0	1.0	100.0	1
map00010	rn00010	Glycolysis / gluconeogenesis	iECIAI1_1343	Escherichia coli IAI1	iUMN146_1321	Escherichia coli UM146	41	41	41	41	0	0	1.0	100.0	1
map00010	rn00010	Glycolysis / gluconeogenesis	iECIAI1_1343	Escherichia coli IAI1	iUMNK88_1353	Escherichia coli UMNK88	41	41	41	41	0	0	1.0	100.0	1
map00010	rn00010	Glycolysis / gluconeogenesis	iECIAI1_1343	Escherichia coli IAI1	iUTI89_1310	Escherichia coli UTI89	41	41	41	41	0	0	1.0	100.0	1
map00010	rn00010	Glycolysis / gluconeogenesis	iECIAI1_1343	Escherichia coli IAI1	iWFL_1372	Escherichia coli W	41	41	41	41	0	0	1.0	100.0	1
map00010	rn00010	Glycolysis / gluconeogenesis	iECIAI1_1343	Escherichia coli IAI1	iY75_1357	Escherichia coli str. K-12 substr. W3110	41	41	41	41	0	0	1.0	100.0	1
map00010	rn00010	Glycolysis / gluconeogenesis	iECIAI1_1343	Escherichia coli IAI1	iZ_1308	Escherichia coli O157:H7 str. EDL933	41	41	41	41	0	0	1.0	100.0	1
map00010	rn00010	Glycolysis / gluconeogenesis	iECIAI1_1343	Escherichia coli IAI1	ic_1306	Escherichia coli CFT073	41	41	41	41	0	0	1.0	100.0	1
map00010	rn00010	Glycolysis / gluconeogenesis	iECIAI39_1322	Escherichia coli IAI39	iECNA114_1301	Escherichia coli NA114	41	41	41	41	0	0	1.0	100.0	1
map00010	rn00010	Glycolysis / gluconeogenesis	iECIAI39_1322	Escherichia coli IAI39	iECO103_1326	Escherichia coli O103:H2 str. 12009	41	41	41	41	0	0	1.0	100.0	1
map00010	rn00010	Glycolysis / gluconeogenesis	iECIAI39_1322	Escherichia coli IAI39	iECO111_1330	Escherichia coli O111:H- str. 11128	41	41	41	41	0	0	1.0	100.0	1
map00010	rn00010	Glycolysis / gluconeogenesis	iECIAI39_1322	Escherichia coli IAI39	iECO26_1355	Escherichia coli O26:H11 str. 11368	41	41	41	41	0	0	1.0	100.0	1
map00010	rn00010	Glycolysis / gluconeogenesis	iECIAI39_1322	Escherichia coli IAI39	iECOK1_1307	Escherichia coli IHE3034	41	41	41	41	0	0	1.0	100.0	1
map00010	rn00010	Glycolysis / gluconeogenesis	iECIAI39_1322	Escherichia coli IAI39	iECP_1309	Escherichia coli 536	41	41	41	41	0	0	1.0	100.0	1
map00010	rn00010	Glycolysis / gluconeogenesis	iECIAI39_1322	Escherichia coli IAI39	iECS88_1305	Escherichia coli S88	41	41	41	41	0	0	1.0	100.0	1
map00010	rn00010	Glycolysis / gluconeogenesis	iECIAI39_1322	Escherichia coli IAI39	iECSE_1348	Escherichia coli SE11	41	41	41	41	0	0	1.0	100.0	1
map00010	rn00010	Glycolysis / gluconeogenesis	iECIAI39_1322	Escherichia coli IAI39	iECSF_1327	Escherichia coli SE15	41	41	41	41	0	0	1.0	100.0	1
map00010	rn00010	Glycolysis / gluconeogenesis	iECIAI39_1322	Escherichia coli IAI39	iECSP_1301	Escherichia coli O157:H7 str. TW14359	41	41	41	41	0	0	1.0	100.0	1
map00010	rn00010	Glycolysis / gluconeogenesis	iECIAI39_1322	Escherichia coli IAI39	iECUMN_1333	Escherichia coli UMN026	41	41	41	41	0	0	1.0	100.0	1
map00010	rn00010	Glycolysis / gluconeogenesis	iECIAI39_1322	Escherichia coli IAI39	iECW_1372	Escherichia coli W	41	41	41	41	0	0	1.0	100.0	1
map00010	rn00010	Glycolysis / gluconeogenesis	iECIAI39_1322	Escherichia coli IAI39	iECs_1301	Escherichia coli O157:H7 str. Sakai	41	41	41	41	0	0	1.0	100.0	1
map00010	rn00010	Glycolysis / gluconeogenesis	iECIAI39_1322	Escherichia coli IAI39	iEKO11_1354	Escherichia coli KO11FL	41	41	41	41	0	0	1.0	100.0	1
map00010	rn00010	Glycolysis / gluconeogenesis	iECIAI39_1322	Escherichia coli IAI39	iETEC_1333	Escherichia coli ETEC H10407	41	41	41	41	0	0	1.0	100.0	1
map00010	rn00010	Glycolysis / gluconeogenesis	iECIAI39_1322	Escherichia coli IAI39	iEcDH1_1363	Escherichia coli DH1	41	41	41	41	0	0	1.0	100.0	1
map00010	rn00010	Glycolysis / gluconeogenesis	iECIAI39_1322	Escherichia coli IAI39	iEcE24377_1341	Escherichia coli O139:H28 str. E24377A	41	41	41	41	0	0	1.0	100.0	1
map00010	rn00010	Glycolysis / gluconeogenesis	iECIAI39_1322	Escherichia coli IAI39	iEcHS_1320	Escherichia coli HS	41	41	41	41	0	0	1.0	100.0	1
map00010	rn00010	Glycolysis / gluconeogenesis	iECIAI39_1322	Escherichia coli IAI39	iEcSMS35_1347	Escherichia coli SMS-3-5	41	41	41	41	0	0	1.0	100.0	1
map00010	rn00010	Glycolysis / gluconeogenesis	iECIAI39_1322	Escherichia coli IAI39	iEcolC_1368	Escherichia coli ATCC 8739	41	41	41	41	0	0	1.0	100.0	1
map00010	rn00010	Glycolysis / gluconeogenesis	iECIAI39_1322	Escherichia coli IAI39	iG2583_1286	Escherichia coli O55:H7 str. CB9615	41	41	41	41	0	0	1.0	100.0	1
map00010	rn00010	Glycolysis / gluconeogenesis	iECIAI39_1322	Escherichia coli IAI39	iJO1366	Escherichia coli str. K-12 substr. MG1655	41	40	40	41	1	0	0.9756	97.56	0
map00010	rn00010	Glycolysis / gluconeogenesis	iECIAI39_1322	Escherichia coli IAI39	iJR904	Escherichia coli str. K-12 substr. MG1655	41	37	37	41	4	0	0.9024	90.24	0
map00010	rn00010	Glycolysis / gluconeogenesis	iECIAI39_1322	Escherichia coli IAI39	iLF82_1304	Escherichia coli LF82	41	41	41	41	0	0	1.0	100.0	1
map00010	rn00010	Glycolysis / gluconeogenesis	iECIAI39_1322	Escherichia coli IAI39	iML1515	Escherichia coli str. K-12 substr. MG1655	41	40	40	41	1	0	0.9756	97.56	0
map00010	rn00010	Glycolysis / gluconeogenesis	iECIAI39_1322	Escherichia coli IAI39	iNRG857_1313	Escherichia coli O83:H1 str. NRG 857C	41	41	41	41	0	0	1.0	100.0	1
map00010	rn00010	Glycolysis / gluconeogenesis	iECIAI39_1322	Escherichia coli IAI39	iUMN146_1321	Escherichia coli UM146	41	41	41	41	0	0	1.0	100.0	1
map00010	rn00010	Glycolysis / gluconeogenesis	iECIAI39_1322	Escherichia coli IAI39	iUMNK88_1353	Escherichia coli UMNK88	41	41	41	41	0	0	1.0	100.0	1
map00010	rn00010	Glycolysis / gluconeogenesis	iECIAI39_1322	Escherichia coli IAI39	iUTI89_1310	Escherichia coli UTI89	41	41	41	41	0	0	1.0	100.0	1
map00010	rn00010	Glycolysis / gluconeogenesis	iECIAI39_1322	Escherichia coli IAI39	iWFL_1372	Escherichia coli W	41	41	41	41	0	0	1.0	100.0	1
map00010	rn00010	Glycolysis / gluconeogenesis	iECIAI39_1322	Escherichia coli IAI39	iY75_1357	Escherichia coli str. K-12 substr. W3110	41	41	41	41	0	0	1.0	100.0	1
map00010	rn00010	Glycolysis / gluconeogenesis	iECIAI39_1322	Escherichia coli IAI39	iZ_1308	Escherichia coli O157:H7 str. EDL933	41	41	41	41	0	0	1.0	100.0	1
map00010	rn00010	Glycolysis / gluconeogenesis	iECIAI39_1322	Escherichia coli IAI39	ic_1306	Escherichia coli CFT073	41	41	41	41	0	0	1.0	100.0	1
map00010	rn00010	Glycolysis / gluconeogenesis	iECNA114_1301	Escherichia coli NA114	iECO103_1326	Escherichia coli O103:H2 str. 12009	41	41	41	41	0	0	1.0	100.0	1
map00010	rn00010	Glycolysis / gluconeogenesis	iECNA114_1301	Escherichia coli NA114	iECO111_1330	Escherichia coli O111:H- str. 11128	41	41	41	41	0	0	1.0	100.0	1
map00010	rn00010	Glycolysis / gluconeogenesis	iECNA114_1301	Escherichia coli NA114	iECO26_1355	Escherichia coli O26:H11 str. 11368	41	41	41	41	0	0	1.0	100.0	1
map00010	rn00010	Glycolysis / gluconeogenesis	iECNA114_1301	Escherichia coli NA114	iECOK1_1307	Escherichia coli IHE3034	41	41	41	41	0	0	1.0	100.0	1
map00010	rn00010	Glycolysis / gluconeogenesis	iECNA114_1301	Escherichia coli NA114	iECP_1309	Escherichia coli 536	41	41	41	41	0	0	1.0	100.0	1
map00010	rn00010	Glycolysis / gluconeogenesis	iECNA114_1301	Escherichia coli NA114	iECS88_1305	Escherichia coli S88	41	41	41	41	0	0	1.0	100.0	1
map00010	rn00010	Glycolysis / gluconeogenesis	iECNA114_1301	Escherichia coli NA114	iECSE_1348	Escherichia coli SE11	41	41	41	41	0	0	1.0	100.0	1
map00010	rn00010	Glycolysis / gluconeogenesis	iECNA114_1301	Escherichia coli NA114	iECSF_1327	Escherichia coli SE15	41	41	41	41	0	0	1.0	100.0	1
map00010	rn00010	Glycolysis / gluconeogenesis	iECNA114_1301	Escherichia coli NA114	iECSP_1301	Escherichia coli O157:H7 str. TW14359	41	41	41	41	0	0	1.0	100.0	1
map00010	rn00010	Glycolysis / gluconeogenesis	iECNA114_1301	Escherichia coli NA114	iECUMN_1333	Escherichia coli UMN026	41	41	41	41	0	0	1.0	100.0	1
map00010	rn00010	Glycolysis / gluconeogenesis	iECNA114_1301	Escherichia coli NA114	iECW_1372	Escherichia coli W	41	41	41	41	0	0	1.0	100.0	1
map00010	rn00010	Glycolysis / gluconeogenesis	iECNA114_1301	Escherichia coli NA114	iECs_1301	Escherichia coli O157:H7 str. Sakai	41	41	41	41	0	0	1.0	100.0	1
map00010	rn00010	Glycolysis / gluconeogenesis	iECNA114_1301	Escherichia coli NA114	iEKO11_1354	Escherichia coli KO11FL	41	41	41	41	0	0	1.0	100.0	1
map00010	rn00010	Glycolysis / gluconeogenesis	iECNA114_1301	Escherichia coli NA114	iETEC_1333	Escherichia coli ETEC H10407	41	41	41	41	0	0	1.0	100.0	1
map00010	rn00010	Glycolysis / gluconeogenesis	iECNA114_1301	Escherichia coli NA114	iEcDH1_1363	Escherichia coli DH1	41	41	41	41	0	0	1.0	100.0	1
map00010	rn00010	Glycolysis / gluconeogenesis	iECNA114_1301	Escherichia coli NA114	iEcE24377_1341	Escherichia coli O139:H28 str. E24377A	41	41	41	41	0	0	1.0	100.0	1
map00010	rn00010	Glycolysis / gluconeogenesis	iECNA114_1301	Escherichia coli NA114	iEcHS_1320	Escherichia coli HS	41	41	41	41	0	0	1.0	100.0	1
map00010	rn00010	Glycolysis / gluconeogenesis	iECNA114_1301	Escherichia coli NA114	iEcSMS35_1347	Escherichia coli SMS-3-5	41	41	41	41	0	0	1.0	100.0	1
map00010	rn00010	Glycolysis / gluconeogenesis	iECNA114_1301	Escherichia coli NA114	iEcolC_1368	Escherichia coli ATCC 8739	41	41	41	41	0	0	1.0	100.0	1
map00010	rn00010	Glycolysis / gluconeogenesis	iECNA114_1301	Escherichia coli NA114	iG2583_1286	Escherichia coli O55:H7 str. CB9615	41	41	41	41	0	0	1.0	100.0	1
map00010	rn00010	Glycolysis / gluconeogenesis	iECNA114_1301	Escherichia coli NA114	iJO1366	Escherichia coli str. K-12 substr. MG1655	41	40	40	41	1	0	0.9756	97.56	0
map00010	rn00010	Glycolysis / gluconeogenesis	iECNA114_1301	Escherichia coli NA114	iJR904	Escherichia coli str. K-12 substr. MG1655	41	37	37	41	4	0	0.9024	90.24	0
map00010	rn00010	Glycolysis / gluconeogenesis	iECNA114_1301	Escherichia coli NA114	iLF82_1304	Escherichia coli LF82	41	41	41	41	0	0	1.0	100.0	1
map00010	rn00010	Glycolysis / gluconeogenesis	iECNA114_1301	Escherichia coli NA114	iML1515	Escherichia coli str. K-12 substr. MG1655	41	40	40	41	1	0	0.9756	97.56	0
map00010	rn00010	Glycolysis / gluconeogenesis	iECNA114_1301	Escherichia coli NA114	iNRG857_1313	Escherichia coli O83:H1 str. NRG 857C	41	41	41	41	0	0	1.0	100.0	1
map00010	rn00010	Glycolysis / gluconeogenesis	iECNA114_1301	Escherichia coli NA114	iUMN146_1321	Escherichia coli UM146	41	41	41	41	0	0	1.0	100.0	1
map00010	rn00010	Glycolysis / gluconeogenesis	iECNA114_1301	Escherichia coli NA114	iUMNK88_1353	Escherichia coli UMNK88	41	41	41	41	0	0	1.0	100.0	1
map00010	rn00010	Glycolysis / gluconeogenesis	iECNA114_1301	Escherichia coli NA114	iUTI89_1310	Escherichia coli UTI89	41	41	41	41	0	0	1.0	100.0	1
map00010	rn00010	Glycolysis / gluconeogenesis	iECNA114_1301	Escherichia coli NA114	iWFL_1372	Escherichia coli W	41	41	41	41	0	0	1.0	100.0	1
map00010	rn00010	Glycolysis / gluconeogenesis	iECNA114_1301	Escherichia coli NA114	iY75_1357	Escherichia coli str. K-12 substr. W3110	41	41	41	41	0	0	1.0	100.0	1
map00010	rn00010	Glycolysis / gluconeogenesis	iECNA114_1301	Escherichia coli NA114	iZ_1308	Escherichia coli O157:H7 str. EDL933	41	41	41	41	0	0	1.0	100.0	1
map00010	rn00010	Glycolysis / gluconeogenesis	iECNA114_1301	Escherichia coli NA114	ic_1306	Escherichia coli CFT073	41	41	41	41	0	0	1.0	100.0	1
map00010	rn00010	Glycolysis / gluconeogenesis	iECO103_1326	Escherichia coli O103:H2 str. 12009	iECO111_1330	Escherichia coli O111:H- str. 11128	41	41	41	41	0	0	1.0	100.0	1
map00010	rn00010	Glycolysis / gluconeogenesis	iECO103_1326	Escherichia coli O103:H2 str. 12009	iECO26_1355	Escherichia coli O26:H11 str. 11368	41	41	41	41	0	0	1.0	100.0	1
map00010	rn00010	Glycolysis / gluconeogenesis	iECO103_1326	Escherichia coli O103:H2 str. 12009	iECOK1_1307	Escherichia coli IHE3034	41	41	41	41	0	0	1.0	100.0	1
map00010	rn00010	Glycolysis / gluconeogenesis	iECO103_1326	Escherichia coli O103:H2 str. 12009	iECP_1309	Escherichia coli 536	41	41	41	41	0	0	1.0	100.0	1
map00010	rn00010	Glycolysis / gluconeogenesis	iECO103_1326	Escherichia coli O103:H2 str. 12009	iECS88_1305	Escherichia coli S88	41	41	41	41	0	0	1.0	100.0	1
map00010	rn00010	Glycolysis / gluconeogenesis	iECO103_1326	Escherichia coli O103:H2 str. 12009	iECSE_1348	Escherichia coli SE11	41	41	41	41	0	0	1.0	100.0	1
map00010	rn00010	Glycolysis / gluconeogenesis	iECO103_1326	Escherichia coli O103:H2 str. 12009	iECSF_1327	Escherichia coli SE15	41	41	41	41	0	0	1.0	100.0	1
map00010	rn00010	Glycolysis / gluconeogenesis	iECO103_1326	Escherichia coli O103:H2 str. 12009	iECSP_1301	Escherichia coli O157:H7 str. TW14359	41	41	41	41	0	0	1.0	100.0	1
map00010	rn00010	Glycolysis / gluconeogenesis	iECO103_1326	Escherichia coli O103:H2 str. 12009	iECUMN_1333	Escherichia coli UMN026	41	41	41	41	0	0	1.0	100.0	1
map00010	rn00010	Glycolysis / gluconeogenesis	iECO103_1326	Escherichia coli O103:H2 str. 12009	iECW_1372	Escherichia coli W	41	41	41	41	0	0	1.0	100.0	1
map00010	rn00010	Glycolysis / gluconeogenesis	iECO103_1326	Escherichia coli O103:H2 str. 12009	iECs_1301	Escherichia coli O157:H7 str. Sakai	41	41	41	41	0	0	1.0	100.0	1
map00010	rn00010	Glycolysis / gluconeogenesis	iECO103_1326	Escherichia coli O103:H2 str. 12009	iEKO11_1354	Escherichia coli KO11FL	41	41	41	41	0	0	1.0	100.0	1
map00010	rn00010	Glycolysis / gluconeogenesis	iECO103_1326	Escherichia coli O103:H2 str. 12009	iETEC_1333	Escherichia coli ETEC H10407	41	41	41	41	0	0	1.0	100.0	1
map00010	rn00010	Glycolysis / gluconeogenesis	iECO103_1326	Escherichia coli O103:H2 str. 12009	iEcDH1_1363	Escherichia coli DH1	41	41	41	41	0	0	1.0	100.0	1
map00010	rn00010	Glycolysis / gluconeogenesis	iECO103_1326	Escherichia coli O103:H2 str. 12009	iEcE24377_1341	Escherichia coli O139:H28 str. E24377A	41	41	41	41	0	0	1.0	100.0	1
map00010	rn00010	Glycolysis / gluconeogenesis	iECO103_1326	Escherichia coli O103:H2 str. 12009	iEcHS_1320	Escherichia coli HS	41	41	41	41	0	0	1.0	100.0	1
map00010	rn00010	Glycolysis / gluconeogenesis	iECO103_1326	Escherichia coli O103:H2 str. 12009	iEcSMS35_1347	Escherichia coli SMS-3-5	41	41	41	41	0	0	1.0	100.0	1
map00010	rn00010	Glycolysis / gluconeogenesis	iECO103_1326	Escherichia coli O103:H2 str. 12009	iEcolC_1368	Escherichia coli ATCC 8739	41	41	41	41	0	0	1.0	100.0	1
map00010	rn00010	Glycolysis / gluconeogenesis	iECO103_1326	Escherichia coli O103:H2 str. 12009	iG2583_1286	Escherichia coli O55:H7 str. CB9615	41	41	41	41	0	0	1.0	100.0	1
map00010	rn00010	Glycolysis / gluconeogenesis	iECO103_1326	Escherichia coli O103:H2 str. 12009	iJO1366	Escherichia coli str. K-12 substr. MG1655	41	40	40	41	1	0	0.9756	97.56	0
map00010	rn00010	Glycolysis / gluconeogenesis	iECO103_1326	Escherichia coli O103:H2 str. 12009	iJR904	Escherichia coli str. K-12 substr. MG1655	41	37	37	41	4	0	0.9024	90.24	0
map00010	rn00010	Glycolysis / gluconeogenesis	iECO103_1326	Escherichia coli O103:H2 str. 12009	iLF82_1304	Escherichia coli LF82	41	41	41	41	0	0	1.0	100.0	1
map00010	rn00010	Glycolysis / gluconeogenesis	iECO103_1326	Escherichia coli O103:H2 str. 12009	iML1515	Escherichia coli str. K-12 substr. MG1655	41	40	40	41	1	0	0.9756	97.56	0
map00010	rn00010	Glycolysis / gluconeogenesis	iECO103_1326	Escherichia coli O103:H2 str. 12009	iNRG857_1313	Escherichia coli O83:H1 str. NRG 857C	41	41	41	41	0	0	1.0	100.0	1
map00010	rn00010	Glycolysis / gluconeogenesis	iECO103_1326	Escherichia coli O103:H2 str. 12009	iUMN146_1321	Escherichia coli UM146	41	41	41	41	0	0	1.0	100.0	1
map00010	rn00010	Glycolysis / gluconeogenesis	iECO103_1326	Escherichia coli O103:H2 str. 12009	iUMNK88_1353	Escherichia coli UMNK88	41	41	41	41	0	0	1.0	100.0	1
map00010	rn00010	Glycolysis / gluconeogenesis	iECO103_1326	Escherichia coli O103:H2 str. 12009	iUTI89_1310	Escherichia coli UTI89	41	41	41	41	0	0	1.0	100.0	1
map00010	rn00010	Glycolysis / gluconeogenesis	iECO103_1326	Escherichia coli O103:H2 str. 12009	iWFL_1372	Escherichia coli W	41	41	41	41	0	0	1.0	100.0	1
map00010	rn00010	Glycolysis / gluconeogenesis	iECO103_1326	Escherichia coli O103:H2 str. 12009	iY75_1357	Escherichia coli str. K-12 substr. W3110	41	41	41	41	0	0	1.0	100.0	1
map00010	rn00010	Glycolysis / gluconeogenesis	iECO103_1326	Escherichia coli O103:H2 str. 12009	iZ_1308	Escherichia coli O157:H7 str. EDL933	41	41	41	41	0	0	1.0	100.0	1
map00010	rn00010	Glycolysis / gluconeogenesis	iECO103_1326	Escherichia coli O103:H2 str. 12009	ic_1306	Escherichia coli CFT073	41	41	41	41	0	0	1.0	100.0	1
map00010	rn00010	Glycolysis / gluconeogenesis	iECO111_1330	Escherichia coli O111:H- str. 11128	iECO26_1355	Escherichia coli O26:H11 str. 11368	41	41	41	41	0	0	1.0	100.0	1
map00010	rn00010	Glycolysis / gluconeogenesis	iECO111_1330	Escherichia coli O111:H- str. 11128	iECOK1_1307	Escherichia coli IHE3034	41	41	41	41	0	0	1.0	100.0	1
map00010	rn00010	Glycolysis / gluconeogenesis	iECO111_1330	Escherichia coli O111:H- str. 11128	iECP_1309	Escherichia coli 536	41	41	41	41	0	0	1.0	100.0	1
map00010	rn00010	Glycolysis / gluconeogenesis	iECO111_1330	Escherichia coli O111:H- str. 11128	iECS88_1305	Escherichia coli S88	41	41	41	41	0	0	1.0	100.0	1
map00010	rn00010	Glycolysis / gluconeogenesis	iECO111_1330	Escherichia coli O111:H- str. 11128	iECSE_1348	Escherichia coli SE11	41	41	41	41	0	0	1.0	100.0	1
map00010	rn00010	Glycolysis / gluconeogenesis	iECO111_1330	Escherichia coli O111:H- str. 11128	iECSF_1327	Escherichia coli SE15	41	41	41	41	0	0	1.0	100.0	1
map00010	rn00010	Glycolysis / gluconeogenesis	iECO111_1330	Escherichia coli O111:H- str. 11128	iECSP_1301	Escherichia coli O157:H7 str. TW14359	41	41	41	41	0	0	1.0	100.0	1
map00010	rn00010	Glycolysis / gluconeogenesis	iECO111_1330	Escherichia coli O111:H- str. 11128	iECUMN_1333	Escherichia coli UMN026	41	41	41	41	0	0	1.0	100.0	1
map00010	rn00010	Glycolysis / gluconeogenesis	iECO111_1330	Escherichia coli O111:H- str. 11128	iECW_1372	Escherichia coli W	41	41	41	41	0	0	1.0	100.0	1
map00010	rn00010	Glycolysis / gluconeogenesis	iECO111_1330	Escherichia coli O111:H- str. 11128	iECs_1301	Escherichia coli O157:H7 str. Sakai	41	41	41	41	0	0	1.0	100.0	1
map00010	rn00010	Glycolysis / gluconeogenesis	iECO111_1330	Escherichia coli O111:H- str. 11128	iEKO11_1354	Escherichia coli KO11FL	41	41	41	41	0	0	1.0	100.0	1
map00010	rn00010	Glycolysis / gluconeogenesis	iECO111_1330	Escherichia coli O111:H- str. 11128	iETEC_1333	Escherichia coli ETEC H10407	41	41	41	41	0	0	1.0	100.0	1
map00010	rn00010	Glycolysis / gluconeogenesis	iECO111_1330	Escherichia coli O111:H- str. 11128	iEcDH1_1363	Escherichia coli DH1	41	41	41	41	0	0	1.0	100.0	1
map00010	rn00010	Glycolysis / gluconeogenesis	iECO111_1330	Escherichia coli O111:H- str. 11128	iEcE24377_1341	Escherichia coli O139:H28 str. E24377A	41	41	41	41	0	0	1.0	100.0	1
map00010	rn00010	Glycolysis / gluconeogenesis	iECO111_1330	Escherichia coli O111:H- str. 11128	iEcHS_1320	Escherichia coli HS	41	41	41	41	0	0	1.0	100.0	1
map00010	rn00010	Glycolysis / gluconeogenesis	iECO111_1330	Escherichia coli O111:H- str. 11128	iEcSMS35_1347	Escherichia coli SMS-3-5	41	41	41	41	0	0	1.0	100.0	1
map00010	rn00010	Glycolysis / gluconeogenesis	iECO111_1330	Escherichia coli O111:H- str. 11128	iEcolC_1368	Escherichia coli ATCC 8739	41	41	41	41	0	0	1.0	100.0	1
map00010	rn00010	Glycolysis / gluconeogenesis	iECO111_1330	Escherichia coli O111:H- str. 11128	iG2583_1286	Escherichia coli O55:H7 str. CB9615	41	41	41	41	0	0	1.0	100.0	1
map00010	rn00010	Glycolysis / gluconeogenesis	iECO111_1330	Escherichia coli O111:H- str. 11128	iJO1366	Escherichia coli str. K-12 substr. MG1655	41	40	40	41	1	0	0.9756	97.56	0
map00010	rn00010	Glycolysis / gluconeogenesis	iECO111_1330	Escherichia coli O111:H- str. 11128	iJR904	Escherichia coli str. K-12 substr. MG1655	41	37	37	41	4	0	0.9024	90.24	0
map00010	rn00010	Glycolysis / gluconeogenesis	iECO111_1330	Escherichia coli O111:H- str. 11128	iLF82_1304	Escherichia coli LF82	41	41	41	41	0	0	1.0	100.0	1
map00010	rn00010	Glycolysis / gluconeogenesis	iECO111_1330	Escherichia coli O111:H- str. 11128	iML1515	Escherichia coli str. K-12 substr. MG1655	41	40	40	41	1	0	0.9756	97.56	0
map00010	rn00010	Glycolysis / gluconeogenesis	iECO111_1330	Escherichia coli O111:H- str. 11128	iNRG857_1313	Escherichia coli O83:H1 str. NRG 857C	41	41	41	41	0	0	1.0	100.0	1
map00010	rn00010	Glycolysis / gluconeogenesis	iECO111_1330	Escherichia coli O111:H- str. 11128	iUMN146_1321	Escherichia coli UM146	41	41	41	41	0	0	1.0	100.0	1
map00010	rn00010	Glycolysis / gluconeogenesis	iECO111_1330	Escherichia coli O111:H- str. 11128	iUMNK88_1353	Escherichia coli UMNK88	41	41	41	41	0	0	1.0	100.0	1
map00010	rn00010	Glycolysis / gluconeogenesis	iECO111_1330	Escherichia coli O111:H- str. 11128	iUTI89_1310	Escherichia coli UTI89	41	41	41	41	0	0	1.0	100.0	1
map00010	rn00010	Glycolysis / gluconeogenesis	iECO111_1330	Escherichia coli O111:H- str. 11128	iWFL_1372	Escherichia coli W	41	41	41	41	0	0	1.0	100.0	1
map00010	rn00010	Glycolysis / gluconeogenesis	iECO111_1330	Escherichia coli O111:H- str. 11128	iY75_1357	Escherichia coli str. K-12 substr. W3110	41	41	41	41	0	0	1.0	100.0	1
map00010	rn00010	Glycolysis / gluconeogenesis	iECO111_1330	Escherichia coli O111:H- str. 11128	iZ_1308	Escherichia coli O157:H7 str. EDL933	41	41	41	41	0	0	1.0	100.0	1
map00010	rn00010	Glycolysis / gluconeogenesis	iECO111_1330	Escherichia coli O111:H- str. 11128	ic_1306	Escherichia coli CFT073	41	41	41	41	0	0	1.0	100.0	1
map00010	rn00010	Glycolysis / gluconeogenesis	iECO26_1355	Escherichia coli O26:H11 str. 11368	iECOK1_1307	Escherichia coli IHE3034	41	41	41	41	0	0	1.0	100.0	1
map00010	rn00010	Glycolysis / gluconeogenesis	iECO26_1355	Escherichia coli O26:H11 str. 11368	iECP_1309	Escherichia coli 536	41	41	41	41	0	0	1.0	100.0	1
map00010	rn00010	Glycolysis / gluconeogenesis	iECO26_1355	Escherichia coli O26:H11 str. 11368	iECS88_1305	Escherichia coli S88	41	41	41	41	0	0	1.0	100.0	1
map00010	rn00010	Glycolysis / gluconeogenesis	iECO26_1355	Escherichia coli O26:H11 str. 11368	iECSE_1348	Escherichia coli SE11	41	41	41	41	0	0	1.0	100.0	1
map00010	rn00010	Glycolysis / gluconeogenesis	iECO26_1355	Escherichia coli O26:H11 str. 11368	iECSF_1327	Escherichia coli SE15	41	41	41	41	0	0	1.0	100.0	1
map00010	rn00010	Glycolysis / gluconeogenesis	iECO26_1355	Escherichia coli O26:H11 str. 11368	iECSP_1301	Escherichia coli O157:H7 str. TW14359	41	41	41	41	0	0	1.0	100.0	1
map00010	rn00010	Glycolysis / gluconeogenesis	iECO26_1355	Escherichia coli O26:H11 str. 11368	iECUMN_1333	Escherichia coli UMN026	41	41	41	41	0	0	1.0	100.0	1
map00010	rn00010	Glycolysis / gluconeogenesis	iECO26_1355	Escherichia coli O26:H11 str. 11368	iECW_1372	Escherichia coli W	41	41	41	41	0	0	1.0	100.0	1
map00010	rn00010	Glycolysis / gluconeogenesis	iECO26_1355	Escherichia coli O26:H11 str. 11368	iECs_1301	Escherichia coli O157:H7 str. Sakai	41	41	41	41	0	0	1.0	100.0	1
map00010	rn00010	Glycolysis / gluconeogenesis	iECO26_1355	Escherichia coli O26:H11 str. 11368	iEKO11_1354	Escherichia coli KO11FL	41	41	41	41	0	0	1.0	100.0	1
map00010	rn00010	Glycolysis / gluconeogenesis	iECO26_1355	Escherichia coli O26:H11 str. 11368	iETEC_1333	Escherichia coli ETEC H10407	41	41	41	41	0	0	1.0	100.0	1
map00010	rn00010	Glycolysis / gluconeogenesis	iECO26_1355	Escherichia coli O26:H11 str. 11368	iEcDH1_1363	Escherichia coli DH1	41	41	41	41	0	0	1.0	100.0	1
map00010	rn00010	Glycolysis / gluconeogenesis	iECO26_1355	Escherichia coli O26:H11 str. 11368	iEcE24377_1341	Escherichia coli O139:H28 str. E24377A	41	41	41	41	0	0	1.0	100.0	1
map00010	rn00010	Glycolysis / gluconeogenesis	iECO26_1355	Escherichia coli O26:H11 str. 11368	iEcHS_1320	Escherichia coli HS	41	41	41	41	0	0	1.0	100.0	1
map00010	rn00010	Glycolysis / gluconeogenesis	iECO26_1355	Escherichia coli O26:H11 str. 11368	iEcSMS35_1347	Escherichia coli SMS-3-5	41	41	41	41	0	0	1.0	100.0	1
map00010	rn00010	Glycolysis / gluconeogenesis	iECO26_1355	Escherichia coli O26:H11 str. 11368	iEcolC_1368	Escherichia coli ATCC 8739	41	41	41	41	0	0	1.0	100.0	1
map00010	rn00010	Glycolysis / gluconeogenesis	iECO26_1355	Escherichia coli O26:H11 str. 11368	iG2583_1286	Escherichia coli O55:H7 str. CB9615	41	41	41	41	0	0	1.0	100.0	1
map00010	rn00010	Glycolysis / gluconeogenesis	iECO26_1355	Escherichia coli O26:H11 str. 11368	iJO1366	Escherichia coli str. K-12 substr. MG1655	41	40	40	41	1	0	0.9756	97.56	0
map00010	rn00010	Glycolysis / gluconeogenesis	iECO26_1355	Escherichia coli O26:H11 str. 11368	iJR904	Escherichia coli str. K-12 substr. MG1655	41	37	37	41	4	0	0.9024	90.24	0
map00010	rn00010	Glycolysis / gluconeogenesis	iECO26_1355	Escherichia coli O26:H11 str. 11368	iLF82_1304	Escherichia coli LF82	41	41	41	41	0	0	1.0	100.0	1
map00010	rn00010	Glycolysis / gluconeogenesis	iECO26_1355	Escherichia coli O26:H11 str. 11368	iML1515	Escherichia coli str. K-12 substr. MG1655	41	40	40	41	1	0	0.9756	97.56	0
map00010	rn00010	Glycolysis / gluconeogenesis	iECO26_1355	Escherichia coli O26:H11 str. 11368	iNRG857_1313	Escherichia coli O83:H1 str. NRG 857C	41	41	41	41	0	0	1.0	100.0	1
map00010	rn00010	Glycolysis / gluconeogenesis	iECO26_1355	Escherichia coli O26:H11 str. 11368	iUMN146_1321	Escherichia coli UM146	41	41	41	41	0	0	1.0	100.0	1
map00010	rn00010	Glycolysis / gluconeogenesis	iECO26_1355	Escherichia coli O26:H11 str. 11368	iUMNK88_1353	Escherichia coli UMNK88	41	41	41	41	0	0	1.0	100.0	1
map00010	rn00010	Glycolysis / gluconeogenesis	iECO26_1355	Escherichia coli O26:H11 str. 11368	iUTI89_1310	Escherichia coli UTI89	41	41	41	41	0	0	1.0	100.0	1
map00010	rn00010	Glycolysis / gluconeogenesis	iECO26_1355	Escherichia coli O26:H11 str. 11368	iWFL_1372	Escherichia coli W	41	41	41	41	0	0	1.0	100.0	1
map00010	rn00010	Glycolysis / gluconeogenesis	iECO26_1355	Escherichia coli O26:H11 str. 11368	iY75_1357	Escherichia coli str. K-12 substr. W3110	41	41	41	41	0	0	1.0	100.0	1
map00010	rn00010	Glycolysis / gluconeogenesis	iECO26_1355	Escherichia coli O26:H11 str. 11368	iZ_1308	Escherichia coli O157:H7 str. EDL933	41	41	41	41	0	0	1.0	100.0	1
map00010	rn00010	Glycolysis / gluconeogenesis	iECO26_1355	Escherichia coli O26:H11 str. 11368	ic_1306	Escherichia coli CFT073	41	41	41	41	0	0	1.0	100.0	1
map00010	rn00010	Glycolysis / gluconeogenesis	iECOK1_1307	Escherichia coli IHE3034	iECP_1309	Escherichia coli 536	41	41	41	41	0	0	1.0	100.0	1
map00010	rn00010	Glycolysis / gluconeogenesis	iECOK1_1307	Escherichia coli IHE3034	iECS88_1305	Escherichia coli S88	41	41	41	41	0	0	1.0	100.0	1
map00010	rn00010	Glycolysis / gluconeogenesis	iECOK1_1307	Escherichia coli IHE3034	iECSE_1348	Escherichia coli SE11	41	41	41	41	0	0	1.0	100.0	1
map00010	rn00010	Glycolysis / gluconeogenesis	iECOK1_1307	Escherichia coli IHE3034	iECSF_1327	Escherichia coli SE15	41	41	41	41	0	0	1.0	100.0	1
map00010	rn00010	Glycolysis / gluconeogenesis	iECOK1_1307	Escherichia coli IHE3034	iECSP_1301	Escherichia coli O157:H7 str. TW14359	41	41	41	41	0	0	1.0	100.0	1
map00010	rn00010	Glycolysis / gluconeogenesis	iECOK1_1307	Escherichia coli IHE3034	iECUMN_1333	Escherichia coli UMN026	41	41	41	41	0	0	1.0	100.0	1
map00010	rn00010	Glycolysis / gluconeogenesis	iECOK1_1307	Escherichia coli IHE3034	iECW_1372	Escherichia coli W	41	41	41	41	0	0	1.0	100.0	1
map00010	rn00010	Glycolysis / gluconeogenesis	iECOK1_1307	Escherichia coli IHE3034	iECs_1301	Escherichia coli O157:H7 str. Sakai	41	41	41	41	0	0	1.0	100.0	1
map00010	rn00010	Glycolysis / gluconeogenesis	iECOK1_1307	Escherichia coli IHE3034	iEKO11_1354	Escherichia coli KO11FL	41	41	41	41	0	0	1.0	100.0	1
map00010	rn00010	Glycolysis / gluconeogenesis	iECOK1_1307	Escherichia coli IHE3034	iETEC_1333	Escherichia coli ETEC H10407	41	41	41	41	0	0	1.0	100.0	1
map00010	rn00010	Glycolysis / gluconeogenesis	iECOK1_1307	Escherichia coli IHE3034	iEcDH1_1363	Escherichia coli DH1	41	41	41	41	0	0	1.0	100.0	1
map00010	rn00010	Glycolysis / gluconeogenesis	iECOK1_1307	Escherichia coli IHE3034	iEcE24377_1341	Escherichia coli O139:H28 str. E24377A	41	41	41	41	0	0	1.0	100.0	1
map00010	rn00010	Glycolysis / gluconeogenesis	iECOK1_1307	Escherichia coli IHE3034	iEcHS_1320	Escherichia coli HS	41	41	41	41	0	0	1.0	100.0	1
map00010	rn00010	Glycolysis / gluconeogenesis	iECOK1_1307	Escherichia coli IHE3034	iEcSMS35_1347	Escherichia coli SMS-3-5	41	41	41	41	0	0	1.0	100.0	1
map00010	rn00010	Glycolysis / gluconeogenesis	iECOK1_1307	Escherichia coli IHE3034	iEcolC_1368	Escherichia coli ATCC 8739	41	41	41	41	0	0	1.0	100.0	1
map00010	rn00010	Glycolysis / gluconeogenesis	iECOK1_1307	Escherichia coli IHE3034	iG2583_1286	Escherichia coli O55:H7 str. CB9615	41	41	41	41	0	0	1.0	100.0	1
map00010	rn00010	Glycolysis / gluconeogenesis	iECOK1_1307	Escherichia coli IHE3034	iJO1366	Escherichia coli str. K-12 substr. MG1655	41	40	40	41	1	0	0.9756	97.56	0
map00010	rn00010	Glycolysis / gluconeogenesis	iECOK1_1307	Escherichia coli IHE3034	iJR904	Escherichia coli str. K-12 substr. MG1655	41	37	37	41	4	0	0.9024	90.24	0
map00010	rn00010	Glycolysis / gluconeogenesis	iECOK1_1307	Escherichia coli IHE3034	iLF82_1304	Escherichia coli LF82	41	41	41	41	0	0	1.0	100.0	1
map00010	rn00010	Glycolysis / gluconeogenesis	iECOK1_1307	Escherichia coli IHE3034	iML1515	Escherichia coli str. K-12 substr. MG1655	41	40	40	41	1	0	0.9756	97.56	0
map00010	rn00010	Glycolysis / gluconeogenesis	iECOK1_1307	Escherichia coli IHE3034	iNRG857_1313	Escherichia coli O83:H1 str. NRG 857C	41	41	41	41	0	0	1.0	100.0	1
map00010	rn00010	Glycolysis / gluconeogenesis	iECOK1_1307	Escherichia coli IHE3034	iUMN146_1321	Escherichia coli UM146	41	41	41	41	0	0	1.0	100.0	1
map00010	rn00010	Glycolysis / gluconeogenesis	iECOK1_1307	Escherichia coli IHE3034	iUMNK88_1353	Escherichia coli UMNK88	41	41	41	41	0	0	1.0	100.0	1
map00010	rn00010	Glycolysis / gluconeogenesis	iECOK1_1307	Escherichia coli IHE3034	iUTI89_1310	Escherichia coli UTI89	41	41	41	41	0	0	1.0	100.0	1
map00010	rn00010	Glycolysis / gluconeogenesis	iECOK1_1307	Escherichia coli IHE3034	iWFL_1372	Escherichia coli W	41	41	41	41	0	0	1.0	100.0	1
map00010	rn00010	Glycolysis / gluconeogenesis	iECOK1_1307	Escherichia coli IHE3034	iY75_1357	Escherichia coli str. K-12 substr. W3110	41	41	41	41	0	0	1.0	100.0	1
map00010	rn00010	Glycolysis / gluconeogenesis	iECOK1_1307	Escherichia coli IHE3034	iZ_1308	Escherichia coli O157:H7 str. EDL933	41	41	41	41	0	0	1.0	100.0	1
map00010	rn00010	Glycolysis / gluconeogenesis	iECOK1_1307	Escherichia coli IHE3034	ic_1306	Escherichia coli CFT073	41	41	41	41	0	0	1.0	100.0	1
map00010	rn00010	Glycolysis / gluconeogenesis	iECP_1309	Escherichia coli 536	iECS88_1305	Escherichia coli S88	41	41	41	41	0	0	1.0	100.0	1
map00010	rn00010	Glycolysis / gluconeogenesis	iECP_1309	Escherichia coli 536	iECSE_1348	Escherichia coli SE11	41	41	41	41	0	0	1.0	100.0	1
map00010	rn00010	Glycolysis / gluconeogenesis	iECP_1309	Escherichia coli 536	iECSF_1327	Escherichia coli SE15	41	41	41	41	0	0	1.0	100.0	1
map00010	rn00010	Glycolysis / gluconeogenesis	iECP_1309	Escherichia coli 536	iECSP_1301	Escherichia coli O157:H7 str. TW14359	41	41	41	41	0	0	1.0	100.0	1
map00010	rn00010	Glycolysis / gluconeogenesis	iECP_1309	Escherichia coli 536	iECUMN_1333	Escherichia coli UMN026	41	41	41	41	0	0	1.0	100.0	1
map00010	rn00010	Glycolysis / gluconeogenesis	iECP_1309	Escherichia coli 536	iECW_1372	Escherichia coli W	41	41	41	41	0	0	1.0	100.0	1
map00010	rn00010	Glycolysis / gluconeogenesis	iECP_1309	Escherichia coli 536	iECs_1301	Escherichia coli O157:H7 str. Sakai	41	41	41	41	0	0	1.0	100.0	1
map00010	rn00010	Glycolysis / gluconeogenesis	iECP_1309	Escherichia coli 536	iEKO11_1354	Escherichia coli KO11FL	41	41	41	41	0	0	1.0	100.0	1
map00010	rn00010	Glycolysis / gluconeogenesis	iECP_1309	Escherichia coli 536	iETEC_1333	Escherichia coli ETEC H10407	41	41	41	41	0	0	1.0	100.0	1
map00010	rn00010	Glycolysis / gluconeogenesis	iECP_1309	Escherichia coli 536	iEcDH1_1363	Escherichia coli DH1	41	41	41	41	0	0	1.0	100.0	1
map00010	rn00010	Glycolysis / gluconeogenesis	iECP_1309	Escherichia coli 536	iEcE24377_1341	Escherichia coli O139:H28 str. E24377A	41	41	41	41	0	0	1.0	100.0	1
map00010	rn00010	Glycolysis / gluconeogenesis	iECP_1309	Escherichia coli 536	iEcHS_1320	Escherichia coli HS	41	41	41	41	0	0	1.0	100.0	1
map00010	rn00010	Glycolysis / gluconeogenesis	iECP_1309	Escherichia coli 536	iEcSMS35_1347	Escherichia coli SMS-3-5	41	41	41	41	0	0	1.0	100.0	1
map00010	rn00010	Glycolysis / gluconeogenesis	iECP_1309	Escherichia coli 536	iEcolC_1368	Escherichia coli ATCC 8739	41	41	41	41	0	0	1.0	100.0	1
map00010	rn00010	Glycolysis / gluconeogenesis	iECP_1309	Escherichia coli 536	iG2583_1286	Escherichia coli O55:H7 str. CB9615	41	41	41	41	0	0	1.0	100.0	1
map00010	rn00010	Glycolysis / gluconeogenesis	iECP_1309	Escherichia coli 536	iJO1366	Escherichia coli str. K-12 substr. MG1655	41	40	40	41	1	0	0.9756	97.56	0
map00010	rn00010	Glycolysis / gluconeogenesis	iECP_1309	Escherichia coli 536	iJR904	Escherichia coli str. K-12 substr. MG1655	41	37	37	41	4	0	0.9024	90.24	0
map00010	rn00010	Glycolysis / gluconeogenesis	iECP_1309	Escherichia coli 536	iLF82_1304	Escherichia coli LF82	41	41	41	41	0	0	1.0	100.0	1
map00010	rn00010	Glycolysis / gluconeogenesis	iECP_1309	Escherichia coli 536	iML1515	Escherichia coli str. K-12 substr. MG1655	41	40	40	41	1	0	0.9756	97.56	0
map00010	rn00010	Glycolysis / gluconeogenesis	iECP_1309	Escherichia coli 536	iNRG857_1313	Escherichia coli O83:H1 str. NRG 857C	41	41	41	41	0	0	1.0	100.0	1
map00010	rn00010	Glycolysis / gluconeogenesis	iECP_1309	Escherichia coli 536	iUMN146_1321	Escherichia coli UM146	41	41	41	41	0	0	1.0	100.0	1
map00010	rn00010	Glycolysis / gluconeogenesis	iECP_1309	Escherichia coli 536	iUMNK88_1353	Escherichia coli UMNK88	41	41	41	41	0	0	1.0	100.0	1
map00010	rn00010	Glycolysis / gluconeogenesis	iECP_1309	Escherichia coli 536	iUTI89_1310	Escherichia coli UTI89	41	41	41	41	0	0	1.0	100.0	1
map00010	rn00010	Glycolysis / gluconeogenesis	iECP_1309	Escherichia coli 536	iWFL_1372	Escherichia coli W	41	41	41	41	0	0	1.0	100.0	1
map00010	rn00010	Glycolysis / gluconeogenesis	iECP_1309	Escherichia coli 536	iY75_1357	Escherichia coli str. K-12 substr. W3110	41	41	41	41	0	0	1.0	100.0	1
map00010	rn00010	Glycolysis / gluconeogenesis	iECP_1309	Escherichia coli 536	iZ_1308	Escherichia coli O157:H7 str. EDL933	41	41	41	41	0	0	1.0	100.0	1
map00010	rn00010	Glycolysis / gluconeogenesis	iECP_1309	Escherichia coli 536	ic_1306	Escherichia coli CFT073	41	41	41	41	0	0	1.0	100.0	1
map00010	rn00010	Glycolysis / gluconeogenesis	iECS88_1305	Escherichia coli S88	iECSE_1348	Escherichia coli SE11	41	41	41	41	0	0	1.0	100.0	1
map00010	rn00010	Glycolysis / gluconeogenesis	iECS88_1305	Escherichia coli S88	iECSF_1327	Escherichia coli SE15	41	41	41	41	0	0	1.0	100.0	1
map00010	rn00010	Glycolysis / gluconeogenesis	iECS88_1305	Escherichia coli S88	iECSP_1301	Escherichia coli O157:H7 str. TW14359	41	41	41	41	0	0	1.0	100.0	1
map00010	rn00010	Glycolysis / gluconeogenesis	iECS88_1305	Escherichia coli S88	iECUMN_1333	Escherichia coli UMN026	41	41	41	41	0	0	1.0	100.0	1
map00010	rn00010	Glycolysis / gluconeogenesis	iECS88_1305	Escherichia coli S88	iECW_1372	Escherichia coli W	41	41	41	41	0	0	1.0	100.0	1
map00010	rn00010	Glycolysis / gluconeogenesis	iECS88_1305	Escherichia coli S88	iECs_1301	Escherichia coli O157:H7 str. Sakai	41	41	41	41	0	0	1.0	100.0	1
map00010	rn00010	Glycolysis / gluconeogenesis	iECS88_1305	Escherichia coli S88	iEKO11_1354	Escherichia coli KO11FL	41	41	41	41	0	0	1.0	100.0	1
map00010	rn00010	Glycolysis / gluconeogenesis	iECS88_1305	Escherichia coli S88	iETEC_1333	Escherichia coli ETEC H10407	41	41	41	41	0	0	1.0	100.0	1
map00010	rn00010	Glycolysis / gluconeogenesis	iECS88_1305	Escherichia coli S88	iEcDH1_1363	Escherichia coli DH1	41	41	41	41	0	0	1.0	100.0	1
map00010	rn00010	Glycolysis / gluconeogenesis	iECS88_1305	Escherichia coli S88	iEcE24377_1341	Escherichia coli O139:H28 str. E24377A	41	41	41	41	0	0	1.0	100.0	1
map00010	rn00010	Glycolysis / gluconeogenesis	iECS88_1305	Escherichia coli S88	iEcHS_1320	Escherichia coli HS	41	41	41	41	0	0	1.0	100.0	1
map00010	rn00010	Glycolysis / gluconeogenesis	iECS88_1305	Escherichia coli S88	iEcSMS35_1347	Escherichia coli SMS-3-5	41	41	41	41	0	0	1.0	100.0	1
map00010	rn00010	Glycolysis / gluconeogenesis	iECS88_1305	Escherichia coli S88	iEcolC_1368	Escherichia coli ATCC 8739	41	41	41	41	0	0	1.0	100.0	1
map00010	rn00010	Glycolysis / gluconeogenesis	iECS88_1305	Escherichia coli S88	iG2583_1286	Escherichia coli O55:H7 str. CB9615	41	41	41	41	0	0	1.0	100.0	1
map00010	rn00010	Glycolysis / gluconeogenesis	iECS88_1305	Escherichia coli S88	iJO1366	Escherichia coli str. K-12 substr. MG1655	41	40	40	41	1	0	0.9756	97.56	0
map00010	rn00010	Glycolysis / gluconeogenesis	iECS88_1305	Escherichia coli S88	iJR904	Escherichia coli str. K-12 substr. MG1655	41	37	37	41	4	0	0.9024	90.24	0
map00010	rn00010	Glycolysis / gluconeogenesis	iECS88_1305	Escherichia coli S88	iLF82_1304	Escherichia coli LF82	41	41	41	41	0	0	1.0	100.0	1
map00010	rn00010	Glycolysis / gluconeogenesis	iECS88_1305	Escherichia coli S88	iML1515	Escherichia coli str. K-12 substr. MG1655	41	40	40	41	1	0	0.9756	97.56	0
map00010	rn00010	Glycolysis / gluconeogenesis	iECS88_1305	Escherichia coli S88	iNRG857_1313	Escherichia coli O83:H1 str. NRG 857C	41	41	41	41	0	0	1.0	100.0	1
map00010	rn00010	Glycolysis / gluconeogenesis	iECS88_1305	Escherichia coli S88	iUMN146_1321	Escherichia coli UM146	41	41	41	41	0	0	1.0	100.0	1
map00010	rn00010	Glycolysis / gluconeogenesis	iECS88_1305	Escherichia coli S88	iUMNK88_1353	Escherichia coli UMNK88	41	41	41	41	0	0	1.0	100.0	1
map00010	rn00010	Glycolysis / gluconeogenesis	iECS88_1305	Escherichia coli S88	iUTI89_1310	Escherichia coli UTI89	41	41	41	41	0	0	1.0	100.0	1
map00010	rn00010	Glycolysis / gluconeogenesis	iECS88_1305	Escherichia coli S88	iWFL_1372	Escherichia coli W	41	41	41	41	0	0	1.0	100.0	1
map00010	rn00010	Glycolysis / gluconeogenesis	iECS88_1305	Escherichia coli S88	iY75_1357	Escherichia coli str. K-12 substr. W3110	41	41	41	41	0	0	1.0	100.0	1
map00010	rn00010	Glycolysis / gluconeogenesis	iECS88_1305	Escherichia coli S88	iZ_1308	Escherichia coli O157:H7 str. EDL933	41	41	41	41	0	0	1.0	100.0	1
map00010	rn00010	Glycolysis / gluconeogenesis	iECS88_1305	Escherichia coli S88	ic_1306	Escherichia coli CFT073	41	41	41	41	0	0	1.0	100.0	1
map00010	rn00010	Glycolysis / gluconeogenesis	iECSE_1348	Escherichia coli SE11	iECSF_1327	Escherichia coli SE15	41	41	41	41	0	0	1.0	100.0	1
map00010	rn00010	Glycolysis / gluconeogenesis	iECSE_1348	Escherichia coli SE11	iECSP_1301	Escherichia coli O157:H7 str. TW14359	41	41	41	41	0	0	1.0	100.0	1
map00010	rn00010	Glycolysis / gluconeogenesis	iECSE_1348	Escherichia coli SE11	iECUMN_1333	Escherichia coli UMN026	41	41	41	41	0	0	1.0	100.0	1
map00010	rn00010	Glycolysis / gluconeogenesis	iECSE_1348	Escherichia coli SE11	iECW_1372	Escherichia coli W	41	41	41	41	0	0	1.0	100.0	1
map00010	rn00010	Glycolysis / gluconeogenesis	iECSE_1348	Escherichia coli SE11	iECs_1301	Escherichia coli O157:H7 str. Sakai	41	41	41	41	0	0	1.0	100.0	1
map00010	rn00010	Glycolysis / gluconeogenesis	iECSE_1348	Escherichia coli SE11	iEKO11_1354	Escherichia coli KO11FL	41	41	41	41	0	0	1.0	100.0	1
map00010	rn00010	Glycolysis / gluconeogenesis	iECSE_1348	Escherichia coli SE11	iETEC_1333	Escherichia coli ETEC H10407	41	41	41	41	0	0	1.0	100.0	1
map00010	rn00010	Glycolysis / gluconeogenesis	iECSE_1348	Escherichia coli SE11	iEcDH1_1363	Escherichia coli DH1	41	41	41	41	0	0	1.0	100.0	1
map00010	rn00010	Glycolysis / gluconeogenesis	iECSE_1348	Escherichia coli SE11	iEcE24377_1341	Escherichia coli O139:H28 str. E24377A	41	41	41	41	0	0	1.0	100.0	1
map00010	rn00010	Glycolysis / gluconeogenesis	iECSE_1348	Escherichia coli SE11	iEcHS_1320	Escherichia coli HS	41	41	41	41	0	0	1.0	100.0	1
map00010	rn00010	Glycolysis / gluconeogenesis	iECSE_1348	Escherichia coli SE11	iEcSMS35_1347	Escherichia coli SMS-3-5	41	41	41	41	0	0	1.0	100.0	1
map00010	rn00010	Glycolysis / gluconeogenesis	iECSE_1348	Escherichia coli SE11	iEcolC_1368	Escherichia coli ATCC 8739	41	41	41	41	0	0	1.0	100.0	1
map00010	rn00010	Glycolysis / gluconeogenesis	iECSE_1348	Escherichia coli SE11	iG2583_1286	Escherichia coli O55:H7 str. CB9615	41	41	41	41	0	0	1.0	100.0	1
map00010	rn00010	Glycolysis / gluconeogenesis	iECSE_1348	Escherichia coli SE11	iJO1366	Escherichia coli str. K-12 substr. MG1655	41	40	40	41	1	0	0.9756	97.56	0
map00010	rn00010	Glycolysis / gluconeogenesis	iECSE_1348	Escherichia coli SE11	iJR904	Escherichia coli str. K-12 substr. MG1655	41	37	37	41	4	0	0.9024	90.24	0
map00010	rn00010	Glycolysis / gluconeogenesis	iECSE_1348	Escherichia coli SE11	iLF82_1304	Escherichia coli LF82	41	41	41	41	0	0	1.0	100.0	1
map00010	rn00010	Glycolysis / gluconeogenesis	iECSE_1348	Escherichia coli SE11	iML1515	Escherichia coli str. K-12 substr. MG1655	41	40	40	41	1	0	0.9756	97.56	0
map00010	rn00010	Glycolysis / gluconeogenesis	iECSE_1348	Escherichia coli SE11	iNRG857_1313	Escherichia coli O83:H1 str. NRG 857C	41	41	41	41	0	0	1.0	100.0	1
map00010	rn00010	Glycolysis / gluconeogenesis	iECSE_1348	Escherichia coli SE11	iUMN146_1321	Escherichia coli UM146	41	41	41	41	0	0	1.0	100.0	1
map00010	rn00010	Glycolysis / gluconeogenesis	iECSE_1348	Escherichia coli SE11	iUMNK88_1353	Escherichia coli UMNK88	41	41	41	41	0	0	1.0	100.0	1
map00010	rn00010	Glycolysis / gluconeogenesis	iECSE_1348	Escherichia coli SE11	iUTI89_1310	Escherichia coli UTI89	41	41	41	41	0	0	1.0	100.0	1
map00010	rn00010	Glycolysis / gluconeogenesis	iECSE_1348	Escherichia coli SE11	iWFL_1372	Escherichia coli W	41	41	41	41	0	0	1.0	100.0	1
map00010	rn00010	Glycolysis / gluconeogenesis	iECSE_1348	Escherichia coli SE11	iY75_1357	Escherichia coli str. K-12 substr. W3110	41	41	41	41	0	0	1.0	100.0	1
map00010	rn00010	Glycolysis / gluconeogenesis	iECSE_1348	Escherichia coli SE11	iZ_1308	Escherichia coli O157:H7 str. EDL933	41	41	41	41	0	0	1.0	100.0	1
map00010	rn00010	Glycolysis / gluconeogenesis	iECSE_1348	Escherichia coli SE11	ic_1306	Escherichia coli CFT073	41	41	41	41	0	0	1.0	100.0	1
map00010	rn00010	Glycolysis / gluconeogenesis	iECSF_1327	Escherichia coli SE15	iECSP_1301	Escherichia coli O157:H7 str. TW14359	41	41	41	41	0	0	1.0	100.0	1
map00010	rn00010	Glycolysis / gluconeogenesis	iECSF_1327	Escherichia coli SE15	iECUMN_1333	Escherichia coli UMN026	41	41	41	41	0	0	1.0	100.0	1
map00010	rn00010	Glycolysis / gluconeogenesis	iECSF_1327	Escherichia coli SE15	iECW_1372	Escherichia coli W	41	41	41	41	0	0	1.0	100.0	1
map00010	rn00010	Glycolysis / gluconeogenesis	iECSF_1327	Escherichia coli SE15	iECs_1301	Escherichia coli O157:H7 str. Sakai	41	41	41	41	0	0	1.0	100.0	1
map00010	rn00010	Glycolysis / gluconeogenesis	iECSF_1327	Escherichia coli SE15	iEKO11_1354	Escherichia coli KO11FL	41	41	41	41	0	0	1.0	100.0	1
map00010	rn00010	Glycolysis / gluconeogenesis	iECSF_1327	Escherichia coli SE15	iETEC_1333	Escherichia coli ETEC H10407	41	41	41	41	0	0	1.0	100.0	1
map00010	rn00010	Glycolysis / gluconeogenesis	iECSF_1327	Escherichia coli SE15	iEcDH1_1363	Escherichia coli DH1	41	41	41	41	0	0	1.0	100.0	1
map00010	rn00010	Glycolysis / gluconeogenesis	iECSF_1327	Escherichia coli SE15	iEcE24377_1341	Escherichia coli O139:H28 str. E24377A	41	41	41	41	0	0	1.0	100.0	1
map00010	rn00010	Glycolysis / gluconeogenesis	iECSF_1327	Escherichia coli SE15	iEcHS_1320	Escherichia coli HS	41	41	41	41	0	0	1.0	100.0	1
map00010	rn00010	Glycolysis / gluconeogenesis	iECSF_1327	Escherichia coli SE15	iEcSMS35_1347	Escherichia coli SMS-3-5	41	41	41	41	0	0	1.0	100.0	1
map00010	rn00010	Glycolysis / gluconeogenesis	iECSF_1327	Escherichia coli SE15	iEcolC_1368	Escherichia coli ATCC 8739	41	41	41	41	0	0	1.0	100.0	1
map00010	rn00010	Glycolysis / gluconeogenesis	iECSF_1327	Escherichia coli SE15	iG2583_1286	Escherichia coli O55:H7 str. CB9615	41	41	41	41	0	0	1.0	100.0	1
map00010	rn00010	Glycolysis / gluconeogenesis	iECSF_1327	Escherichia coli SE15	iJO1366	Escherichia coli str. K-12 substr. MG1655	41	40	40	41	1	0	0.9756	97.56	0
map00010	rn00010	Glycolysis / gluconeogenesis	iECSF_1327	Escherichia coli SE15	iJR904	Escherichia coli str. K-12 substr. MG1655	41	37	37	41	4	0	0.9024	90.24	0
map00010	rn00010	Glycolysis / gluconeogenesis	iECSF_1327	Escherichia coli SE15	iLF82_1304	Escherichia coli LF82	41	41	41	41	0	0	1.0	100.0	1
map00010	rn00010	Glycolysis / gluconeogenesis	iECSF_1327	Escherichia coli SE15	iML1515	Escherichia coli str. K-12 substr. MG1655	41	40	40	41	1	0	0.9756	97.56	0
map00010	rn00010	Glycolysis / gluconeogenesis	iECSF_1327	Escherichia coli SE15	iNRG857_1313	Escherichia coli O83:H1 str. NRG 857C	41	41	41	41	0	0	1.0	100.0	1
map00010	rn00010	Glycolysis / gluconeogenesis	iECSF_1327	Escherichia coli SE15	iUMN146_1321	Escherichia coli UM146	41	41	41	41	0	0	1.0	100.0	1
map00010	rn00010	Glycolysis / gluconeogenesis	iECSF_1327	Escherichia coli SE15	iUMNK88_1353	Escherichia coli UMNK88	41	41	41	41	0	0	1.0	100.0	1
map00010	rn00010	Glycolysis / gluconeogenesis	iECSF_1327	Escherichia coli SE15	iUTI89_1310	Escherichia coli UTI89	41	41	41	41	0	0	1.0	100.0	1
map00010	rn00010	Glycolysis / gluconeogenesis	iECSF_1327	Escherichia coli SE15	iWFL_1372	Escherichia coli W	41	41	41	41	0	0	1.0	100.0	1
map00010	rn00010	Glycolysis / gluconeogenesis	iECSF_1327	Escherichia coli SE15	iY75_1357	Escherichia coli str. K-12 substr. W3110	41	41	41	41	0	0	1.0	100.0	1
map00010	rn00010	Glycolysis / gluconeogenesis	iECSF_1327	Escherichia coli SE15	iZ_1308	Escherichia coli O157:H7 str. EDL933	41	41	41	41	0	0	1.0	100.0	1
map00010	rn00010	Glycolysis / gluconeogenesis	iECSF_1327	Escherichia coli SE15	ic_1306	Escherichia coli CFT073	41	41	41	41	0	0	1.0	100.0	1
map00010	rn00010	Glycolysis / gluconeogenesis	iECSP_1301	Escherichia coli O157:H7 str. TW14359	iECUMN_1333	Escherichia coli UMN026	41	41	41	41	0	0	1.0	100.0	1
map00010	rn00010	Glycolysis / gluconeogenesis	iECSP_1301	Escherichia coli O157:H7 str. TW14359	iECW_1372	Escherichia coli W	41	41	41	41	0	0	1.0	100.0	1
map00010	rn00010	Glycolysis / gluconeogenesis	iECSP_1301	Escherichia coli O157:H7 str. TW14359	iECs_1301	Escherichia coli O157:H7 str. Sakai	41	41	41	41	0	0	1.0	100.0	1
map00010	rn00010	Glycolysis / gluconeogenesis	iECSP_1301	Escherichia coli O157:H7 str. TW14359	iEKO11_1354	Escherichia coli KO11FL	41	41	41	41	0	0	1.0	100.0	1
map00010	rn00010	Glycolysis / gluconeogenesis	iECSP_1301	Escherichia coli O157:H7 str. TW14359	iETEC_1333	Escherichia coli ETEC H10407	41	41	41	41	0	0	1.0	100.0	1
map00010	rn00010	Glycolysis / gluconeogenesis	iECSP_1301	Escherichia coli O157:H7 str. TW14359	iEcDH1_1363	Escherichia coli DH1	41	41	41	41	0	0	1.0	100.0	1
map00010	rn00010	Glycolysis / gluconeogenesis	iECSP_1301	Escherichia coli O157:H7 str. TW14359	iEcE24377_1341	Escherichia coli O139:H28 str. E24377A	41	41	41	41	0	0	1.0	100.0	1
map00010	rn00010	Glycolysis / gluconeogenesis	iECSP_1301	Escherichia coli O157:H7 str. TW14359	iEcHS_1320	Escherichia coli HS	41	41	41	41	0	0	1.0	100.0	1
map00010	rn00010	Glycolysis / gluconeogenesis	iECSP_1301	Escherichia coli O157:H7 str. TW14359	iEcSMS35_1347	Escherichia coli SMS-3-5	41	41	41	41	0	0	1.0	100.0	1
map00010	rn00010	Glycolysis / gluconeogenesis	iECSP_1301	Escherichia coli O157:H7 str. TW14359	iEcolC_1368	Escherichia coli ATCC 8739	41	41	41	41	0	0	1.0	100.0	1
map00010	rn00010	Glycolysis / gluconeogenesis	iECSP_1301	Escherichia coli O157:H7 str. TW14359	iG2583_1286	Escherichia coli O55:H7 str. CB9615	41	41	41	41	0	0	1.0	100.0	1
map00010	rn00010	Glycolysis / gluconeogenesis	iECSP_1301	Escherichia coli O157:H7 str. TW14359	iJO1366	Escherichia coli str. K-12 substr. MG1655	41	40	40	41	1	0	0.9756	97.56	0
map00010	rn00010	Glycolysis / gluconeogenesis	iECSP_1301	Escherichia coli O157:H7 str. TW14359	iJR904	Escherichia coli str. K-12 substr. MG1655	41	37	37	41	4	0	0.9024	90.24	0
map00010	rn00010	Glycolysis / gluconeogenesis	iECSP_1301	Escherichia coli O157:H7 str. TW14359	iLF82_1304	Escherichia coli LF82	41	41	41	41	0	0	1.0	100.0	1
map00010	rn00010	Glycolysis / gluconeogenesis	iECSP_1301	Escherichia coli O157:H7 str. TW14359	iML1515	Escherichia coli str. K-12 substr. MG1655	41	40	40	41	1	0	0.9756	97.56	0
map00010	rn00010	Glycolysis / gluconeogenesis	iECSP_1301	Escherichia coli O157:H7 str. TW14359	iNRG857_1313	Escherichia coli O83:H1 str. NRG 857C	41	41	41	41	0	0	1.0	100.0	1
map00010	rn00010	Glycolysis / gluconeogenesis	iECSP_1301	Escherichia coli O157:H7 str. TW14359	iUMN146_1321	Escherichia coli UM146	41	41	41	41	0	0	1.0	100.0	1
map00010	rn00010	Glycolysis / gluconeogenesis	iECSP_1301	Escherichia coli O157:H7 str. TW14359	iUMNK88_1353	Escherichia coli UMNK88	41	41	41	41	0	0	1.0	100.0	1
map00010	rn00010	Glycolysis / gluconeogenesis	iECSP_1301	Escherichia coli O157:H7 str. TW14359	iUTI89_1310	Escherichia coli UTI89	41	41	41	41	0	0	1.0	100.0	1
map00010	rn00010	Glycolysis / gluconeogenesis	iECSP_1301	Escherichia coli O157:H7 str. TW14359	iWFL_1372	Escherichia coli W	41	41	41	41	0	0	1.0	100.0	1
map00010	rn00010	Glycolysis / gluconeogenesis	iECSP_1301	Escherichia coli O157:H7 str. TW14359	iY75_1357	Escherichia coli str. K-12 substr. W3110	41	41	41	41	0	0	1.0	100.0	1
map00010	rn00010	Glycolysis / gluconeogenesis	iECSP_1301	Escherichia coli O157:H7 str. TW14359	iZ_1308	Escherichia coli O157:H7 str. EDL933	41	41	41	41	0	0	1.0	100.0	1
map00010	rn00010	Glycolysis / gluconeogenesis	iECSP_1301	Escherichia coli O157:H7 str. TW14359	ic_1306	Escherichia coli CFT073	41	41	41	41	0	0	1.0	100.0	1
map00010	rn00010	Glycolysis / gluconeogenesis	iECUMN_1333	Escherichia coli UMN026	iECW_1372	Escherichia coli W	41	41	41	41	0	0	1.0	100.0	1
map00010	rn00010	Glycolysis / gluconeogenesis	iECUMN_1333	Escherichia coli UMN026	iECs_1301	Escherichia coli O157:H7 str. Sakai	41	41	41	41	0	0	1.0	100.0	1
map00010	rn00010	Glycolysis / gluconeogenesis	iECUMN_1333	Escherichia coli UMN026	iEKO11_1354	Escherichia coli KO11FL	41	41	41	41	0	0	1.0	100.0	1
map00010	rn00010	Glycolysis / gluconeogenesis	iECUMN_1333	Escherichia coli UMN026	iETEC_1333	Escherichia coli ETEC H10407	41	41	41	41	0	0	1.0	100.0	1
map00010	rn00010	Glycolysis / gluconeogenesis	iECUMN_1333	Escherichia coli UMN026	iEcDH1_1363	Escherichia coli DH1	41	41	41	41	0	0	1.0	100.0	1
map00010	rn00010	Glycolysis / gluconeogenesis	iECUMN_1333	Escherichia coli UMN026	iEcE24377_1341	Escherichia coli O139:H28 str. E24377A	41	41	41	41	0	0	1.0	100.0	1
map00010	rn00010	Glycolysis / gluconeogenesis	iECUMN_1333	Escherichia coli UMN026	iEcHS_1320	Escherichia coli HS	41	41	41	41	0	0	1.0	100.0	1
map00010	rn00010	Glycolysis / gluconeogenesis	iECUMN_1333	Escherichia coli UMN026	iEcSMS35_1347	Escherichia coli SMS-3-5	41	41	41	41	0	0	1.0	100.0	1
map00010	rn00010	Glycolysis / gluconeogenesis	iECUMN_1333	Escherichia coli UMN026	iEcolC_1368	Escherichia coli ATCC 8739	41	41	41	41	0	0	1.0	100.0	1
map00010	rn00010	Glycolysis / gluconeogenesis	iECUMN_1333	Escherichia coli UMN026	iG2583_1286	Escherichia coli O55:H7 str. CB9615	41	41	41	41	0	0	1.0	100.0	1
map00010	rn00010	Glycolysis / gluconeogenesis	iECUMN_1333	Escherichia coli UMN026	iJO1366	Escherichia coli str. K-12 substr. MG1655	41	40	40	41	1	0	0.9756	97.56	0
map00010	rn00010	Glycolysis / gluconeogenesis	iECUMN_1333	Escherichia coli UMN026	iJR904	Escherichia coli str. K-12 substr. MG1655	41	37	37	41	4	0	0.9024	90.24	0
map00010	rn00010	Glycolysis / gluconeogenesis	iECUMN_1333	Escherichia coli UMN026	iLF82_1304	Escherichia coli LF82	41	41	41	41	0	0	1.0	100.0	1
map00010	rn00010	Glycolysis / gluconeogenesis	iECUMN_1333	Escherichia coli UMN026	iML1515	Escherichia coli str. K-12 substr. MG1655	41	40	40	41	1	0	0.9756	97.56	0
map00010	rn00010	Glycolysis / gluconeogenesis	iECUMN_1333	Escherichia coli UMN026	iNRG857_1313	Escherichia coli O83:H1 str. NRG 857C	41	41	41	41	0	0	1.0	100.0	1
map00010	rn00010	Glycolysis / gluconeogenesis	iECUMN_1333	Escherichia coli UMN026	iUMN146_1321	Escherichia coli UM146	41	41	41	41	0	0	1.0	100.0	1
map00010	rn00010	Glycolysis / gluconeogenesis	iECUMN_1333	Escherichia coli UMN026	iUMNK88_1353	Escherichia coli UMNK88	41	41	41	41	0	0	1.0	100.0	1
map00010	rn00010	Glycolysis / gluconeogenesis	iECUMN_1333	Escherichia coli UMN026	iUTI89_1310	Escherichia coli UTI89	41	41	41	41	0	0	1.0	100.0	1
map00010	rn00010	Glycolysis / gluconeogenesis	iECUMN_1333	Escherichia coli UMN026	iWFL_1372	Escherichia coli W	41	41	41	41	0	0	1.0	100.0	1
map00010	rn00010	Glycolysis / gluconeogenesis	iECUMN_1333	Escherichia coli UMN026	iY75_1357	Escherichia coli str. K-12 substr. W3110	41	41	41	41	0	0	1.0	100.0	1
map00010	rn00010	Glycolysis / gluconeogenesis	iECUMN_1333	Escherichia coli UMN026	iZ_1308	Escherichia coli O157:H7 str. EDL933	41	41	41	41	0	0	1.0	100.0	1
map00010	rn00010	Glycolysis / gluconeogenesis	iECUMN_1333	Escherichia coli UMN026	ic_1306	Escherichia coli CFT073	41	41	41	41	0	0	1.0	100.0	1
map00010	rn00010	Glycolysis / gluconeogenesis	iECW_1372	Escherichia coli W	iECs_1301	Escherichia coli O157:H7 str. Sakai	41	41	41	41	0	0	1.0	100.0	1
map00010	rn00010	Glycolysis / gluconeogenesis	iECW_1372	Escherichia coli W	iEKO11_1354	Escherichia coli KO11FL	41	41	41	41	0	0	1.0	100.0	1
map00010	rn00010	Glycolysis / gluconeogenesis	iECW_1372	Escherichia coli W	iETEC_1333	Escherichia coli ETEC H10407	41	41	41	41	0	0	1.0	100.0	1
map00010	rn00010	Glycolysis / gluconeogenesis	iECW_1372	Escherichia coli W	iEcDH1_1363	Escherichia coli DH1	41	41	41	41	0	0	1.0	100.0	1
map00010	rn00010	Glycolysis / gluconeogenesis	iECW_1372	Escherichia coli W	iEcE24377_1341	Escherichia coli O139:H28 str. E24377A	41	41	41	41	0	0	1.0	100.0	1
map00010	rn00010	Glycolysis / gluconeogenesis	iECW_1372	Escherichia coli W	iEcHS_1320	Escherichia coli HS	41	41	41	41	0	0	1.0	100.0	1
map00010	rn00010	Glycolysis / gluconeogenesis	iECW_1372	Escherichia coli W	iEcSMS35_1347	Escherichia coli SMS-3-5	41	41	41	41	0	0	1.0	100.0	1
map00010	rn00010	Glycolysis / gluconeogenesis	iECW_1372	Escherichia coli W	iEcolC_1368	Escherichia coli ATCC 8739	41	41	41	41	0	0	1.0	100.0	1
map00010	rn00010	Glycolysis / gluconeogenesis	iECW_1372	Escherichia coli W	iG2583_1286	Escherichia coli O55:H7 str. CB9615	41	41	41	41	0	0	1.0	100.0	1
map00010	rn00010	Glycolysis / gluconeogenesis	iECW_1372	Escherichia coli W	iJO1366	Escherichia coli str. K-12 substr. MG1655	41	40	40	41	1	0	0.9756	97.56	0
map00010	rn00010	Glycolysis / gluconeogenesis	iECW_1372	Escherichia coli W	iJR904	Escherichia coli str. K-12 substr. MG1655	41	37	37	41	4	0	0.9024	90.24	0
map00010	rn00010	Glycolysis / gluconeogenesis	iECW_1372	Escherichia coli W	iLF82_1304	Escherichia coli LF82	41	41	41	41	0	0	1.0	100.0	1
map00010	rn00010	Glycolysis / gluconeogenesis	iECW_1372	Escherichia coli W	iML1515	Escherichia coli str. K-12 substr. MG1655	41	40	40	41	1	0	0.9756	97.56	0
map00010	rn00010	Glycolysis / gluconeogenesis	iECW_1372	Escherichia coli W	iNRG857_1313	Escherichia coli O83:H1 str. NRG 857C	41	41	41	41	0	0	1.0	100.0	1
map00010	rn00010	Glycolysis / gluconeogenesis	iECW_1372	Escherichia coli W	iUMN146_1321	Escherichia coli UM146	41	41	41	41	0	0	1.0	100.0	1
map00010	rn00010	Glycolysis / gluconeogenesis	iECW_1372	Escherichia coli W	iUMNK88_1353	Escherichia coli UMNK88	41	41	41	41	0	0	1.0	100.0	1
map00010	rn00010	Glycolysis / gluconeogenesis	iECW_1372	Escherichia coli W	iUTI89_1310	Escherichia coli UTI89	41	41	41	41	0	0	1.0	100.0	1
map00010	rn00010	Glycolysis / gluconeogenesis	iECW_1372	Escherichia coli W	iWFL_1372	Escherichia coli W	41	41	41	41	0	0	1.0	100.0	1
map00010	rn00010	Glycolysis / gluconeogenesis	iECW_1372	Escherichia coli W	iY75_1357	Escherichia coli str. K-12 substr. W3110	41	41	41	41	0	0	1.0	100.0	1
map00010	rn00010	Glycolysis / gluconeogenesis	iECW_1372	Escherichia coli W	iZ_1308	Escherichia coli O157:H7 str. EDL933	41	41	41	41	0	0	1.0	100.0	1
map00010	rn00010	Glycolysis / gluconeogenesis	iECW_1372	Escherichia coli W	ic_1306	Escherichia coli CFT073	41	41	41	41	0	0	1.0	100.0	1
map00010	rn00010	Glycolysis / gluconeogenesis	iECs_1301	Escherichia coli O157:H7 str. Sakai	iEKO11_1354	Escherichia coli KO11FL	41	41	41	41	0	0	1.0	100.0	1
map00010	rn00010	Glycolysis / gluconeogenesis	iECs_1301	Escherichia coli O157:H7 str. Sakai	iETEC_1333	Escherichia coli ETEC H10407	41	41	41	41	0	0	1.0	100.0	1
map00010	rn00010	Glycolysis / gluconeogenesis	iECs_1301	Escherichia coli O157:H7 str. Sakai	iEcDH1_1363	Escherichia coli DH1	41	41	41	41	0	0	1.0	100.0	1
map00010	rn00010	Glycolysis / gluconeogenesis	iECs_1301	Escherichia coli O157:H7 str. Sakai	iEcE24377_1341	Escherichia coli O139:H28 str. E24377A	41	41	41	41	0	0	1.0	100.0	1
map00010	rn00010	Glycolysis / gluconeogenesis	iECs_1301	Escherichia coli O157:H7 str. Sakai	iEcHS_1320	Escherichia coli HS	41	41	41	41	0	0	1.0	100.0	1
map00010	rn00010	Glycolysis / gluconeogenesis	iECs_1301	Escherichia coli O157:H7 str. Sakai	iEcSMS35_1347	Escherichia coli SMS-3-5	41	41	41	41	0	0	1.0	100.0	1
map00010	rn00010	Glycolysis / gluconeogenesis	iECs_1301	Escherichia coli O157:H7 str. Sakai	iEcolC_1368	Escherichia coli ATCC 8739	41	41	41	41	0	0	1.0	100.0	1
map00010	rn00010	Glycolysis / gluconeogenesis	iECs_1301	Escherichia coli O157:H7 str. Sakai	iG2583_1286	Escherichia coli O55:H7 str. CB9615	41	41	41	41	0	0	1.0	100.0	1
map00010	rn00010	Glycolysis / gluconeogenesis	iECs_1301	Escherichia coli O157:H7 str. Sakai	iJO1366	Escherichia coli str. K-12 substr. MG1655	41	40	40	41	1	0	0.9756	97.56	0
map00010	rn00010	Glycolysis / gluconeogenesis	iECs_1301	Escherichia coli O157:H7 str. Sakai	iJR904	Escherichia coli str. K-12 substr. MG1655	41	37	37	41	4	0	0.9024	90.24	0
map00010	rn00010	Glycolysis / gluconeogenesis	iECs_1301	Escherichia coli O157:H7 str. Sakai	iLF82_1304	Escherichia coli LF82	41	41	41	41	0	0	1.0	100.0	1
map00010	rn00010	Glycolysis / gluconeogenesis	iECs_1301	Escherichia coli O157:H7 str. Sakai	iML1515	Escherichia coli str. K-12 substr. MG1655	41	40	40	41	1	0	0.9756	97.56	0
map00010	rn00010	Glycolysis / gluconeogenesis	iECs_1301	Escherichia coli O157:H7 str. Sakai	iNRG857_1313	Escherichia coli O83:H1 str. NRG 857C	41	41	41	41	0	0	1.0	100.0	1
map00010	rn00010	Glycolysis / gluconeogenesis	iECs_1301	Escherichia coli O157:H7 str. Sakai	iUMN146_1321	Escherichia coli UM146	41	41	41	41	0	0	1.0	100.0	1
map00010	rn00010	Glycolysis / gluconeogenesis	iECs_1301	Escherichia coli O157:H7 str. Sakai	iUMNK88_1353	Escherichia coli UMNK88	41	41	41	41	0	0	1.0	100.0	1
map00010	rn00010	Glycolysis / gluconeogenesis	iECs_1301	Escherichia coli O157:H7 str. Sakai	iUTI89_1310	Escherichia coli UTI89	41	41	41	41	0	0	1.0	100.0	1
map00010	rn00010	Glycolysis / gluconeogenesis	iECs_1301	Escherichia coli O157:H7 str. Sakai	iWFL_1372	Escherichia coli W	41	41	41	41	0	0	1.0	100.0	1
map00010	rn00010	Glycolysis / gluconeogenesis	iECs_1301	Escherichia coli O157:H7 str. Sakai	iY75_1357	Escherichia coli str. K-12 substr. W3110	41	41	41	41	0	0	1.0	100.0	1
map00010	rn00010	Glycolysis / gluconeogenesis	iECs_1301	Escherichia coli O157:H7 str. Sakai	iZ_1308	Escherichia coli O157:H7 str. EDL933	41	41	41	41	0	0	1.0	100.0	1
map00010	rn00010	Glycolysis / gluconeogenesis	iECs_1301	Escherichia coli O157:H7 str. Sakai	ic_1306	Escherichia coli CFT073	41	41	41	41	0	0	1.0	100.0	1
map00010	rn00010	Glycolysis / gluconeogenesis	iEKO11_1354	Escherichia coli KO11FL	iETEC_1333	Escherichia coli ETEC H10407	41	41	41	41	0	0	1.0	100.0	1
map00010	rn00010	Glycolysis / gluconeogenesis	iEKO11_1354	Escherichia coli KO11FL	iEcDH1_1363	Escherichia coli DH1	41	41	41	41	0	0	1.0	100.0	1
map00010	rn00010	Glycolysis / gluconeogenesis	iEKO11_1354	Escherichia coli KO11FL	iEcE24377_1341	Escherichia coli O139:H28 str. E24377A	41	41	41	41	0	0	1.0	100.0	1
map00010	rn00010	Glycolysis / gluconeogenesis	iEKO11_1354	Escherichia coli KO11FL	iEcHS_1320	Escherichia coli HS	41	41	41	41	0	0	1.0	100.0	1
map00010	rn00010	Glycolysis / gluconeogenesis	iEKO11_1354	Escherichia coli KO11FL	iEcSMS35_1347	Escherichia coli SMS-3-5	41	41	41	41	0	0	1.0	100.0	1
map00010	rn00010	Glycolysis / gluconeogenesis	iEKO11_1354	Escherichia coli KO11FL	iEcolC_1368	Escherichia coli ATCC 8739	41	41	41	41	0	0	1.0	100.0	1
map00010	rn00010	Glycolysis / gluconeogenesis	iEKO11_1354	Escherichia coli KO11FL	iG2583_1286	Escherichia coli O55:H7 str. CB9615	41	41	41	41	0	0	1.0	100.0	1
map00010	rn00010	Glycolysis / gluconeogenesis	iEKO11_1354	Escherichia coli KO11FL	iJO1366	Escherichia coli str. K-12 substr. MG1655	41	40	40	41	1	0	0.9756	97.56	0
map00010	rn00010	Glycolysis / gluconeogenesis	iEKO11_1354	Escherichia coli KO11FL	iJR904	Escherichia coli str. K-12 substr. MG1655	41	37	37	41	4	0	0.9024	90.24	0
map00010	rn00010	Glycolysis / gluconeogenesis	iEKO11_1354	Escherichia coli KO11FL	iLF82_1304	Escherichia coli LF82	41	41	41	41	0	0	1.0	100.0	1
map00010	rn00010	Glycolysis / gluconeogenesis	iEKO11_1354	Escherichia coli KO11FL	iML1515	Escherichia coli str. K-12 substr. MG1655	41	40	40	41	1	0	0.9756	97.56	0
map00010	rn00010	Glycolysis / gluconeogenesis	iEKO11_1354	Escherichia coli KO11FL	iNRG857_1313	Escherichia coli O83:H1 str. NRG 857C	41	41	41	41	0	0	1.0	100.0	1
map00010	rn00010	Glycolysis / gluconeogenesis	iEKO11_1354	Escherichia coli KO11FL	iUMN146_1321	Escherichia coli UM146	41	41	41	41	0	0	1.0	100.0	1
map00010	rn00010	Glycolysis / gluconeogenesis	iEKO11_1354	Escherichia coli KO11FL	iUMNK88_1353	Escherichia coli UMNK88	41	41	41	41	0	0	1.0	100.0	1
map00010	rn00010	Glycolysis / gluconeogenesis	iEKO11_1354	Escherichia coli KO11FL	iUTI89_1310	Escherichia coli UTI89	41	41	41	41	0	0	1.0	100.0	1
map00010	rn00010	Glycolysis / gluconeogenesis	iEKO11_1354	Escherichia coli KO11FL	iWFL_1372	Escherichia coli W	41	41	41	41	0	0	1.0	100.0	1
map00010	rn00010	Glycolysis / gluconeogenesis	iEKO11_1354	Escherichia coli KO11FL	iY75_1357	Escherichia coli str. K-12 substr. W3110	41	41	41	41	0	0	1.0	100.0	1
map00010	rn00010	Glycolysis / gluconeogenesis	iEKO11_1354	Escherichia coli KO11FL	iZ_1308	Escherichia coli O157:H7 str. EDL933	41	41	41	41	0	0	1.0	100.0	1
map00010	rn00010	Glycolysis / gluconeogenesis	iEKO11_1354	Escherichia coli KO11FL	ic_1306	Escherichia coli CFT073	41	41	41	41	0	0	1.0	100.0	1
map00010	rn00010	Glycolysis / gluconeogenesis	iETEC_1333	Escherichia coli ETEC H10407	iEcDH1_1363	Escherichia coli DH1	41	41	41	41	0	0	1.0	100.0	1
map00010	rn00010	Glycolysis / gluconeogenesis	iETEC_1333	Escherichia coli ETEC H10407	iEcE24377_1341	Escherichia coli O139:H28 str. E24377A	41	41	41	41	0	0	1.0	100.0	1
map00010	rn00010	Glycolysis / gluconeogenesis	iETEC_1333	Escherichia coli ETEC H10407	iEcHS_1320	Escherichia coli HS	41	41	41	41	0	0	1.0	100.0	1
map00010	rn00010	Glycolysis / gluconeogenesis	iETEC_1333	Escherichia coli ETEC H10407	iEcSMS35_1347	Escherichia coli SMS-3-5	41	41	41	41	0	0	1.0	100.0	1
map00010	rn00010	Glycolysis / gluconeogenesis	iETEC_1333	Escherichia coli ETEC H10407	iEcolC_1368	Escherichia coli ATCC 8739	41	41	41	41	0	0	1.0	100.0	1
map00010	rn00010	Glycolysis / gluconeogenesis	iETEC_1333	Escherichia coli ETEC H10407	iG2583_1286	Escherichia coli O55:H7 str. CB9615	41	41	41	41	0	0	1.0	100.0	1
map00010	rn00010	Glycolysis / gluconeogenesis	iETEC_1333	Escherichia coli ETEC H10407	iJO1366	Escherichia coli str. K-12 substr. MG1655	41	40	40	41	1	0	0.9756	97.56	0
map00010	rn00010	Glycolysis / gluconeogenesis	iETEC_1333	Escherichia coli ETEC H10407	iJR904	Escherichia coli str. K-12 substr. MG1655	41	37	37	41	4	0	0.9024	90.24	0
map00010	rn00010	Glycolysis / gluconeogenesis	iETEC_1333	Escherichia coli ETEC H10407	iLF82_1304	Escherichia coli LF82	41	41	41	41	0	0	1.0	100.0	1
map00010	rn00010	Glycolysis / gluconeogenesis	iETEC_1333	Escherichia coli ETEC H10407	iML1515	Escherichia coli str. K-12 substr. MG1655	41	40	40	41	1	0	0.9756	97.56	0
map00010	rn00010	Glycolysis / gluconeogenesis	iETEC_1333	Escherichia coli ETEC H10407	iNRG857_1313	Escherichia coli O83:H1 str. NRG 857C	41	41	41	41	0	0	1.0	100.0	1
map00010	rn00010	Glycolysis / gluconeogenesis	iETEC_1333	Escherichia coli ETEC H10407	iUMN146_1321	Escherichia coli UM146	41	41	41	41	0	0	1.0	100.0	1
map00010	rn00010	Glycolysis / gluconeogenesis	iETEC_1333	Escherichia coli ETEC H10407	iUMNK88_1353	Escherichia coli UMNK88	41	41	41	41	0	0	1.0	100.0	1
map00010	rn00010	Glycolysis / gluconeogenesis	iETEC_1333	Escherichia coli ETEC H10407	iUTI89_1310	Escherichia coli UTI89	41	41	41	41	0	0	1.0	100.0	1
map00010	rn00010	Glycolysis / gluconeogenesis	iETEC_1333	Escherichia coli ETEC H10407	iWFL_1372	Escherichia coli W	41	41	41	41	0	0	1.0	100.0	1
map00010	rn00010	Glycolysis / gluconeogenesis	iETEC_1333	Escherichia coli ETEC H10407	iY75_1357	Escherichia coli str. K-12 substr. W3110	41	41	41	41	0	0	1.0	100.0	1
map00010	rn00010	Glycolysis / gluconeogenesis	iETEC_1333	Escherichia coli ETEC H10407	iZ_1308	Escherichia coli O157:H7 str. EDL933	41	41	41	41	0	0	1.0	100.0	1
map00010	rn00010	Glycolysis / gluconeogenesis	iETEC_1333	Escherichia coli ETEC H10407	ic_1306	Escherichia coli CFT073	41	41	41	41	0	0	1.0	100.0	1
map00010	rn00010	Glycolysis / gluconeogenesis	iEcDH1_1363	Escherichia coli DH1	iEcE24377_1341	Escherichia coli O139:H28 str. E24377A	41	41	41	41	0	0	1.0	100.0	1
map00010	rn00010	Glycolysis / gluconeogenesis	iEcDH1_1363	Escherichia coli DH1	iEcHS_1320	Escherichia coli HS	41	41	41	41	0	0	1.0	100.0	1
map00010	rn00010	Glycolysis / gluconeogenesis	iEcDH1_1363	Escherichia coli DH1	iEcSMS35_1347	Escherichia coli SMS-3-5	41	41	41	41	0	0	1.0	100.0	1
map00010	rn00010	Glycolysis / gluconeogenesis	iEcDH1_1363	Escherichia coli DH1	iEcolC_1368	Escherichia coli ATCC 8739	41	41	41	41	0	0	1.0	100.0	1
map00010	rn00010	Glycolysis / gluconeogenesis	iEcDH1_1363	Escherichia coli DH1	iG2583_1286	Escherichia coli O55:H7 str. CB9615	41	41	41	41	0	0	1.0	100.0	1
map00010	rn00010	Glycolysis / gluconeogenesis	iEcDH1_1363	Escherichia coli DH1	iJO1366	Escherichia coli str. K-12 substr. MG1655	41	40	40	41	1	0	0.9756	97.56	0
map00010	rn00010	Glycolysis / gluconeogenesis	iEcDH1_1363	Escherichia coli DH1	iJR904	Escherichia coli str. K-12 substr. MG1655	41	37	37	41	4	0	0.9024	90.24	0
map00010	rn00010	Glycolysis / gluconeogenesis	iEcDH1_1363	Escherichia coli DH1	iLF82_1304	Escherichia coli LF82	41	41	41	41	0	0	1.0	100.0	1
map00010	rn00010	Glycolysis / gluconeogenesis	iEcDH1_1363	Escherichia coli DH1	iML1515	Escherichia coli str. K-12 substr. MG1655	41	40	40	41	1	0	0.9756	97.56	0
map00010	rn00010	Glycolysis / gluconeogenesis	iEcDH1_1363	Escherichia coli DH1	iNRG857_1313	Escherichia coli O83:H1 str. NRG 857C	41	41	41	41	0	0	1.0	100.0	1
map00010	rn00010	Glycolysis / gluconeogenesis	iEcDH1_1363	Escherichia coli DH1	iUMN146_1321	Escherichia coli UM146	41	41	41	41	0	0	1.0	100.0	1
map00010	rn00010	Glycolysis / gluconeogenesis	iEcDH1_1363	Escherichia coli DH1	iUMNK88_1353	Escherichia coli UMNK88	41	41	41	41	0	0	1.0	100.0	1
map00010	rn00010	Glycolysis / gluconeogenesis	iEcDH1_1363	Escherichia coli DH1	iUTI89_1310	Escherichia coli UTI89	41	41	41	41	0	0	1.0	100.0	1
map00010	rn00010	Glycolysis / gluconeogenesis	iEcDH1_1363	Escherichia coli DH1	iWFL_1372	Escherichia coli W	41	41	41	41	0	0	1.0	100.0	1
map00010	rn00010	Glycolysis / gluconeogenesis	iEcDH1_1363	Escherichia coli DH1	iY75_1357	Escherichia coli str. K-12 substr. W3110	41	41	41	41	0	0	1.0	100.0	1
map00010	rn00010	Glycolysis / gluconeogenesis	iEcDH1_1363	Escherichia coli DH1	iZ_1308	Escherichia coli O157:H7 str. EDL933	41	41	41	41	0	0	1.0	100.0	1
map00010	rn00010	Glycolysis / gluconeogenesis	iEcDH1_1363	Escherichia coli DH1	ic_1306	Escherichia coli CFT073	41	41	41	41	0	0	1.0	100.0	1
map00010	rn00010	Glycolysis / gluconeogenesis	iEcE24377_1341	Escherichia coli O139:H28 str. E24377A	iEcHS_1320	Escherichia coli HS	41	41	41	41	0	0	1.0	100.0	1
map00010	rn00010	Glycolysis / gluconeogenesis	iEcE24377_1341	Escherichia coli O139:H28 str. E24377A	iEcSMS35_1347	Escherichia coli SMS-3-5	41	41	41	41	0	0	1.0	100.0	1
map00010	rn00010	Glycolysis / gluconeogenesis	iEcE24377_1341	Escherichia coli O139:H28 str. E24377A	iEcolC_1368	Escherichia coli ATCC 8739	41	41	41	41	0	0	1.0	100.0	1
map00010	rn00010	Glycolysis / gluconeogenesis	iEcE24377_1341	Escherichia coli O139:H28 str. E24377A	iG2583_1286	Escherichia coli O55:H7 str. CB9615	41	41	41	41	0	0	1.0	100.0	1
map00010	rn00010	Glycolysis / gluconeogenesis	iEcE24377_1341	Escherichia coli O139:H28 str. E24377A	iJO1366	Escherichia coli str. K-12 substr. MG1655	41	40	40	41	1	0	0.9756	97.56	0
map00010	rn00010	Glycolysis / gluconeogenesis	iEcE24377_1341	Escherichia coli O139:H28 str. E24377A	iJR904	Escherichia coli str. K-12 substr. MG1655	41	37	37	41	4	0	0.9024	90.24	0
map00010	rn00010	Glycolysis / gluconeogenesis	iEcE24377_1341	Escherichia coli O139:H28 str. E24377A	iLF82_1304	Escherichia coli LF82	41	41	41	41	0	0	1.0	100.0	1
map00010	rn00010	Glycolysis / gluconeogenesis	iEcE24377_1341	Escherichia coli O139:H28 str. E24377A	iML1515	Escherichia coli str. K-12 substr. MG1655	41	40	40	41	1	0	0.9756	97.56	0
map00010	rn00010	Glycolysis / gluconeogenesis	iEcE24377_1341	Escherichia coli O139:H28 str. E24377A	iNRG857_1313	Escherichia coli O83:H1 str. NRG 857C	41	41	41	41	0	0	1.0	100.0	1
map00010	rn00010	Glycolysis / gluconeogenesis	iEcE24377_1341	Escherichia coli O139:H28 str. E24377A	iUMN146_1321	Escherichia coli UM146	41	41	41	41	0	0	1.0	100.0	1
map00010	rn00010	Glycolysis / gluconeogenesis	iEcE24377_1341	Escherichia coli O139:H28 str. E24377A	iUMNK88_1353	Escherichia coli UMNK88	41	41	41	41	0	0	1.0	100.0	1
map00010	rn00010	Glycolysis / gluconeogenesis	iEcE24377_1341	Escherichia coli O139:H28 str. E24377A	iUTI89_1310	Escherichia coli UTI89	41	41	41	41	0	0	1.0	100.0	1
map00010	rn00010	Glycolysis / gluconeogenesis	iEcE24377_1341	Escherichia coli O139:H28 str. E24377A	iWFL_1372	Escherichia coli W	41	41	41	41	0	0	1.0	100.0	1
map00010	rn00010	Glycolysis / gluconeogenesis	iEcE24377_1341	Escherichia coli O139:H28 str. E24377A	iY75_1357	Escherichia coli str. K-12 substr. W3110	41	41	41	41	0	0	1.0	100.0	1
map00010	rn00010	Glycolysis / gluconeogenesis	iEcE24377_1341	Escherichia coli O139:H28 str. E24377A	iZ_1308	Escherichia coli O157:H7 str. EDL933	41	41	41	41	0	0	1.0	100.0	1
map00010	rn00010	Glycolysis / gluconeogenesis	iEcE24377_1341	Escherichia coli O139:H28 str. E24377A	ic_1306	Escherichia coli CFT073	41	41	41	41	0	0	1.0	100.0	1
map00010	rn00010	Glycolysis / gluconeogenesis	iEcHS_1320	Escherichia coli HS	iEcSMS35_1347	Escherichia coli SMS-3-5	41	41	41	41	0	0	1.0	100.0	1
map00010	rn00010	Glycolysis / gluconeogenesis	iEcHS_1320	Escherichia coli HS	iEcolC_1368	Escherichia coli ATCC 8739	41	41	41	41	0	0	1.0	100.0	1
map00010	rn00010	Glycolysis / gluconeogenesis	iEcHS_1320	Escherichia coli HS	iG2583_1286	Escherichia coli O55:H7 str. CB9615	41	41	41	41	0	0	1.0	100.0	1
map00010	rn00010	Glycolysis / gluconeogenesis	iEcHS_1320	Escherichia coli HS	iJO1366	Escherichia coli str. K-12 substr. MG1655	41	40	40	41	1	0	0.9756	97.56	0
map00010	rn00010	Glycolysis / gluconeogenesis	iEcHS_1320	Escherichia coli HS	iJR904	Escherichia coli str. K-12 substr. MG1655	41	37	37	41	4	0	0.9024	90.24	0
map00010	rn00010	Glycolysis / gluconeogenesis	iEcHS_1320	Escherichia coli HS	iLF82_1304	Escherichia coli LF82	41	41	41	41	0	0	1.0	100.0	1
map00010	rn00010	Glycolysis / gluconeogenesis	iEcHS_1320	Escherichia coli HS	iML1515	Escherichia coli str. K-12 substr. MG1655	41	40	40	41	1	0	0.9756	97.56	0
map00010	rn00010	Glycolysis / gluconeogenesis	iEcHS_1320	Escherichia coli HS	iNRG857_1313	Escherichia coli O83:H1 str. NRG 857C	41	41	41	41	0	0	1.0	100.0	1
map00010	rn00010	Glycolysis / gluconeogenesis	iEcHS_1320	Escherichia coli HS	iUMN146_1321	Escherichia coli UM146	41	41	41	41	0	0	1.0	100.0	1
map00010	rn00010	Glycolysis / gluconeogenesis	iEcHS_1320	Escherichia coli HS	iUMNK88_1353	Escherichia coli UMNK88	41	41	41	41	0	0	1.0	100.0	1
map00010	rn00010	Glycolysis / gluconeogenesis	iEcHS_1320	Escherichia coli HS	iUTI89_1310	Escherichia coli UTI89	41	41	41	41	0	0	1.0	100.0	1
map00010	rn00010	Glycolysis / gluconeogenesis	iEcHS_1320	Escherichia coli HS	iWFL_1372	Escherichia coli W	41	41	41	41	0	0	1.0	100.0	1
map00010	rn00010	Glycolysis / gluconeogenesis	iEcHS_1320	Escherichia coli HS	iY75_1357	Escherichia coli str. K-12 substr. W3110	41	41	41	41	0	0	1.0	100.0	1
map00010	rn00010	Glycolysis / gluconeogenesis	iEcHS_1320	Escherichia coli HS	iZ_1308	Escherichia coli O157:H7 str. EDL933	41	41	41	41	0	0	1.0	100.0	1
map00010	rn00010	Glycolysis / gluconeogenesis	iEcHS_1320	Escherichia coli HS	ic_1306	Escherichia coli CFT073	41	41	41	41	0	0	1.0	100.0	1
map00010	rn00010	Glycolysis / gluconeogenesis	iEcSMS35_1347	Escherichia coli SMS-3-5	iEcolC_1368	Escherichia coli ATCC 8739	41	41	41	41	0	0	1.0	100.0	1
map00010	rn00010	Glycolysis / gluconeogenesis	iEcSMS35_1347	Escherichia coli SMS-3-5	iG2583_1286	Escherichia coli O55:H7 str. CB9615	41	41	41	41	0	0	1.0	100.0	1
map00010	rn00010	Glycolysis / gluconeogenesis	iEcSMS35_1347	Escherichia coli SMS-3-5	iJO1366	Escherichia coli str. K-12 substr. MG1655	41	40	40	41	1	0	0.9756	97.56	0
map00010	rn00010	Glycolysis / gluconeogenesis	iEcSMS35_1347	Escherichia coli SMS-3-5	iJR904	Escherichia coli str. K-12 substr. MG1655	41	37	37	41	4	0	0.9024	90.24	0
map00010	rn00010	Glycolysis / gluconeogenesis	iEcSMS35_1347	Escherichia coli SMS-3-5	iLF82_1304	Escherichia coli LF82	41	41	41	41	0	0	1.0	100.0	1
map00010	rn00010	Glycolysis / gluconeogenesis	iEcSMS35_1347	Escherichia coli SMS-3-5	iML1515	Escherichia coli str. K-12 substr. MG1655	41	40	40	41	1	0	0.9756	97.56	0
map00010	rn00010	Glycolysis / gluconeogenesis	iEcSMS35_1347	Escherichia coli SMS-3-5	iNRG857_1313	Escherichia coli O83:H1 str. NRG 857C	41	41	41	41	0	0	1.0	100.0	1
map00010	rn00010	Glycolysis / gluconeogenesis	iEcSMS35_1347	Escherichia coli SMS-3-5	iUMN146_1321	Escherichia coli UM146	41	41	41	41	0	0	1.0	100.0	1
map00010	rn00010	Glycolysis / gluconeogenesis	iEcSMS35_1347	Escherichia coli SMS-3-5	iUMNK88_1353	Escherichia coli UMNK88	41	41	41	41	0	0	1.0	100.0	1
map00010	rn00010	Glycolysis / gluconeogenesis	iEcSMS35_1347	Escherichia coli SMS-3-5	iUTI89_1310	Escherichia coli UTI89	41	41	41	41	0	0	1.0	100.0	1
map00010	rn00010	Glycolysis / gluconeogenesis	iEcSMS35_1347	Escherichia coli SMS-3-5	iWFL_1372	Escherichia coli W	41	41	41	41	0	0	1.0	100.0	1
map00010	rn00010	Glycolysis / gluconeogenesis	iEcSMS35_1347	Escherichia coli SMS-3-5	iY75_1357	Escherichia coli str. K-12 substr. W3110	41	41	41	41	0	0	1.0	100.0	1
map00010	rn00010	Glycolysis / gluconeogenesis	iEcSMS35_1347	Escherichia coli SMS-3-5	iZ_1308	Escherichia coli O157:H7 str. EDL933	41	41	41	41	0	0	1.0	100.0	1
map00010	rn00010	Glycolysis / gluconeogenesis	iEcSMS35_1347	Escherichia coli SMS-3-5	ic_1306	Escherichia coli CFT073	41	41	41	41	0	0	1.0	100.0	1
map00010	rn00010	Glycolysis / gluconeogenesis	iEcolC_1368	Escherichia coli ATCC 8739	iG2583_1286	Escherichia coli O55:H7 str. CB9615	41	41	41	41	0	0	1.0	100.0	1
map00010	rn00010	Glycolysis / gluconeogenesis	iEcolC_1368	Escherichia coli ATCC 8739	iJO1366	Escherichia coli str. K-12 substr. MG1655	41	40	40	41	1	0	0.9756	97.56	0
map00010	rn00010	Glycolysis / gluconeogenesis	iEcolC_1368	Escherichia coli ATCC 8739	iJR904	Escherichia coli str. K-12 substr. MG1655	41	37	37	41	4	0	0.9024	90.24	0
map00010	rn00010	Glycolysis / gluconeogenesis	iEcolC_1368	Escherichia coli ATCC 8739	iLF82_1304	Escherichia coli LF82	41	41	41	41	0	0	1.0	100.0	1
map00010	rn00010	Glycolysis / gluconeogenesis	iEcolC_1368	Escherichia coli ATCC 8739	iML1515	Escherichia coli str. K-12 substr. MG1655	41	40	40	41	1	0	0.9756	97.56	0
map00010	rn00010	Glycolysis / gluconeogenesis	iEcolC_1368	Escherichia coli ATCC 8739	iNRG857_1313	Escherichia coli O83:H1 str. NRG 857C	41	41	41	41	0	0	1.0	100.0	1
map00010	rn00010	Glycolysis / gluconeogenesis	iEcolC_1368	Escherichia coli ATCC 8739	iUMN146_1321	Escherichia coli UM146	41	41	41	41	0	0	1.0	100.0	1
map00010	rn00010	Glycolysis / gluconeogenesis	iEcolC_1368	Escherichia coli ATCC 8739	iUMNK88_1353	Escherichia coli UMNK88	41	41	41	41	0	0	1.0	100.0	1
map00010	rn00010	Glycolysis / gluconeogenesis	iEcolC_1368	Escherichia coli ATCC 8739	iUTI89_1310	Escherichia coli UTI89	41	41	41	41	0	0	1.0	100.0	1
map00010	rn00010	Glycolysis / gluconeogenesis	iEcolC_1368	Escherichia coli ATCC 8739	iWFL_1372	Escherichia coli W	41	41	41	41	0	0	1.0	100.0	1
map00010	rn00010	Glycolysis / gluconeogenesis	iEcolC_1368	Escherichia coli ATCC 8739	iY75_1357	Escherichia coli str. K-12 substr. W3110	41	41	41	41	0	0	1.0	100.0	1
map00010	rn00010	Glycolysis / gluconeogenesis	iEcolC_1368	Escherichia coli ATCC 8739	iZ_1308	Escherichia coli O157:H7 str. EDL933	41	41	41	41	0	0	1.0	100.0	1
map00010	rn00010	Glycolysis / gluconeogenesis	iEcolC_1368	Escherichia coli ATCC 8739	ic_1306	Escherichia coli CFT073	41	41	41	41	0	0	1.0	100.0	1
map00010	rn00010	Glycolysis / gluconeogenesis	iG2583_1286	Escherichia coli O55:H7 str. CB9615	iJO1366	Escherichia coli str. K-12 substr. MG1655	41	40	40	41	1	0	0.9756	97.56	0
map00010	rn00010	Glycolysis / gluconeogenesis	iG2583_1286	Escherichia coli O55:H7 str. CB9615	iJR904	Escherichia coli str. K-12 substr. MG1655	41	37	37	41	4	0	0.9024	90.24	0
map00010	rn00010	Glycolysis / gluconeogenesis	iG2583_1286	Escherichia coli O55:H7 str. CB9615	iLF82_1304	Escherichia coli LF82	41	41	41	41	0	0	1.0	100.0	1
map00010	rn00010	Glycolysis / gluconeogenesis	iG2583_1286	Escherichia coli O55:H7 str. CB9615	iML1515	Escherichia coli str. K-12 substr. MG1655	41	40	40	41	1	0	0.9756	97.56	0
map00010	rn00010	Glycolysis / gluconeogenesis	iG2583_1286	Escherichia coli O55:H7 str. CB9615	iNRG857_1313	Escherichia coli O83:H1 str. NRG 857C	41	41	41	41	0	0	1.0	100.0	1
map00010	rn00010	Glycolysis / gluconeogenesis	iG2583_1286	Escherichia coli O55:H7 str. CB9615	iUMN146_1321	Escherichia coli UM146	41	41	41	41	0	0	1.0	100.0	1
map00010	rn00010	Glycolysis / gluconeogenesis	iG2583_1286	Escherichia coli O55:H7 str. CB9615	iUMNK88_1353	Escherichia coli UMNK88	41	41	41	41	0	0	1.0	100.0	1
map00010	rn00010	Glycolysis / gluconeogenesis	iG2583_1286	Escherichia coli O55:H7 str. CB9615	iUTI89_1310	Escherichia coli UTI89	41	41	41	41	0	0	1.0	100.0	1
map00010	rn00010	Glycolysis / gluconeogenesis	iG2583_1286	Escherichia coli O55:H7 str. CB9615	iWFL_1372	Escherichia coli W	41	41	41	41	0	0	1.0	100.0	1
map00010	rn00010	Glycolysis / gluconeogenesis	iG2583_1286	Escherichia coli O55:H7 str. CB9615	iY75_1357	Escherichia coli str. K-12 substr. W3110	41	41	41	41	0	0	1.0	100.0	1
map00010	rn00010	Glycolysis / gluconeogenesis	iG2583_1286	Escherichia coli O55:H7 str. CB9615	iZ_1308	Escherichia coli O157:H7 str. EDL933	41	41	41	41	0	0	1.0	100.0	1
map00010	rn00010	Glycolysis / gluconeogenesis	iG2583_1286	Escherichia coli O55:H7 str. CB9615	ic_1306	Escherichia coli CFT073	41	41	41	41	0	0	1.0	100.0	1
map00010	rn00010	Glycolysis / gluconeogenesis	iJO1366	Escherichia coli str. K-12 substr. MG1655	iJR904	Escherichia coli str. K-12 substr. MG1655	40	37	37	40	3	0	0.925	92.5	0
map00010	rn00010	Glycolysis / gluconeogenesis	iJO1366	Escherichia coli str. K-12 substr. MG1655	iLF82_1304	Escherichia coli LF82	40	41	40	41	0	1	0.9756	97.56	0
map00010	rn00010	Glycolysis / gluconeogenesis	iJO1366	Escherichia coli str. K-12 substr. MG1655	iML1515	Escherichia coli str. K-12 substr. MG1655	40	40	40	40	0	0	1.0	100.0	1
map00010	rn00010	Glycolysis / gluconeogenesis	iJO1366	Escherichia coli str. K-12 substr. MG1655	iNRG857_1313	Escherichia coli O83:H1 str. NRG 857C	40	41	40	41	0	1	0.9756	97.56	0
map00010	rn00010	Glycolysis / gluconeogenesis	iJO1366	Escherichia coli str. K-12 substr. MG1655	iUMN146_1321	Escherichia coli UM146	40	41	40	41	0	1	0.9756	97.56	0
map00010	rn00010	Glycolysis / gluconeogenesis	iJO1366	Escherichia coli str. K-12 substr. MG1655	iUMNK88_1353	Escherichia coli UMNK88	40	41	40	41	0	1	0.9756	97.56	0
map00010	rn00010	Glycolysis / gluconeogenesis	iJO1366	Escherichia coli str. K-12 substr. MG1655	iUTI89_1310	Escherichia coli UTI89	40	41	40	41	0	1	0.9756	97.56	0
map00010	rn00010	Glycolysis / gluconeogenesis	iJO1366	Escherichia coli str. K-12 substr. MG1655	iWFL_1372	Escherichia coli W	40	41	40	41	0	1	0.9756	97.56	0
map00010	rn00010	Glycolysis / gluconeogenesis	iJO1366	Escherichia coli str. K-12 substr. MG1655	iY75_1357	Escherichia coli str. K-12 substr. W3110	40	41	40	41	0	1	0.9756	97.56	0
map00010	rn00010	Glycolysis / gluconeogenesis	iJO1366	Escherichia coli str. K-12 substr. MG1655	iZ_1308	Escherichia coli O157:H7 str. EDL933	40	41	40	41	0	1	0.9756	97.56	0
map00010	rn00010	Glycolysis / gluconeogenesis	iJO1366	Escherichia coli str. K-12 substr. MG1655	ic_1306	Escherichia coli CFT073	40	41	40	41	0	1	0.9756	97.56	0
map00010	rn00010	Glycolysis / gluconeogenesis	iJR904	Escherichia coli str. K-12 substr. MG1655	iLF82_1304	Escherichia coli LF82	37	41	37	41	0	4	0.9024	90.24	0
map00010	rn00010	Glycolysis / gluconeogenesis	iJR904	Escherichia coli str. K-12 substr. MG1655	iML1515	Escherichia coli str. K-12 substr. MG1655	37	40	37	40	0	3	0.925	92.5	0
map00010	rn00010	Glycolysis / gluconeogenesis	iJR904	Escherichia coli str. K-12 substr. MG1655	iNRG857_1313	Escherichia coli O83:H1 str. NRG 857C	37	41	37	41	0	4	0.9024	90.24	0
map00010	rn00010	Glycolysis / gluconeogenesis	iJR904	Escherichia coli str. K-12 substr. MG1655	iUMN146_1321	Escherichia coli UM146	37	41	37	41	0	4	0.9024	90.24	0
map00010	rn00010	Glycolysis / gluconeogenesis	iJR904	Escherichia coli str. K-12 substr. MG1655	iUMNK88_1353	Escherichia coli UMNK88	37	41	37	41	0	4	0.9024	90.24	0
map00010	rn00010	Glycolysis / gluconeogenesis	iJR904	Escherichia coli str. K-12 substr. MG1655	iUTI89_1310	Escherichia coli UTI89	37	41	37	41	0	4	0.9024	90.24	0
map00010	rn00010	Glycolysis / gluconeogenesis	iJR904	Escherichia coli str. K-12 substr. MG1655	iWFL_1372	Escherichia coli W	37	41	37	41	0	4	0.9024	90.24	0
map00010	rn00010	Glycolysis / gluconeogenesis	iJR904	Escherichia coli str. K-12 substr. MG1655	iY75_1357	Escherichia coli str. K-12 substr. W3110	37	41	37	41	0	4	0.9024	90.24	0
map00010	rn00010	Glycolysis / gluconeogenesis	iJR904	Escherichia coli str. K-12 substr. MG1655	iZ_1308	Escherichia coli O157:H7 str. EDL933	37	41	37	41	0	4	0.9024	90.24	0
map00010	rn00010	Glycolysis / gluconeogenesis	iJR904	Escherichia coli str. K-12 substr. MG1655	ic_1306	Escherichia coli CFT073	37	41	37	41	0	4	0.9024	90.24	0
map00010	rn00010	Glycolysis / gluconeogenesis	iLF82_1304	Escherichia coli LF82	iML1515	Escherichia coli str. K-12 substr. MG1655	41	40	40	41	1	0	0.9756	97.56	0
map00010	rn00010	Glycolysis / gluconeogenesis	iLF82_1304	Escherichia coli LF82	iNRG857_1313	Escherichia coli O83:H1 str. NRG 857C	41	41	41	41	0	0	1.0	100.0	1
map00010	rn00010	Glycolysis / gluconeogenesis	iLF82_1304	Escherichia coli LF82	iUMN146_1321	Escherichia coli UM146	41	41	41	41	0	0	1.0	100.0	1
map00010	rn00010	Glycolysis / gluconeogenesis	iLF82_1304	Escherichia coli LF82	iUMNK88_1353	Escherichia coli UMNK88	41	41	41	41	0	0	1.0	100.0	1
map00010	rn00010	Glycolysis / gluconeogenesis	iLF82_1304	Escherichia coli LF82	iUTI89_1310	Escherichia coli UTI89	41	41	41	41	0	0	1.0	100.0	1
map00010	rn00010	Glycolysis / gluconeogenesis	iLF82_1304	Escherichia coli LF82	iWFL_1372	Escherichia coli W	41	41	41	41	0	0	1.0	100.0	1
map00010	rn00010	Glycolysis / gluconeogenesis	iLF82_1304	Escherichia coli LF82	iY75_1357	Escherichia coli str. K-12 substr. W3110	41	41	41	41	0	0	1.0	100.0	1
map00010	rn00010	Glycolysis / gluconeogenesis	iLF82_1304	Escherichia coli LF82	iZ_1308	Escherichia coli O157:H7 str. EDL933	41	41	41	41	0	0	1.0	100.0	1
map00010	rn00010	Glycolysis / gluconeogenesis	iLF82_1304	Escherichia coli LF82	ic_1306	Escherichia coli CFT073	41	41	41	41	0	0	1.0	100.0	1
map00010	rn00010	Glycolysis / gluconeogenesis	iML1515	Escherichia coli str. K-12 substr. MG1655	iNRG857_1313	Escherichia coli O83:H1 str. NRG 857C	40	41	40	41	0	1	0.9756	97.56	0
map00010	rn00010	Glycolysis / gluconeogenesis	iML1515	Escherichia coli str. K-12 substr. MG1655	iUMN146_1321	Escherichia coli UM146	40	41	40	41	0	1	0.9756	97.56	0
map00010	rn00010	Glycolysis / gluconeogenesis	iML1515	Escherichia coli str. K-12 substr. MG1655	iUMNK88_1353	Escherichia coli UMNK88	40	41	40	41	0	1	0.9756	97.56	0
map00010	rn00010	Glycolysis / gluconeogenesis	iML1515	Escherichia coli str. K-12 substr. MG1655	iUTI89_1310	Escherichia coli UTI89	40	41	40	41	0	1	0.9756	97.56	0
map00010	rn00010	Glycolysis / gluconeogenesis	iML1515	Escherichia coli str. K-12 substr. MG1655	iWFL_1372	Escherichia coli W	40	41	40	41	0	1	0.9756	97.56	0
map00010	rn00010	Glycolysis / gluconeogenesis	iML1515	Escherichia coli str. K-12 substr. MG1655	iY75_1357	Escherichia coli str. K-12 substr. W3110	40	41	40	41	0	1	0.9756	97.56	0
map00010	rn00010	Glycolysis / gluconeogenesis	iML1515	Escherichia coli str. K-12 substr. MG1655	iZ_1308	Escherichia coli O157:H7 str. EDL933	40	41	40	41	0	1	0.9756	97.56	0
map00010	rn00010	Glycolysis / gluconeogenesis	iML1515	Escherichia coli str. K-12 substr. MG1655	ic_1306	Escherichia coli CFT073	40	41	40	41	0	1	0.9756	97.56	0
map00010	rn00010	Glycolysis / gluconeogenesis	iNRG857_1313	Escherichia coli O83:H1 str. NRG 857C	iUMN146_1321	Escherichia coli UM146	41	41	41	41	0	0	1.0	100.0	1
map00010	rn00010	Glycolysis / gluconeogenesis	iNRG857_1313	Escherichia coli O83:H1 str. NRG 857C	iUMNK88_1353	Escherichia coli UMNK88	41	41	41	41	0	0	1.0	100.0	1
map00010	rn00010	Glycolysis / gluconeogenesis	iNRG857_1313	Escherichia coli O83:H1 str. NRG 857C	iUTI89_1310	Escherichia coli UTI89	41	41	41	41	0	0	1.0	100.0	1
map00010	rn00010	Glycolysis / gluconeogenesis	iNRG857_1313	Escherichia coli O83:H1 str. NRG 857C	iWFL_1372	Escherichia coli W	41	41	41	41	0	0	1.0	100.0	1
map00010	rn00010	Glycolysis / gluconeogenesis	iNRG857_1313	Escherichia coli O83:H1 str. NRG 857C	iY75_1357	Escherichia coli str. K-12 substr. W3110	41	41	41	41	0	0	1.0	100.0	1
map00010	rn00010	Glycolysis / gluconeogenesis	iNRG857_1313	Escherichia coli O83:H1 str. NRG 857C	iZ_1308	Escherichia coli O157:H7 str. EDL933	41	41	41	41	0	0	1.0	100.0	1
map00010	rn00010	Glycolysis / gluconeogenesis	iNRG857_1313	Escherichia coli O83:H1 str. NRG 857C	ic_1306	Escherichia coli CFT073	41	41	41	41	0	0	1.0	100.0	1
map00010	rn00010	Glycolysis / gluconeogenesis	iUMN146_1321	Escherichia coli UM146	iUMNK88_1353	Escherichia coli UMNK88	41	41	41	41	0	0	1.0	100.0	1
map00010	rn00010	Glycolysis / gluconeogenesis	iUMN146_1321	Escherichia coli UM146	iUTI89_1310	Escherichia coli UTI89	41	41	41	41	0	0	1.0	100.0	1
map00010	rn00010	Glycolysis / gluconeogenesis	iUMN146_1321	Escherichia coli UM146	iWFL_1372	Escherichia coli W	41	41	41	41	0	0	1.0	100.0	1
map00010	rn00010	Glycolysis / gluconeogenesis	iUMN146_1321	Escherichia coli UM146	iY75_1357	Escherichia coli str. K-12 substr. W3110	41	41	41	41	0	0	1.0	100.0	1
map00010	rn00010	Glycolysis / gluconeogenesis	iUMN146_1321	Escherichia coli UM146	iZ_1308	Escherichia coli O157:H7 str. EDL933	41	41	41	41	0	0	1.0	100.0	1
map00010	rn00010	Glycolysis / gluconeogenesis	iUMN146_1321	Escherichia coli UM146	ic_1306	Escherichia coli CFT073	41	41	41	41	0	0	1.0	100.0	1
map00010	rn00010	Glycolysis / gluconeogenesis	iUMNK88_1353	Escherichia coli UMNK88	iUTI89_1310	Escherichia coli UTI89	41	41	41	41	0	0	1.0	100.0	1
map00010	rn00010	Glycolysis / gluconeogenesis	iUMNK88_1353	Escherichia coli UMNK88	iWFL_1372	Escherichia coli W	41	41	41	41	0	0	1.0	100.0	1
map00010	rn00010	Glycolysis / gluconeogenesis	iUMNK88_1353	Escherichia coli UMNK88	iY75_1357	Escherichia coli str. K-12 substr. W3110	41	41	41	41	0	0	1.0	100.0	1
map00010	rn00010	Glycolysis / gluconeogenesis	iUMNK88_1353	Escherichia coli UMNK88	iZ_1308	Escherichia coli O157:H7 str. EDL933	41	41	41	41	0	0	1.0	100.0	1
map00010	rn00010	Glycolysis / gluconeogenesis	iUMNK88_1353	Escherichia coli UMNK88	ic_1306	Escherichia coli CFT073	41	41	41	41	0	0	1.0	100.0	1
map00010	rn00010	Glycolysis / gluconeogenesis	iUTI89_1310	Escherichia coli UTI89	iWFL_1372	Escherichia coli W	41	41	41	41	0	0	1.0	100.0	1
map00010	rn00010	Glycolysis / gluconeogenesis	iUTI89_1310	Escherichia coli UTI89	iY75_1357	Escherichia coli str. K-12 substr. W3110	41	41	41	41	0	0	1.0	100.0	1
map00010	rn00010	Glycolysis / gluconeogenesis	iUTI89_1310	Escherichia coli UTI89	iZ_1308	Escherichia coli O157:H7 str. EDL933	41	41	41	41	0	0	1.0	100.0	1
map00010	rn00010	Glycolysis / gluconeogenesis	iUTI89_1310	Escherichia coli UTI89	ic_1306	Escherichia coli CFT073	41	41	41	41	0	0	1.0	100.0	1
map00010	rn00010	Glycolysis / gluconeogenesis	iWFL_1372	Escherichia coli W	iY75_1357	Escherichia coli str. K-12 substr. W3110	41	41	41	41	0	0	1.0	100.0	1
map00010	rn00010	Glycolysis / gluconeogenesis	iWFL_1372	Escherichia coli W	iZ_1308	Escherichia coli O157:H7 str. EDL933	41	41	41	41	0	0	1.0	100.0	1
map00010	rn00010	Glycolysis / gluconeogenesis	iWFL_1372	Escherichia coli W	ic_1306	Escherichia coli CFT073	41	41	41	41	0	0	1.0	100.0	1
map00010	rn00010	Glycolysis / gluconeogenesis	iY75_1357	Escherichia coli str. K-12 substr. W3110	iZ_1308	Escherichia coli O157:H7 str. EDL933	41	41	41	41	0	0	1.0	100.0	1
map00010	rn00010	Glycolysis / gluconeogenesis	iY75_1357	Escherichia coli str. K-12 substr. W3110	ic_1306	Escherichia coli CFT073	41	41	41	41	0	0	1.0	100.0	1
map00010	rn00010	Glycolysis / gluconeogenesis	iZ_1308	Escherichia coli O157:H7 str. EDL933	ic_1306	Escherichia coli CFT073	41	41	41	41	0	0	1.0	100.0	1
map00020	rn00020	Citrate cycle (TCA cycle)	iAF1260	Escherichia coli str. K-12 substr. MG1655	iAF1260b	Escherichia coli str. K-12 substr. MG1655	22	22	22	22	0	0	1.0	100.0	1
map00020	rn00020	Citrate cycle (TCA cycle)	iAF1260	Escherichia coli str. K-12 substr. MG1655	iAPECO1_1312	Escherichia coli APEC O1	22	23	22	23	0	1	0.9565	95.65	0
map00020	rn00020	Citrate cycle (TCA cycle)	iAF1260	Escherichia coli str. K-12 substr. MG1655	iB21_1397	Escherichia coli BL21(DE3)	22	23	22	23	0	1	0.9565	95.65	0
map00020	rn00020	Citrate cycle (TCA cycle)	iAF1260	Escherichia coli str. K-12 substr. MG1655	iBWG_1329	Escherichia coli BW2952	22	23	22	23	0	1	0.9565	95.65	0
map00020	rn00020	Citrate cycle (TCA cycle)	iAF1260	Escherichia coli str. K-12 substr. MG1655	iE2348C_1286	Escherichia coli O127:H6 str. E2348/69	22	23	22	23	0	1	0.9565	95.65	0
map00020	rn00020	Citrate cycle (TCA cycle)	iAF1260	Escherichia coli str. K-12 substr. MG1655	iEC042_1314	Escherichia coli 042	22	23	22	23	0	1	0.9565	95.65	0
map00020	rn00020	Citrate cycle (TCA cycle)	iAF1260	Escherichia coli str. K-12 substr. MG1655	iEC1344_C	Escherichia coli C	22	22	22	22	0	0	1.0	100.0	1
map00020	rn00020	Citrate cycle (TCA cycle)	iAF1260	Escherichia coli str. K-12 substr. MG1655	iEC1349_Crooks	Escherichia coli ATCC 8739	22	22	22	22	0	0	1.0	100.0	1
map00020	rn00020	Citrate cycle (TCA cycle)	iAF1260	Escherichia coli str. K-12 substr. MG1655	iEC1356_Bl21DE3	Escherichia coli BL21(DE3)	22	22	22	22	0	0	1.0	100.0	1
map00020	rn00020	Citrate cycle (TCA cycle)	iAF1260	Escherichia coli str. K-12 substr. MG1655	iEC1364_W	Escherichia coli W	22	22	22	22	0	0	1.0	100.0	1
map00020	rn00020	Citrate cycle (TCA cycle)	iAF1260	Escherichia coli str. K-12 substr. MG1655	iEC1368_DH5a	Escherichia coli DH5[alpha]	22	22	22	22	0	0	1.0	100.0	1
map00020	rn00020	Citrate cycle (TCA cycle)	iAF1260	Escherichia coli str. K-12 substr. MG1655	iEC1372_W3110	Escherichia coli str. K-12 substr. W3110	22	22	22	22	0	0	1.0	100.0	1
map00020	rn00020	Citrate cycle (TCA cycle)	iAF1260	Escherichia coli str. K-12 substr. MG1655	iEC55989_1330	Escherichia coli 55989	22	23	22	23	0	1	0.9565	95.65	0
map00020	rn00020	Citrate cycle (TCA cycle)	iAF1260	Escherichia coli str. K-12 substr. MG1655	iECABU_c1320	Escherichia coli ABU 83972	22	23	22	23	0	1	0.9565	95.65	0
map00020	rn00020	Citrate cycle (TCA cycle)	iAF1260	Escherichia coli str. K-12 substr. MG1655	iECBD_1354	Escherichia coli 'BL21-Gold(DE3)pLysS AG'	22	23	22	23	0	1	0.9565	95.65	0
map00020	rn00020	Citrate cycle (TCA cycle)	iAF1260	Escherichia coli str. K-12 substr. MG1655	iECB_1328	Escherichia coli B str. REL606	22	23	22	23	0	1	0.9565	95.65	0
map00020	rn00020	Citrate cycle (TCA cycle)	iAF1260	Escherichia coli str. K-12 substr. MG1655	iECDH10B_1368	Escherichia coli str. K-12 substr. DH10B	22	23	22	23	0	1	0.9565	95.65	0
map00020	rn00020	Citrate cycle (TCA cycle)	iAF1260	Escherichia coli str. K-12 substr. MG1655	iECDH1ME8569_1439	Escherichia coli DH1	22	23	22	23	0	1	0.9565	95.65	0
map00020	rn00020	Citrate cycle (TCA cycle)	iAF1260	Escherichia coli str. K-12 substr. MG1655	iECD_1391	Escherichia coli BL21(DE3)	22	23	22	23	0	1	0.9565	95.65	0
map00020	rn00020	Citrate cycle (TCA cycle)	iAF1260	Escherichia coli str. K-12 substr. MG1655	iECED1_1282	Escherichia coli ED1a	22	23	22	23	0	1	0.9565	95.65	0
map00020	rn00020	Citrate cycle (TCA cycle)	iAF1260	Escherichia coli str. K-12 substr. MG1655	iECH74115_1262	Escherichia coli O157:H7 str. EC4115	22	23	22	23	0	1	0.9565	95.65	0
map00020	rn00020	Citrate cycle (TCA cycle)	iAF1260	Escherichia coli str. K-12 substr. MG1655	iECIAI1_1343	Escherichia coli IAI1	22	23	22	23	0	1	0.9565	95.65	0
map00020	rn00020	Citrate cycle (TCA cycle)	iAF1260	Escherichia coli str. K-12 substr. MG1655	iECIAI39_1322	Escherichia coli IAI39	22	23	22	23	0	1	0.9565	95.65	0
map00020	rn00020	Citrate cycle (TCA cycle)	iAF1260	Escherichia coli str. K-12 substr. MG1655	iECNA114_1301	Escherichia coli NA114	22	23	22	23	0	1	0.9565	95.65	0
map00020	rn00020	Citrate cycle (TCA cycle)	iAF1260	Escherichia coli str. K-12 substr. MG1655	iECO103_1326	Escherichia coli O103:H2 str. 12009	22	23	22	23	0	1	0.9565	95.65	0
map00020	rn00020	Citrate cycle (TCA cycle)	iAF1260	Escherichia coli str. K-12 substr. MG1655	iECO111_1330	Escherichia coli O111:H- str. 11128	22	23	22	23	0	1	0.9565	95.65	0
map00020	rn00020	Citrate cycle (TCA cycle)	iAF1260	Escherichia coli str. K-12 substr. MG1655	iECO26_1355	Escherichia coli O26:H11 str. 11368	22	23	22	23	0	1	0.9565	95.65	0
map00020	rn00020	Citrate cycle (TCA cycle)	iAF1260	Escherichia coli str. K-12 substr. MG1655	iECOK1_1307	Escherichia coli IHE3034	22	23	22	23	0	1	0.9565	95.65	0
map00020	rn00020	Citrate cycle (TCA cycle)	iAF1260	Escherichia coli str. K-12 substr. MG1655	iECP_1309	Escherichia coli 536	22	23	22	23	0	1	0.9565	95.65	0
map00020	rn00020	Citrate cycle (TCA cycle)	iAF1260	Escherichia coli str. K-12 substr. MG1655	iECS88_1305	Escherichia coli S88	22	23	22	23	0	1	0.9565	95.65	0
map00020	rn00020	Citrate cycle (TCA cycle)	iAF1260	Escherichia coli str. K-12 substr. MG1655	iECSE_1348	Escherichia coli SE11	22	23	22	23	0	1	0.9565	95.65	0
map00020	rn00020	Citrate cycle (TCA cycle)	iAF1260	Escherichia coli str. K-12 substr. MG1655	iECSF_1327	Escherichia coli SE15	22	23	22	23	0	1	0.9565	95.65	0
map00020	rn00020	Citrate cycle (TCA cycle)	iAF1260	Escherichia coli str. K-12 substr. MG1655	iECSP_1301	Escherichia coli O157:H7 str. TW14359	22	23	22	23	0	1	0.9565	95.65	0
map00020	rn00020	Citrate cycle (TCA cycle)	iAF1260	Escherichia coli str. K-12 substr. MG1655	iECUMN_1333	Escherichia coli UMN026	22	23	22	23	0	1	0.9565	95.65	0
map00020	rn00020	Citrate cycle (TCA cycle)	iAF1260	Escherichia coli str. K-12 substr. MG1655	iECW_1372	Escherichia coli W	22	23	22	23	0	1	0.9565	95.65	0
map00020	rn00020	Citrate cycle (TCA cycle)	iAF1260	Escherichia coli str. K-12 substr. MG1655	iECs_1301	Escherichia coli O157:H7 str. Sakai	22	23	22	23	0	1	0.9565	95.65	0
map00020	rn00020	Citrate cycle (TCA cycle)	iAF1260	Escherichia coli str. K-12 substr. MG1655	iEKO11_1354	Escherichia coli KO11FL	22	23	22	23	0	1	0.9565	95.65	0
map00020	rn00020	Citrate cycle (TCA cycle)	iAF1260	Escherichia coli str. K-12 substr. MG1655	iETEC_1333	Escherichia coli ETEC H10407	22	23	22	23	0	1	0.9565	95.65	0
map00020	rn00020	Citrate cycle (TCA cycle)	iAF1260	Escherichia coli str. K-12 substr. MG1655	iEcDH1_1363	Escherichia coli DH1	22	23	22	23	0	1	0.9565	95.65	0
map00020	rn00020	Citrate cycle (TCA cycle)	iAF1260	Escherichia coli str. K-12 substr. MG1655	iEcE24377_1341	Escherichia coli O139:H28 str. E24377A	22	23	22	23	0	1	0.9565	95.65	0
map00020	rn00020	Citrate cycle (TCA cycle)	iAF1260	Escherichia coli str. K-12 substr. MG1655	iEcHS_1320	Escherichia coli HS	22	23	22	23	0	1	0.9565	95.65	0
map00020	rn00020	Citrate cycle (TCA cycle)	iAF1260	Escherichia coli str. K-12 substr. MG1655	iEcSMS35_1347	Escherichia coli SMS-3-5	22	23	22	23	0	1	0.9565	95.65	0
map00020	rn00020	Citrate cycle (TCA cycle)	iAF1260	Escherichia coli str. K-12 substr. MG1655	iEcolC_1368	Escherichia coli ATCC 8739	22	23	22	23	0	1	0.9565	95.65	0
map00020	rn00020	Citrate cycle (TCA cycle)	iAF1260	Escherichia coli str. K-12 substr. MG1655	iG2583_1286	Escherichia coli O55:H7 str. CB9615	22	23	22	23	0	1	0.9565	95.65	0
map00020	rn00020	Citrate cycle (TCA cycle)	iAF1260	Escherichia coli str. K-12 substr. MG1655	iJO1366	Escherichia coli str. K-12 substr. MG1655	22	22	22	22	0	0	1.0	100.0	1
map00020	rn00020	Citrate cycle (TCA cycle)	iAF1260	Escherichia coli str. K-12 substr. MG1655	iJR904	Escherichia coli str. K-12 substr. MG1655	22	22	22	22	0	0	1.0	100.0	1
map00020	rn00020	Citrate cycle (TCA cycle)	iAF1260	Escherichia coli str. K-12 substr. MG1655	iLF82_1304	Escherichia coli LF82	22	23	22	23	0	1	0.9565	95.65	0
map00020	rn00020	Citrate cycle (TCA cycle)	iAF1260	Escherichia coli str. K-12 substr. MG1655	iML1515	Escherichia coli str. K-12 substr. MG1655	22	22	22	22	0	0	1.0	100.0	1
map00020	rn00020	Citrate cycle (TCA cycle)	iAF1260	Escherichia coli str. K-12 substr. MG1655	iNRG857_1313	Escherichia coli O83:H1 str. NRG 857C	22	23	22	23	0	1	0.9565	95.65	0
map00020	rn00020	Citrate cycle (TCA cycle)	iAF1260	Escherichia coli str. K-12 substr. MG1655	iUMN146_1321	Escherichia coli UM146	22	23	22	23	0	1	0.9565	95.65	0
map00020	rn00020	Citrate cycle (TCA cycle)	iAF1260	Escherichia coli str. K-12 substr. MG1655	iUMNK88_1353	Escherichia coli UMNK88	22	23	22	23	0	1	0.9565	95.65	0
map00020	rn00020	Citrate cycle (TCA cycle)	iAF1260	Escherichia coli str. K-12 substr. MG1655	iUTI89_1310	Escherichia coli UTI89	22	23	22	23	0	1	0.9565	95.65	0
map00020	rn00020	Citrate cycle (TCA cycle)	iAF1260	Escherichia coli str. K-12 substr. MG1655	iWFL_1372	Escherichia coli W	22	23	22	23	0	1	0.9565	95.65	0
map00020	rn00020	Citrate cycle (TCA cycle)	iAF1260	Escherichia coli str. K-12 substr. MG1655	iY75_1357	Escherichia coli str. K-12 substr. W3110	22	23	22	23	0	1	0.9565	95.65	0
map00020	rn00020	Citrate cycle (TCA cycle)	iAF1260	Escherichia coli str. K-12 substr. MG1655	iZ_1308	Escherichia coli O157:H7 str. EDL933	22	23	22	23	0	1	0.9565	95.65	0
map00020	rn00020	Citrate cycle (TCA cycle)	iAF1260	Escherichia coli str. K-12 substr. MG1655	ic_1306	Escherichia coli CFT073	22	23	22	23	0	1	0.9565	95.65	0
map00020	rn00020	Citrate cycle (TCA cycle)	iAF1260b	Escherichia coli str. K-12 substr. MG1655	iAPECO1_1312	Escherichia coli APEC O1	22	23	22	23	0	1	0.9565	95.65	0
map00020	rn00020	Citrate cycle (TCA cycle)	iAF1260b	Escherichia coli str. K-12 substr. MG1655	iB21_1397	Escherichia coli BL21(DE3)	22	23	22	23	0	1	0.9565	95.65	0
map00020	rn00020	Citrate cycle (TCA cycle)	iAF1260b	Escherichia coli str. K-12 substr. MG1655	iBWG_1329	Escherichia coli BW2952	22	23	22	23	0	1	0.9565	95.65	0
map00020	rn00020	Citrate cycle (TCA cycle)	iAF1260b	Escherichia coli str. K-12 substr. MG1655	iE2348C_1286	Escherichia coli O127:H6 str. E2348/69	22	23	22	23	0	1	0.9565	95.65	0
map00020	rn00020	Citrate cycle (TCA cycle)	iAF1260b	Escherichia coli str. K-12 substr. MG1655	iEC042_1314	Escherichia coli 042	22	23	22	23	0	1	0.9565	95.65	0
map00020	rn00020	Citrate cycle (TCA cycle)	iAF1260b	Escherichia coli str. K-12 substr. MG1655	iEC1344_C	Escherichia coli C	22	22	22	22	0	0	1.0	100.0	1
map00020	rn00020	Citrate cycle (TCA cycle)	iAF1260b	Escherichia coli str. K-12 substr. MG1655	iEC1349_Crooks	Escherichia coli ATCC 8739	22	22	22	22	0	0	1.0	100.0	1
map00020	rn00020	Citrate cycle (TCA cycle)	iAF1260b	Escherichia coli str. K-12 substr. MG1655	iEC1356_Bl21DE3	Escherichia coli BL21(DE3)	22	22	22	22	0	0	1.0	100.0	1
map00020	rn00020	Citrate cycle (TCA cycle)	iAF1260b	Escherichia coli str. K-12 substr. MG1655	iEC1364_W	Escherichia coli W	22	22	22	22	0	0	1.0	100.0	1
map00020	rn00020	Citrate cycle (TCA cycle)	iAF1260b	Escherichia coli str. K-12 substr. MG1655	iEC1368_DH5a	Escherichia coli DH5[alpha]	22	22	22	22	0	0	1.0	100.0	1
map00020	rn00020	Citrate cycle (TCA cycle)	iAF1260b	Escherichia coli str. K-12 substr. MG1655	iEC1372_W3110	Escherichia coli str. K-12 substr. W3110	22	22	22	22	0	0	1.0	100.0	1
map00020	rn00020	Citrate cycle (TCA cycle)	iAF1260b	Escherichia coli str. K-12 substr. MG1655	iEC55989_1330	Escherichia coli 55989	22	23	22	23	0	1	0.9565	95.65	0
map00020	rn00020	Citrate cycle (TCA cycle)	iAF1260b	Escherichia coli str. K-12 substr. MG1655	iECABU_c1320	Escherichia coli ABU 83972	22	23	22	23	0	1	0.9565	95.65	0
map00020	rn00020	Citrate cycle (TCA cycle)	iAF1260b	Escherichia coli str. K-12 substr. MG1655	iECBD_1354	Escherichia coli 'BL21-Gold(DE3)pLysS AG'	22	23	22	23	0	1	0.9565	95.65	0
map00020	rn00020	Citrate cycle (TCA cycle)	iAF1260b	Escherichia coli str. K-12 substr. MG1655	iECB_1328	Escherichia coli B str. REL606	22	23	22	23	0	1	0.9565	95.65	0
map00020	rn00020	Citrate cycle (TCA cycle)	iAF1260b	Escherichia coli str. K-12 substr. MG1655	iECDH10B_1368	Escherichia coli str. K-12 substr. DH10B	22	23	22	23	0	1	0.9565	95.65	0
map00020	rn00020	Citrate cycle (TCA cycle)	iAF1260b	Escherichia coli str. K-12 substr. MG1655	iECDH1ME8569_1439	Escherichia coli DH1	22	23	22	23	0	1	0.9565	95.65	0
map00020	rn00020	Citrate cycle (TCA cycle)	iAF1260b	Escherichia coli str. K-12 substr. MG1655	iECD_1391	Escherichia coli BL21(DE3)	22	23	22	23	0	1	0.9565	95.65	0
map00020	rn00020	Citrate cycle (TCA cycle)	iAF1260b	Escherichia coli str. K-12 substr. MG1655	iECED1_1282	Escherichia coli ED1a	22	23	22	23	0	1	0.9565	95.65	0
map00020	rn00020	Citrate cycle (TCA cycle)	iAF1260b	Escherichia coli str. K-12 substr. MG1655	iECH74115_1262	Escherichia coli O157:H7 str. EC4115	22	23	22	23	0	1	0.9565	95.65	0
map00020	rn00020	Citrate cycle (TCA cycle)	iAF1260b	Escherichia coli str. K-12 substr. MG1655	iECIAI1_1343	Escherichia coli IAI1	22	23	22	23	0	1	0.9565	95.65	0
map00020	rn00020	Citrate cycle (TCA cycle)	iAF1260b	Escherichia coli str. K-12 substr. MG1655	iECIAI39_1322	Escherichia coli IAI39	22	23	22	23	0	1	0.9565	95.65	0
map00020	rn00020	Citrate cycle (TCA cycle)	iAF1260b	Escherichia coli str. K-12 substr. MG1655	iECNA114_1301	Escherichia coli NA114	22	23	22	23	0	1	0.9565	95.65	0
map00020	rn00020	Citrate cycle (TCA cycle)	iAF1260b	Escherichia coli str. K-12 substr. MG1655	iECO103_1326	Escherichia coli O103:H2 str. 12009	22	23	22	23	0	1	0.9565	95.65	0
map00020	rn00020	Citrate cycle (TCA cycle)	iAF1260b	Escherichia coli str. K-12 substr. MG1655	iECO111_1330	Escherichia coli O111:H- str. 11128	22	23	22	23	0	1	0.9565	95.65	0
map00020	rn00020	Citrate cycle (TCA cycle)	iAF1260b	Escherichia coli str. K-12 substr. MG1655	iECO26_1355	Escherichia coli O26:H11 str. 11368	22	23	22	23	0	1	0.9565	95.65	0
map00020	rn00020	Citrate cycle (TCA cycle)	iAF1260b	Escherichia coli str. K-12 substr. MG1655	iECOK1_1307	Escherichia coli IHE3034	22	23	22	23	0	1	0.9565	95.65	0
map00020	rn00020	Citrate cycle (TCA cycle)	iAF1260b	Escherichia coli str. K-12 substr. MG1655	iECP_1309	Escherichia coli 536	22	23	22	23	0	1	0.9565	95.65	0
map00020	rn00020	Citrate cycle (TCA cycle)	iAF1260b	Escherichia coli str. K-12 substr. MG1655	iECS88_1305	Escherichia coli S88	22	23	22	23	0	1	0.9565	95.65	0
map00020	rn00020	Citrate cycle (TCA cycle)	iAF1260b	Escherichia coli str. K-12 substr. MG1655	iECSE_1348	Escherichia coli SE11	22	23	22	23	0	1	0.9565	95.65	0
map00020	rn00020	Citrate cycle (TCA cycle)	iAF1260b	Escherichia coli str. K-12 substr. MG1655	iECSF_1327	Escherichia coli SE15	22	23	22	23	0	1	0.9565	95.65	0
map00020	rn00020	Citrate cycle (TCA cycle)	iAF1260b	Escherichia coli str. K-12 substr. MG1655	iECSP_1301	Escherichia coli O157:H7 str. TW14359	22	23	22	23	0	1	0.9565	95.65	0
map00020	rn00020	Citrate cycle (TCA cycle)	iAF1260b	Escherichia coli str. K-12 substr. MG1655	iECUMN_1333	Escherichia coli UMN026	22	23	22	23	0	1	0.9565	95.65	0
map00020	rn00020	Citrate cycle (TCA cycle)	iAF1260b	Escherichia coli str. K-12 substr. MG1655	iECW_1372	Escherichia coli W	22	23	22	23	0	1	0.9565	95.65	0
map00020	rn00020	Citrate cycle (TCA cycle)	iAF1260b	Escherichia coli str. K-12 substr. MG1655	iECs_1301	Escherichia coli O157:H7 str. Sakai	22	23	22	23	0	1	0.9565	95.65	0
map00020	rn00020	Citrate cycle (TCA cycle)	iAF1260b	Escherichia coli str. K-12 substr. MG1655	iEKO11_1354	Escherichia coli KO11FL	22	23	22	23	0	1	0.9565	95.65	0
map00020	rn00020	Citrate cycle (TCA cycle)	iAF1260b	Escherichia coli str. K-12 substr. MG1655	iETEC_1333	Escherichia coli ETEC H10407	22	23	22	23	0	1	0.9565	95.65	0
map00020	rn00020	Citrate cycle (TCA cycle)	iAF1260b	Escherichia coli str. K-12 substr. MG1655	iEcDH1_1363	Escherichia coli DH1	22	23	22	23	0	1	0.9565	95.65	0
map00020	rn00020	Citrate cycle (TCA cycle)	iAF1260b	Escherichia coli str. K-12 substr. MG1655	iEcE24377_1341	Escherichia coli O139:H28 str. E24377A	22	23	22	23	0	1	0.9565	95.65	0
map00020	rn00020	Citrate cycle (TCA cycle)	iAF1260b	Escherichia coli str. K-12 substr. MG1655	iEcHS_1320	Escherichia coli HS	22	23	22	23	0	1	0.9565	95.65	0
map00020	rn00020	Citrate cycle (TCA cycle)	iAF1260b	Escherichia coli str. K-12 substr. MG1655	iEcSMS35_1347	Escherichia coli SMS-3-5	22	23	22	23	0	1	0.9565	95.65	0
map00020	rn00020	Citrate cycle (TCA cycle)	iAF1260b	Escherichia coli str. K-12 substr. MG1655	iEcolC_1368	Escherichia coli ATCC 8739	22	23	22	23	0	1	0.9565	95.65	0
map00020	rn00020	Citrate cycle (TCA cycle)	iAF1260b	Escherichia coli str. K-12 substr. MG1655	iG2583_1286	Escherichia coli O55:H7 str. CB9615	22	23	22	23	0	1	0.9565	95.65	0
map00020	rn00020	Citrate cycle (TCA cycle)	iAF1260b	Escherichia coli str. K-12 substr. MG1655	iJO1366	Escherichia coli str. K-12 substr. MG1655	22	22	22	22	0	0	1.0	100.0	1
map00020	rn00020	Citrate cycle (TCA cycle)	iAF1260b	Escherichia coli str. K-12 substr. MG1655	iJR904	Escherichia coli str. K-12 substr. MG1655	22	22	22	22	0	0	1.0	100.0	1
map00020	rn00020	Citrate cycle (TCA cycle)	iAF1260b	Escherichia coli str. K-12 substr. MG1655	iLF82_1304	Escherichia coli LF82	22	23	22	23	0	1	0.9565	95.65	0
map00020	rn00020	Citrate cycle (TCA cycle)	iAF1260b	Escherichia coli str. K-12 substr. MG1655	iML1515	Escherichia coli str. K-12 substr. MG1655	22	22	22	22	0	0	1.0	100.0	1
map00020	rn00020	Citrate cycle (TCA cycle)	iAF1260b	Escherichia coli str. K-12 substr. MG1655	iNRG857_1313	Escherichia coli O83:H1 str. NRG 857C	22	23	22	23	0	1	0.9565	95.65	0
map00020	rn00020	Citrate cycle (TCA cycle)	iAF1260b	Escherichia coli str. K-12 substr. MG1655	iUMN146_1321	Escherichia coli UM146	22	23	22	23	0	1	0.9565	95.65	0
map00020	rn00020	Citrate cycle (TCA cycle)	iAF1260b	Escherichia coli str. K-12 substr. MG1655	iUMNK88_1353	Escherichia coli UMNK88	22	23	22	23	0	1	0.9565	95.65	0
map00020	rn00020	Citrate cycle (TCA cycle)	iAF1260b	Escherichia coli str. K-12 substr. MG1655	iUTI89_1310	Escherichia coli UTI89	22	23	22	23	0	1	0.9565	95.65	0
map00020	rn00020	Citrate cycle (TCA cycle)	iAF1260b	Escherichia coli str. K-12 substr. MG1655	iWFL_1372	Escherichia coli W	22	23	22	23	0	1	0.9565	95.65	0
map00020	rn00020	Citrate cycle (TCA cycle)	iAF1260b	Escherichia coli str. K-12 substr. MG1655	iY75_1357	Escherichia coli str. K-12 substr. W3110	22	23	22	23	0	1	0.9565	95.65	0
map00020	rn00020	Citrate cycle (TCA cycle)	iAF1260b	Escherichia coli str. K-12 substr. MG1655	iZ_1308	Escherichia coli O157:H7 str. EDL933	22	23	22	23	0	1	0.9565	95.65	0
map00020	rn00020	Citrate cycle (TCA cycle)	iAF1260b	Escherichia coli str. K-12 substr. MG1655	ic_1306	Escherichia coli CFT073	22	23	22	23	0	1	0.9565	95.65	0
map00020	rn00020	Citrate cycle (TCA cycle)	iAPECO1_1312	Escherichia coli APEC O1	iB21_1397	Escherichia coli BL21(DE3)	23	23	23	23	0	0	1.0	100.0	1
map00020	rn00020	Citrate cycle (TCA cycle)	iAPECO1_1312	Escherichia coli APEC O1	iBWG_1329	Escherichia coli BW2952	23	23	23	23	0	0	1.0	100.0	1
map00020	rn00020	Citrate cycle (TCA cycle)	iAPECO1_1312	Escherichia coli APEC O1	iE2348C_1286	Escherichia coli O127:H6 str. E2348/69	23	23	23	23	0	0	1.0	100.0	1
map00020	rn00020	Citrate cycle (TCA cycle)	iAPECO1_1312	Escherichia coli APEC O1	iEC042_1314	Escherichia coli 042	23	23	23	23	0	0	1.0	100.0	1
map00020	rn00020	Citrate cycle (TCA cycle)	iAPECO1_1312	Escherichia coli APEC O1	iEC1344_C	Escherichia coli C	23	22	22	23	1	0	0.9565	95.65	0
map00020	rn00020	Citrate cycle (TCA cycle)	iAPECO1_1312	Escherichia coli APEC O1	iEC1349_Crooks	Escherichia coli ATCC 8739	23	22	22	23	1	0	0.9565	95.65	0
map00020	rn00020	Citrate cycle (TCA cycle)	iAPECO1_1312	Escherichia coli APEC O1	iEC1356_Bl21DE3	Escherichia coli BL21(DE3)	23	22	22	23	1	0	0.9565	95.65	0
map00020	rn00020	Citrate cycle (TCA cycle)	iAPECO1_1312	Escherichia coli APEC O1	iEC1364_W	Escherichia coli W	23	22	22	23	1	0	0.9565	95.65	0
map00020	rn00020	Citrate cycle (TCA cycle)	iAPECO1_1312	Escherichia coli APEC O1	iEC1368_DH5a	Escherichia coli DH5[alpha]	23	22	22	23	1	0	0.9565	95.65	0
map00020	rn00020	Citrate cycle (TCA cycle)	iAPECO1_1312	Escherichia coli APEC O1	iEC1372_W3110	Escherichia coli str. K-12 substr. W3110	23	22	22	23	1	0	0.9565	95.65	0
map00020	rn00020	Citrate cycle (TCA cycle)	iAPECO1_1312	Escherichia coli APEC O1	iEC55989_1330	Escherichia coli 55989	23	23	23	23	0	0	1.0	100.0	1
map00020	rn00020	Citrate cycle (TCA cycle)	iAPECO1_1312	Escherichia coli APEC O1	iECABU_c1320	Escherichia coli ABU 83972	23	23	23	23	0	0	1.0	100.0	1
map00020	rn00020	Citrate cycle (TCA cycle)	iAPECO1_1312	Escherichia coli APEC O1	iECBD_1354	Escherichia coli 'BL21-Gold(DE3)pLysS AG'	23	23	23	23	0	0	1.0	100.0	1
map00020	rn00020	Citrate cycle (TCA cycle)	iAPECO1_1312	Escherichia coli APEC O1	iECB_1328	Escherichia coli B str. REL606	23	23	23	23	0	0	1.0	100.0	1
map00020	rn00020	Citrate cycle (TCA cycle)	iAPECO1_1312	Escherichia coli APEC O1	iECDH10B_1368	Escherichia coli str. K-12 substr. DH10B	23	23	23	23	0	0	1.0	100.0	1
map00020	rn00020	Citrate cycle (TCA cycle)	iAPECO1_1312	Escherichia coli APEC O1	iECDH1ME8569_1439	Escherichia coli DH1	23	23	23	23	0	0	1.0	100.0	1
map00020	rn00020	Citrate cycle (TCA cycle)	iAPECO1_1312	Escherichia coli APEC O1	iECD_1391	Escherichia coli BL21(DE3)	23	23	23	23	0	0	1.0	100.0	1
map00020	rn00020	Citrate cycle (TCA cycle)	iAPECO1_1312	Escherichia coli APEC O1	iECED1_1282	Escherichia coli ED1a	23	23	23	23	0	0	1.0	100.0	1
map00020	rn00020	Citrate cycle (TCA cycle)	iAPECO1_1312	Escherichia coli APEC O1	iECH74115_1262	Escherichia coli O157:H7 str. EC4115	23	23	23	23	0	0	1.0	100.0	1
map00020	rn00020	Citrate cycle (TCA cycle)	iAPECO1_1312	Escherichia coli APEC O1	iECIAI1_1343	Escherichia coli IAI1	23	23	23	23	0	0	1.0	100.0	1
map00020	rn00020	Citrate cycle (TCA cycle)	iAPECO1_1312	Escherichia coli APEC O1	iECIAI39_1322	Escherichia coli IAI39	23	23	23	23	0	0	1.0	100.0	1
map00020	rn00020	Citrate cycle (TCA cycle)	iAPECO1_1312	Escherichia coli APEC O1	iECNA114_1301	Escherichia coli NA114	23	23	23	23	0	0	1.0	100.0	1
map00020	rn00020	Citrate cycle (TCA cycle)	iAPECO1_1312	Escherichia coli APEC O1	iECO103_1326	Escherichia coli O103:H2 str. 12009	23	23	23	23	0	0	1.0	100.0	1
map00020	rn00020	Citrate cycle (TCA cycle)	iAPECO1_1312	Escherichia coli APEC O1	iECO111_1330	Escherichia coli O111:H- str. 11128	23	23	23	23	0	0	1.0	100.0	1
map00020	rn00020	Citrate cycle (TCA cycle)	iAPECO1_1312	Escherichia coli APEC O1	iECO26_1355	Escherichia coli O26:H11 str. 11368	23	23	23	23	0	0	1.0	100.0	1
map00020	rn00020	Citrate cycle (TCA cycle)	iAPECO1_1312	Escherichia coli APEC O1	iECOK1_1307	Escherichia coli IHE3034	23	23	23	23	0	0	1.0	100.0	1
map00020	rn00020	Citrate cycle (TCA cycle)	iAPECO1_1312	Escherichia coli APEC O1	iECP_1309	Escherichia coli 536	23	23	23	23	0	0	1.0	100.0	1
map00020	rn00020	Citrate cycle (TCA cycle)	iAPECO1_1312	Escherichia coli APEC O1	iECS88_1305	Escherichia coli S88	23	23	23	23	0	0	1.0	100.0	1
map00020	rn00020	Citrate cycle (TCA cycle)	iAPECO1_1312	Escherichia coli APEC O1	iECSE_1348	Escherichia coli SE11	23	23	23	23	0	0	1.0	100.0	1
map00020	rn00020	Citrate cycle (TCA cycle)	iAPECO1_1312	Escherichia coli APEC O1	iECSF_1327	Escherichia coli SE15	23	23	23	23	0	0	1.0	100.0	1
map00020	rn00020	Citrate cycle (TCA cycle)	iAPECO1_1312	Escherichia coli APEC O1	iECSP_1301	Escherichia coli O157:H7 str. TW14359	23	23	23	23	0	0	1.0	100.0	1
map00020	rn00020	Citrate cycle (TCA cycle)	iAPECO1_1312	Escherichia coli APEC O1	iECUMN_1333	Escherichia coli UMN026	23	23	23	23	0	0	1.0	100.0	1
map00020	rn00020	Citrate cycle (TCA cycle)	iAPECO1_1312	Escherichia coli APEC O1	iECW_1372	Escherichia coli W	23	23	23	23	0	0	1.0	100.0	1
map00020	rn00020	Citrate cycle (TCA cycle)	iAPECO1_1312	Escherichia coli APEC O1	iECs_1301	Escherichia coli O157:H7 str. Sakai	23	23	23	23	0	0	1.0	100.0	1
map00020	rn00020	Citrate cycle (TCA cycle)	iAPECO1_1312	Escherichia coli APEC O1	iEKO11_1354	Escherichia coli KO11FL	23	23	23	23	0	0	1.0	100.0	1
map00020	rn00020	Citrate cycle (TCA cycle)	iAPECO1_1312	Escherichia coli APEC O1	iETEC_1333	Escherichia coli ETEC H10407	23	23	23	23	0	0	1.0	100.0	1
map00020	rn00020	Citrate cycle (TCA cycle)	iAPECO1_1312	Escherichia coli APEC O1	iEcDH1_1363	Escherichia coli DH1	23	23	23	23	0	0	1.0	100.0	1
map00020	rn00020	Citrate cycle (TCA cycle)	iAPECO1_1312	Escherichia coli APEC O1	iEcE24377_1341	Escherichia coli O139:H28 str. E24377A	23	23	23	23	0	0	1.0	100.0	1
map00020	rn00020	Citrate cycle (TCA cycle)	iAPECO1_1312	Escherichia coli APEC O1	iEcHS_1320	Escherichia coli HS	23	23	23	23	0	0	1.0	100.0	1
map00020	rn00020	Citrate cycle (TCA cycle)	iAPECO1_1312	Escherichia coli APEC O1	iEcSMS35_1347	Escherichia coli SMS-3-5	23	23	23	23	0	0	1.0	100.0	1
map00020	rn00020	Citrate cycle (TCA cycle)	iAPECO1_1312	Escherichia coli APEC O1	iEcolC_1368	Escherichia coli ATCC 8739	23	23	23	23	0	0	1.0	100.0	1
map00020	rn00020	Citrate cycle (TCA cycle)	iAPECO1_1312	Escherichia coli APEC O1	iG2583_1286	Escherichia coli O55:H7 str. CB9615	23	23	23	23	0	0	1.0	100.0	1
map00020	rn00020	Citrate cycle (TCA cycle)	iAPECO1_1312	Escherichia coli APEC O1	iJO1366	Escherichia coli str. K-12 substr. MG1655	23	22	22	23	1	0	0.9565	95.65	0
map00020	rn00020	Citrate cycle (TCA cycle)	iAPECO1_1312	Escherichia coli APEC O1	iJR904	Escherichia coli str. K-12 substr. MG1655	23	22	22	23	1	0	0.9565	95.65	0
map00020	rn00020	Citrate cycle (TCA cycle)	iAPECO1_1312	Escherichia coli APEC O1	iLF82_1304	Escherichia coli LF82	23	23	23	23	0	0	1.0	100.0	1
map00020	rn00020	Citrate cycle (TCA cycle)	iAPECO1_1312	Escherichia coli APEC O1	iML1515	Escherichia coli str. K-12 substr. MG1655	23	22	22	23	1	0	0.9565	95.65	0
map00020	rn00020	Citrate cycle (TCA cycle)	iAPECO1_1312	Escherichia coli APEC O1	iNRG857_1313	Escherichia coli O83:H1 str. NRG 857C	23	23	23	23	0	0	1.0	100.0	1
map00020	rn00020	Citrate cycle (TCA cycle)	iAPECO1_1312	Escherichia coli APEC O1	iUMN146_1321	Escherichia coli UM146	23	23	23	23	0	0	1.0	100.0	1
map00020	rn00020	Citrate cycle (TCA cycle)	iAPECO1_1312	Escherichia coli APEC O1	iUMNK88_1353	Escherichia coli UMNK88	23	23	23	23	0	0	1.0	100.0	1
map00020	rn00020	Citrate cycle (TCA cycle)	iAPECO1_1312	Escherichia coli APEC O1	iUTI89_1310	Escherichia coli UTI89	23	23	23	23	0	0	1.0	100.0	1
map00020	rn00020	Citrate cycle (TCA cycle)	iAPECO1_1312	Escherichia coli APEC O1	iWFL_1372	Escherichia coli W	23	23	23	23	0	0	1.0	100.0	1
map00020	rn00020	Citrate cycle (TCA cycle)	iAPECO1_1312	Escherichia coli APEC O1	iY75_1357	Escherichia coli str. K-12 substr. W3110	23	23	23	23	0	0	1.0	100.0	1
map00020	rn00020	Citrate cycle (TCA cycle)	iAPECO1_1312	Escherichia coli APEC O1	iZ_1308	Escherichia coli O157:H7 str. EDL933	23	23	23	23	0	0	1.0	100.0	1
map00020	rn00020	Citrate cycle (TCA cycle)	iAPECO1_1312	Escherichia coli APEC O1	ic_1306	Escherichia coli CFT073	23	23	23	23	0	0	1.0	100.0	1
map00020	rn00020	Citrate cycle (TCA cycle)	iB21_1397	Escherichia coli BL21(DE3)	iBWG_1329	Escherichia coli BW2952	23	23	23	23	0	0	1.0	100.0	1
map00020	rn00020	Citrate cycle (TCA cycle)	iB21_1397	Escherichia coli BL21(DE3)	iE2348C_1286	Escherichia coli O127:H6 str. E2348/69	23	23	23	23	0	0	1.0	100.0	1
map00020	rn00020	Citrate cycle (TCA cycle)	iB21_1397	Escherichia coli BL21(DE3)	iEC042_1314	Escherichia coli 042	23	23	23	23	0	0	1.0	100.0	1
map00020	rn00020	Citrate cycle (TCA cycle)	iB21_1397	Escherichia coli BL21(DE3)	iEC1344_C	Escherichia coli C	23	22	22	23	1	0	0.9565	95.65	0
map00020	rn00020	Citrate cycle (TCA cycle)	iB21_1397	Escherichia coli BL21(DE3)	iEC1349_Crooks	Escherichia coli ATCC 8739	23	22	22	23	1	0	0.9565	95.65	0
map00020	rn00020	Citrate cycle (TCA cycle)	iB21_1397	Escherichia coli BL21(DE3)	iEC1356_Bl21DE3	Escherichia coli BL21(DE3)	23	22	22	23	1	0	0.9565	95.65	0
map00020	rn00020	Citrate cycle (TCA cycle)	iB21_1397	Escherichia coli BL21(DE3)	iEC1364_W	Escherichia coli W	23	22	22	23	1	0	0.9565	95.65	0
map00020	rn00020	Citrate cycle (TCA cycle)	iB21_1397	Escherichia coli BL21(DE3)	iEC1368_DH5a	Escherichia coli DH5[alpha]	23	22	22	23	1	0	0.9565	95.65	0
map00020	rn00020	Citrate cycle (TCA cycle)	iB21_1397	Escherichia coli BL21(DE3)	iEC1372_W3110	Escherichia coli str. K-12 substr. W3110	23	22	22	23	1	0	0.9565	95.65	0
map00020	rn00020	Citrate cycle (TCA cycle)	iB21_1397	Escherichia coli BL21(DE3)	iEC55989_1330	Escherichia coli 55989	23	23	23	23	0	0	1.0	100.0	1
map00020	rn00020	Citrate cycle (TCA cycle)	iB21_1397	Escherichia coli BL21(DE3)	iECABU_c1320	Escherichia coli ABU 83972	23	23	23	23	0	0	1.0	100.0	1
map00020	rn00020	Citrate cycle (TCA cycle)	iB21_1397	Escherichia coli BL21(DE3)	iECBD_1354	Escherichia coli 'BL21-Gold(DE3)pLysS AG'	23	23	23	23	0	0	1.0	100.0	1
map00020	rn00020	Citrate cycle (TCA cycle)	iB21_1397	Escherichia coli BL21(DE3)	iECB_1328	Escherichia coli B str. REL606	23	23	23	23	0	0	1.0	100.0	1
map00020	rn00020	Citrate cycle (TCA cycle)	iB21_1397	Escherichia coli BL21(DE3)	iECDH10B_1368	Escherichia coli str. K-12 substr. DH10B	23	23	23	23	0	0	1.0	100.0	1
map00020	rn00020	Citrate cycle (TCA cycle)	iB21_1397	Escherichia coli BL21(DE3)	iECDH1ME8569_1439	Escherichia coli DH1	23	23	23	23	0	0	1.0	100.0	1
map00020	rn00020	Citrate cycle (TCA cycle)	iB21_1397	Escherichia coli BL21(DE3)	iECD_1391	Escherichia coli BL21(DE3)	23	23	23	23	0	0	1.0	100.0	1
map00020	rn00020	Citrate cycle (TCA cycle)	iB21_1397	Escherichia coli BL21(DE3)	iECED1_1282	Escherichia coli ED1a	23	23	23	23	0	0	1.0	100.0	1
map00020	rn00020	Citrate cycle (TCA cycle)	iB21_1397	Escherichia coli BL21(DE3)	iECH74115_1262	Escherichia coli O157:H7 str. EC4115	23	23	23	23	0	0	1.0	100.0	1
map00020	rn00020	Citrate cycle (TCA cycle)	iB21_1397	Escherichia coli BL21(DE3)	iECIAI1_1343	Escherichia coli IAI1	23	23	23	23	0	0	1.0	100.0	1
map00020	rn00020	Citrate cycle (TCA cycle)	iB21_1397	Escherichia coli BL21(DE3)	iECIAI39_1322	Escherichia coli IAI39	23	23	23	23	0	0	1.0	100.0	1
map00020	rn00020	Citrate cycle (TCA cycle)	iB21_1397	Escherichia coli BL21(DE3)	iECNA114_1301	Escherichia coli NA114	23	23	23	23	0	0	1.0	100.0	1
map00020	rn00020	Citrate cycle (TCA cycle)	iB21_1397	Escherichia coli BL21(DE3)	iECO103_1326	Escherichia coli O103:H2 str. 12009	23	23	23	23	0	0	1.0	100.0	1
map00020	rn00020	Citrate cycle (TCA cycle)	iB21_1397	Escherichia coli BL21(DE3)	iECO111_1330	Escherichia coli O111:H- str. 11128	23	23	23	23	0	0	1.0	100.0	1
map00020	rn00020	Citrate cycle (TCA cycle)	iB21_1397	Escherichia coli BL21(DE3)	iECO26_1355	Escherichia coli O26:H11 str. 11368	23	23	23	23	0	0	1.0	100.0	1
map00020	rn00020	Citrate cycle (TCA cycle)	iB21_1397	Escherichia coli BL21(DE3)	iECOK1_1307	Escherichia coli IHE3034	23	23	23	23	0	0	1.0	100.0	1
map00020	rn00020	Citrate cycle (TCA cycle)	iB21_1397	Escherichia coli BL21(DE3)	iECP_1309	Escherichia coli 536	23	23	23	23	0	0	1.0	100.0	1
map00020	rn00020	Citrate cycle (TCA cycle)	iB21_1397	Escherichia coli BL21(DE3)	iECS88_1305	Escherichia coli S88	23	23	23	23	0	0	1.0	100.0	1
map00020	rn00020	Citrate cycle (TCA cycle)	iB21_1397	Escherichia coli BL21(DE3)	iECSE_1348	Escherichia coli SE11	23	23	23	23	0	0	1.0	100.0	1
map00020	rn00020	Citrate cycle (TCA cycle)	iB21_1397	Escherichia coli BL21(DE3)	iECSF_1327	Escherichia coli SE15	23	23	23	23	0	0	1.0	100.0	1
map00020	rn00020	Citrate cycle (TCA cycle)	iB21_1397	Escherichia coli BL21(DE3)	iECSP_1301	Escherichia coli O157:H7 str. TW14359	23	23	23	23	0	0	1.0	100.0	1
map00020	rn00020	Citrate cycle (TCA cycle)	iB21_1397	Escherichia coli BL21(DE3)	iECUMN_1333	Escherichia coli UMN026	23	23	23	23	0	0	1.0	100.0	1
map00020	rn00020	Citrate cycle (TCA cycle)	iB21_1397	Escherichia coli BL21(DE3)	iECW_1372	Escherichia coli W	23	23	23	23	0	0	1.0	100.0	1
map00020	rn00020	Citrate cycle (TCA cycle)	iB21_1397	Escherichia coli BL21(DE3)	iECs_1301	Escherichia coli O157:H7 str. Sakai	23	23	23	23	0	0	1.0	100.0	1
map00020	rn00020	Citrate cycle (TCA cycle)	iB21_1397	Escherichia coli BL21(DE3)	iEKO11_1354	Escherichia coli KO11FL	23	23	23	23	0	0	1.0	100.0	1
map00020	rn00020	Citrate cycle (TCA cycle)	iB21_1397	Escherichia coli BL21(DE3)	iETEC_1333	Escherichia coli ETEC H10407	23	23	23	23	0	0	1.0	100.0	1
map00020	rn00020	Citrate cycle (TCA cycle)	iB21_1397	Escherichia coli BL21(DE3)	iEcDH1_1363	Escherichia coli DH1	23	23	23	23	0	0	1.0	100.0	1
map00020	rn00020	Citrate cycle (TCA cycle)	iB21_1397	Escherichia coli BL21(DE3)	iEcE24377_1341	Escherichia coli O139:H28 str. E24377A	23	23	23	23	0	0	1.0	100.0	1
map00020	rn00020	Citrate cycle (TCA cycle)	iB21_1397	Escherichia coli BL21(DE3)	iEcHS_1320	Escherichia coli HS	23	23	23	23	0	0	1.0	100.0	1
map00020	rn00020	Citrate cycle (TCA cycle)	iB21_1397	Escherichia coli BL21(DE3)	iEcSMS35_1347	Escherichia coli SMS-3-5	23	23	23	23	0	0	1.0	100.0	1
map00020	rn00020	Citrate cycle (TCA cycle)	iB21_1397	Escherichia coli BL21(DE3)	iEcolC_1368	Escherichia coli ATCC 8739	23	23	23	23	0	0	1.0	100.0	1
map00020	rn00020	Citrate cycle (TCA cycle)	iB21_1397	Escherichia coli BL21(DE3)	iG2583_1286	Escherichia coli O55:H7 str. CB9615	23	23	23	23	0	0	1.0	100.0	1
map00020	rn00020	Citrate cycle (TCA cycle)	iB21_1397	Escherichia coli BL21(DE3)	iJO1366	Escherichia coli str. K-12 substr. MG1655	23	22	22	23	1	0	0.9565	95.65	0
map00020	rn00020	Citrate cycle (TCA cycle)	iB21_1397	Escherichia coli BL21(DE3)	iJR904	Escherichia coli str. K-12 substr. MG1655	23	22	22	23	1	0	0.9565	95.65	0
map00020	rn00020	Citrate cycle (TCA cycle)	iB21_1397	Escherichia coli BL21(DE3)	iLF82_1304	Escherichia coli LF82	23	23	23	23	0	0	1.0	100.0	1
map00020	rn00020	Citrate cycle (TCA cycle)	iB21_1397	Escherichia coli BL21(DE3)	iML1515	Escherichia coli str. K-12 substr. MG1655	23	22	22	23	1	0	0.9565	95.65	0
map00020	rn00020	Citrate cycle (TCA cycle)	iB21_1397	Escherichia coli BL21(DE3)	iNRG857_1313	Escherichia coli O83:H1 str. NRG 857C	23	23	23	23	0	0	1.0	100.0	1
map00020	rn00020	Citrate cycle (TCA cycle)	iB21_1397	Escherichia coli BL21(DE3)	iUMN146_1321	Escherichia coli UM146	23	23	23	23	0	0	1.0	100.0	1
map00020	rn00020	Citrate cycle (TCA cycle)	iB21_1397	Escherichia coli BL21(DE3)	iUMNK88_1353	Escherichia coli UMNK88	23	23	23	23	0	0	1.0	100.0	1
map00020	rn00020	Citrate cycle (TCA cycle)	iB21_1397	Escherichia coli BL21(DE3)	iUTI89_1310	Escherichia coli UTI89	23	23	23	23	0	0	1.0	100.0	1
map00020	rn00020	Citrate cycle (TCA cycle)	iB21_1397	Escherichia coli BL21(DE3)	iWFL_1372	Escherichia coli W	23	23	23	23	0	0	1.0	100.0	1
map00020	rn00020	Citrate cycle (TCA cycle)	iB21_1397	Escherichia coli BL21(DE3)	iY75_1357	Escherichia coli str. K-12 substr. W3110	23	23	23	23	0	0	1.0	100.0	1
map00020	rn00020	Citrate cycle (TCA cycle)	iB21_1397	Escherichia coli BL21(DE3)	iZ_1308	Escherichia coli O157:H7 str. EDL933	23	23	23	23	0	0	1.0	100.0	1
map00020	rn00020	Citrate cycle (TCA cycle)	iB21_1397	Escherichia coli BL21(DE3)	ic_1306	Escherichia coli CFT073	23	23	23	23	0	0	1.0	100.0	1
map00020	rn00020	Citrate cycle (TCA cycle)	iBWG_1329	Escherichia coli BW2952	iE2348C_1286	Escherichia coli O127:H6 str. E2348/69	23	23	23	23	0	0	1.0	100.0	1
map00020	rn00020	Citrate cycle (TCA cycle)	iBWG_1329	Escherichia coli BW2952	iEC042_1314	Escherichia coli 042	23	23	23	23	0	0	1.0	100.0	1
map00020	rn00020	Citrate cycle (TCA cycle)	iBWG_1329	Escherichia coli BW2952	iEC1344_C	Escherichia coli C	23	22	22	23	1	0	0.9565	95.65	0
map00020	rn00020	Citrate cycle (TCA cycle)	iBWG_1329	Escherichia coli BW2952	iEC1349_Crooks	Escherichia coli ATCC 8739	23	22	22	23	1	0	0.9565	95.65	0
map00020	rn00020	Citrate cycle (TCA cycle)	iBWG_1329	Escherichia coli BW2952	iEC1356_Bl21DE3	Escherichia coli BL21(DE3)	23	22	22	23	1	0	0.9565	95.65	0
map00020	rn00020	Citrate cycle (TCA cycle)	iBWG_1329	Escherichia coli BW2952	iEC1364_W	Escherichia coli W	23	22	22	23	1	0	0.9565	95.65	0
map00020	rn00020	Citrate cycle (TCA cycle)	iBWG_1329	Escherichia coli BW2952	iEC1368_DH5a	Escherichia coli DH5[alpha]	23	22	22	23	1	0	0.9565	95.65	0
map00020	rn00020	Citrate cycle (TCA cycle)	iBWG_1329	Escherichia coli BW2952	iEC1372_W3110	Escherichia coli str. K-12 substr. W3110	23	22	22	23	1	0	0.9565	95.65	0
map00020	rn00020	Citrate cycle (TCA cycle)	iBWG_1329	Escherichia coli BW2952	iEC55989_1330	Escherichia coli 55989	23	23	23	23	0	0	1.0	100.0	1
map00020	rn00020	Citrate cycle (TCA cycle)	iBWG_1329	Escherichia coli BW2952	iECABU_c1320	Escherichia coli ABU 83972	23	23	23	23	0	0	1.0	100.0	1
map00020	rn00020	Citrate cycle (TCA cycle)	iBWG_1329	Escherichia coli BW2952	iECBD_1354	Escherichia coli 'BL21-Gold(DE3)pLysS AG'	23	23	23	23	0	0	1.0	100.0	1
map00020	rn00020	Citrate cycle (TCA cycle)	iBWG_1329	Escherichia coli BW2952	iECB_1328	Escherichia coli B str. REL606	23	23	23	23	0	0	1.0	100.0	1
map00020	rn00020	Citrate cycle (TCA cycle)	iBWG_1329	Escherichia coli BW2952	iECDH10B_1368	Escherichia coli str. K-12 substr. DH10B	23	23	23	23	0	0	1.0	100.0	1
map00020	rn00020	Citrate cycle (TCA cycle)	iBWG_1329	Escherichia coli BW2952	iECDH1ME8569_1439	Escherichia coli DH1	23	23	23	23	0	0	1.0	100.0	1
map00020	rn00020	Citrate cycle (TCA cycle)	iBWG_1329	Escherichia coli BW2952	iECD_1391	Escherichia coli BL21(DE3)	23	23	23	23	0	0	1.0	100.0	1
map00020	rn00020	Citrate cycle (TCA cycle)	iBWG_1329	Escherichia coli BW2952	iECED1_1282	Escherichia coli ED1a	23	23	23	23	0	0	1.0	100.0	1
map00020	rn00020	Citrate cycle (TCA cycle)	iBWG_1329	Escherichia coli BW2952	iECH74115_1262	Escherichia coli O157:H7 str. EC4115	23	23	23	23	0	0	1.0	100.0	1
map00020	rn00020	Citrate cycle (TCA cycle)	iBWG_1329	Escherichia coli BW2952	iECIAI1_1343	Escherichia coli IAI1	23	23	23	23	0	0	1.0	100.0	1
map00020	rn00020	Citrate cycle (TCA cycle)	iBWG_1329	Escherichia coli BW2952	iECIAI39_1322	Escherichia coli IAI39	23	23	23	23	0	0	1.0	100.0	1
map00020	rn00020	Citrate cycle (TCA cycle)	iBWG_1329	Escherichia coli BW2952	iECNA114_1301	Escherichia coli NA114	23	23	23	23	0	0	1.0	100.0	1
map00020	rn00020	Citrate cycle (TCA cycle)	iBWG_1329	Escherichia coli BW2952	iECO103_1326	Escherichia coli O103:H2 str. 12009	23	23	23	23	0	0	1.0	100.0	1
map00020	rn00020	Citrate cycle (TCA cycle)	iBWG_1329	Escherichia coli BW2952	iECO111_1330	Escherichia coli O111:H- str. 11128	23	23	23	23	0	0	1.0	100.0	1
map00020	rn00020	Citrate cycle (TCA cycle)	iBWG_1329	Escherichia coli BW2952	iECO26_1355	Escherichia coli O26:H11 str. 11368	23	23	23	23	0	0	1.0	100.0	1
map00020	rn00020	Citrate cycle (TCA cycle)	iBWG_1329	Escherichia coli BW2952	iECOK1_1307	Escherichia coli IHE3034	23	23	23	23	0	0	1.0	100.0	1
map00020	rn00020	Citrate cycle (TCA cycle)	iBWG_1329	Escherichia coli BW2952	iECP_1309	Escherichia coli 536	23	23	23	23	0	0	1.0	100.0	1
map00020	rn00020	Citrate cycle (TCA cycle)	iBWG_1329	Escherichia coli BW2952	iECS88_1305	Escherichia coli S88	23	23	23	23	0	0	1.0	100.0	1
map00020	rn00020	Citrate cycle (TCA cycle)	iBWG_1329	Escherichia coli BW2952	iECSE_1348	Escherichia coli SE11	23	23	23	23	0	0	1.0	100.0	1
map00020	rn00020	Citrate cycle (TCA cycle)	iBWG_1329	Escherichia coli BW2952	iECSF_1327	Escherichia coli SE15	23	23	23	23	0	0	1.0	100.0	1
map00020	rn00020	Citrate cycle (TCA cycle)	iBWG_1329	Escherichia coli BW2952	iECSP_1301	Escherichia coli O157:H7 str. TW14359	23	23	23	23	0	0	1.0	100.0	1
map00020	rn00020	Citrate cycle (TCA cycle)	iBWG_1329	Escherichia coli BW2952	iECUMN_1333	Escherichia coli UMN026	23	23	23	23	0	0	1.0	100.0	1
map00020	rn00020	Citrate cycle (TCA cycle)	iBWG_1329	Escherichia coli BW2952	iECW_1372	Escherichia coli W	23	23	23	23	0	0	1.0	100.0	1
map00020	rn00020	Citrate cycle (TCA cycle)	iBWG_1329	Escherichia coli BW2952	iECs_1301	Escherichia coli O157:H7 str. Sakai	23	23	23	23	0	0	1.0	100.0	1
map00020	rn00020	Citrate cycle (TCA cycle)	iBWG_1329	Escherichia coli BW2952	iEKO11_1354	Escherichia coli KO11FL	23	23	23	23	0	0	1.0	100.0	1
map00020	rn00020	Citrate cycle (TCA cycle)	iBWG_1329	Escherichia coli BW2952	iETEC_1333	Escherichia coli ETEC H10407	23	23	23	23	0	0	1.0	100.0	1
map00020	rn00020	Citrate cycle (TCA cycle)	iBWG_1329	Escherichia coli BW2952	iEcDH1_1363	Escherichia coli DH1	23	23	23	23	0	0	1.0	100.0	1
map00020	rn00020	Citrate cycle (TCA cycle)	iBWG_1329	Escherichia coli BW2952	iEcE24377_1341	Escherichia coli O139:H28 str. E24377A	23	23	23	23	0	0	1.0	100.0	1
map00020	rn00020	Citrate cycle (TCA cycle)	iBWG_1329	Escherichia coli BW2952	iEcHS_1320	Escherichia coli HS	23	23	23	23	0	0	1.0	100.0	1
map00020	rn00020	Citrate cycle (TCA cycle)	iBWG_1329	Escherichia coli BW2952	iEcSMS35_1347	Escherichia coli SMS-3-5	23	23	23	23	0	0	1.0	100.0	1
map00020	rn00020	Citrate cycle (TCA cycle)	iBWG_1329	Escherichia coli BW2952	iEcolC_1368	Escherichia coli ATCC 8739	23	23	23	23	0	0	1.0	100.0	1
map00020	rn00020	Citrate cycle (TCA cycle)	iBWG_1329	Escherichia coli BW2952	iG2583_1286	Escherichia coli O55:H7 str. CB9615	23	23	23	23	0	0	1.0	100.0	1
map00020	rn00020	Citrate cycle (TCA cycle)	iBWG_1329	Escherichia coli BW2952	iJO1366	Escherichia coli str. K-12 substr. MG1655	23	22	22	23	1	0	0.9565	95.65	0
map00020	rn00020	Citrate cycle (TCA cycle)	iBWG_1329	Escherichia coli BW2952	iJR904	Escherichia coli str. K-12 substr. MG1655	23	22	22	23	1	0	0.9565	95.65	0
map00020	rn00020	Citrate cycle (TCA cycle)	iBWG_1329	Escherichia coli BW2952	iLF82_1304	Escherichia coli LF82	23	23	23	23	0	0	1.0	100.0	1
map00020	rn00020	Citrate cycle (TCA cycle)	iBWG_1329	Escherichia coli BW2952	iML1515	Escherichia coli str. K-12 substr. MG1655	23	22	22	23	1	0	0.9565	95.65	0
map00020	rn00020	Citrate cycle (TCA cycle)	iBWG_1329	Escherichia coli BW2952	iNRG857_1313	Escherichia coli O83:H1 str. NRG 857C	23	23	23	23	0	0	1.0	100.0	1
map00020	rn00020	Citrate cycle (TCA cycle)	iBWG_1329	Escherichia coli BW2952	iUMN146_1321	Escherichia coli UM146	23	23	23	23	0	0	1.0	100.0	1
map00020	rn00020	Citrate cycle (TCA cycle)	iBWG_1329	Escherichia coli BW2952	iUMNK88_1353	Escherichia coli UMNK88	23	23	23	23	0	0	1.0	100.0	1
map00020	rn00020	Citrate cycle (TCA cycle)	iBWG_1329	Escherichia coli BW2952	iUTI89_1310	Escherichia coli UTI89	23	23	23	23	0	0	1.0	100.0	1
map00020	rn00020	Citrate cycle (TCA cycle)	iBWG_1329	Escherichia coli BW2952	iWFL_1372	Escherichia coli W	23	23	23	23	0	0	1.0	100.0	1
map00020	rn00020	Citrate cycle (TCA cycle)	iBWG_1329	Escherichia coli BW2952	iY75_1357	Escherichia coli str. K-12 substr. W3110	23	23	23	23	0	0	1.0	100.0	1
map00020	rn00020	Citrate cycle (TCA cycle)	iBWG_1329	Escherichia coli BW2952	iZ_1308	Escherichia coli O157:H7 str. EDL933	23	23	23	23	0	0	1.0	100.0	1
map00020	rn00020	Citrate cycle (TCA cycle)	iBWG_1329	Escherichia coli BW2952	ic_1306	Escherichia coli CFT073	23	23	23	23	0	0	1.0	100.0	1
map00020	rn00020	Citrate cycle (TCA cycle)	iE2348C_1286	Escherichia coli O127:H6 str. E2348/69	iEC042_1314	Escherichia coli 042	23	23	23	23	0	0	1.0	100.0	1
map00020	rn00020	Citrate cycle (TCA cycle)	iE2348C_1286	Escherichia coli O127:H6 str. E2348/69	iEC1344_C	Escherichia coli C	23	22	22	23	1	0	0.9565	95.65	0
map00020	rn00020	Citrate cycle (TCA cycle)	iE2348C_1286	Escherichia coli O127:H6 str. E2348/69	iEC1349_Crooks	Escherichia coli ATCC 8739	23	22	22	23	1	0	0.9565	95.65	0
map00020	rn00020	Citrate cycle (TCA cycle)	iE2348C_1286	Escherichia coli O127:H6 str. E2348/69	iEC1356_Bl21DE3	Escherichia coli BL21(DE3)	23	22	22	23	1	0	0.9565	95.65	0
map00020	rn00020	Citrate cycle (TCA cycle)	iE2348C_1286	Escherichia coli O127:H6 str. E2348/69	iEC1364_W	Escherichia coli W	23	22	22	23	1	0	0.9565	95.65	0
map00020	rn00020	Citrate cycle (TCA cycle)	iE2348C_1286	Escherichia coli O127:H6 str. E2348/69	iEC1368_DH5a	Escherichia coli DH5[alpha]	23	22	22	23	1	0	0.9565	95.65	0
map00020	rn00020	Citrate cycle (TCA cycle)	iE2348C_1286	Escherichia coli O127:H6 str. E2348/69	iEC1372_W3110	Escherichia coli str. K-12 substr. W3110	23	22	22	23	1	0	0.9565	95.65	0
map00020	rn00020	Citrate cycle (TCA cycle)	iE2348C_1286	Escherichia coli O127:H6 str. E2348/69	iEC55989_1330	Escherichia coli 55989	23	23	23	23	0	0	1.0	100.0	1
map00020	rn00020	Citrate cycle (TCA cycle)	iE2348C_1286	Escherichia coli O127:H6 str. E2348/69	iECABU_c1320	Escherichia coli ABU 83972	23	23	23	23	0	0	1.0	100.0	1
map00020	rn00020	Citrate cycle (TCA cycle)	iE2348C_1286	Escherichia coli O127:H6 str. E2348/69	iECBD_1354	Escherichia coli 'BL21-Gold(DE3)pLysS AG'	23	23	23	23	0	0	1.0	100.0	1
map00020	rn00020	Citrate cycle (TCA cycle)	iE2348C_1286	Escherichia coli O127:H6 str. E2348/69	iECB_1328	Escherichia coli B str. REL606	23	23	23	23	0	0	1.0	100.0	1
map00020	rn00020	Citrate cycle (TCA cycle)	iE2348C_1286	Escherichia coli O127:H6 str. E2348/69	iECDH10B_1368	Escherichia coli str. K-12 substr. DH10B	23	23	23	23	0	0	1.0	100.0	1
map00020	rn00020	Citrate cycle (TCA cycle)	iE2348C_1286	Escherichia coli O127:H6 str. E2348/69	iECDH1ME8569_1439	Escherichia coli DH1	23	23	23	23	0	0	1.0	100.0	1
map00020	rn00020	Citrate cycle (TCA cycle)	iE2348C_1286	Escherichia coli O127:H6 str. E2348/69	iECD_1391	Escherichia coli BL21(DE3)	23	23	23	23	0	0	1.0	100.0	1
map00020	rn00020	Citrate cycle (TCA cycle)	iE2348C_1286	Escherichia coli O127:H6 str. E2348/69	iECED1_1282	Escherichia coli ED1a	23	23	23	23	0	0	1.0	100.0	1
map00020	rn00020	Citrate cycle (TCA cycle)	iE2348C_1286	Escherichia coli O127:H6 str. E2348/69	iECH74115_1262	Escherichia coli O157:H7 str. EC4115	23	23	23	23	0	0	1.0	100.0	1
map00020	rn00020	Citrate cycle (TCA cycle)	iE2348C_1286	Escherichia coli O127:H6 str. E2348/69	iECIAI1_1343	Escherichia coli IAI1	23	23	23	23	0	0	1.0	100.0	1
map00020	rn00020	Citrate cycle (TCA cycle)	iE2348C_1286	Escherichia coli O127:H6 str. E2348/69	iECIAI39_1322	Escherichia coli IAI39	23	23	23	23	0	0	1.0	100.0	1
map00020	rn00020	Citrate cycle (TCA cycle)	iE2348C_1286	Escherichia coli O127:H6 str. E2348/69	iECNA114_1301	Escherichia coli NA114	23	23	23	23	0	0	1.0	100.0	1
map00020	rn00020	Citrate cycle (TCA cycle)	iE2348C_1286	Escherichia coli O127:H6 str. E2348/69	iECO103_1326	Escherichia coli O103:H2 str. 12009	23	23	23	23	0	0	1.0	100.0	1
map00020	rn00020	Citrate cycle (TCA cycle)	iE2348C_1286	Escherichia coli O127:H6 str. E2348/69	iECO111_1330	Escherichia coli O111:H- str. 11128	23	23	23	23	0	0	1.0	100.0	1
map00020	rn00020	Citrate cycle (TCA cycle)	iE2348C_1286	Escherichia coli O127:H6 str. E2348/69	iECO26_1355	Escherichia coli O26:H11 str. 11368	23	23	23	23	0	0	1.0	100.0	1
map00020	rn00020	Citrate cycle (TCA cycle)	iE2348C_1286	Escherichia coli O127:H6 str. E2348/69	iECOK1_1307	Escherichia coli IHE3034	23	23	23	23	0	0	1.0	100.0	1
map00020	rn00020	Citrate cycle (TCA cycle)	iE2348C_1286	Escherichia coli O127:H6 str. E2348/69	iECP_1309	Escherichia coli 536	23	23	23	23	0	0	1.0	100.0	1
map00020	rn00020	Citrate cycle (TCA cycle)	iE2348C_1286	Escherichia coli O127:H6 str. E2348/69	iECS88_1305	Escherichia coli S88	23	23	23	23	0	0	1.0	100.0	1
map00020	rn00020	Citrate cycle (TCA cycle)	iE2348C_1286	Escherichia coli O127:H6 str. E2348/69	iECSE_1348	Escherichia coli SE11	23	23	23	23	0	0	1.0	100.0	1
map00020	rn00020	Citrate cycle (TCA cycle)	iE2348C_1286	Escherichia coli O127:H6 str. E2348/69	iECSF_1327	Escherichia coli SE15	23	23	23	23	0	0	1.0	100.0	1
map00020	rn00020	Citrate cycle (TCA cycle)	iE2348C_1286	Escherichia coli O127:H6 str. E2348/69	iECSP_1301	Escherichia coli O157:H7 str. TW14359	23	23	23	23	0	0	1.0	100.0	1
map00020	rn00020	Citrate cycle (TCA cycle)	iE2348C_1286	Escherichia coli O127:H6 str. E2348/69	iECUMN_1333	Escherichia coli UMN026	23	23	23	23	0	0	1.0	100.0	1
map00020	rn00020	Citrate cycle (TCA cycle)	iE2348C_1286	Escherichia coli O127:H6 str. E2348/69	iECW_1372	Escherichia coli W	23	23	23	23	0	0	1.0	100.0	1
map00020	rn00020	Citrate cycle (TCA cycle)	iE2348C_1286	Escherichia coli O127:H6 str. E2348/69	iECs_1301	Escherichia coli O157:H7 str. Sakai	23	23	23	23	0	0	1.0	100.0	1
map00020	rn00020	Citrate cycle (TCA cycle)	iE2348C_1286	Escherichia coli O127:H6 str. E2348/69	iEKO11_1354	Escherichia coli KO11FL	23	23	23	23	0	0	1.0	100.0	1
map00020	rn00020	Citrate cycle (TCA cycle)	iE2348C_1286	Escherichia coli O127:H6 str. E2348/69	iETEC_1333	Escherichia coli ETEC H10407	23	23	23	23	0	0	1.0	100.0	1
map00020	rn00020	Citrate cycle (TCA cycle)	iE2348C_1286	Escherichia coli O127:H6 str. E2348/69	iEcDH1_1363	Escherichia coli DH1	23	23	23	23	0	0	1.0	100.0	1
map00020	rn00020	Citrate cycle (TCA cycle)	iE2348C_1286	Escherichia coli O127:H6 str. E2348/69	iEcE24377_1341	Escherichia coli O139:H28 str. E24377A	23	23	23	23	0	0	1.0	100.0	1
map00020	rn00020	Citrate cycle (TCA cycle)	iE2348C_1286	Escherichia coli O127:H6 str. E2348/69	iEcHS_1320	Escherichia coli HS	23	23	23	23	0	0	1.0	100.0	1
map00020	rn00020	Citrate cycle (TCA cycle)	iE2348C_1286	Escherichia coli O127:H6 str. E2348/69	iEcSMS35_1347	Escherichia coli SMS-3-5	23	23	23	23	0	0	1.0	100.0	1
map00020	rn00020	Citrate cycle (TCA cycle)	iE2348C_1286	Escherichia coli O127:H6 str. E2348/69	iEcolC_1368	Escherichia coli ATCC 8739	23	23	23	23	0	0	1.0	100.0	1
map00020	rn00020	Citrate cycle (TCA cycle)	iE2348C_1286	Escherichia coli O127:H6 str. E2348/69	iG2583_1286	Escherichia coli O55:H7 str. CB9615	23	23	23	23	0	0	1.0	100.0	1
map00020	rn00020	Citrate cycle (TCA cycle)	iE2348C_1286	Escherichia coli O127:H6 str. E2348/69	iJO1366	Escherichia coli str. K-12 substr. MG1655	23	22	22	23	1	0	0.9565	95.65	0
map00020	rn00020	Citrate cycle (TCA cycle)	iE2348C_1286	Escherichia coli O127:H6 str. E2348/69	iJR904	Escherichia coli str. K-12 substr. MG1655	23	22	22	23	1	0	0.9565	95.65	0
map00020	rn00020	Citrate cycle (TCA cycle)	iE2348C_1286	Escherichia coli O127:H6 str. E2348/69	iLF82_1304	Escherichia coli LF82	23	23	23	23	0	0	1.0	100.0	1
map00020	rn00020	Citrate cycle (TCA cycle)	iE2348C_1286	Escherichia coli O127:H6 str. E2348/69	iML1515	Escherichia coli str. K-12 substr. MG1655	23	22	22	23	1	0	0.9565	95.65	0
map00020	rn00020	Citrate cycle (TCA cycle)	iE2348C_1286	Escherichia coli O127:H6 str. E2348/69	iNRG857_1313	Escherichia coli O83:H1 str. NRG 857C	23	23	23	23	0	0	1.0	100.0	1
map00020	rn00020	Citrate cycle (TCA cycle)	iE2348C_1286	Escherichia coli O127:H6 str. E2348/69	iUMN146_1321	Escherichia coli UM146	23	23	23	23	0	0	1.0	100.0	1
map00020	rn00020	Citrate cycle (TCA cycle)	iE2348C_1286	Escherichia coli O127:H6 str. E2348/69	iUMNK88_1353	Escherichia coli UMNK88	23	23	23	23	0	0	1.0	100.0	1
map00020	rn00020	Citrate cycle (TCA cycle)	iE2348C_1286	Escherichia coli O127:H6 str. E2348/69	iUTI89_1310	Escherichia coli UTI89	23	23	23	23	0	0	1.0	100.0	1
map00020	rn00020	Citrate cycle (TCA cycle)	iE2348C_1286	Escherichia coli O127:H6 str. E2348/69	iWFL_1372	Escherichia coli W	23	23	23	23	0	0	1.0	100.0	1
map00020	rn00020	Citrate cycle (TCA cycle)	iE2348C_1286	Escherichia coli O127:H6 str. E2348/69	iY75_1357	Escherichia coli str. K-12 substr. W3110	23	23	23	23	0	0	1.0	100.0	1
map00020	rn00020	Citrate cycle (TCA cycle)	iE2348C_1286	Escherichia coli O127:H6 str. E2348/69	iZ_1308	Escherichia coli O157:H7 str. EDL933	23	23	23	23	0	0	1.0	100.0	1
map00020	rn00020	Citrate cycle (TCA cycle)	iE2348C_1286	Escherichia coli O127:H6 str. E2348/69	ic_1306	Escherichia coli CFT073	23	23	23	23	0	0	1.0	100.0	1
map00020	rn00020	Citrate cycle (TCA cycle)	iEC042_1314	Escherichia coli 042	iEC1344_C	Escherichia coli C	23	22	22	23	1	0	0.9565	95.65	0
map00020	rn00020	Citrate cycle (TCA cycle)	iEC042_1314	Escherichia coli 042	iEC1349_Crooks	Escherichia coli ATCC 8739	23	22	22	23	1	0	0.9565	95.65	0
map00020	rn00020	Citrate cycle (TCA cycle)	iEC042_1314	Escherichia coli 042	iEC1356_Bl21DE3	Escherichia coli BL21(DE3)	23	22	22	23	1	0	0.9565	95.65	0
map00020	rn00020	Citrate cycle (TCA cycle)	iEC042_1314	Escherichia coli 042	iEC1364_W	Escherichia coli W	23	22	22	23	1	0	0.9565	95.65	0
map00020	rn00020	Citrate cycle (TCA cycle)	iEC042_1314	Escherichia coli 042	iEC1368_DH5a	Escherichia coli DH5[alpha]	23	22	22	23	1	0	0.9565	95.65	0
map00020	rn00020	Citrate cycle (TCA cycle)	iEC042_1314	Escherichia coli 042	iEC1372_W3110	Escherichia coli str. K-12 substr. W3110	23	22	22	23	1	0	0.9565	95.65	0
map00020	rn00020	Citrate cycle (TCA cycle)	iEC042_1314	Escherichia coli 042	iEC55989_1330	Escherichia coli 55989	23	23	23	23	0	0	1.0	100.0	1
map00020	rn00020	Citrate cycle (TCA cycle)	iEC042_1314	Escherichia coli 042	iECABU_c1320	Escherichia coli ABU 83972	23	23	23	23	0	0	1.0	100.0	1
map00020	rn00020	Citrate cycle (TCA cycle)	iEC042_1314	Escherichia coli 042	iECBD_1354	Escherichia coli 'BL21-Gold(DE3)pLysS AG'	23	23	23	23	0	0	1.0	100.0	1
map00020	rn00020	Citrate cycle (TCA cycle)	iEC042_1314	Escherichia coli 042	iECB_1328	Escherichia coli B str. REL606	23	23	23	23	0	0	1.0	100.0	1
map00020	rn00020	Citrate cycle (TCA cycle)	iEC042_1314	Escherichia coli 042	iECDH10B_1368	Escherichia coli str. K-12 substr. DH10B	23	23	23	23	0	0	1.0	100.0	1
map00020	rn00020	Citrate cycle (TCA cycle)	iEC042_1314	Escherichia coli 042	iECDH1ME8569_1439	Escherichia coli DH1	23	23	23	23	0	0	1.0	100.0	1
map00020	rn00020	Citrate cycle (TCA cycle)	iEC042_1314	Escherichia coli 042	iECD_1391	Escherichia coli BL21(DE3)	23	23	23	23	0	0	1.0	100.0	1
map00020	rn00020	Citrate cycle (TCA cycle)	iEC042_1314	Escherichia coli 042	iECED1_1282	Escherichia coli ED1a	23	23	23	23	0	0	1.0	100.0	1
map00020	rn00020	Citrate cycle (TCA cycle)	iEC042_1314	Escherichia coli 042	iECH74115_1262	Escherichia coli O157:H7 str. EC4115	23	23	23	23	0	0	1.0	100.0	1
map00020	rn00020	Citrate cycle (TCA cycle)	iEC042_1314	Escherichia coli 042	iECIAI1_1343	Escherichia coli IAI1	23	23	23	23	0	0	1.0	100.0	1
map00020	rn00020	Citrate cycle (TCA cycle)	iEC042_1314	Escherichia coli 042	iECIAI39_1322	Escherichia coli IAI39	23	23	23	23	0	0	1.0	100.0	1
map00020	rn00020	Citrate cycle (TCA cycle)	iEC042_1314	Escherichia coli 042	iECNA114_1301	Escherichia coli NA114	23	23	23	23	0	0	1.0	100.0	1
map00020	rn00020	Citrate cycle (TCA cycle)	iEC042_1314	Escherichia coli 042	iECO103_1326	Escherichia coli O103:H2 str. 12009	23	23	23	23	0	0	1.0	100.0	1
map00020	rn00020	Citrate cycle (TCA cycle)	iEC042_1314	Escherichia coli 042	iECO111_1330	Escherichia coli O111:H- str. 11128	23	23	23	23	0	0	1.0	100.0	1
map00020	rn00020	Citrate cycle (TCA cycle)	iEC042_1314	Escherichia coli 042	iECO26_1355	Escherichia coli O26:H11 str. 11368	23	23	23	23	0	0	1.0	100.0	1
map00020	rn00020	Citrate cycle (TCA cycle)	iEC042_1314	Escherichia coli 042	iECOK1_1307	Escherichia coli IHE3034	23	23	23	23	0	0	1.0	100.0	1
map00020	rn00020	Citrate cycle (TCA cycle)	iEC042_1314	Escherichia coli 042	iECP_1309	Escherichia coli 536	23	23	23	23	0	0	1.0	100.0	1
map00020	rn00020	Citrate cycle (TCA cycle)	iEC042_1314	Escherichia coli 042	iECS88_1305	Escherichia coli S88	23	23	23	23	0	0	1.0	100.0	1
map00020	rn00020	Citrate cycle (TCA cycle)	iEC042_1314	Escherichia coli 042	iECSE_1348	Escherichia coli SE11	23	23	23	23	0	0	1.0	100.0	1
map00020	rn00020	Citrate cycle (TCA cycle)	iEC042_1314	Escherichia coli 042	iECSF_1327	Escherichia coli SE15	23	23	23	23	0	0	1.0	100.0	1
map00020	rn00020	Citrate cycle (TCA cycle)	iEC042_1314	Escherichia coli 042	iECSP_1301	Escherichia coli O157:H7 str. TW14359	23	23	23	23	0	0	1.0	100.0	1
map00020	rn00020	Citrate cycle (TCA cycle)	iEC042_1314	Escherichia coli 042	iECUMN_1333	Escherichia coli UMN026	23	23	23	23	0	0	1.0	100.0	1
map00020	rn00020	Citrate cycle (TCA cycle)	iEC042_1314	Escherichia coli 042	iECW_1372	Escherichia coli W	23	23	23	23	0	0	1.0	100.0	1
map00020	rn00020	Citrate cycle (TCA cycle)	iEC042_1314	Escherichia coli 042	iECs_1301	Escherichia coli O157:H7 str. Sakai	23	23	23	23	0	0	1.0	100.0	1
map00020	rn00020	Citrate cycle (TCA cycle)	iEC042_1314	Escherichia coli 042	iEKO11_1354	Escherichia coli KO11FL	23	23	23	23	0	0	1.0	100.0	1
map00020	rn00020	Citrate cycle (TCA cycle)	iEC042_1314	Escherichia coli 042	iETEC_1333	Escherichia coli ETEC H10407	23	23	23	23	0	0	1.0	100.0	1
map00020	rn00020	Citrate cycle (TCA cycle)	iEC042_1314	Escherichia coli 042	iEcDH1_1363	Escherichia coli DH1	23	23	23	23	0	0	1.0	100.0	1
map00020	rn00020	Citrate cycle (TCA cycle)	iEC042_1314	Escherichia coli 042	iEcE24377_1341	Escherichia coli O139:H28 str. E24377A	23	23	23	23	0	0	1.0	100.0	1
map00020	rn00020	Citrate cycle (TCA cycle)	iEC042_1314	Escherichia coli 042	iEcHS_1320	Escherichia coli HS	23	23	23	23	0	0	1.0	100.0	1
map00020	rn00020	Citrate cycle (TCA cycle)	iEC042_1314	Escherichia coli 042	iEcSMS35_1347	Escherichia coli SMS-3-5	23	23	23	23	0	0	1.0	100.0	1
map00020	rn00020	Citrate cycle (TCA cycle)	iEC042_1314	Escherichia coli 042	iEcolC_1368	Escherichia coli ATCC 8739	23	23	23	23	0	0	1.0	100.0	1
map00020	rn00020	Citrate cycle (TCA cycle)	iEC042_1314	Escherichia coli 042	iG2583_1286	Escherichia coli O55:H7 str. CB9615	23	23	23	23	0	0	1.0	100.0	1
map00020	rn00020	Citrate cycle (TCA cycle)	iEC042_1314	Escherichia coli 042	iJO1366	Escherichia coli str. K-12 substr. MG1655	23	22	22	23	1	0	0.9565	95.65	0
map00020	rn00020	Citrate cycle (TCA cycle)	iEC042_1314	Escherichia coli 042	iJR904	Escherichia coli str. K-12 substr. MG1655	23	22	22	23	1	0	0.9565	95.65	0
map00020	rn00020	Citrate cycle (TCA cycle)	iEC042_1314	Escherichia coli 042	iLF82_1304	Escherichia coli LF82	23	23	23	23	0	0	1.0	100.0	1
map00020	rn00020	Citrate cycle (TCA cycle)	iEC042_1314	Escherichia coli 042	iML1515	Escherichia coli str. K-12 substr. MG1655	23	22	22	23	1	0	0.9565	95.65	0
map00020	rn00020	Citrate cycle (TCA cycle)	iEC042_1314	Escherichia coli 042	iNRG857_1313	Escherichia coli O83:H1 str. NRG 857C	23	23	23	23	0	0	1.0	100.0	1
map00020	rn00020	Citrate cycle (TCA cycle)	iEC042_1314	Escherichia coli 042	iUMN146_1321	Escherichia coli UM146	23	23	23	23	0	0	1.0	100.0	1
map00020	rn00020	Citrate cycle (TCA cycle)	iEC042_1314	Escherichia coli 042	iUMNK88_1353	Escherichia coli UMNK88	23	23	23	23	0	0	1.0	100.0	1
map00020	rn00020	Citrate cycle (TCA cycle)	iEC042_1314	Escherichia coli 042	iUTI89_1310	Escherichia coli UTI89	23	23	23	23	0	0	1.0	100.0	1
map00020	rn00020	Citrate cycle (TCA cycle)	iEC042_1314	Escherichia coli 042	iWFL_1372	Escherichia coli W	23	23	23	23	0	0	1.0	100.0	1
map00020	rn00020	Citrate cycle (TCA cycle)	iEC042_1314	Escherichia coli 042	iY75_1357	Escherichia coli str. K-12 substr. W3110	23	23	23	23	0	0	1.0	100.0	1
map00020	rn00020	Citrate cycle (TCA cycle)	iEC042_1314	Escherichia coli 042	iZ_1308	Escherichia coli O157:H7 str. EDL933	23	23	23	23	0	0	1.0	100.0	1
map00020	rn00020	Citrate cycle (TCA cycle)	iEC042_1314	Escherichia coli 042	ic_1306	Escherichia coli CFT073	23	23	23	23	0	0	1.0	100.0	1
map00020	rn00020	Citrate cycle (TCA cycle)	iEC1344_C	Escherichia coli C	iEC1349_Crooks	Escherichia coli ATCC 8739	22	22	22	22	0	0	1.0	100.0	1
map00020	rn00020	Citrate cycle (TCA cycle)	iEC1344_C	Escherichia coli C	iEC1356_Bl21DE3	Escherichia coli BL21(DE3)	22	22	22	22	0	0	1.0	100.0	1
map00020	rn00020	Citrate cycle (TCA cycle)	iEC1344_C	Escherichia coli C	iEC1364_W	Escherichia coli W	22	22	22	22	0	0	1.0	100.0	1
map00020	rn00020	Citrate cycle (TCA cycle)	iEC1344_C	Escherichia coli C	iEC1368_DH5a	Escherichia coli DH5[alpha]	22	22	22	22	0	0	1.0	100.0	1
map00020	rn00020	Citrate cycle (TCA cycle)	iEC1344_C	Escherichia coli C	iEC1372_W3110	Escherichia coli str. K-12 substr. W3110	22	22	22	22	0	0	1.0	100.0	1
map00020	rn00020	Citrate cycle (TCA cycle)	iEC1344_C	Escherichia coli C	iEC55989_1330	Escherichia coli 55989	22	23	22	23	0	1	0.9565	95.65	0
map00020	rn00020	Citrate cycle (TCA cycle)	iEC1344_C	Escherichia coli C	iECABU_c1320	Escherichia coli ABU 83972	22	23	22	23	0	1	0.9565	95.65	0
map00020	rn00020	Citrate cycle (TCA cycle)	iEC1344_C	Escherichia coli C	iECBD_1354	Escherichia coli 'BL21-Gold(DE3)pLysS AG'	22	23	22	23	0	1	0.9565	95.65	0
map00020	rn00020	Citrate cycle (TCA cycle)	iEC1344_C	Escherichia coli C	iECB_1328	Escherichia coli B str. REL606	22	23	22	23	0	1	0.9565	95.65	0
map00020	rn00020	Citrate cycle (TCA cycle)	iEC1344_C	Escherichia coli C	iECDH10B_1368	Escherichia coli str. K-12 substr. DH10B	22	23	22	23	0	1	0.9565	95.65	0
map00020	rn00020	Citrate cycle (TCA cycle)	iEC1344_C	Escherichia coli C	iECDH1ME8569_1439	Escherichia coli DH1	22	23	22	23	0	1	0.9565	95.65	0
map00020	rn00020	Citrate cycle (TCA cycle)	iEC1344_C	Escherichia coli C	iECD_1391	Escherichia coli BL21(DE3)	22	23	22	23	0	1	0.9565	95.65	0
map00020	rn00020	Citrate cycle (TCA cycle)	iEC1344_C	Escherichia coli C	iECED1_1282	Escherichia coli ED1a	22	23	22	23	0	1	0.9565	95.65	0
map00020	rn00020	Citrate cycle (TCA cycle)	iEC1344_C	Escherichia coli C	iECH74115_1262	Escherichia coli O157:H7 str. EC4115	22	23	22	23	0	1	0.9565	95.65	0
map00020	rn00020	Citrate cycle (TCA cycle)	iEC1344_C	Escherichia coli C	iECIAI1_1343	Escherichia coli IAI1	22	23	22	23	0	1	0.9565	95.65	0
map00020	rn00020	Citrate cycle (TCA cycle)	iEC1344_C	Escherichia coli C	iECIAI39_1322	Escherichia coli IAI39	22	23	22	23	0	1	0.9565	95.65	0
map00020	rn00020	Citrate cycle (TCA cycle)	iEC1344_C	Escherichia coli C	iECNA114_1301	Escherichia coli NA114	22	23	22	23	0	1	0.9565	95.65	0
map00020	rn00020	Citrate cycle (TCA cycle)	iEC1344_C	Escherichia coli C	iECO103_1326	Escherichia coli O103:H2 str. 12009	22	23	22	23	0	1	0.9565	95.65	0
map00020	rn00020	Citrate cycle (TCA cycle)	iEC1344_C	Escherichia coli C	iECO111_1330	Escherichia coli O111:H- str. 11128	22	23	22	23	0	1	0.9565	95.65	0
map00020	rn00020	Citrate cycle (TCA cycle)	iEC1344_C	Escherichia coli C	iECO26_1355	Escherichia coli O26:H11 str. 11368	22	23	22	23	0	1	0.9565	95.65	0
map00020	rn00020	Citrate cycle (TCA cycle)	iEC1344_C	Escherichia coli C	iECOK1_1307	Escherichia coli IHE3034	22	23	22	23	0	1	0.9565	95.65	0
map00020	rn00020	Citrate cycle (TCA cycle)	iEC1344_C	Escherichia coli C	iECP_1309	Escherichia coli 536	22	23	22	23	0	1	0.9565	95.65	0
map00020	rn00020	Citrate cycle (TCA cycle)	iEC1344_C	Escherichia coli C	iECS88_1305	Escherichia coli S88	22	23	22	23	0	1	0.9565	95.65	0
map00020	rn00020	Citrate cycle (TCA cycle)	iEC1344_C	Escherichia coli C	iECSE_1348	Escherichia coli SE11	22	23	22	23	0	1	0.9565	95.65	0
map00020	rn00020	Citrate cycle (TCA cycle)	iEC1344_C	Escherichia coli C	iECSF_1327	Escherichia coli SE15	22	23	22	23	0	1	0.9565	95.65	0
map00020	rn00020	Citrate cycle (TCA cycle)	iEC1344_C	Escherichia coli C	iECSP_1301	Escherichia coli O157:H7 str. TW14359	22	23	22	23	0	1	0.9565	95.65	0
map00020	rn00020	Citrate cycle (TCA cycle)	iEC1344_C	Escherichia coli C	iECUMN_1333	Escherichia coli UMN026	22	23	22	23	0	1	0.9565	95.65	0
map00020	rn00020	Citrate cycle (TCA cycle)	iEC1344_C	Escherichia coli C	iECW_1372	Escherichia coli W	22	23	22	23	0	1	0.9565	95.65	0
map00020	rn00020	Citrate cycle (TCA cycle)	iEC1344_C	Escherichia coli C	iECs_1301	Escherichia coli O157:H7 str. Sakai	22	23	22	23	0	1	0.9565	95.65	0
map00020	rn00020	Citrate cycle (TCA cycle)	iEC1344_C	Escherichia coli C	iEKO11_1354	Escherichia coli KO11FL	22	23	22	23	0	1	0.9565	95.65	0
map00020	rn00020	Citrate cycle (TCA cycle)	iEC1344_C	Escherichia coli C	iETEC_1333	Escherichia coli ETEC H10407	22	23	22	23	0	1	0.9565	95.65	0
map00020	rn00020	Citrate cycle (TCA cycle)	iEC1344_C	Escherichia coli C	iEcDH1_1363	Escherichia coli DH1	22	23	22	23	0	1	0.9565	95.65	0
map00020	rn00020	Citrate cycle (TCA cycle)	iEC1344_C	Escherichia coli C	iEcE24377_1341	Escherichia coli O139:H28 str. E24377A	22	23	22	23	0	1	0.9565	95.65	0
map00020	rn00020	Citrate cycle (TCA cycle)	iEC1344_C	Escherichia coli C	iEcHS_1320	Escherichia coli HS	22	23	22	23	0	1	0.9565	95.65	0
map00020	rn00020	Citrate cycle (TCA cycle)	iEC1344_C	Escherichia coli C	iEcSMS35_1347	Escherichia coli SMS-3-5	22	23	22	23	0	1	0.9565	95.65	0
map00020	rn00020	Citrate cycle (TCA cycle)	iEC1344_C	Escherichia coli C	iEcolC_1368	Escherichia coli ATCC 8739	22	23	22	23	0	1	0.9565	95.65	0
map00020	rn00020	Citrate cycle (TCA cycle)	iEC1344_C	Escherichia coli C	iG2583_1286	Escherichia coli O55:H7 str. CB9615	22	23	22	23	0	1	0.9565	95.65	0
map00020	rn00020	Citrate cycle (TCA cycle)	iEC1344_C	Escherichia coli C	iJO1366	Escherichia coli str. K-12 substr. MG1655	22	22	22	22	0	0	1.0	100.0	1
map00020	rn00020	Citrate cycle (TCA cycle)	iEC1344_C	Escherichia coli C	iJR904	Escherichia coli str. K-12 substr. MG1655	22	22	22	22	0	0	1.0	100.0	1
map00020	rn00020	Citrate cycle (TCA cycle)	iEC1344_C	Escherichia coli C	iLF82_1304	Escherichia coli LF82	22	23	22	23	0	1	0.9565	95.65	0
map00020	rn00020	Citrate cycle (TCA cycle)	iEC1344_C	Escherichia coli C	iML1515	Escherichia coli str. K-12 substr. MG1655	22	22	22	22	0	0	1.0	100.0	1
map00020	rn00020	Citrate cycle (TCA cycle)	iEC1344_C	Escherichia coli C	iNRG857_1313	Escherichia coli O83:H1 str. NRG 857C	22	23	22	23	0	1	0.9565	95.65	0
map00020	rn00020	Citrate cycle (TCA cycle)	iEC1344_C	Escherichia coli C	iUMN146_1321	Escherichia coli UM146	22	23	22	23	0	1	0.9565	95.65	0
map00020	rn00020	Citrate cycle (TCA cycle)	iEC1344_C	Escherichia coli C	iUMNK88_1353	Escherichia coli UMNK88	22	23	22	23	0	1	0.9565	95.65	0
map00020	rn00020	Citrate cycle (TCA cycle)	iEC1344_C	Escherichia coli C	iUTI89_1310	Escherichia coli UTI89	22	23	22	23	0	1	0.9565	95.65	0
map00020	rn00020	Citrate cycle (TCA cycle)	iEC1344_C	Escherichia coli C	iWFL_1372	Escherichia coli W	22	23	22	23	0	1	0.9565	95.65	0
map00020	rn00020	Citrate cycle (TCA cycle)	iEC1344_C	Escherichia coli C	iY75_1357	Escherichia coli str. K-12 substr. W3110	22	23	22	23	0	1	0.9565	95.65	0
map00020	rn00020	Citrate cycle (TCA cycle)	iEC1344_C	Escherichia coli C	iZ_1308	Escherichia coli O157:H7 str. EDL933	22	23	22	23	0	1	0.9565	95.65	0
map00020	rn00020	Citrate cycle (TCA cycle)	iEC1344_C	Escherichia coli C	ic_1306	Escherichia coli CFT073	22	23	22	23	0	1	0.9565	95.65	0
map00020	rn00020	Citrate cycle (TCA cycle)	iEC1349_Crooks	Escherichia coli ATCC 8739	iEC1356_Bl21DE3	Escherichia coli BL21(DE3)	22	22	22	22	0	0	1.0	100.0	1
map00020	rn00020	Citrate cycle (TCA cycle)	iEC1349_Crooks	Escherichia coli ATCC 8739	iEC1364_W	Escherichia coli W	22	22	22	22	0	0	1.0	100.0	1
map00020	rn00020	Citrate cycle (TCA cycle)	iEC1349_Crooks	Escherichia coli ATCC 8739	iEC1368_DH5a	Escherichia coli DH5[alpha]	22	22	22	22	0	0	1.0	100.0	1
map00020	rn00020	Citrate cycle (TCA cycle)	iEC1349_Crooks	Escherichia coli ATCC 8739	iEC1372_W3110	Escherichia coli str. K-12 substr. W3110	22	22	22	22	0	0	1.0	100.0	1
map00020	rn00020	Citrate cycle (TCA cycle)	iEC1349_Crooks	Escherichia coli ATCC 8739	iEC55989_1330	Escherichia coli 55989	22	23	22	23	0	1	0.9565	95.65	0
map00020	rn00020	Citrate cycle (TCA cycle)	iEC1349_Crooks	Escherichia coli ATCC 8739	iECABU_c1320	Escherichia coli ABU 83972	22	23	22	23	0	1	0.9565	95.65	0
map00020	rn00020	Citrate cycle (TCA cycle)	iEC1349_Crooks	Escherichia coli ATCC 8739	iECBD_1354	Escherichia coli 'BL21-Gold(DE3)pLysS AG'	22	23	22	23	0	1	0.9565	95.65	0
map00020	rn00020	Citrate cycle (TCA cycle)	iEC1349_Crooks	Escherichia coli ATCC 8739	iECB_1328	Escherichia coli B str. REL606	22	23	22	23	0	1	0.9565	95.65	0
map00020	rn00020	Citrate cycle (TCA cycle)	iEC1349_Crooks	Escherichia coli ATCC 8739	iECDH10B_1368	Escherichia coli str. K-12 substr. DH10B	22	23	22	23	0	1	0.9565	95.65	0
map00020	rn00020	Citrate cycle (TCA cycle)	iEC1349_Crooks	Escherichia coli ATCC 8739	iECDH1ME8569_1439	Escherichia coli DH1	22	23	22	23	0	1	0.9565	95.65	0
map00020	rn00020	Citrate cycle (TCA cycle)	iEC1349_Crooks	Escherichia coli ATCC 8739	iECD_1391	Escherichia coli BL21(DE3)	22	23	22	23	0	1	0.9565	95.65	0
map00020	rn00020	Citrate cycle (TCA cycle)	iEC1349_Crooks	Escherichia coli ATCC 8739	iECED1_1282	Escherichia coli ED1a	22	23	22	23	0	1	0.9565	95.65	0
map00020	rn00020	Citrate cycle (TCA cycle)	iEC1349_Crooks	Escherichia coli ATCC 8739	iECH74115_1262	Escherichia coli O157:H7 str. EC4115	22	23	22	23	0	1	0.9565	95.65	0
map00020	rn00020	Citrate cycle (TCA cycle)	iEC1349_Crooks	Escherichia coli ATCC 8739	iECIAI1_1343	Escherichia coli IAI1	22	23	22	23	0	1	0.9565	95.65	0
map00020	rn00020	Citrate cycle (TCA cycle)	iEC1349_Crooks	Escherichia coli ATCC 8739	iECIAI39_1322	Escherichia coli IAI39	22	23	22	23	0	1	0.9565	95.65	0
map00020	rn00020	Citrate cycle (TCA cycle)	iEC1349_Crooks	Escherichia coli ATCC 8739	iECNA114_1301	Escherichia coli NA114	22	23	22	23	0	1	0.9565	95.65	0
map00020	rn00020	Citrate cycle (TCA cycle)	iEC1349_Crooks	Escherichia coli ATCC 8739	iECO103_1326	Escherichia coli O103:H2 str. 12009	22	23	22	23	0	1	0.9565	95.65	0
map00020	rn00020	Citrate cycle (TCA cycle)	iEC1349_Crooks	Escherichia coli ATCC 8739	iECO111_1330	Escherichia coli O111:H- str. 11128	22	23	22	23	0	1	0.9565	95.65	0
map00020	rn00020	Citrate cycle (TCA cycle)	iEC1349_Crooks	Escherichia coli ATCC 8739	iECO26_1355	Escherichia coli O26:H11 str. 11368	22	23	22	23	0	1	0.9565	95.65	0
map00020	rn00020	Citrate cycle (TCA cycle)	iEC1349_Crooks	Escherichia coli ATCC 8739	iECOK1_1307	Escherichia coli IHE3034	22	23	22	23	0	1	0.9565	95.65	0
map00020	rn00020	Citrate cycle (TCA cycle)	iEC1349_Crooks	Escherichia coli ATCC 8739	iECP_1309	Escherichia coli 536	22	23	22	23	0	1	0.9565	95.65	0
map00020	rn00020	Citrate cycle (TCA cycle)	iEC1349_Crooks	Escherichia coli ATCC 8739	iECS88_1305	Escherichia coli S88	22	23	22	23	0	1	0.9565	95.65	0
map00020	rn00020	Citrate cycle (TCA cycle)	iEC1349_Crooks	Escherichia coli ATCC 8739	iECSE_1348	Escherichia coli SE11	22	23	22	23	0	1	0.9565	95.65	0
map00020	rn00020	Citrate cycle (TCA cycle)	iEC1349_Crooks	Escherichia coli ATCC 8739	iECSF_1327	Escherichia coli SE15	22	23	22	23	0	1	0.9565	95.65	0
map00020	rn00020	Citrate cycle (TCA cycle)	iEC1349_Crooks	Escherichia coli ATCC 8739	iECSP_1301	Escherichia coli O157:H7 str. TW14359	22	23	22	23	0	1	0.9565	95.65	0
map00020	rn00020	Citrate cycle (TCA cycle)	iEC1349_Crooks	Escherichia coli ATCC 8739	iECUMN_1333	Escherichia coli UMN026	22	23	22	23	0	1	0.9565	95.65	0
map00020	rn00020	Citrate cycle (TCA cycle)	iEC1349_Crooks	Escherichia coli ATCC 8739	iECW_1372	Escherichia coli W	22	23	22	23	0	1	0.9565	95.65	0
map00020	rn00020	Citrate cycle (TCA cycle)	iEC1349_Crooks	Escherichia coli ATCC 8739	iECs_1301	Escherichia coli O157:H7 str. Sakai	22	23	22	23	0	1	0.9565	95.65	0
map00020	rn00020	Citrate cycle (TCA cycle)	iEC1349_Crooks	Escherichia coli ATCC 8739	iEKO11_1354	Escherichia coli KO11FL	22	23	22	23	0	1	0.9565	95.65	0
map00020	rn00020	Citrate cycle (TCA cycle)	iEC1349_Crooks	Escherichia coli ATCC 8739	iETEC_1333	Escherichia coli ETEC H10407	22	23	22	23	0	1	0.9565	95.65	0
map00020	rn00020	Citrate cycle (TCA cycle)	iEC1349_Crooks	Escherichia coli ATCC 8739	iEcDH1_1363	Escherichia coli DH1	22	23	22	23	0	1	0.9565	95.65	0
map00020	rn00020	Citrate cycle (TCA cycle)	iEC1349_Crooks	Escherichia coli ATCC 8739	iEcE24377_1341	Escherichia coli O139:H28 str. E24377A	22	23	22	23	0	1	0.9565	95.65	0
map00020	rn00020	Citrate cycle (TCA cycle)	iEC1349_Crooks	Escherichia coli ATCC 8739	iEcHS_1320	Escherichia coli HS	22	23	22	23	0	1	0.9565	95.65	0
map00020	rn00020	Citrate cycle (TCA cycle)	iEC1349_Crooks	Escherichia coli ATCC 8739	iEcSMS35_1347	Escherichia coli SMS-3-5	22	23	22	23	0	1	0.9565	95.65	0
map00020	rn00020	Citrate cycle (TCA cycle)	iEC1349_Crooks	Escherichia coli ATCC 8739	iEcolC_1368	Escherichia coli ATCC 8739	22	23	22	23	0	1	0.9565	95.65	0
map00020	rn00020	Citrate cycle (TCA cycle)	iEC1349_Crooks	Escherichia coli ATCC 8739	iG2583_1286	Escherichia coli O55:H7 str. CB9615	22	23	22	23	0	1	0.9565	95.65	0
map00020	rn00020	Citrate cycle (TCA cycle)	iEC1349_Crooks	Escherichia coli ATCC 8739	iJO1366	Escherichia coli str. K-12 substr. MG1655	22	22	22	22	0	0	1.0	100.0	1
map00020	rn00020	Citrate cycle (TCA cycle)	iEC1349_Crooks	Escherichia coli ATCC 8739	iJR904	Escherichia coli str. K-12 substr. MG1655	22	22	22	22	0	0	1.0	100.0	1
map00020	rn00020	Citrate cycle (TCA cycle)	iEC1349_Crooks	Escherichia coli ATCC 8739	iLF82_1304	Escherichia coli LF82	22	23	22	23	0	1	0.9565	95.65	0
map00020	rn00020	Citrate cycle (TCA cycle)	iEC1349_Crooks	Escherichia coli ATCC 8739	iML1515	Escherichia coli str. K-12 substr. MG1655	22	22	22	22	0	0	1.0	100.0	1
map00020	rn00020	Citrate cycle (TCA cycle)	iEC1349_Crooks	Escherichia coli ATCC 8739	iNRG857_1313	Escherichia coli O83:H1 str. NRG 857C	22	23	22	23	0	1	0.9565	95.65	0
map00020	rn00020	Citrate cycle (TCA cycle)	iEC1349_Crooks	Escherichia coli ATCC 8739	iUMN146_1321	Escherichia coli UM146	22	23	22	23	0	1	0.9565	95.65	0
map00020	rn00020	Citrate cycle (TCA cycle)	iEC1349_Crooks	Escherichia coli ATCC 8739	iUMNK88_1353	Escherichia coli UMNK88	22	23	22	23	0	1	0.9565	95.65	0
map00020	rn00020	Citrate cycle (TCA cycle)	iEC1349_Crooks	Escherichia coli ATCC 8739	iUTI89_1310	Escherichia coli UTI89	22	23	22	23	0	1	0.9565	95.65	0
map00020	rn00020	Citrate cycle (TCA cycle)	iEC1349_Crooks	Escherichia coli ATCC 8739	iWFL_1372	Escherichia coli W	22	23	22	23	0	1	0.9565	95.65	0
map00020	rn00020	Citrate cycle (TCA cycle)	iEC1349_Crooks	Escherichia coli ATCC 8739	iY75_1357	Escherichia coli str. K-12 substr. W3110	22	23	22	23	0	1	0.9565	95.65	0
map00020	rn00020	Citrate cycle (TCA cycle)	iEC1349_Crooks	Escherichia coli ATCC 8739	iZ_1308	Escherichia coli O157:H7 str. EDL933	22	23	22	23	0	1	0.9565	95.65	0
map00020	rn00020	Citrate cycle (TCA cycle)	iEC1349_Crooks	Escherichia coli ATCC 8739	ic_1306	Escherichia coli CFT073	22	23	22	23	0	1	0.9565	95.65	0
map00020	rn00020	Citrate cycle (TCA cycle)	iEC1356_Bl21DE3	Escherichia coli BL21(DE3)	iEC1364_W	Escherichia coli W	22	22	22	22	0	0	1.0	100.0	1
map00020	rn00020	Citrate cycle (TCA cycle)	iEC1356_Bl21DE3	Escherichia coli BL21(DE3)	iEC1368_DH5a	Escherichia coli DH5[alpha]	22	22	22	22	0	0	1.0	100.0	1
map00020	rn00020	Citrate cycle (TCA cycle)	iEC1356_Bl21DE3	Escherichia coli BL21(DE3)	iEC1372_W3110	Escherichia coli str. K-12 substr. W3110	22	22	22	22	0	0	1.0	100.0	1
map00020	rn00020	Citrate cycle (TCA cycle)	iEC1356_Bl21DE3	Escherichia coli BL21(DE3)	iEC55989_1330	Escherichia coli 55989	22	23	22	23	0	1	0.9565	95.65	0
map00020	rn00020	Citrate cycle (TCA cycle)	iEC1356_Bl21DE3	Escherichia coli BL21(DE3)	iECABU_c1320	Escherichia coli ABU 83972	22	23	22	23	0	1	0.9565	95.65	0
map00020	rn00020	Citrate cycle (TCA cycle)	iEC1356_Bl21DE3	Escherichia coli BL21(DE3)	iECBD_1354	Escherichia coli 'BL21-Gold(DE3)pLysS AG'	22	23	22	23	0	1	0.9565	95.65	0
map00020	rn00020	Citrate cycle (TCA cycle)	iEC1356_Bl21DE3	Escherichia coli BL21(DE3)	iECB_1328	Escherichia coli B str. REL606	22	23	22	23	0	1	0.9565	95.65	0
map00020	rn00020	Citrate cycle (TCA cycle)	iEC1356_Bl21DE3	Escherichia coli BL21(DE3)	iECDH10B_1368	Escherichia coli str. K-12 substr. DH10B	22	23	22	23	0	1	0.9565	95.65	0
map00020	rn00020	Citrate cycle (TCA cycle)	iEC1356_Bl21DE3	Escherichia coli BL21(DE3)	iECDH1ME8569_1439	Escherichia coli DH1	22	23	22	23	0	1	0.9565	95.65	0
map00020	rn00020	Citrate cycle (TCA cycle)	iEC1356_Bl21DE3	Escherichia coli BL21(DE3)	iECD_1391	Escherichia coli BL21(DE3)	22	23	22	23	0	1	0.9565	95.65	0
map00020	rn00020	Citrate cycle (TCA cycle)	iEC1356_Bl21DE3	Escherichia coli BL21(DE3)	iECED1_1282	Escherichia coli ED1a	22	23	22	23	0	1	0.9565	95.65	0
map00020	rn00020	Citrate cycle (TCA cycle)	iEC1356_Bl21DE3	Escherichia coli BL21(DE3)	iECH74115_1262	Escherichia coli O157:H7 str. EC4115	22	23	22	23	0	1	0.9565	95.65	0
map00020	rn00020	Citrate cycle (TCA cycle)	iEC1356_Bl21DE3	Escherichia coli BL21(DE3)	iECIAI1_1343	Escherichia coli IAI1	22	23	22	23	0	1	0.9565	95.65	0
map00020	rn00020	Citrate cycle (TCA cycle)	iEC1356_Bl21DE3	Escherichia coli BL21(DE3)	iECIAI39_1322	Escherichia coli IAI39	22	23	22	23	0	1	0.9565	95.65	0
map00020	rn00020	Citrate cycle (TCA cycle)	iEC1356_Bl21DE3	Escherichia coli BL21(DE3)	iECNA114_1301	Escherichia coli NA114	22	23	22	23	0	1	0.9565	95.65	0
map00020	rn00020	Citrate cycle (TCA cycle)	iEC1356_Bl21DE3	Escherichia coli BL21(DE3)	iECO103_1326	Escherichia coli O103:H2 str. 12009	22	23	22	23	0	1	0.9565	95.65	0
map00020	rn00020	Citrate cycle (TCA cycle)	iEC1356_Bl21DE3	Escherichia coli BL21(DE3)	iECO111_1330	Escherichia coli O111:H- str. 11128	22	23	22	23	0	1	0.9565	95.65	0
map00020	rn00020	Citrate cycle (TCA cycle)	iEC1356_Bl21DE3	Escherichia coli BL21(DE3)	iECO26_1355	Escherichia coli O26:H11 str. 11368	22	23	22	23	0	1	0.9565	95.65	0
map00020	rn00020	Citrate cycle (TCA cycle)	iEC1356_Bl21DE3	Escherichia coli BL21(DE3)	iECOK1_1307	Escherichia coli IHE3034	22	23	22	23	0	1	0.9565	95.65	0
map00020	rn00020	Citrate cycle (TCA cycle)	iEC1356_Bl21DE3	Escherichia coli BL21(DE3)	iECP_1309	Escherichia coli 536	22	23	22	23	0	1	0.9565	95.65	0
map00020	rn00020	Citrate cycle (TCA cycle)	iEC1356_Bl21DE3	Escherichia coli BL21(DE3)	iECS88_1305	Escherichia coli S88	22	23	22	23	0	1	0.9565	95.65	0
map00020	rn00020	Citrate cycle (TCA cycle)	iEC1356_Bl21DE3	Escherichia coli BL21(DE3)	iECSE_1348	Escherichia coli SE11	22	23	22	23	0	1	0.9565	95.65	0
map00020	rn00020	Citrate cycle (TCA cycle)	iEC1356_Bl21DE3	Escherichia coli BL21(DE3)	iECSF_1327	Escherichia coli SE15	22	23	22	23	0	1	0.9565	95.65	0
map00020	rn00020	Citrate cycle (TCA cycle)	iEC1356_Bl21DE3	Escherichia coli BL21(DE3)	iECSP_1301	Escherichia coli O157:H7 str. TW14359	22	23	22	23	0	1	0.9565	95.65	0
map00020	rn00020	Citrate cycle (TCA cycle)	iEC1356_Bl21DE3	Escherichia coli BL21(DE3)	iECUMN_1333	Escherichia coli UMN026	22	23	22	23	0	1	0.9565	95.65	0
map00020	rn00020	Citrate cycle (TCA cycle)	iEC1356_Bl21DE3	Escherichia coli BL21(DE3)	iECW_1372	Escherichia coli W	22	23	22	23	0	1	0.9565	95.65	0
map00020	rn00020	Citrate cycle (TCA cycle)	iEC1356_Bl21DE3	Escherichia coli BL21(DE3)	iECs_1301	Escherichia coli O157:H7 str. Sakai	22	23	22	23	0	1	0.9565	95.65	0
map00020	rn00020	Citrate cycle (TCA cycle)	iEC1356_Bl21DE3	Escherichia coli BL21(DE3)	iEKO11_1354	Escherichia coli KO11FL	22	23	22	23	0	1	0.9565	95.65	0
map00020	rn00020	Citrate cycle (TCA cycle)	iEC1356_Bl21DE3	Escherichia coli BL21(DE3)	iETEC_1333	Escherichia coli ETEC H10407	22	23	22	23	0	1	0.9565	95.65	0
map00020	rn00020	Citrate cycle (TCA cycle)	iEC1356_Bl21DE3	Escherichia coli BL21(DE3)	iEcDH1_1363	Escherichia coli DH1	22	23	22	23	0	1	0.9565	95.65	0
map00020	rn00020	Citrate cycle (TCA cycle)	iEC1356_Bl21DE3	Escherichia coli BL21(DE3)	iEcE24377_1341	Escherichia coli O139:H28 str. E24377A	22	23	22	23	0	1	0.9565	95.65	0
map00020	rn00020	Citrate cycle (TCA cycle)	iEC1356_Bl21DE3	Escherichia coli BL21(DE3)	iEcHS_1320	Escherichia coli HS	22	23	22	23	0	1	0.9565	95.65	0
map00020	rn00020	Citrate cycle (TCA cycle)	iEC1356_Bl21DE3	Escherichia coli BL21(DE3)	iEcSMS35_1347	Escherichia coli SMS-3-5	22	23	22	23	0	1	0.9565	95.65	0
map00020	rn00020	Citrate cycle (TCA cycle)	iEC1356_Bl21DE3	Escherichia coli BL21(DE3)	iEcolC_1368	Escherichia coli ATCC 8739	22	23	22	23	0	1	0.9565	95.65	0
map00020	rn00020	Citrate cycle (TCA cycle)	iEC1356_Bl21DE3	Escherichia coli BL21(DE3)	iG2583_1286	Escherichia coli O55:H7 str. CB9615	22	23	22	23	0	1	0.9565	95.65	0
map00020	rn00020	Citrate cycle (TCA cycle)	iEC1356_Bl21DE3	Escherichia coli BL21(DE3)	iJO1366	Escherichia coli str. K-12 substr. MG1655	22	22	22	22	0	0	1.0	100.0	1
map00020	rn00020	Citrate cycle (TCA cycle)	iEC1356_Bl21DE3	Escherichia coli BL21(DE3)	iJR904	Escherichia coli str. K-12 substr. MG1655	22	22	22	22	0	0	1.0	100.0	1
map00020	rn00020	Citrate cycle (TCA cycle)	iEC1356_Bl21DE3	Escherichia coli BL21(DE3)	iLF82_1304	Escherichia coli LF82	22	23	22	23	0	1	0.9565	95.65	0
map00020	rn00020	Citrate cycle (TCA cycle)	iEC1356_Bl21DE3	Escherichia coli BL21(DE3)	iML1515	Escherichia coli str. K-12 substr. MG1655	22	22	22	22	0	0	1.0	100.0	1
map00020	rn00020	Citrate cycle (TCA cycle)	iEC1356_Bl21DE3	Escherichia coli BL21(DE3)	iNRG857_1313	Escherichia coli O83:H1 str. NRG 857C	22	23	22	23	0	1	0.9565	95.65	0
map00020	rn00020	Citrate cycle (TCA cycle)	iEC1356_Bl21DE3	Escherichia coli BL21(DE3)	iUMN146_1321	Escherichia coli UM146	22	23	22	23	0	1	0.9565	95.65	0
map00020	rn00020	Citrate cycle (TCA cycle)	iEC1356_Bl21DE3	Escherichia coli BL21(DE3)	iUMNK88_1353	Escherichia coli UMNK88	22	23	22	23	0	1	0.9565	95.65	0
map00020	rn00020	Citrate cycle (TCA cycle)	iEC1356_Bl21DE3	Escherichia coli BL21(DE3)	iUTI89_1310	Escherichia coli UTI89	22	23	22	23	0	1	0.9565	95.65	0
map00020	rn00020	Citrate cycle (TCA cycle)	iEC1356_Bl21DE3	Escherichia coli BL21(DE3)	iWFL_1372	Escherichia coli W	22	23	22	23	0	1	0.9565	95.65	0
map00020	rn00020	Citrate cycle (TCA cycle)	iEC1356_Bl21DE3	Escherichia coli BL21(DE3)	iY75_1357	Escherichia coli str. K-12 substr. W3110	22	23	22	23	0	1	0.9565	95.65	0
map00020	rn00020	Citrate cycle (TCA cycle)	iEC1356_Bl21DE3	Escherichia coli BL21(DE3)	iZ_1308	Escherichia coli O157:H7 str. EDL933	22	23	22	23	0	1	0.9565	95.65	0
map00020	rn00020	Citrate cycle (TCA cycle)	iEC1356_Bl21DE3	Escherichia coli BL21(DE3)	ic_1306	Escherichia coli CFT073	22	23	22	23	0	1	0.9565	95.65	0
map00020	rn00020	Citrate cycle (TCA cycle)	iEC1364_W	Escherichia coli W	iEC1368_DH5a	Escherichia coli DH5[alpha]	22	22	22	22	0	0	1.0	100.0	1
map00020	rn00020	Citrate cycle (TCA cycle)	iEC1364_W	Escherichia coli W	iEC1372_W3110	Escherichia coli str. K-12 substr. W3110	22	22	22	22	0	0	1.0	100.0	1
map00020	rn00020	Citrate cycle (TCA cycle)	iEC1364_W	Escherichia coli W	iEC55989_1330	Escherichia coli 55989	22	23	22	23	0	1	0.9565	95.65	0
map00020	rn00020	Citrate cycle (TCA cycle)	iEC1364_W	Escherichia coli W	iECABU_c1320	Escherichia coli ABU 83972	22	23	22	23	0	1	0.9565	95.65	0
map00020	rn00020	Citrate cycle (TCA cycle)	iEC1364_W	Escherichia coli W	iECBD_1354	Escherichia coli 'BL21-Gold(DE3)pLysS AG'	22	23	22	23	0	1	0.9565	95.65	0
map00020	rn00020	Citrate cycle (TCA cycle)	iEC1364_W	Escherichia coli W	iECB_1328	Escherichia coli B str. REL606	22	23	22	23	0	1	0.9565	95.65	0
map00020	rn00020	Citrate cycle (TCA cycle)	iEC1364_W	Escherichia coli W	iECDH10B_1368	Escherichia coli str. K-12 substr. DH10B	22	23	22	23	0	1	0.9565	95.65	0
map00020	rn00020	Citrate cycle (TCA cycle)	iEC1364_W	Escherichia coli W	iECDH1ME8569_1439	Escherichia coli DH1	22	23	22	23	0	1	0.9565	95.65	0
map00020	rn00020	Citrate cycle (TCA cycle)	iEC1364_W	Escherichia coli W	iECD_1391	Escherichia coli BL21(DE3)	22	23	22	23	0	1	0.9565	95.65	0
map00020	rn00020	Citrate cycle (TCA cycle)	iEC1364_W	Escherichia coli W	iECED1_1282	Escherichia coli ED1a	22	23	22	23	0	1	0.9565	95.65	0
map00020	rn00020	Citrate cycle (TCA cycle)	iEC1364_W	Escherichia coli W	iECH74115_1262	Escherichia coli O157:H7 str. EC4115	22	23	22	23	0	1	0.9565	95.65	0
map00020	rn00020	Citrate cycle (TCA cycle)	iEC1364_W	Escherichia coli W	iECIAI1_1343	Escherichia coli IAI1	22	23	22	23	0	1	0.9565	95.65	0
map00020	rn00020	Citrate cycle (TCA cycle)	iEC1364_W	Escherichia coli W	iECIAI39_1322	Escherichia coli IAI39	22	23	22	23	0	1	0.9565	95.65	0
map00020	rn00020	Citrate cycle (TCA cycle)	iEC1364_W	Escherichia coli W	iECNA114_1301	Escherichia coli NA114	22	23	22	23	0	1	0.9565	95.65	0
map00020	rn00020	Citrate cycle (TCA cycle)	iEC1364_W	Escherichia coli W	iECO103_1326	Escherichia coli O103:H2 str. 12009	22	23	22	23	0	1	0.9565	95.65	0
map00020	rn00020	Citrate cycle (TCA cycle)	iEC1364_W	Escherichia coli W	iECO111_1330	Escherichia coli O111:H- str. 11128	22	23	22	23	0	1	0.9565	95.65	0
map00020	rn00020	Citrate cycle (TCA cycle)	iEC1364_W	Escherichia coli W	iECO26_1355	Escherichia coli O26:H11 str. 11368	22	23	22	23	0	1	0.9565	95.65	0
map00020	rn00020	Citrate cycle (TCA cycle)	iEC1364_W	Escherichia coli W	iECOK1_1307	Escherichia coli IHE3034	22	23	22	23	0	1	0.9565	95.65	0
map00020	rn00020	Citrate cycle (TCA cycle)	iEC1364_W	Escherichia coli W	iECP_1309	Escherichia coli 536	22	23	22	23	0	1	0.9565	95.65	0
map00020	rn00020	Citrate cycle (TCA cycle)	iEC1364_W	Escherichia coli W	iECS88_1305	Escherichia coli S88	22	23	22	23	0	1	0.9565	95.65	0
map00020	rn00020	Citrate cycle (TCA cycle)	iEC1364_W	Escherichia coli W	iECSE_1348	Escherichia coli SE11	22	23	22	23	0	1	0.9565	95.65	0
map00020	rn00020	Citrate cycle (TCA cycle)	iEC1364_W	Escherichia coli W	iECSF_1327	Escherichia coli SE15	22	23	22	23	0	1	0.9565	95.65	0
map00020	rn00020	Citrate cycle (TCA cycle)	iEC1364_W	Escherichia coli W	iECSP_1301	Escherichia coli O157:H7 str. TW14359	22	23	22	23	0	1	0.9565	95.65	0
map00020	rn00020	Citrate cycle (TCA cycle)	iEC1364_W	Escherichia coli W	iECUMN_1333	Escherichia coli UMN026	22	23	22	23	0	1	0.9565	95.65	0
map00020	rn00020	Citrate cycle (TCA cycle)	iEC1364_W	Escherichia coli W	iECW_1372	Escherichia coli W	22	23	22	23	0	1	0.9565	95.65	0
map00020	rn00020	Citrate cycle (TCA cycle)	iEC1364_W	Escherichia coli W	iECs_1301	Escherichia coli O157:H7 str. Sakai	22	23	22	23	0	1	0.9565	95.65	0
map00020	rn00020	Citrate cycle (TCA cycle)	iEC1364_W	Escherichia coli W	iEKO11_1354	Escherichia coli KO11FL	22	23	22	23	0	1	0.9565	95.65	0
map00020	rn00020	Citrate cycle (TCA cycle)	iEC1364_W	Escherichia coli W	iETEC_1333	Escherichia coli ETEC H10407	22	23	22	23	0	1	0.9565	95.65	0
map00020	rn00020	Citrate cycle (TCA cycle)	iEC1364_W	Escherichia coli W	iEcDH1_1363	Escherichia coli DH1	22	23	22	23	0	1	0.9565	95.65	0
map00020	rn00020	Citrate cycle (TCA cycle)	iEC1364_W	Escherichia coli W	iEcE24377_1341	Escherichia coli O139:H28 str. E24377A	22	23	22	23	0	1	0.9565	95.65	0
map00020	rn00020	Citrate cycle (TCA cycle)	iEC1364_W	Escherichia coli W	iEcHS_1320	Escherichia coli HS	22	23	22	23	0	1	0.9565	95.65	0
map00020	rn00020	Citrate cycle (TCA cycle)	iEC1364_W	Escherichia coli W	iEcSMS35_1347	Escherichia coli SMS-3-5	22	23	22	23	0	1	0.9565	95.65	0
map00020	rn00020	Citrate cycle (TCA cycle)	iEC1364_W	Escherichia coli W	iEcolC_1368	Escherichia coli ATCC 8739	22	23	22	23	0	1	0.9565	95.65	0
map00020	rn00020	Citrate cycle (TCA cycle)	iEC1364_W	Escherichia coli W	iG2583_1286	Escherichia coli O55:H7 str. CB9615	22	23	22	23	0	1	0.9565	95.65	0
map00020	rn00020	Citrate cycle (TCA cycle)	iEC1364_W	Escherichia coli W	iJO1366	Escherichia coli str. K-12 substr. MG1655	22	22	22	22	0	0	1.0	100.0	1
map00020	rn00020	Citrate cycle (TCA cycle)	iEC1364_W	Escherichia coli W	iJR904	Escherichia coli str. K-12 substr. MG1655	22	22	22	22	0	0	1.0	100.0	1
map00020	rn00020	Citrate cycle (TCA cycle)	iEC1364_W	Escherichia coli W	iLF82_1304	Escherichia coli LF82	22	23	22	23	0	1	0.9565	95.65	0
map00020	rn00020	Citrate cycle (TCA cycle)	iEC1364_W	Escherichia coli W	iML1515	Escherichia coli str. K-12 substr. MG1655	22	22	22	22	0	0	1.0	100.0	1
map00020	rn00020	Citrate cycle (TCA cycle)	iEC1364_W	Escherichia coli W	iNRG857_1313	Escherichia coli O83:H1 str. NRG 857C	22	23	22	23	0	1	0.9565	95.65	0
map00020	rn00020	Citrate cycle (TCA cycle)	iEC1364_W	Escherichia coli W	iUMN146_1321	Escherichia coli UM146	22	23	22	23	0	1	0.9565	95.65	0
map00020	rn00020	Citrate cycle (TCA cycle)	iEC1364_W	Escherichia coli W	iUMNK88_1353	Escherichia coli UMNK88	22	23	22	23	0	1	0.9565	95.65	0
map00020	rn00020	Citrate cycle (TCA cycle)	iEC1364_W	Escherichia coli W	iUTI89_1310	Escherichia coli UTI89	22	23	22	23	0	1	0.9565	95.65	0
map00020	rn00020	Citrate cycle (TCA cycle)	iEC1364_W	Escherichia coli W	iWFL_1372	Escherichia coli W	22	23	22	23	0	1	0.9565	95.65	0
map00020	rn00020	Citrate cycle (TCA cycle)	iEC1364_W	Escherichia coli W	iY75_1357	Escherichia coli str. K-12 substr. W3110	22	23	22	23	0	1	0.9565	95.65	0
map00020	rn00020	Citrate cycle (TCA cycle)	iEC1364_W	Escherichia coli W	iZ_1308	Escherichia coli O157:H7 str. EDL933	22	23	22	23	0	1	0.9565	95.65	0
map00020	rn00020	Citrate cycle (TCA cycle)	iEC1364_W	Escherichia coli W	ic_1306	Escherichia coli CFT073	22	23	22	23	0	1	0.9565	95.65	0
map00020	rn00020	Citrate cycle (TCA cycle)	iEC1368_DH5a	Escherichia coli DH5[alpha]	iEC1372_W3110	Escherichia coli str. K-12 substr. W3110	22	22	22	22	0	0	1.0	100.0	1
map00020	rn00020	Citrate cycle (TCA cycle)	iEC1368_DH5a	Escherichia coli DH5[alpha]	iEC55989_1330	Escherichia coli 55989	22	23	22	23	0	1	0.9565	95.65	0
map00020	rn00020	Citrate cycle (TCA cycle)	iEC1368_DH5a	Escherichia coli DH5[alpha]	iECABU_c1320	Escherichia coli ABU 83972	22	23	22	23	0	1	0.9565	95.65	0
map00020	rn00020	Citrate cycle (TCA cycle)	iEC1368_DH5a	Escherichia coli DH5[alpha]	iECBD_1354	Escherichia coli 'BL21-Gold(DE3)pLysS AG'	22	23	22	23	0	1	0.9565	95.65	0
map00020	rn00020	Citrate cycle (TCA cycle)	iEC1368_DH5a	Escherichia coli DH5[alpha]	iECB_1328	Escherichia coli B str. REL606	22	23	22	23	0	1	0.9565	95.65	0
map00020	rn00020	Citrate cycle (TCA cycle)	iEC1368_DH5a	Escherichia coli DH5[alpha]	iECDH10B_1368	Escherichia coli str. K-12 substr. DH10B	22	23	22	23	0	1	0.9565	95.65	0
map00020	rn00020	Citrate cycle (TCA cycle)	iEC1368_DH5a	Escherichia coli DH5[alpha]	iECDH1ME8569_1439	Escherichia coli DH1	22	23	22	23	0	1	0.9565	95.65	0
map00020	rn00020	Citrate cycle (TCA cycle)	iEC1368_DH5a	Escherichia coli DH5[alpha]	iECD_1391	Escherichia coli BL21(DE3)	22	23	22	23	0	1	0.9565	95.65	0
map00020	rn00020	Citrate cycle (TCA cycle)	iEC1368_DH5a	Escherichia coli DH5[alpha]	iECED1_1282	Escherichia coli ED1a	22	23	22	23	0	1	0.9565	95.65	0
map00020	rn00020	Citrate cycle (TCA cycle)	iEC1368_DH5a	Escherichia coli DH5[alpha]	iECH74115_1262	Escherichia coli O157:H7 str. EC4115	22	23	22	23	0	1	0.9565	95.65	0
map00020	rn00020	Citrate cycle (TCA cycle)	iEC1368_DH5a	Escherichia coli DH5[alpha]	iECIAI1_1343	Escherichia coli IAI1	22	23	22	23	0	1	0.9565	95.65	0
map00020	rn00020	Citrate cycle (TCA cycle)	iEC1368_DH5a	Escherichia coli DH5[alpha]	iECIAI39_1322	Escherichia coli IAI39	22	23	22	23	0	1	0.9565	95.65	0
map00020	rn00020	Citrate cycle (TCA cycle)	iEC1368_DH5a	Escherichia coli DH5[alpha]	iECNA114_1301	Escherichia coli NA114	22	23	22	23	0	1	0.9565	95.65	0
map00020	rn00020	Citrate cycle (TCA cycle)	iEC1368_DH5a	Escherichia coli DH5[alpha]	iECO103_1326	Escherichia coli O103:H2 str. 12009	22	23	22	23	0	1	0.9565	95.65	0
map00020	rn00020	Citrate cycle (TCA cycle)	iEC1368_DH5a	Escherichia coli DH5[alpha]	iECO111_1330	Escherichia coli O111:H- str. 11128	22	23	22	23	0	1	0.9565	95.65	0
map00020	rn00020	Citrate cycle (TCA cycle)	iEC1368_DH5a	Escherichia coli DH5[alpha]	iECO26_1355	Escherichia coli O26:H11 str. 11368	22	23	22	23	0	1	0.9565	95.65	0
map00020	rn00020	Citrate cycle (TCA cycle)	iEC1368_DH5a	Escherichia coli DH5[alpha]	iECOK1_1307	Escherichia coli IHE3034	22	23	22	23	0	1	0.9565	95.65	0
map00020	rn00020	Citrate cycle (TCA cycle)	iEC1368_DH5a	Escherichia coli DH5[alpha]	iECP_1309	Escherichia coli 536	22	23	22	23	0	1	0.9565	95.65	0
map00020	rn00020	Citrate cycle (TCA cycle)	iEC1368_DH5a	Escherichia coli DH5[alpha]	iECS88_1305	Escherichia coli S88	22	23	22	23	0	1	0.9565	95.65	0
map00020	rn00020	Citrate cycle (TCA cycle)	iEC1368_DH5a	Escherichia coli DH5[alpha]	iECSE_1348	Escherichia coli SE11	22	23	22	23	0	1	0.9565	95.65	0
map00020	rn00020	Citrate cycle (TCA cycle)	iEC1368_DH5a	Escherichia coli DH5[alpha]	iECSF_1327	Escherichia coli SE15	22	23	22	23	0	1	0.9565	95.65	0
map00020	rn00020	Citrate cycle (TCA cycle)	iEC1368_DH5a	Escherichia coli DH5[alpha]	iECSP_1301	Escherichia coli O157:H7 str. TW14359	22	23	22	23	0	1	0.9565	95.65	0
map00020	rn00020	Citrate cycle (TCA cycle)	iEC1368_DH5a	Escherichia coli DH5[alpha]	iECUMN_1333	Escherichia coli UMN026	22	23	22	23	0	1	0.9565	95.65	0
map00020	rn00020	Citrate cycle (TCA cycle)	iEC1368_DH5a	Escherichia coli DH5[alpha]	iECW_1372	Escherichia coli W	22	23	22	23	0	1	0.9565	95.65	0
map00020	rn00020	Citrate cycle (TCA cycle)	iEC1368_DH5a	Escherichia coli DH5[alpha]	iECs_1301	Escherichia coli O157:H7 str. Sakai	22	23	22	23	0	1	0.9565	95.65	0
map00020	rn00020	Citrate cycle (TCA cycle)	iEC1368_DH5a	Escherichia coli DH5[alpha]	iEKO11_1354	Escherichia coli KO11FL	22	23	22	23	0	1	0.9565	95.65	0
map00020	rn00020	Citrate cycle (TCA cycle)	iEC1368_DH5a	Escherichia coli DH5[alpha]	iETEC_1333	Escherichia coli ETEC H10407	22	23	22	23	0	1	0.9565	95.65	0
map00020	rn00020	Citrate cycle (TCA cycle)	iEC1368_DH5a	Escherichia coli DH5[alpha]	iEcDH1_1363	Escherichia coli DH1	22	23	22	23	0	1	0.9565	95.65	0
map00020	rn00020	Citrate cycle (TCA cycle)	iEC1368_DH5a	Escherichia coli DH5[alpha]	iEcE24377_1341	Escherichia coli O139:H28 str. E24377A	22	23	22	23	0	1	0.9565	95.65	0
map00020	rn00020	Citrate cycle (TCA cycle)	iEC1368_DH5a	Escherichia coli DH5[alpha]	iEcHS_1320	Escherichia coli HS	22	23	22	23	0	1	0.9565	95.65	0
map00020	rn00020	Citrate cycle (TCA cycle)	iEC1368_DH5a	Escherichia coli DH5[alpha]	iEcSMS35_1347	Escherichia coli SMS-3-5	22	23	22	23	0	1	0.9565	95.65	0
map00020	rn00020	Citrate cycle (TCA cycle)	iEC1368_DH5a	Escherichia coli DH5[alpha]	iEcolC_1368	Escherichia coli ATCC 8739	22	23	22	23	0	1	0.9565	95.65	0
map00020	rn00020	Citrate cycle (TCA cycle)	iEC1368_DH5a	Escherichia coli DH5[alpha]	iG2583_1286	Escherichia coli O55:H7 str. CB9615	22	23	22	23	0	1	0.9565	95.65	0
map00020	rn00020	Citrate cycle (TCA cycle)	iEC1368_DH5a	Escherichia coli DH5[alpha]	iJO1366	Escherichia coli str. K-12 substr. MG1655	22	22	22	22	0	0	1.0	100.0	1
map00020	rn00020	Citrate cycle (TCA cycle)	iEC1368_DH5a	Escherichia coli DH5[alpha]	iJR904	Escherichia coli str. K-12 substr. MG1655	22	22	22	22	0	0	1.0	100.0	1
map00020	rn00020	Citrate cycle (TCA cycle)	iEC1368_DH5a	Escherichia coli DH5[alpha]	iLF82_1304	Escherichia coli LF82	22	23	22	23	0	1	0.9565	95.65	0
map00020	rn00020	Citrate cycle (TCA cycle)	iEC1368_DH5a	Escherichia coli DH5[alpha]	iML1515	Escherichia coli str. K-12 substr. MG1655	22	22	22	22	0	0	1.0	100.0	1
map00020	rn00020	Citrate cycle (TCA cycle)	iEC1368_DH5a	Escherichia coli DH5[alpha]	iNRG857_1313	Escherichia coli O83:H1 str. NRG 857C	22	23	22	23	0	1	0.9565	95.65	0
map00020	rn00020	Citrate cycle (TCA cycle)	iEC1368_DH5a	Escherichia coli DH5[alpha]	iUMN146_1321	Escherichia coli UM146	22	23	22	23	0	1	0.9565	95.65	0
map00020	rn00020	Citrate cycle (TCA cycle)	iEC1368_DH5a	Escherichia coli DH5[alpha]	iUMNK88_1353	Escherichia coli UMNK88	22	23	22	23	0	1	0.9565	95.65	0
map00020	rn00020	Citrate cycle (TCA cycle)	iEC1368_DH5a	Escherichia coli DH5[alpha]	iUTI89_1310	Escherichia coli UTI89	22	23	22	23	0	1	0.9565	95.65	0
map00020	rn00020	Citrate cycle (TCA cycle)	iEC1368_DH5a	Escherichia coli DH5[alpha]	iWFL_1372	Escherichia coli W	22	23	22	23	0	1	0.9565	95.65	0
map00020	rn00020	Citrate cycle (TCA cycle)	iEC1368_DH5a	Escherichia coli DH5[alpha]	iY75_1357	Escherichia coli str. K-12 substr. W3110	22	23	22	23	0	1	0.9565	95.65	0
map00020	rn00020	Citrate cycle (TCA cycle)	iEC1368_DH5a	Escherichia coli DH5[alpha]	iZ_1308	Escherichia coli O157:H7 str. EDL933	22	23	22	23	0	1	0.9565	95.65	0
map00020	rn00020	Citrate cycle (TCA cycle)	iEC1368_DH5a	Escherichia coli DH5[alpha]	ic_1306	Escherichia coli CFT073	22	23	22	23	0	1	0.9565	95.65	0
map00020	rn00020	Citrate cycle (TCA cycle)	iEC1372_W3110	Escherichia coli str. K-12 substr. W3110	iEC55989_1330	Escherichia coli 55989	22	23	22	23	0	1	0.9565	95.65	0
map00020	rn00020	Citrate cycle (TCA cycle)	iEC1372_W3110	Escherichia coli str. K-12 substr. W3110	iECABU_c1320	Escherichia coli ABU 83972	22	23	22	23	0	1	0.9565	95.65	0
map00020	rn00020	Citrate cycle (TCA cycle)	iEC1372_W3110	Escherichia coli str. K-12 substr. W3110	iECBD_1354	Escherichia coli 'BL21-Gold(DE3)pLysS AG'	22	23	22	23	0	1	0.9565	95.65	0
map00020	rn00020	Citrate cycle (TCA cycle)	iEC1372_W3110	Escherichia coli str. K-12 substr. W3110	iECB_1328	Escherichia coli B str. REL606	22	23	22	23	0	1	0.9565	95.65	0
map00020	rn00020	Citrate cycle (TCA cycle)	iEC1372_W3110	Escherichia coli str. K-12 substr. W3110	iECDH10B_1368	Escherichia coli str. K-12 substr. DH10B	22	23	22	23	0	1	0.9565	95.65	0
map00020	rn00020	Citrate cycle (TCA cycle)	iEC1372_W3110	Escherichia coli str. K-12 substr. W3110	iECDH1ME8569_1439	Escherichia coli DH1	22	23	22	23	0	1	0.9565	95.65	0
map00020	rn00020	Citrate cycle (TCA cycle)	iEC1372_W3110	Escherichia coli str. K-12 substr. W3110	iECD_1391	Escherichia coli BL21(DE3)	22	23	22	23	0	1	0.9565	95.65	0
map00020	rn00020	Citrate cycle (TCA cycle)	iEC1372_W3110	Escherichia coli str. K-12 substr. W3110	iECED1_1282	Escherichia coli ED1a	22	23	22	23	0	1	0.9565	95.65	0
map00020	rn00020	Citrate cycle (TCA cycle)	iEC1372_W3110	Escherichia coli str. K-12 substr. W3110	iECH74115_1262	Escherichia coli O157:H7 str. EC4115	22	23	22	23	0	1	0.9565	95.65	0
map00020	rn00020	Citrate cycle (TCA cycle)	iEC1372_W3110	Escherichia coli str. K-12 substr. W3110	iECIAI1_1343	Escherichia coli IAI1	22	23	22	23	0	1	0.9565	95.65	0
map00020	rn00020	Citrate cycle (TCA cycle)	iEC1372_W3110	Escherichia coli str. K-12 substr. W3110	iECIAI39_1322	Escherichia coli IAI39	22	23	22	23	0	1	0.9565	95.65	0
map00020	rn00020	Citrate cycle (TCA cycle)	iEC1372_W3110	Escherichia coli str. K-12 substr. W3110	iECNA114_1301	Escherichia coli NA114	22	23	22	23	0	1	0.9565	95.65	0
map00020	rn00020	Citrate cycle (TCA cycle)	iEC1372_W3110	Escherichia coli str. K-12 substr. W3110	iECO103_1326	Escherichia coli O103:H2 str. 12009	22	23	22	23	0	1	0.9565	95.65	0
map00020	rn00020	Citrate cycle (TCA cycle)	iEC1372_W3110	Escherichia coli str. K-12 substr. W3110	iECO111_1330	Escherichia coli O111:H- str. 11128	22	23	22	23	0	1	0.9565	95.65	0
map00020	rn00020	Citrate cycle (TCA cycle)	iEC1372_W3110	Escherichia coli str. K-12 substr. W3110	iECO26_1355	Escherichia coli O26:H11 str. 11368	22	23	22	23	0	1	0.9565	95.65	0
map00020	rn00020	Citrate cycle (TCA cycle)	iEC1372_W3110	Escherichia coli str. K-12 substr. W3110	iECOK1_1307	Escherichia coli IHE3034	22	23	22	23	0	1	0.9565	95.65	0
map00020	rn00020	Citrate cycle (TCA cycle)	iEC1372_W3110	Escherichia coli str. K-12 substr. W3110	iECP_1309	Escherichia coli 536	22	23	22	23	0	1	0.9565	95.65	0
map00020	rn00020	Citrate cycle (TCA cycle)	iEC1372_W3110	Escherichia coli str. K-12 substr. W3110	iECS88_1305	Escherichia coli S88	22	23	22	23	0	1	0.9565	95.65	0
map00020	rn00020	Citrate cycle (TCA cycle)	iEC1372_W3110	Escherichia coli str. K-12 substr. W3110	iECSE_1348	Escherichia coli SE11	22	23	22	23	0	1	0.9565	95.65	0
map00020	rn00020	Citrate cycle (TCA cycle)	iEC1372_W3110	Escherichia coli str. K-12 substr. W3110	iECSF_1327	Escherichia coli SE15	22	23	22	23	0	1	0.9565	95.65	0
map00020	rn00020	Citrate cycle (TCA cycle)	iEC1372_W3110	Escherichia coli str. K-12 substr. W3110	iECSP_1301	Escherichia coli O157:H7 str. TW14359	22	23	22	23	0	1	0.9565	95.65	0
map00020	rn00020	Citrate cycle (TCA cycle)	iEC1372_W3110	Escherichia coli str. K-12 substr. W3110	iECUMN_1333	Escherichia coli UMN026	22	23	22	23	0	1	0.9565	95.65	0
map00020	rn00020	Citrate cycle (TCA cycle)	iEC1372_W3110	Escherichia coli str. K-12 substr. W3110	iECW_1372	Escherichia coli W	22	23	22	23	0	1	0.9565	95.65	0
map00020	rn00020	Citrate cycle (TCA cycle)	iEC1372_W3110	Escherichia coli str. K-12 substr. W3110	iECs_1301	Escherichia coli O157:H7 str. Sakai	22	23	22	23	0	1	0.9565	95.65	0
map00020	rn00020	Citrate cycle (TCA cycle)	iEC1372_W3110	Escherichia coli str. K-12 substr. W3110	iEKO11_1354	Escherichia coli KO11FL	22	23	22	23	0	1	0.9565	95.65	0
map00020	rn00020	Citrate cycle (TCA cycle)	iEC1372_W3110	Escherichia coli str. K-12 substr. W3110	iETEC_1333	Escherichia coli ETEC H10407	22	23	22	23	0	1	0.9565	95.65	0
map00020	rn00020	Citrate cycle (TCA cycle)	iEC1372_W3110	Escherichia coli str. K-12 substr. W3110	iEcDH1_1363	Escherichia coli DH1	22	23	22	23	0	1	0.9565	95.65	0
map00020	rn00020	Citrate cycle (TCA cycle)	iEC1372_W3110	Escherichia coli str. K-12 substr. W3110	iEcE24377_1341	Escherichia coli O139:H28 str. E24377A	22	23	22	23	0	1	0.9565	95.65	0
map00020	rn00020	Citrate cycle (TCA cycle)	iEC1372_W3110	Escherichia coli str. K-12 substr. W3110	iEcHS_1320	Escherichia coli HS	22	23	22	23	0	1	0.9565	95.65	0
map00020	rn00020	Citrate cycle (TCA cycle)	iEC1372_W3110	Escherichia coli str. K-12 substr. W3110	iEcSMS35_1347	Escherichia coli SMS-3-5	22	23	22	23	0	1	0.9565	95.65	0
map00020	rn00020	Citrate cycle (TCA cycle)	iEC1372_W3110	Escherichia coli str. K-12 substr. W3110	iEcolC_1368	Escherichia coli ATCC 8739	22	23	22	23	0	1	0.9565	95.65	0
map00020	rn00020	Citrate cycle (TCA cycle)	iEC1372_W3110	Escherichia coli str. K-12 substr. W3110	iG2583_1286	Escherichia coli O55:H7 str. CB9615	22	23	22	23	0	1	0.9565	95.65	0
map00020	rn00020	Citrate cycle (TCA cycle)	iEC1372_W3110	Escherichia coli str. K-12 substr. W3110	iJO1366	Escherichia coli str. K-12 substr. MG1655	22	22	22	22	0	0	1.0	100.0	1
map00020	rn00020	Citrate cycle (TCA cycle)	iEC1372_W3110	Escherichia coli str. K-12 substr. W3110	iJR904	Escherichia coli str. K-12 substr. MG1655	22	22	22	22	0	0	1.0	100.0	1
map00020	rn00020	Citrate cycle (TCA cycle)	iEC1372_W3110	Escherichia coli str. K-12 substr. W3110	iLF82_1304	Escherichia coli LF82	22	23	22	23	0	1	0.9565	95.65	0
map00020	rn00020	Citrate cycle (TCA cycle)	iEC1372_W3110	Escherichia coli str. K-12 substr. W3110	iML1515	Escherichia coli str. K-12 substr. MG1655	22	22	22	22	0	0	1.0	100.0	1
map00020	rn00020	Citrate cycle (TCA cycle)	iEC1372_W3110	Escherichia coli str. K-12 substr. W3110	iNRG857_1313	Escherichia coli O83:H1 str. NRG 857C	22	23	22	23	0	1	0.9565	95.65	0
map00020	rn00020	Citrate cycle (TCA cycle)	iEC1372_W3110	Escherichia coli str. K-12 substr. W3110	iUMN146_1321	Escherichia coli UM146	22	23	22	23	0	1	0.9565	95.65	0
map00020	rn00020	Citrate cycle (TCA cycle)	iEC1372_W3110	Escherichia coli str. K-12 substr. W3110	iUMNK88_1353	Escherichia coli UMNK88	22	23	22	23	0	1	0.9565	95.65	0
map00020	rn00020	Citrate cycle (TCA cycle)	iEC1372_W3110	Escherichia coli str. K-12 substr. W3110	iUTI89_1310	Escherichia coli UTI89	22	23	22	23	0	1	0.9565	95.65	0
map00020	rn00020	Citrate cycle (TCA cycle)	iEC1372_W3110	Escherichia coli str. K-12 substr. W3110	iWFL_1372	Escherichia coli W	22	23	22	23	0	1	0.9565	95.65	0
map00020	rn00020	Citrate cycle (TCA cycle)	iEC1372_W3110	Escherichia coli str. K-12 substr. W3110	iY75_1357	Escherichia coli str. K-12 substr. W3110	22	23	22	23	0	1	0.9565	95.65	0
map00020	rn00020	Citrate cycle (TCA cycle)	iEC1372_W3110	Escherichia coli str. K-12 substr. W3110	iZ_1308	Escherichia coli O157:H7 str. EDL933	22	23	22	23	0	1	0.9565	95.65	0
map00020	rn00020	Citrate cycle (TCA cycle)	iEC1372_W3110	Escherichia coli str. K-12 substr. W3110	ic_1306	Escherichia coli CFT073	22	23	22	23	0	1	0.9565	95.65	0
map00020	rn00020	Citrate cycle (TCA cycle)	iEC55989_1330	Escherichia coli 55989	iECABU_c1320	Escherichia coli ABU 83972	23	23	23	23	0	0	1.0	100.0	1
map00020	rn00020	Citrate cycle (TCA cycle)	iEC55989_1330	Escherichia coli 55989	iECBD_1354	Escherichia coli 'BL21-Gold(DE3)pLysS AG'	23	23	23	23	0	0	1.0	100.0	1
map00020	rn00020	Citrate cycle (TCA cycle)	iEC55989_1330	Escherichia coli 55989	iECB_1328	Escherichia coli B str. REL606	23	23	23	23	0	0	1.0	100.0	1
map00020	rn00020	Citrate cycle (TCA cycle)	iEC55989_1330	Escherichia coli 55989	iECDH10B_1368	Escherichia coli str. K-12 substr. DH10B	23	23	23	23	0	0	1.0	100.0	1
map00020	rn00020	Citrate cycle (TCA cycle)	iEC55989_1330	Escherichia coli 55989	iECDH1ME8569_1439	Escherichia coli DH1	23	23	23	23	0	0	1.0	100.0	1
map00020	rn00020	Citrate cycle (TCA cycle)	iEC55989_1330	Escherichia coli 55989	iECD_1391	Escherichia coli BL21(DE3)	23	23	23	23	0	0	1.0	100.0	1
map00020	rn00020	Citrate cycle (TCA cycle)	iEC55989_1330	Escherichia coli 55989	iECED1_1282	Escherichia coli ED1a	23	23	23	23	0	0	1.0	100.0	1
map00020	rn00020	Citrate cycle (TCA cycle)	iEC55989_1330	Escherichia coli 55989	iECH74115_1262	Escherichia coli O157:H7 str. EC4115	23	23	23	23	0	0	1.0	100.0	1
map00020	rn00020	Citrate cycle (TCA cycle)	iEC55989_1330	Escherichia coli 55989	iECIAI1_1343	Escherichia coli IAI1	23	23	23	23	0	0	1.0	100.0	1
map00020	rn00020	Citrate cycle (TCA cycle)	iEC55989_1330	Escherichia coli 55989	iECIAI39_1322	Escherichia coli IAI39	23	23	23	23	0	0	1.0	100.0	1
map00020	rn00020	Citrate cycle (TCA cycle)	iEC55989_1330	Escherichia coli 55989	iECNA114_1301	Escherichia coli NA114	23	23	23	23	0	0	1.0	100.0	1
map00020	rn00020	Citrate cycle (TCA cycle)	iEC55989_1330	Escherichia coli 55989	iECO103_1326	Escherichia coli O103:H2 str. 12009	23	23	23	23	0	0	1.0	100.0	1
map00020	rn00020	Citrate cycle (TCA cycle)	iEC55989_1330	Escherichia coli 55989	iECO111_1330	Escherichia coli O111:H- str. 11128	23	23	23	23	0	0	1.0	100.0	1
map00020	rn00020	Citrate cycle (TCA cycle)	iEC55989_1330	Escherichia coli 55989	iECO26_1355	Escherichia coli O26:H11 str. 11368	23	23	23	23	0	0	1.0	100.0	1
map00020	rn00020	Citrate cycle (TCA cycle)	iEC55989_1330	Escherichia coli 55989	iECOK1_1307	Escherichia coli IHE3034	23	23	23	23	0	0	1.0	100.0	1
map00020	rn00020	Citrate cycle (TCA cycle)	iEC55989_1330	Escherichia coli 55989	iECP_1309	Escherichia coli 536	23	23	23	23	0	0	1.0	100.0	1
map00020	rn00020	Citrate cycle (TCA cycle)	iEC55989_1330	Escherichia coli 55989	iECS88_1305	Escherichia coli S88	23	23	23	23	0	0	1.0	100.0	1
map00020	rn00020	Citrate cycle (TCA cycle)	iEC55989_1330	Escherichia coli 55989	iECSE_1348	Escherichia coli SE11	23	23	23	23	0	0	1.0	100.0	1
map00020	rn00020	Citrate cycle (TCA cycle)	iEC55989_1330	Escherichia coli 55989	iECSF_1327	Escherichia coli SE15	23	23	23	23	0	0	1.0	100.0	1
map00020	rn00020	Citrate cycle (TCA cycle)	iEC55989_1330	Escherichia coli 55989	iECSP_1301	Escherichia coli O157:H7 str. TW14359	23	23	23	23	0	0	1.0	100.0	1
map00020	rn00020	Citrate cycle (TCA cycle)	iEC55989_1330	Escherichia coli 55989	iECUMN_1333	Escherichia coli UMN026	23	23	23	23	0	0	1.0	100.0	1
map00020	rn00020	Citrate cycle (TCA cycle)	iEC55989_1330	Escherichia coli 55989	iECW_1372	Escherichia coli W	23	23	23	23	0	0	1.0	100.0	1
map00020	rn00020	Citrate cycle (TCA cycle)	iEC55989_1330	Escherichia coli 55989	iECs_1301	Escherichia coli O157:H7 str. Sakai	23	23	23	23	0	0	1.0	100.0	1
map00020	rn00020	Citrate cycle (TCA cycle)	iEC55989_1330	Escherichia coli 55989	iEKO11_1354	Escherichia coli KO11FL	23	23	23	23	0	0	1.0	100.0	1
map00020	rn00020	Citrate cycle (TCA cycle)	iEC55989_1330	Escherichia coli 55989	iETEC_1333	Escherichia coli ETEC H10407	23	23	23	23	0	0	1.0	100.0	1
map00020	rn00020	Citrate cycle (TCA cycle)	iEC55989_1330	Escherichia coli 55989	iEcDH1_1363	Escherichia coli DH1	23	23	23	23	0	0	1.0	100.0	1
map00020	rn00020	Citrate cycle (TCA cycle)	iEC55989_1330	Escherichia coli 55989	iEcE24377_1341	Escherichia coli O139:H28 str. E24377A	23	23	23	23	0	0	1.0	100.0	1
map00020	rn00020	Citrate cycle (TCA cycle)	iEC55989_1330	Escherichia coli 55989	iEcHS_1320	Escherichia coli HS	23	23	23	23	0	0	1.0	100.0	1
map00020	rn00020	Citrate cycle (TCA cycle)	iEC55989_1330	Escherichia coli 55989	iEcSMS35_1347	Escherichia coli SMS-3-5	23	23	23	23	0	0	1.0	100.0	1
map00020	rn00020	Citrate cycle (TCA cycle)	iEC55989_1330	Escherichia coli 55989	iEcolC_1368	Escherichia coli ATCC 8739	23	23	23	23	0	0	1.0	100.0	1
map00020	rn00020	Citrate cycle (TCA cycle)	iEC55989_1330	Escherichia coli 55989	iG2583_1286	Escherichia coli O55:H7 str. CB9615	23	23	23	23	0	0	1.0	100.0	1
map00020	rn00020	Citrate cycle (TCA cycle)	iEC55989_1330	Escherichia coli 55989	iJO1366	Escherichia coli str. K-12 substr. MG1655	23	22	22	23	1	0	0.9565	95.65	0
map00020	rn00020	Citrate cycle (TCA cycle)	iEC55989_1330	Escherichia coli 55989	iJR904	Escherichia coli str. K-12 substr. MG1655	23	22	22	23	1	0	0.9565	95.65	0
map00020	rn00020	Citrate cycle (TCA cycle)	iEC55989_1330	Escherichia coli 55989	iLF82_1304	Escherichia coli LF82	23	23	23	23	0	0	1.0	100.0	1
map00020	rn00020	Citrate cycle (TCA cycle)	iEC55989_1330	Escherichia coli 55989	iML1515	Escherichia coli str. K-12 substr. MG1655	23	22	22	23	1	0	0.9565	95.65	0
map00020	rn00020	Citrate cycle (TCA cycle)	iEC55989_1330	Escherichia coli 55989	iNRG857_1313	Escherichia coli O83:H1 str. NRG 857C	23	23	23	23	0	0	1.0	100.0	1
map00020	rn00020	Citrate cycle (TCA cycle)	iEC55989_1330	Escherichia coli 55989	iUMN146_1321	Escherichia coli UM146	23	23	23	23	0	0	1.0	100.0	1
map00020	rn00020	Citrate cycle (TCA cycle)	iEC55989_1330	Escherichia coli 55989	iUMNK88_1353	Escherichia coli UMNK88	23	23	23	23	0	0	1.0	100.0	1
map00020	rn00020	Citrate cycle (TCA cycle)	iEC55989_1330	Escherichia coli 55989	iUTI89_1310	Escherichia coli UTI89	23	23	23	23	0	0	1.0	100.0	1
map00020	rn00020	Citrate cycle (TCA cycle)	iEC55989_1330	Escherichia coli 55989	iWFL_1372	Escherichia coli W	23	23	23	23	0	0	1.0	100.0	1
map00020	rn00020	Citrate cycle (TCA cycle)	iEC55989_1330	Escherichia coli 55989	iY75_1357	Escherichia coli str. K-12 substr. W3110	23	23	23	23	0	0	1.0	100.0	1
map00020	rn00020	Citrate cycle (TCA cycle)	iEC55989_1330	Escherichia coli 55989	iZ_1308	Escherichia coli O157:H7 str. EDL933	23	23	23	23	0	0	1.0	100.0	1
map00020	rn00020	Citrate cycle (TCA cycle)	iEC55989_1330	Escherichia coli 55989	ic_1306	Escherichia coli CFT073	23	23	23	23	0	0	1.0	100.0	1
map00020	rn00020	Citrate cycle (TCA cycle)	iECABU_c1320	Escherichia coli ABU 83972	iECBD_1354	Escherichia coli 'BL21-Gold(DE3)pLysS AG'	23	23	23	23	0	0	1.0	100.0	1
map00020	rn00020	Citrate cycle (TCA cycle)	iECABU_c1320	Escherichia coli ABU 83972	iECB_1328	Escherichia coli B str. REL606	23	23	23	23	0	0	1.0	100.0	1
map00020	rn00020	Citrate cycle (TCA cycle)	iECABU_c1320	Escherichia coli ABU 83972	iECDH10B_1368	Escherichia coli str. K-12 substr. DH10B	23	23	23	23	0	0	1.0	100.0	1
map00020	rn00020	Citrate cycle (TCA cycle)	iECABU_c1320	Escherichia coli ABU 83972	iECDH1ME8569_1439	Escherichia coli DH1	23	23	23	23	0	0	1.0	100.0	1
map00020	rn00020	Citrate cycle (TCA cycle)	iECABU_c1320	Escherichia coli ABU 83972	iECD_1391	Escherichia coli BL21(DE3)	23	23	23	23	0	0	1.0	100.0	1
map00020	rn00020	Citrate cycle (TCA cycle)	iECABU_c1320	Escherichia coli ABU 83972	iECED1_1282	Escherichia coli ED1a	23	23	23	23	0	0	1.0	100.0	1
map00020	rn00020	Citrate cycle (TCA cycle)	iECABU_c1320	Escherichia coli ABU 83972	iECH74115_1262	Escherichia coli O157:H7 str. EC4115	23	23	23	23	0	0	1.0	100.0	1
map00020	rn00020	Citrate cycle (TCA cycle)	iECABU_c1320	Escherichia coli ABU 83972	iECIAI1_1343	Escherichia coli IAI1	23	23	23	23	0	0	1.0	100.0	1
map00020	rn00020	Citrate cycle (TCA cycle)	iECABU_c1320	Escherichia coli ABU 83972	iECIAI39_1322	Escherichia coli IAI39	23	23	23	23	0	0	1.0	100.0	1
map00020	rn00020	Citrate cycle (TCA cycle)	iECABU_c1320	Escherichia coli ABU 83972	iECNA114_1301	Escherichia coli NA114	23	23	23	23	0	0	1.0	100.0	1
map00020	rn00020	Citrate cycle (TCA cycle)	iECABU_c1320	Escherichia coli ABU 83972	iECO103_1326	Escherichia coli O103:H2 str. 12009	23	23	23	23	0	0	1.0	100.0	1
map00020	rn00020	Citrate cycle (TCA cycle)	iECABU_c1320	Escherichia coli ABU 83972	iECO111_1330	Escherichia coli O111:H- str. 11128	23	23	23	23	0	0	1.0	100.0	1
map00020	rn00020	Citrate cycle (TCA cycle)	iECABU_c1320	Escherichia coli ABU 83972	iECO26_1355	Escherichia coli O26:H11 str. 11368	23	23	23	23	0	0	1.0	100.0	1
map00020	rn00020	Citrate cycle (TCA cycle)	iECABU_c1320	Escherichia coli ABU 83972	iECOK1_1307	Escherichia coli IHE3034	23	23	23	23	0	0	1.0	100.0	1
map00020	rn00020	Citrate cycle (TCA cycle)	iECABU_c1320	Escherichia coli ABU 83972	iECP_1309	Escherichia coli 536	23	23	23	23	0	0	1.0	100.0	1
map00020	rn00020	Citrate cycle (TCA cycle)	iECABU_c1320	Escherichia coli ABU 83972	iECS88_1305	Escherichia coli S88	23	23	23	23	0	0	1.0	100.0	1
map00020	rn00020	Citrate cycle (TCA cycle)	iECABU_c1320	Escherichia coli ABU 83972	iECSE_1348	Escherichia coli SE11	23	23	23	23	0	0	1.0	100.0	1
map00020	rn00020	Citrate cycle (TCA cycle)	iECABU_c1320	Escherichia coli ABU 83972	iECSF_1327	Escherichia coli SE15	23	23	23	23	0	0	1.0	100.0	1
map00020	rn00020	Citrate cycle (TCA cycle)	iECABU_c1320	Escherichia coli ABU 83972	iECSP_1301	Escherichia coli O157:H7 str. TW14359	23	23	23	23	0	0	1.0	100.0	1
map00020	rn00020	Citrate cycle (TCA cycle)	iECABU_c1320	Escherichia coli ABU 83972	iECUMN_1333	Escherichia coli UMN026	23	23	23	23	0	0	1.0	100.0	1
map00020	rn00020	Citrate cycle (TCA cycle)	iECABU_c1320	Escherichia coli ABU 83972	iECW_1372	Escherichia coli W	23	23	23	23	0	0	1.0	100.0	1
map00020	rn00020	Citrate cycle (TCA cycle)	iECABU_c1320	Escherichia coli ABU 83972	iECs_1301	Escherichia coli O157:H7 str. Sakai	23	23	23	23	0	0	1.0	100.0	1
map00020	rn00020	Citrate cycle (TCA cycle)	iECABU_c1320	Escherichia coli ABU 83972	iEKO11_1354	Escherichia coli KO11FL	23	23	23	23	0	0	1.0	100.0	1
map00020	rn00020	Citrate cycle (TCA cycle)	iECABU_c1320	Escherichia coli ABU 83972	iETEC_1333	Escherichia coli ETEC H10407	23	23	23	23	0	0	1.0	100.0	1
map00020	rn00020	Citrate cycle (TCA cycle)	iECABU_c1320	Escherichia coli ABU 83972	iEcDH1_1363	Escherichia coli DH1	23	23	23	23	0	0	1.0	100.0	1
map00020	rn00020	Citrate cycle (TCA cycle)	iECABU_c1320	Escherichia coli ABU 83972	iEcE24377_1341	Escherichia coli O139:H28 str. E24377A	23	23	23	23	0	0	1.0	100.0	1
map00020	rn00020	Citrate cycle (TCA cycle)	iECABU_c1320	Escherichia coli ABU 83972	iEcHS_1320	Escherichia coli HS	23	23	23	23	0	0	1.0	100.0	1
map00020	rn00020	Citrate cycle (TCA cycle)	iECABU_c1320	Escherichia coli ABU 83972	iEcSMS35_1347	Escherichia coli SMS-3-5	23	23	23	23	0	0	1.0	100.0	1
map00020	rn00020	Citrate cycle (TCA cycle)	iECABU_c1320	Escherichia coli ABU 83972	iEcolC_1368	Escherichia coli ATCC 8739	23	23	23	23	0	0	1.0	100.0	1
map00020	rn00020	Citrate cycle (TCA cycle)	iECABU_c1320	Escherichia coli ABU 83972	iG2583_1286	Escherichia coli O55:H7 str. CB9615	23	23	23	23	0	0	1.0	100.0	1
map00020	rn00020	Citrate cycle (TCA cycle)	iECABU_c1320	Escherichia coli ABU 83972	iJO1366	Escherichia coli str. K-12 substr. MG1655	23	22	22	23	1	0	0.9565	95.65	0
map00020	rn00020	Citrate cycle (TCA cycle)	iECABU_c1320	Escherichia coli ABU 83972	iJR904	Escherichia coli str. K-12 substr. MG1655	23	22	22	23	1	0	0.9565	95.65	0
map00020	rn00020	Citrate cycle (TCA cycle)	iECABU_c1320	Escherichia coli ABU 83972	iLF82_1304	Escherichia coli LF82	23	23	23	23	0	0	1.0	100.0	1
map00020	rn00020	Citrate cycle (TCA cycle)	iECABU_c1320	Escherichia coli ABU 83972	iML1515	Escherichia coli str. K-12 substr. MG1655	23	22	22	23	1	0	0.9565	95.65	0
map00020	rn00020	Citrate cycle (TCA cycle)	iECABU_c1320	Escherichia coli ABU 83972	iNRG857_1313	Escherichia coli O83:H1 str. NRG 857C	23	23	23	23	0	0	1.0	100.0	1
map00020	rn00020	Citrate cycle (TCA cycle)	iECABU_c1320	Escherichia coli ABU 83972	iUMN146_1321	Escherichia coli UM146	23	23	23	23	0	0	1.0	100.0	1
map00020	rn00020	Citrate cycle (TCA cycle)	iECABU_c1320	Escherichia coli ABU 83972	iUMNK88_1353	Escherichia coli UMNK88	23	23	23	23	0	0	1.0	100.0	1
map00020	rn00020	Citrate cycle (TCA cycle)	iECABU_c1320	Escherichia coli ABU 83972	iUTI89_1310	Escherichia coli UTI89	23	23	23	23	0	0	1.0	100.0	1
map00020	rn00020	Citrate cycle (TCA cycle)	iECABU_c1320	Escherichia coli ABU 83972	iWFL_1372	Escherichia coli W	23	23	23	23	0	0	1.0	100.0	1
map00020	rn00020	Citrate cycle (TCA cycle)	iECABU_c1320	Escherichia coli ABU 83972	iY75_1357	Escherichia coli str. K-12 substr. W3110	23	23	23	23	0	0	1.0	100.0	1
map00020	rn00020	Citrate cycle (TCA cycle)	iECABU_c1320	Escherichia coli ABU 83972	iZ_1308	Escherichia coli O157:H7 str. EDL933	23	23	23	23	0	0	1.0	100.0	1
map00020	rn00020	Citrate cycle (TCA cycle)	iECABU_c1320	Escherichia coli ABU 83972	ic_1306	Escherichia coli CFT073	23	23	23	23	0	0	1.0	100.0	1
map00020	rn00020	Citrate cycle (TCA cycle)	iECBD_1354	Escherichia coli 'BL21-Gold(DE3)pLysS AG'	iECB_1328	Escherichia coli B str. REL606	23	23	23	23	0	0	1.0	100.0	1
map00020	rn00020	Citrate cycle (TCA cycle)	iECBD_1354	Escherichia coli 'BL21-Gold(DE3)pLysS AG'	iECDH10B_1368	Escherichia coli str. K-12 substr. DH10B	23	23	23	23	0	0	1.0	100.0	1
map00020	rn00020	Citrate cycle (TCA cycle)	iECBD_1354	Escherichia coli 'BL21-Gold(DE3)pLysS AG'	iECDH1ME8569_1439	Escherichia coli DH1	23	23	23	23	0	0	1.0	100.0	1
map00020	rn00020	Citrate cycle (TCA cycle)	iECBD_1354	Escherichia coli 'BL21-Gold(DE3)pLysS AG'	iECD_1391	Escherichia coli BL21(DE3)	23	23	23	23	0	0	1.0	100.0	1
map00020	rn00020	Citrate cycle (TCA cycle)	iECBD_1354	Escherichia coli 'BL21-Gold(DE3)pLysS AG'	iECED1_1282	Escherichia coli ED1a	23	23	23	23	0	0	1.0	100.0	1
map00020	rn00020	Citrate cycle (TCA cycle)	iECBD_1354	Escherichia coli 'BL21-Gold(DE3)pLysS AG'	iECH74115_1262	Escherichia coli O157:H7 str. EC4115	23	23	23	23	0	0	1.0	100.0	1
map00020	rn00020	Citrate cycle (TCA cycle)	iECBD_1354	Escherichia coli 'BL21-Gold(DE3)pLysS AG'	iECIAI1_1343	Escherichia coli IAI1	23	23	23	23	0	0	1.0	100.0	1
map00020	rn00020	Citrate cycle (TCA cycle)	iECBD_1354	Escherichia coli 'BL21-Gold(DE3)pLysS AG'	iECIAI39_1322	Escherichia coli IAI39	23	23	23	23	0	0	1.0	100.0	1
map00020	rn00020	Citrate cycle (TCA cycle)	iECBD_1354	Escherichia coli 'BL21-Gold(DE3)pLysS AG'	iECNA114_1301	Escherichia coli NA114	23	23	23	23	0	0	1.0	100.0	1
map00020	rn00020	Citrate cycle (TCA cycle)	iECBD_1354	Escherichia coli 'BL21-Gold(DE3)pLysS AG'	iECO103_1326	Escherichia coli O103:H2 str. 12009	23	23	23	23	0	0	1.0	100.0	1
map00020	rn00020	Citrate cycle (TCA cycle)	iECBD_1354	Escherichia coli 'BL21-Gold(DE3)pLysS AG'	iECO111_1330	Escherichia coli O111:H- str. 11128	23	23	23	23	0	0	1.0	100.0	1
map00020	rn00020	Citrate cycle (TCA cycle)	iECBD_1354	Escherichia coli 'BL21-Gold(DE3)pLysS AG'	iECO26_1355	Escherichia coli O26:H11 str. 11368	23	23	23	23	0	0	1.0	100.0	1
map00020	rn00020	Citrate cycle (TCA cycle)	iECBD_1354	Escherichia coli 'BL21-Gold(DE3)pLysS AG'	iECOK1_1307	Escherichia coli IHE3034	23	23	23	23	0	0	1.0	100.0	1
map00020	rn00020	Citrate cycle (TCA cycle)	iECBD_1354	Escherichia coli 'BL21-Gold(DE3)pLysS AG'	iECP_1309	Escherichia coli 536	23	23	23	23	0	0	1.0	100.0	1
map00020	rn00020	Citrate cycle (TCA cycle)	iECBD_1354	Escherichia coli 'BL21-Gold(DE3)pLysS AG'	iECS88_1305	Escherichia coli S88	23	23	23	23	0	0	1.0	100.0	1
map00020	rn00020	Citrate cycle (TCA cycle)	iECBD_1354	Escherichia coli 'BL21-Gold(DE3)pLysS AG'	iECSE_1348	Escherichia coli SE11	23	23	23	23	0	0	1.0	100.0	1
map00020	rn00020	Citrate cycle (TCA cycle)	iECBD_1354	Escherichia coli 'BL21-Gold(DE3)pLysS AG'	iECSF_1327	Escherichia coli SE15	23	23	23	23	0	0	1.0	100.0	1
map00020	rn00020	Citrate cycle (TCA cycle)	iECBD_1354	Escherichia coli 'BL21-Gold(DE3)pLysS AG'	iECSP_1301	Escherichia coli O157:H7 str. TW14359	23	23	23	23	0	0	1.0	100.0	1
map00020	rn00020	Citrate cycle (TCA cycle)	iECBD_1354	Escherichia coli 'BL21-Gold(DE3)pLysS AG'	iECUMN_1333	Escherichia coli UMN026	23	23	23	23	0	0	1.0	100.0	1
map00020	rn00020	Citrate cycle (TCA cycle)	iECBD_1354	Escherichia coli 'BL21-Gold(DE3)pLysS AG'	iECW_1372	Escherichia coli W	23	23	23	23	0	0	1.0	100.0	1
map00020	rn00020	Citrate cycle (TCA cycle)	iECBD_1354	Escherichia coli 'BL21-Gold(DE3)pLysS AG'	iECs_1301	Escherichia coli O157:H7 str. Sakai	23	23	23	23	0	0	1.0	100.0	1
map00020	rn00020	Citrate cycle (TCA cycle)	iECBD_1354	Escherichia coli 'BL21-Gold(DE3)pLysS AG'	iEKO11_1354	Escherichia coli KO11FL	23	23	23	23	0	0	1.0	100.0	1
map00020	rn00020	Citrate cycle (TCA cycle)	iECBD_1354	Escherichia coli 'BL21-Gold(DE3)pLysS AG'	iETEC_1333	Escherichia coli ETEC H10407	23	23	23	23	0	0	1.0	100.0	1
map00020	rn00020	Citrate cycle (TCA cycle)	iECBD_1354	Escherichia coli 'BL21-Gold(DE3)pLysS AG'	iEcDH1_1363	Escherichia coli DH1	23	23	23	23	0	0	1.0	100.0	1
map00020	rn00020	Citrate cycle (TCA cycle)	iECBD_1354	Escherichia coli 'BL21-Gold(DE3)pLysS AG'	iEcE24377_1341	Escherichia coli O139:H28 str. E24377A	23	23	23	23	0	0	1.0	100.0	1
map00020	rn00020	Citrate cycle (TCA cycle)	iECBD_1354	Escherichia coli 'BL21-Gold(DE3)pLysS AG'	iEcHS_1320	Escherichia coli HS	23	23	23	23	0	0	1.0	100.0	1
map00020	rn00020	Citrate cycle (TCA cycle)	iECBD_1354	Escherichia coli 'BL21-Gold(DE3)pLysS AG'	iEcSMS35_1347	Escherichia coli SMS-3-5	23	23	23	23	0	0	1.0	100.0	1
map00020	rn00020	Citrate cycle (TCA cycle)	iECBD_1354	Escherichia coli 'BL21-Gold(DE3)pLysS AG'	iEcolC_1368	Escherichia coli ATCC 8739	23	23	23	23	0	0	1.0	100.0	1
map00020	rn00020	Citrate cycle (TCA cycle)	iECBD_1354	Escherichia coli 'BL21-Gold(DE3)pLysS AG'	iG2583_1286	Escherichia coli O55:H7 str. CB9615	23	23	23	23	0	0	1.0	100.0	1
map00020	rn00020	Citrate cycle (TCA cycle)	iECBD_1354	Escherichia coli 'BL21-Gold(DE3)pLysS AG'	iJO1366	Escherichia coli str. K-12 substr. MG1655	23	22	22	23	1	0	0.9565	95.65	0
map00020	rn00020	Citrate cycle (TCA cycle)	iECBD_1354	Escherichia coli 'BL21-Gold(DE3)pLysS AG'	iJR904	Escherichia coli str. K-12 substr. MG1655	23	22	22	23	1	0	0.9565	95.65	0
map00020	rn00020	Citrate cycle (TCA cycle)	iECBD_1354	Escherichia coli 'BL21-Gold(DE3)pLysS AG'	iLF82_1304	Escherichia coli LF82	23	23	23	23	0	0	1.0	100.0	1
map00020	rn00020	Citrate cycle (TCA cycle)	iECBD_1354	Escherichia coli 'BL21-Gold(DE3)pLysS AG'	iML1515	Escherichia coli str. K-12 substr. MG1655	23	22	22	23	1	0	0.9565	95.65	0
map00020	rn00020	Citrate cycle (TCA cycle)	iECBD_1354	Escherichia coli 'BL21-Gold(DE3)pLysS AG'	iNRG857_1313	Escherichia coli O83:H1 str. NRG 857C	23	23	23	23	0	0	1.0	100.0	1
map00020	rn00020	Citrate cycle (TCA cycle)	iECBD_1354	Escherichia coli 'BL21-Gold(DE3)pLysS AG'	iUMN146_1321	Escherichia coli UM146	23	23	23	23	0	0	1.0	100.0	1
map00020	rn00020	Citrate cycle (TCA cycle)	iECBD_1354	Escherichia coli 'BL21-Gold(DE3)pLysS AG'	iUMNK88_1353	Escherichia coli UMNK88	23	23	23	23	0	0	1.0	100.0	1
map00020	rn00020	Citrate cycle (TCA cycle)	iECBD_1354	Escherichia coli 'BL21-Gold(DE3)pLysS AG'	iUTI89_1310	Escherichia coli UTI89	23	23	23	23	0	0	1.0	100.0	1
map00020	rn00020	Citrate cycle (TCA cycle)	iECBD_1354	Escherichia coli 'BL21-Gold(DE3)pLysS AG'	iWFL_1372	Escherichia coli W	23	23	23	23	0	0	1.0	100.0	1
map00020	rn00020	Citrate cycle (TCA cycle)	iECBD_1354	Escherichia coli 'BL21-Gold(DE3)pLysS AG'	iY75_1357	Escherichia coli str. K-12 substr. W3110	23	23	23	23	0	0	1.0	100.0	1
map00020	rn00020	Citrate cycle (TCA cycle)	iECBD_1354	Escherichia coli 'BL21-Gold(DE3)pLysS AG'	iZ_1308	Escherichia coli O157:H7 str. EDL933	23	23	23	23	0	0	1.0	100.0	1
map00020	rn00020	Citrate cycle (TCA cycle)	iECBD_1354	Escherichia coli 'BL21-Gold(DE3)pLysS AG'	ic_1306	Escherichia coli CFT073	23	23	23	23	0	0	1.0	100.0	1
map00020	rn00020	Citrate cycle (TCA cycle)	iECB_1328	Escherichia coli B str. REL606	iECDH10B_1368	Escherichia coli str. K-12 substr. DH10B	23	23	23	23	0	0	1.0	100.0	1
map00020	rn00020	Citrate cycle (TCA cycle)	iECB_1328	Escherichia coli B str. REL606	iECDH1ME8569_1439	Escherichia coli DH1	23	23	23	23	0	0	1.0	100.0	1
map00020	rn00020	Citrate cycle (TCA cycle)	iECB_1328	Escherichia coli B str. REL606	iECD_1391	Escherichia coli BL21(DE3)	23	23	23	23	0	0	1.0	100.0	1
map00020	rn00020	Citrate cycle (TCA cycle)	iECB_1328	Escherichia coli B str. REL606	iECED1_1282	Escherichia coli ED1a	23	23	23	23	0	0	1.0	100.0	1
map00020	rn00020	Citrate cycle (TCA cycle)	iECB_1328	Escherichia coli B str. REL606	iECH74115_1262	Escherichia coli O157:H7 str. EC4115	23	23	23	23	0	0	1.0	100.0	1
map00020	rn00020	Citrate cycle (TCA cycle)	iECB_1328	Escherichia coli B str. REL606	iECIAI1_1343	Escherichia coli IAI1	23	23	23	23	0	0	1.0	100.0	1
map00020	rn00020	Citrate cycle (TCA cycle)	iECB_1328	Escherichia coli B str. REL606	iECIAI39_1322	Escherichia coli IAI39	23	23	23	23	0	0	1.0	100.0	1
map00020	rn00020	Citrate cycle (TCA cycle)	iECB_1328	Escherichia coli B str. REL606	iECNA114_1301	Escherichia coli NA114	23	23	23	23	0	0	1.0	100.0	1
map00020	rn00020	Citrate cycle (TCA cycle)	iECB_1328	Escherichia coli B str. REL606	iECO103_1326	Escherichia coli O103:H2 str. 12009	23	23	23	23	0	0	1.0	100.0	1
map00020	rn00020	Citrate cycle (TCA cycle)	iECB_1328	Escherichia coli B str. REL606	iECO111_1330	Escherichia coli O111:H- str. 11128	23	23	23	23	0	0	1.0	100.0	1
map00020	rn00020	Citrate cycle (TCA cycle)	iECB_1328	Escherichia coli B str. REL606	iECO26_1355	Escherichia coli O26:H11 str. 11368	23	23	23	23	0	0	1.0	100.0	1
map00020	rn00020	Citrate cycle (TCA cycle)	iECB_1328	Escherichia coli B str. REL606	iECOK1_1307	Escherichia coli IHE3034	23	23	23	23	0	0	1.0	100.0	1
map00020	rn00020	Citrate cycle (TCA cycle)	iECB_1328	Escherichia coli B str. REL606	iECP_1309	Escherichia coli 536	23	23	23	23	0	0	1.0	100.0	1
map00020	rn00020	Citrate cycle (TCA cycle)	iECB_1328	Escherichia coli B str. REL606	iECS88_1305	Escherichia coli S88	23	23	23	23	0	0	1.0	100.0	1
map00020	rn00020	Citrate cycle (TCA cycle)	iECB_1328	Escherichia coli B str. REL606	iECSE_1348	Escherichia coli SE11	23	23	23	23	0	0	1.0	100.0	1
map00020	rn00020	Citrate cycle (TCA cycle)	iECB_1328	Escherichia coli B str. REL606	iECSF_1327	Escherichia coli SE15	23	23	23	23	0	0	1.0	100.0	1
map00020	rn00020	Citrate cycle (TCA cycle)	iECB_1328	Escherichia coli B str. REL606	iECSP_1301	Escherichia coli O157:H7 str. TW14359	23	23	23	23	0	0	1.0	100.0	1
map00020	rn00020	Citrate cycle (TCA cycle)	iECB_1328	Escherichia coli B str. REL606	iECUMN_1333	Escherichia coli UMN026	23	23	23	23	0	0	1.0	100.0	1
map00020	rn00020	Citrate cycle (TCA cycle)	iECB_1328	Escherichia coli B str. REL606	iECW_1372	Escherichia coli W	23	23	23	23	0	0	1.0	100.0	1
map00020	rn00020	Citrate cycle (TCA cycle)	iECB_1328	Escherichia coli B str. REL606	iECs_1301	Escherichia coli O157:H7 str. Sakai	23	23	23	23	0	0	1.0	100.0	1
map00020	rn00020	Citrate cycle (TCA cycle)	iECB_1328	Escherichia coli B str. REL606	iEKO11_1354	Escherichia coli KO11FL	23	23	23	23	0	0	1.0	100.0	1
map00020	rn00020	Citrate cycle (TCA cycle)	iECB_1328	Escherichia coli B str. REL606	iETEC_1333	Escherichia coli ETEC H10407	23	23	23	23	0	0	1.0	100.0	1
map00020	rn00020	Citrate cycle (TCA cycle)	iECB_1328	Escherichia coli B str. REL606	iEcDH1_1363	Escherichia coli DH1	23	23	23	23	0	0	1.0	100.0	1
map00020	rn00020	Citrate cycle (TCA cycle)	iECB_1328	Escherichia coli B str. REL606	iEcE24377_1341	Escherichia coli O139:H28 str. E24377A	23	23	23	23	0	0	1.0	100.0	1
map00020	rn00020	Citrate cycle (TCA cycle)	iECB_1328	Escherichia coli B str. REL606	iEcHS_1320	Escherichia coli HS	23	23	23	23	0	0	1.0	100.0	1
map00020	rn00020	Citrate cycle (TCA cycle)	iECB_1328	Escherichia coli B str. REL606	iEcSMS35_1347	Escherichia coli SMS-3-5	23	23	23	23	0	0	1.0	100.0	1
map00020	rn00020	Citrate cycle (TCA cycle)	iECB_1328	Escherichia coli B str. REL606	iEcolC_1368	Escherichia coli ATCC 8739	23	23	23	23	0	0	1.0	100.0	1
map00020	rn00020	Citrate cycle (TCA cycle)	iECB_1328	Escherichia coli B str. REL606	iG2583_1286	Escherichia coli O55:H7 str. CB9615	23	23	23	23	0	0	1.0	100.0	1
map00020	rn00020	Citrate cycle (TCA cycle)	iECB_1328	Escherichia coli B str. REL606	iJO1366	Escherichia coli str. K-12 substr. MG1655	23	22	22	23	1	0	0.9565	95.65	0
map00020	rn00020	Citrate cycle (TCA cycle)	iECB_1328	Escherichia coli B str. REL606	iJR904	Escherichia coli str. K-12 substr. MG1655	23	22	22	23	1	0	0.9565	95.65	0
map00020	rn00020	Citrate cycle (TCA cycle)	iECB_1328	Escherichia coli B str. REL606	iLF82_1304	Escherichia coli LF82	23	23	23	23	0	0	1.0	100.0	1
map00020	rn00020	Citrate cycle (TCA cycle)	iECB_1328	Escherichia coli B str. REL606	iML1515	Escherichia coli str. K-12 substr. MG1655	23	22	22	23	1	0	0.9565	95.65	0
map00020	rn00020	Citrate cycle (TCA cycle)	iECB_1328	Escherichia coli B str. REL606	iNRG857_1313	Escherichia coli O83:H1 str. NRG 857C	23	23	23	23	0	0	1.0	100.0	1
map00020	rn00020	Citrate cycle (TCA cycle)	iECB_1328	Escherichia coli B str. REL606	iUMN146_1321	Escherichia coli UM146	23	23	23	23	0	0	1.0	100.0	1
map00020	rn00020	Citrate cycle (TCA cycle)	iECB_1328	Escherichia coli B str. REL606	iUMNK88_1353	Escherichia coli UMNK88	23	23	23	23	0	0	1.0	100.0	1
map00020	rn00020	Citrate cycle (TCA cycle)	iECB_1328	Escherichia coli B str. REL606	iUTI89_1310	Escherichia coli UTI89	23	23	23	23	0	0	1.0	100.0	1
map00020	rn00020	Citrate cycle (TCA cycle)	iECB_1328	Escherichia coli B str. REL606	iWFL_1372	Escherichia coli W	23	23	23	23	0	0	1.0	100.0	1
map00020	rn00020	Citrate cycle (TCA cycle)	iECB_1328	Escherichia coli B str. REL606	iY75_1357	Escherichia coli str. K-12 substr. W3110	23	23	23	23	0	0	1.0	100.0	1
map00020	rn00020	Citrate cycle (TCA cycle)	iECB_1328	Escherichia coli B str. REL606	iZ_1308	Escherichia coli O157:H7 str. EDL933	23	23	23	23	0	0	1.0	100.0	1
map00020	rn00020	Citrate cycle (TCA cycle)	iECB_1328	Escherichia coli B str. REL606	ic_1306	Escherichia coli CFT073	23	23	23	23	0	0	1.0	100.0	1
map00020	rn00020	Citrate cycle (TCA cycle)	iECDH10B_1368	Escherichia coli str. K-12 substr. DH10B	iECDH1ME8569_1439	Escherichia coli DH1	23	23	23	23	0	0	1.0	100.0	1
map00020	rn00020	Citrate cycle (TCA cycle)	iECDH10B_1368	Escherichia coli str. K-12 substr. DH10B	iECD_1391	Escherichia coli BL21(DE3)	23	23	23	23	0	0	1.0	100.0	1
map00020	rn00020	Citrate cycle (TCA cycle)	iECDH10B_1368	Escherichia coli str. K-12 substr. DH10B	iECED1_1282	Escherichia coli ED1a	23	23	23	23	0	0	1.0	100.0	1
map00020	rn00020	Citrate cycle (TCA cycle)	iECDH10B_1368	Escherichia coli str. K-12 substr. DH10B	iECH74115_1262	Escherichia coli O157:H7 str. EC4115	23	23	23	23	0	0	1.0	100.0	1
map00020	rn00020	Citrate cycle (TCA cycle)	iECDH10B_1368	Escherichia coli str. K-12 substr. DH10B	iECIAI1_1343	Escherichia coli IAI1	23	23	23	23	0	0	1.0	100.0	1
map00020	rn00020	Citrate cycle (TCA cycle)	iECDH10B_1368	Escherichia coli str. K-12 substr. DH10B	iECIAI39_1322	Escherichia coli IAI39	23	23	23	23	0	0	1.0	100.0	1
map00020	rn00020	Citrate cycle (TCA cycle)	iECDH10B_1368	Escherichia coli str. K-12 substr. DH10B	iECNA114_1301	Escherichia coli NA114	23	23	23	23	0	0	1.0	100.0	1
map00020	rn00020	Citrate cycle (TCA cycle)	iECDH10B_1368	Escherichia coli str. K-12 substr. DH10B	iECO103_1326	Escherichia coli O103:H2 str. 12009	23	23	23	23	0	0	1.0	100.0	1
map00020	rn00020	Citrate cycle (TCA cycle)	iECDH10B_1368	Escherichia coli str. K-12 substr. DH10B	iECO111_1330	Escherichia coli O111:H- str. 11128	23	23	23	23	0	0	1.0	100.0	1
map00020	rn00020	Citrate cycle (TCA cycle)	iECDH10B_1368	Escherichia coli str. K-12 substr. DH10B	iECO26_1355	Escherichia coli O26:H11 str. 11368	23	23	23	23	0	0	1.0	100.0	1
map00020	rn00020	Citrate cycle (TCA cycle)	iECDH10B_1368	Escherichia coli str. K-12 substr. DH10B	iECOK1_1307	Escherichia coli IHE3034	23	23	23	23	0	0	1.0	100.0	1
map00020	rn00020	Citrate cycle (TCA cycle)	iECDH10B_1368	Escherichia coli str. K-12 substr. DH10B	iECP_1309	Escherichia coli 536	23	23	23	23	0	0	1.0	100.0	1
map00020	rn00020	Citrate cycle (TCA cycle)	iECDH10B_1368	Escherichia coli str. K-12 substr. DH10B	iECS88_1305	Escherichia coli S88	23	23	23	23	0	0	1.0	100.0	1
map00020	rn00020	Citrate cycle (TCA cycle)	iECDH10B_1368	Escherichia coli str. K-12 substr. DH10B	iECSE_1348	Escherichia coli SE11	23	23	23	23	0	0	1.0	100.0	1
map00020	rn00020	Citrate cycle (TCA cycle)	iECDH10B_1368	Escherichia coli str. K-12 substr. DH10B	iECSF_1327	Escherichia coli SE15	23	23	23	23	0	0	1.0	100.0	1
map00020	rn00020	Citrate cycle (TCA cycle)	iECDH10B_1368	Escherichia coli str. K-12 substr. DH10B	iECSP_1301	Escherichia coli O157:H7 str. TW14359	23	23	23	23	0	0	1.0	100.0	1
map00020	rn00020	Citrate cycle (TCA cycle)	iECDH10B_1368	Escherichia coli str. K-12 substr. DH10B	iECUMN_1333	Escherichia coli UMN026	23	23	23	23	0	0	1.0	100.0	1
map00020	rn00020	Citrate cycle (TCA cycle)	iECDH10B_1368	Escherichia coli str. K-12 substr. DH10B	iECW_1372	Escherichia coli W	23	23	23	23	0	0	1.0	100.0	1
map00020	rn00020	Citrate cycle (TCA cycle)	iECDH10B_1368	Escherichia coli str. K-12 substr. DH10B	iECs_1301	Escherichia coli O157:H7 str. Sakai	23	23	23	23	0	0	1.0	100.0	1
map00020	rn00020	Citrate cycle (TCA cycle)	iECDH10B_1368	Escherichia coli str. K-12 substr. DH10B	iEKO11_1354	Escherichia coli KO11FL	23	23	23	23	0	0	1.0	100.0	1
map00020	rn00020	Citrate cycle (TCA cycle)	iECDH10B_1368	Escherichia coli str. K-12 substr. DH10B	iETEC_1333	Escherichia coli ETEC H10407	23	23	23	23	0	0	1.0	100.0	1
map00020	rn00020	Citrate cycle (TCA cycle)	iECDH10B_1368	Escherichia coli str. K-12 substr. DH10B	iEcDH1_1363	Escherichia coli DH1	23	23	23	23	0	0	1.0	100.0	1
map00020	rn00020	Citrate cycle (TCA cycle)	iECDH10B_1368	Escherichia coli str. K-12 substr. DH10B	iEcE24377_1341	Escherichia coli O139:H28 str. E24377A	23	23	23	23	0	0	1.0	100.0	1
map00020	rn00020	Citrate cycle (TCA cycle)	iECDH10B_1368	Escherichia coli str. K-12 substr. DH10B	iEcHS_1320	Escherichia coli HS	23	23	23	23	0	0	1.0	100.0	1
map00020	rn00020	Citrate cycle (TCA cycle)	iECDH10B_1368	Escherichia coli str. K-12 substr. DH10B	iEcSMS35_1347	Escherichia coli SMS-3-5	23	23	23	23	0	0	1.0	100.0	1
map00020	rn00020	Citrate cycle (TCA cycle)	iECDH10B_1368	Escherichia coli str. K-12 substr. DH10B	iEcolC_1368	Escherichia coli ATCC 8739	23	23	23	23	0	0	1.0	100.0	1
map00020	rn00020	Citrate cycle (TCA cycle)	iECDH10B_1368	Escherichia coli str. K-12 substr. DH10B	iG2583_1286	Escherichia coli O55:H7 str. CB9615	23	23	23	23	0	0	1.0	100.0	1
map00020	rn00020	Citrate cycle (TCA cycle)	iECDH10B_1368	Escherichia coli str. K-12 substr. DH10B	iJO1366	Escherichia coli str. K-12 substr. MG1655	23	22	22	23	1	0	0.9565	95.65	0
map00020	rn00020	Citrate cycle (TCA cycle)	iECDH10B_1368	Escherichia coli str. K-12 substr. DH10B	iJR904	Escherichia coli str. K-12 substr. MG1655	23	22	22	23	1	0	0.9565	95.65	0
map00020	rn00020	Citrate cycle (TCA cycle)	iECDH10B_1368	Escherichia coli str. K-12 substr. DH10B	iLF82_1304	Escherichia coli LF82	23	23	23	23	0	0	1.0	100.0	1
map00020	rn00020	Citrate cycle (TCA cycle)	iECDH10B_1368	Escherichia coli str. K-12 substr. DH10B	iML1515	Escherichia coli str. K-12 substr. MG1655	23	22	22	23	1	0	0.9565	95.65	0
map00020	rn00020	Citrate cycle (TCA cycle)	iECDH10B_1368	Escherichia coli str. K-12 substr. DH10B	iNRG857_1313	Escherichia coli O83:H1 str. NRG 857C	23	23	23	23	0	0	1.0	100.0	1
map00020	rn00020	Citrate cycle (TCA cycle)	iECDH10B_1368	Escherichia coli str. K-12 substr. DH10B	iUMN146_1321	Escherichia coli UM146	23	23	23	23	0	0	1.0	100.0	1
map00020	rn00020	Citrate cycle (TCA cycle)	iECDH10B_1368	Escherichia coli str. K-12 substr. DH10B	iUMNK88_1353	Escherichia coli UMNK88	23	23	23	23	0	0	1.0	100.0	1
map00020	rn00020	Citrate cycle (TCA cycle)	iECDH10B_1368	Escherichia coli str. K-12 substr. DH10B	iUTI89_1310	Escherichia coli UTI89	23	23	23	23	0	0	1.0	100.0	1
map00020	rn00020	Citrate cycle (TCA cycle)	iECDH10B_1368	Escherichia coli str. K-12 substr. DH10B	iWFL_1372	Escherichia coli W	23	23	23	23	0	0	1.0	100.0	1
map00020	rn00020	Citrate cycle (TCA cycle)	iECDH10B_1368	Escherichia coli str. K-12 substr. DH10B	iY75_1357	Escherichia coli str. K-12 substr. W3110	23	23	23	23	0	0	1.0	100.0	1
map00020	rn00020	Citrate cycle (TCA cycle)	iECDH10B_1368	Escherichia coli str. K-12 substr. DH10B	iZ_1308	Escherichia coli O157:H7 str. EDL933	23	23	23	23	0	0	1.0	100.0	1
map00020	rn00020	Citrate cycle (TCA cycle)	iECDH10B_1368	Escherichia coli str. K-12 substr. DH10B	ic_1306	Escherichia coli CFT073	23	23	23	23	0	0	1.0	100.0	1
map00020	rn00020	Citrate cycle (TCA cycle)	iECDH1ME8569_1439	Escherichia coli DH1	iECD_1391	Escherichia coli BL21(DE3)	23	23	23	23	0	0	1.0	100.0	1
map00020	rn00020	Citrate cycle (TCA cycle)	iECDH1ME8569_1439	Escherichia coli DH1	iECED1_1282	Escherichia coli ED1a	23	23	23	23	0	0	1.0	100.0	1
map00020	rn00020	Citrate cycle (TCA cycle)	iECDH1ME8569_1439	Escherichia coli DH1	iECH74115_1262	Escherichia coli O157:H7 str. EC4115	23	23	23	23	0	0	1.0	100.0	1
map00020	rn00020	Citrate cycle (TCA cycle)	iECDH1ME8569_1439	Escherichia coli DH1	iECIAI1_1343	Escherichia coli IAI1	23	23	23	23	0	0	1.0	100.0	1
map00020	rn00020	Citrate cycle (TCA cycle)	iECDH1ME8569_1439	Escherichia coli DH1	iECIAI39_1322	Escherichia coli IAI39	23	23	23	23	0	0	1.0	100.0	1
map00020	rn00020	Citrate cycle (TCA cycle)	iECDH1ME8569_1439	Escherichia coli DH1	iECNA114_1301	Escherichia coli NA114	23	23	23	23	0	0	1.0	100.0	1
map00020	rn00020	Citrate cycle (TCA cycle)	iECDH1ME8569_1439	Escherichia coli DH1	iECO103_1326	Escherichia coli O103:H2 str. 12009	23	23	23	23	0	0	1.0	100.0	1
map00020	rn00020	Citrate cycle (TCA cycle)	iECDH1ME8569_1439	Escherichia coli DH1	iECO111_1330	Escherichia coli O111:H- str. 11128	23	23	23	23	0	0	1.0	100.0	1
map00020	rn00020	Citrate cycle (TCA cycle)	iECDH1ME8569_1439	Escherichia coli DH1	iECO26_1355	Escherichia coli O26:H11 str. 11368	23	23	23	23	0	0	1.0	100.0	1
map00020	rn00020	Citrate cycle (TCA cycle)	iECDH1ME8569_1439	Escherichia coli DH1	iECOK1_1307	Escherichia coli IHE3034	23	23	23	23	0	0	1.0	100.0	1
map00020	rn00020	Citrate cycle (TCA cycle)	iECDH1ME8569_1439	Escherichia coli DH1	iECP_1309	Escherichia coli 536	23	23	23	23	0	0	1.0	100.0	1
map00020	rn00020	Citrate cycle (TCA cycle)	iECDH1ME8569_1439	Escherichia coli DH1	iECS88_1305	Escherichia coli S88	23	23	23	23	0	0	1.0	100.0	1
map00020	rn00020	Citrate cycle (TCA cycle)	iECDH1ME8569_1439	Escherichia coli DH1	iECSE_1348	Escherichia coli SE11	23	23	23	23	0	0	1.0	100.0	1
map00020	rn00020	Citrate cycle (TCA cycle)	iECDH1ME8569_1439	Escherichia coli DH1	iECSF_1327	Escherichia coli SE15	23	23	23	23	0	0	1.0	100.0	1
map00020	rn00020	Citrate cycle (TCA cycle)	iECDH1ME8569_1439	Escherichia coli DH1	iECSP_1301	Escherichia coli O157:H7 str. TW14359	23	23	23	23	0	0	1.0	100.0	1
map00020	rn00020	Citrate cycle (TCA cycle)	iECDH1ME8569_1439	Escherichia coli DH1	iECUMN_1333	Escherichia coli UMN026	23	23	23	23	0	0	1.0	100.0	1
map00020	rn00020	Citrate cycle (TCA cycle)	iECDH1ME8569_1439	Escherichia coli DH1	iECW_1372	Escherichia coli W	23	23	23	23	0	0	1.0	100.0	1
map00020	rn00020	Citrate cycle (TCA cycle)	iECDH1ME8569_1439	Escherichia coli DH1	iECs_1301	Escherichia coli O157:H7 str. Sakai	23	23	23	23	0	0	1.0	100.0	1
map00020	rn00020	Citrate cycle (TCA cycle)	iECDH1ME8569_1439	Escherichia coli DH1	iEKO11_1354	Escherichia coli KO11FL	23	23	23	23	0	0	1.0	100.0	1
map00020	rn00020	Citrate cycle (TCA cycle)	iECDH1ME8569_1439	Escherichia coli DH1	iETEC_1333	Escherichia coli ETEC H10407	23	23	23	23	0	0	1.0	100.0	1
map00020	rn00020	Citrate cycle (TCA cycle)	iECDH1ME8569_1439	Escherichia coli DH1	iEcDH1_1363	Escherichia coli DH1	23	23	23	23	0	0	1.0	100.0	1
map00020	rn00020	Citrate cycle (TCA cycle)	iECDH1ME8569_1439	Escherichia coli DH1	iEcE24377_1341	Escherichia coli O139:H28 str. E24377A	23	23	23	23	0	0	1.0	100.0	1
map00020	rn00020	Citrate cycle (TCA cycle)	iECDH1ME8569_1439	Escherichia coli DH1	iEcHS_1320	Escherichia coli HS	23	23	23	23	0	0	1.0	100.0	1
map00020	rn00020	Citrate cycle (TCA cycle)	iECDH1ME8569_1439	Escherichia coli DH1	iEcSMS35_1347	Escherichia coli SMS-3-5	23	23	23	23	0	0	1.0	100.0	1
map00020	rn00020	Citrate cycle (TCA cycle)	iECDH1ME8569_1439	Escherichia coli DH1	iEcolC_1368	Escherichia coli ATCC 8739	23	23	23	23	0	0	1.0	100.0	1
map00020	rn00020	Citrate cycle (TCA cycle)	iECDH1ME8569_1439	Escherichia coli DH1	iG2583_1286	Escherichia coli O55:H7 str. CB9615	23	23	23	23	0	0	1.0	100.0	1
map00020	rn00020	Citrate cycle (TCA cycle)	iECDH1ME8569_1439	Escherichia coli DH1	iJO1366	Escherichia coli str. K-12 substr. MG1655	23	22	22	23	1	0	0.9565	95.65	0
map00020	rn00020	Citrate cycle (TCA cycle)	iECDH1ME8569_1439	Escherichia coli DH1	iJR904	Escherichia coli str. K-12 substr. MG1655	23	22	22	23	1	0	0.9565	95.65	0
map00020	rn00020	Citrate cycle (TCA cycle)	iECDH1ME8569_1439	Escherichia coli DH1	iLF82_1304	Escherichia coli LF82	23	23	23	23	0	0	1.0	100.0	1
map00020	rn00020	Citrate cycle (TCA cycle)	iECDH1ME8569_1439	Escherichia coli DH1	iML1515	Escherichia coli str. K-12 substr. MG1655	23	22	22	23	1	0	0.9565	95.65	0
map00020	rn00020	Citrate cycle (TCA cycle)	iECDH1ME8569_1439	Escherichia coli DH1	iNRG857_1313	Escherichia coli O83:H1 str. NRG 857C	23	23	23	23	0	0	1.0	100.0	1
map00020	rn00020	Citrate cycle (TCA cycle)	iECDH1ME8569_1439	Escherichia coli DH1	iUMN146_1321	Escherichia coli UM146	23	23	23	23	0	0	1.0	100.0	1
map00020	rn00020	Citrate cycle (TCA cycle)	iECDH1ME8569_1439	Escherichia coli DH1	iUMNK88_1353	Escherichia coli UMNK88	23	23	23	23	0	0	1.0	100.0	1
map00020	rn00020	Citrate cycle (TCA cycle)	iECDH1ME8569_1439	Escherichia coli DH1	iUTI89_1310	Escherichia coli UTI89	23	23	23	23	0	0	1.0	100.0	1
map00020	rn00020	Citrate cycle (TCA cycle)	iECDH1ME8569_1439	Escherichia coli DH1	iWFL_1372	Escherichia coli W	23	23	23	23	0	0	1.0	100.0	1
map00020	rn00020	Citrate cycle (TCA cycle)	iECDH1ME8569_1439	Escherichia coli DH1	iY75_1357	Escherichia coli str. K-12 substr. W3110	23	23	23	23	0	0	1.0	100.0	1
map00020	rn00020	Citrate cycle (TCA cycle)	iECDH1ME8569_1439	Escherichia coli DH1	iZ_1308	Escherichia coli O157:H7 str. EDL933	23	23	23	23	0	0	1.0	100.0	1
map00020	rn00020	Citrate cycle (TCA cycle)	iECDH1ME8569_1439	Escherichia coli DH1	ic_1306	Escherichia coli CFT073	23	23	23	23	0	0	1.0	100.0	1
map00020	rn00020	Citrate cycle (TCA cycle)	iECD_1391	Escherichia coli BL21(DE3)	iECED1_1282	Escherichia coli ED1a	23	23	23	23	0	0	1.0	100.0	1
map00020	rn00020	Citrate cycle (TCA cycle)	iECD_1391	Escherichia coli BL21(DE3)	iECH74115_1262	Escherichia coli O157:H7 str. EC4115	23	23	23	23	0	0	1.0	100.0	1
map00020	rn00020	Citrate cycle (TCA cycle)	iECD_1391	Escherichia coli BL21(DE3)	iECIAI1_1343	Escherichia coli IAI1	23	23	23	23	0	0	1.0	100.0	1
map00020	rn00020	Citrate cycle (TCA cycle)	iECD_1391	Escherichia coli BL21(DE3)	iECIAI39_1322	Escherichia coli IAI39	23	23	23	23	0	0	1.0	100.0	1
map00020	rn00020	Citrate cycle (TCA cycle)	iECD_1391	Escherichia coli BL21(DE3)	iECNA114_1301	Escherichia coli NA114	23	23	23	23	0	0	1.0	100.0	1
map00020	rn00020	Citrate cycle (TCA cycle)	iECD_1391	Escherichia coli BL21(DE3)	iECO103_1326	Escherichia coli O103:H2 str. 12009	23	23	23	23	0	0	1.0	100.0	1
map00020	rn00020	Citrate cycle (TCA cycle)	iECD_1391	Escherichia coli BL21(DE3)	iECO111_1330	Escherichia coli O111:H- str. 11128	23	23	23	23	0	0	1.0	100.0	1
map00020	rn00020	Citrate cycle (TCA cycle)	iECD_1391	Escherichia coli BL21(DE3)	iECO26_1355	Escherichia coli O26:H11 str. 11368	23	23	23	23	0	0	1.0	100.0	1
map00020	rn00020	Citrate cycle (TCA cycle)	iECD_1391	Escherichia coli BL21(DE3)	iECOK1_1307	Escherichia coli IHE3034	23	23	23	23	0	0	1.0	100.0	1
map00020	rn00020	Citrate cycle (TCA cycle)	iECD_1391	Escherichia coli BL21(DE3)	iECP_1309	Escherichia coli 536	23	23	23	23	0	0	1.0	100.0	1
map00020	rn00020	Citrate cycle (TCA cycle)	iECD_1391	Escherichia coli BL21(DE3)	iECS88_1305	Escherichia coli S88	23	23	23	23	0	0	1.0	100.0	1
map00020	rn00020	Citrate cycle (TCA cycle)	iECD_1391	Escherichia coli BL21(DE3)	iECSE_1348	Escherichia coli SE11	23	23	23	23	0	0	1.0	100.0	1
map00020	rn00020	Citrate cycle (TCA cycle)	iECD_1391	Escherichia coli BL21(DE3)	iECSF_1327	Escherichia coli SE15	23	23	23	23	0	0	1.0	100.0	1
map00020	rn00020	Citrate cycle (TCA cycle)	iECD_1391	Escherichia coli BL21(DE3)	iECSP_1301	Escherichia coli O157:H7 str. TW14359	23	23	23	23	0	0	1.0	100.0	1
map00020	rn00020	Citrate cycle (TCA cycle)	iECD_1391	Escherichia coli BL21(DE3)	iECUMN_1333	Escherichia coli UMN026	23	23	23	23	0	0	1.0	100.0	1
map00020	rn00020	Citrate cycle (TCA cycle)	iECD_1391	Escherichia coli BL21(DE3)	iECW_1372	Escherichia coli W	23	23	23	23	0	0	1.0	100.0	1
map00020	rn00020	Citrate cycle (TCA cycle)	iECD_1391	Escherichia coli BL21(DE3)	iECs_1301	Escherichia coli O157:H7 str. Sakai	23	23	23	23	0	0	1.0	100.0	1
map00020	rn00020	Citrate cycle (TCA cycle)	iECD_1391	Escherichia coli BL21(DE3)	iEKO11_1354	Escherichia coli KO11FL	23	23	23	23	0	0	1.0	100.0	1
map00020	rn00020	Citrate cycle (TCA cycle)	iECD_1391	Escherichia coli BL21(DE3)	iETEC_1333	Escherichia coli ETEC H10407	23	23	23	23	0	0	1.0	100.0	1
map00020	rn00020	Citrate cycle (TCA cycle)	iECD_1391	Escherichia coli BL21(DE3)	iEcDH1_1363	Escherichia coli DH1	23	23	23	23	0	0	1.0	100.0	1
map00020	rn00020	Citrate cycle (TCA cycle)	iECD_1391	Escherichia coli BL21(DE3)	iEcE24377_1341	Escherichia coli O139:H28 str. E24377A	23	23	23	23	0	0	1.0	100.0	1
map00020	rn00020	Citrate cycle (TCA cycle)	iECD_1391	Escherichia coli BL21(DE3)	iEcHS_1320	Escherichia coli HS	23	23	23	23	0	0	1.0	100.0	1
map00020	rn00020	Citrate cycle (TCA cycle)	iECD_1391	Escherichia coli BL21(DE3)	iEcSMS35_1347	Escherichia coli SMS-3-5	23	23	23	23	0	0	1.0	100.0	1
map00020	rn00020	Citrate cycle (TCA cycle)	iECD_1391	Escherichia coli BL21(DE3)	iEcolC_1368	Escherichia coli ATCC 8739	23	23	23	23	0	0	1.0	100.0	1
map00020	rn00020	Citrate cycle (TCA cycle)	iECD_1391	Escherichia coli BL21(DE3)	iG2583_1286	Escherichia coli O55:H7 str. CB9615	23	23	23	23	0	0	1.0	100.0	1
map00020	rn00020	Citrate cycle (TCA cycle)	iECD_1391	Escherichia coli BL21(DE3)	iJO1366	Escherichia coli str. K-12 substr. MG1655	23	22	22	23	1	0	0.9565	95.65	0
map00020	rn00020	Citrate cycle (TCA cycle)	iECD_1391	Escherichia coli BL21(DE3)	iJR904	Escherichia coli str. K-12 substr. MG1655	23	22	22	23	1	0	0.9565	95.65	0
map00020	rn00020	Citrate cycle (TCA cycle)	iECD_1391	Escherichia coli BL21(DE3)	iLF82_1304	Escherichia coli LF82	23	23	23	23	0	0	1.0	100.0	1
map00020	rn00020	Citrate cycle (TCA cycle)	iECD_1391	Escherichia coli BL21(DE3)	iML1515	Escherichia coli str. K-12 substr. MG1655	23	22	22	23	1	0	0.9565	95.65	0
map00020	rn00020	Citrate cycle (TCA cycle)	iECD_1391	Escherichia coli BL21(DE3)	iNRG857_1313	Escherichia coli O83:H1 str. NRG 857C	23	23	23	23	0	0	1.0	100.0	1
map00020	rn00020	Citrate cycle (TCA cycle)	iECD_1391	Escherichia coli BL21(DE3)	iUMN146_1321	Escherichia coli UM146	23	23	23	23	0	0	1.0	100.0	1
map00020	rn00020	Citrate cycle (TCA cycle)	iECD_1391	Escherichia coli BL21(DE3)	iUMNK88_1353	Escherichia coli UMNK88	23	23	23	23	0	0	1.0	100.0	1
map00020	rn00020	Citrate cycle (TCA cycle)	iECD_1391	Escherichia coli BL21(DE3)	iUTI89_1310	Escherichia coli UTI89	23	23	23	23	0	0	1.0	100.0	1
map00020	rn00020	Citrate cycle (TCA cycle)	iECD_1391	Escherichia coli BL21(DE3)	iWFL_1372	Escherichia coli W	23	23	23	23	0	0	1.0	100.0	1
map00020	rn00020	Citrate cycle (TCA cycle)	iECD_1391	Escherichia coli BL21(DE3)	iY75_1357	Escherichia coli str. K-12 substr. W3110	23	23	23	23	0	0	1.0	100.0	1
map00020	rn00020	Citrate cycle (TCA cycle)	iECD_1391	Escherichia coli BL21(DE3)	iZ_1308	Escherichia coli O157:H7 str. EDL933	23	23	23	23	0	0	1.0	100.0	1
map00020	rn00020	Citrate cycle (TCA cycle)	iECD_1391	Escherichia coli BL21(DE3)	ic_1306	Escherichia coli CFT073	23	23	23	23	0	0	1.0	100.0	1
map00020	rn00020	Citrate cycle (TCA cycle)	iECED1_1282	Escherichia coli ED1a	iECH74115_1262	Escherichia coli O157:H7 str. EC4115	23	23	23	23	0	0	1.0	100.0	1
map00020	rn00020	Citrate cycle (TCA cycle)	iECED1_1282	Escherichia coli ED1a	iECIAI1_1343	Escherichia coli IAI1	23	23	23	23	0	0	1.0	100.0	1
map00020	rn00020	Citrate cycle (TCA cycle)	iECED1_1282	Escherichia coli ED1a	iECIAI39_1322	Escherichia coli IAI39	23	23	23	23	0	0	1.0	100.0	1
map00020	rn00020	Citrate cycle (TCA cycle)	iECED1_1282	Escherichia coli ED1a	iECNA114_1301	Escherichia coli NA114	23	23	23	23	0	0	1.0	100.0	1
map00020	rn00020	Citrate cycle (TCA cycle)	iECED1_1282	Escherichia coli ED1a	iECO103_1326	Escherichia coli O103:H2 str. 12009	23	23	23	23	0	0	1.0	100.0	1
map00020	rn00020	Citrate cycle (TCA cycle)	iECED1_1282	Escherichia coli ED1a	iECO111_1330	Escherichia coli O111:H- str. 11128	23	23	23	23	0	0	1.0	100.0	1
map00020	rn00020	Citrate cycle (TCA cycle)	iECED1_1282	Escherichia coli ED1a	iECO26_1355	Escherichia coli O26:H11 str. 11368	23	23	23	23	0	0	1.0	100.0	1
map00020	rn00020	Citrate cycle (TCA cycle)	iECED1_1282	Escherichia coli ED1a	iECOK1_1307	Escherichia coli IHE3034	23	23	23	23	0	0	1.0	100.0	1
map00020	rn00020	Citrate cycle (TCA cycle)	iECED1_1282	Escherichia coli ED1a	iECP_1309	Escherichia coli 536	23	23	23	23	0	0	1.0	100.0	1
map00020	rn00020	Citrate cycle (TCA cycle)	iECED1_1282	Escherichia coli ED1a	iECS88_1305	Escherichia coli S88	23	23	23	23	0	0	1.0	100.0	1
map00020	rn00020	Citrate cycle (TCA cycle)	iECED1_1282	Escherichia coli ED1a	iECSE_1348	Escherichia coli SE11	23	23	23	23	0	0	1.0	100.0	1
map00020	rn00020	Citrate cycle (TCA cycle)	iECED1_1282	Escherichia coli ED1a	iECSF_1327	Escherichia coli SE15	23	23	23	23	0	0	1.0	100.0	1
map00020	rn00020	Citrate cycle (TCA cycle)	iECED1_1282	Escherichia coli ED1a	iECSP_1301	Escherichia coli O157:H7 str. TW14359	23	23	23	23	0	0	1.0	100.0	1
map00020	rn00020	Citrate cycle (TCA cycle)	iECED1_1282	Escherichia coli ED1a	iECUMN_1333	Escherichia coli UMN026	23	23	23	23	0	0	1.0	100.0	1
map00020	rn00020	Citrate cycle (TCA cycle)	iECED1_1282	Escherichia coli ED1a	iECW_1372	Escherichia coli W	23	23	23	23	0	0	1.0	100.0	1
map00020	rn00020	Citrate cycle (TCA cycle)	iECED1_1282	Escherichia coli ED1a	iECs_1301	Escherichia coli O157:H7 str. Sakai	23	23	23	23	0	0	1.0	100.0	1
map00020	rn00020	Citrate cycle (TCA cycle)	iECED1_1282	Escherichia coli ED1a	iEKO11_1354	Escherichia coli KO11FL	23	23	23	23	0	0	1.0	100.0	1
map00020	rn00020	Citrate cycle (TCA cycle)	iECED1_1282	Escherichia coli ED1a	iETEC_1333	Escherichia coli ETEC H10407	23	23	23	23	0	0	1.0	100.0	1
map00020	rn00020	Citrate cycle (TCA cycle)	iECED1_1282	Escherichia coli ED1a	iEcDH1_1363	Escherichia coli DH1	23	23	23	23	0	0	1.0	100.0	1
map00020	rn00020	Citrate cycle (TCA cycle)	iECED1_1282	Escherichia coli ED1a	iEcE24377_1341	Escherichia coli O139:H28 str. E24377A	23	23	23	23	0	0	1.0	100.0	1
map00020	rn00020	Citrate cycle (TCA cycle)	iECED1_1282	Escherichia coli ED1a	iEcHS_1320	Escherichia coli HS	23	23	23	23	0	0	1.0	100.0	1
map00020	rn00020	Citrate cycle (TCA cycle)	iECED1_1282	Escherichia coli ED1a	iEcSMS35_1347	Escherichia coli SMS-3-5	23	23	23	23	0	0	1.0	100.0	1
map00020	rn00020	Citrate cycle (TCA cycle)	iECED1_1282	Escherichia coli ED1a	iEcolC_1368	Escherichia coli ATCC 8739	23	23	23	23	0	0	1.0	100.0	1
map00020	rn00020	Citrate cycle (TCA cycle)	iECED1_1282	Escherichia coli ED1a	iG2583_1286	Escherichia coli O55:H7 str. CB9615	23	23	23	23	0	0	1.0	100.0	1
map00020	rn00020	Citrate cycle (TCA cycle)	iECED1_1282	Escherichia coli ED1a	iJO1366	Escherichia coli str. K-12 substr. MG1655	23	22	22	23	1	0	0.9565	95.65	0
map00020	rn00020	Citrate cycle (TCA cycle)	iECED1_1282	Escherichia coli ED1a	iJR904	Escherichia coli str. K-12 substr. MG1655	23	22	22	23	1	0	0.9565	95.65	0
map00020	rn00020	Citrate cycle (TCA cycle)	iECED1_1282	Escherichia coli ED1a	iLF82_1304	Escherichia coli LF82	23	23	23	23	0	0	1.0	100.0	1
map00020	rn00020	Citrate cycle (TCA cycle)	iECED1_1282	Escherichia coli ED1a	iML1515	Escherichia coli str. K-12 substr. MG1655	23	22	22	23	1	0	0.9565	95.65	0
map00020	rn00020	Citrate cycle (TCA cycle)	iECED1_1282	Escherichia coli ED1a	iNRG857_1313	Escherichia coli O83:H1 str. NRG 857C	23	23	23	23	0	0	1.0	100.0	1
map00020	rn00020	Citrate cycle (TCA cycle)	iECED1_1282	Escherichia coli ED1a	iUMN146_1321	Escherichia coli UM146	23	23	23	23	0	0	1.0	100.0	1
map00020	rn00020	Citrate cycle (TCA cycle)	iECED1_1282	Escherichia coli ED1a	iUMNK88_1353	Escherichia coli UMNK88	23	23	23	23	0	0	1.0	100.0	1
map00020	rn00020	Citrate cycle (TCA cycle)	iECED1_1282	Escherichia coli ED1a	iUTI89_1310	Escherichia coli UTI89	23	23	23	23	0	0	1.0	100.0	1
map00020	rn00020	Citrate cycle (TCA cycle)	iECED1_1282	Escherichia coli ED1a	iWFL_1372	Escherichia coli W	23	23	23	23	0	0	1.0	100.0	1
map00020	rn00020	Citrate cycle (TCA cycle)	iECED1_1282	Escherichia coli ED1a	iY75_1357	Escherichia coli str. K-12 substr. W3110	23	23	23	23	0	0	1.0	100.0	1
map00020	rn00020	Citrate cycle (TCA cycle)	iECED1_1282	Escherichia coli ED1a	iZ_1308	Escherichia coli O157:H7 str. EDL933	23	23	23	23	0	0	1.0	100.0	1
map00020	rn00020	Citrate cycle (TCA cycle)	iECED1_1282	Escherichia coli ED1a	ic_1306	Escherichia coli CFT073	23	23	23	23	0	0	1.0	100.0	1
map00020	rn00020	Citrate cycle (TCA cycle)	iECH74115_1262	Escherichia coli O157:H7 str. EC4115	iECIAI1_1343	Escherichia coli IAI1	23	23	23	23	0	0	1.0	100.0	1
map00020	rn00020	Citrate cycle (TCA cycle)	iECH74115_1262	Escherichia coli O157:H7 str. EC4115	iECIAI39_1322	Escherichia coli IAI39	23	23	23	23	0	0	1.0	100.0	1
map00020	rn00020	Citrate cycle (TCA cycle)	iECH74115_1262	Escherichia coli O157:H7 str. EC4115	iECNA114_1301	Escherichia coli NA114	23	23	23	23	0	0	1.0	100.0	1
map00020	rn00020	Citrate cycle (TCA cycle)	iECH74115_1262	Escherichia coli O157:H7 str. EC4115	iECO103_1326	Escherichia coli O103:H2 str. 12009	23	23	23	23	0	0	1.0	100.0	1
map00020	rn00020	Citrate cycle (TCA cycle)	iECH74115_1262	Escherichia coli O157:H7 str. EC4115	iECO111_1330	Escherichia coli O111:H- str. 11128	23	23	23	23	0	0	1.0	100.0	1
map00020	rn00020	Citrate cycle (TCA cycle)	iECH74115_1262	Escherichia coli O157:H7 str. EC4115	iECO26_1355	Escherichia coli O26:H11 str. 11368	23	23	23	23	0	0	1.0	100.0	1
map00020	rn00020	Citrate cycle (TCA cycle)	iECH74115_1262	Escherichia coli O157:H7 str. EC4115	iECOK1_1307	Escherichia coli IHE3034	23	23	23	23	0	0	1.0	100.0	1
map00020	rn00020	Citrate cycle (TCA cycle)	iECH74115_1262	Escherichia coli O157:H7 str. EC4115	iECP_1309	Escherichia coli 536	23	23	23	23	0	0	1.0	100.0	1
map00020	rn00020	Citrate cycle (TCA cycle)	iECH74115_1262	Escherichia coli O157:H7 str. EC4115	iECS88_1305	Escherichia coli S88	23	23	23	23	0	0	1.0	100.0	1
map00020	rn00020	Citrate cycle (TCA cycle)	iECH74115_1262	Escherichia coli O157:H7 str. EC4115	iECSE_1348	Escherichia coli SE11	23	23	23	23	0	0	1.0	100.0	1
map00020	rn00020	Citrate cycle (TCA cycle)	iECH74115_1262	Escherichia coli O157:H7 str. EC4115	iECSF_1327	Escherichia coli SE15	23	23	23	23	0	0	1.0	100.0	1
map00020	rn00020	Citrate cycle (TCA cycle)	iECH74115_1262	Escherichia coli O157:H7 str. EC4115	iECSP_1301	Escherichia coli O157:H7 str. TW14359	23	23	23	23	0	0	1.0	100.0	1
map00020	rn00020	Citrate cycle (TCA cycle)	iECH74115_1262	Escherichia coli O157:H7 str. EC4115	iECUMN_1333	Escherichia coli UMN026	23	23	23	23	0	0	1.0	100.0	1
map00020	rn00020	Citrate cycle (TCA cycle)	iECH74115_1262	Escherichia coli O157:H7 str. EC4115	iECW_1372	Escherichia coli W	23	23	23	23	0	0	1.0	100.0	1
map00020	rn00020	Citrate cycle (TCA cycle)	iECH74115_1262	Escherichia coli O157:H7 str. EC4115	iECs_1301	Escherichia coli O157:H7 str. Sakai	23	23	23	23	0	0	1.0	100.0	1
map00020	rn00020	Citrate cycle (TCA cycle)	iECH74115_1262	Escherichia coli O157:H7 str. EC4115	iEKO11_1354	Escherichia coli KO11FL	23	23	23	23	0	0	1.0	100.0	1
map00020	rn00020	Citrate cycle (TCA cycle)	iECH74115_1262	Escherichia coli O157:H7 str. EC4115	iETEC_1333	Escherichia coli ETEC H10407	23	23	23	23	0	0	1.0	100.0	1
map00020	rn00020	Citrate cycle (TCA cycle)	iECH74115_1262	Escherichia coli O157:H7 str. EC4115	iEcDH1_1363	Escherichia coli DH1	23	23	23	23	0	0	1.0	100.0	1
map00020	rn00020	Citrate cycle (TCA cycle)	iECH74115_1262	Escherichia coli O157:H7 str. EC4115	iEcE24377_1341	Escherichia coli O139:H28 str. E24377A	23	23	23	23	0	0	1.0	100.0	1
map00020	rn00020	Citrate cycle (TCA cycle)	iECH74115_1262	Escherichia coli O157:H7 str. EC4115	iEcHS_1320	Escherichia coli HS	23	23	23	23	0	0	1.0	100.0	1
map00020	rn00020	Citrate cycle (TCA cycle)	iECH74115_1262	Escherichia coli O157:H7 str. EC4115	iEcSMS35_1347	Escherichia coli SMS-3-5	23	23	23	23	0	0	1.0	100.0	1
map00020	rn00020	Citrate cycle (TCA cycle)	iECH74115_1262	Escherichia coli O157:H7 str. EC4115	iEcolC_1368	Escherichia coli ATCC 8739	23	23	23	23	0	0	1.0	100.0	1
map00020	rn00020	Citrate cycle (TCA cycle)	iECH74115_1262	Escherichia coli O157:H7 str. EC4115	iG2583_1286	Escherichia coli O55:H7 str. CB9615	23	23	23	23	0	0	1.0	100.0	1
map00020	rn00020	Citrate cycle (TCA cycle)	iECH74115_1262	Escherichia coli O157:H7 str. EC4115	iJO1366	Escherichia coli str. K-12 substr. MG1655	23	22	22	23	1	0	0.9565	95.65	0
map00020	rn00020	Citrate cycle (TCA cycle)	iECH74115_1262	Escherichia coli O157:H7 str. EC4115	iJR904	Escherichia coli str. K-12 substr. MG1655	23	22	22	23	1	0	0.9565	95.65	0
map00020	rn00020	Citrate cycle (TCA cycle)	iECH74115_1262	Escherichia coli O157:H7 str. EC4115	iLF82_1304	Escherichia coli LF82	23	23	23	23	0	0	1.0	100.0	1
map00020	rn00020	Citrate cycle (TCA cycle)	iECH74115_1262	Escherichia coli O157:H7 str. EC4115	iML1515	Escherichia coli str. K-12 substr. MG1655	23	22	22	23	1	0	0.9565	95.65	0
map00020	rn00020	Citrate cycle (TCA cycle)	iECH74115_1262	Escherichia coli O157:H7 str. EC4115	iNRG857_1313	Escherichia coli O83:H1 str. NRG 857C	23	23	23	23	0	0	1.0	100.0	1
map00020	rn00020	Citrate cycle (TCA cycle)	iECH74115_1262	Escherichia coli O157:H7 str. EC4115	iUMN146_1321	Escherichia coli UM146	23	23	23	23	0	0	1.0	100.0	1
map00020	rn00020	Citrate cycle (TCA cycle)	iECH74115_1262	Escherichia coli O157:H7 str. EC4115	iUMNK88_1353	Escherichia coli UMNK88	23	23	23	23	0	0	1.0	100.0	1
map00020	rn00020	Citrate cycle (TCA cycle)	iECH74115_1262	Escherichia coli O157:H7 str. EC4115	iUTI89_1310	Escherichia coli UTI89	23	23	23	23	0	0	1.0	100.0	1
map00020	rn00020	Citrate cycle (TCA cycle)	iECH74115_1262	Escherichia coli O157:H7 str. EC4115	iWFL_1372	Escherichia coli W	23	23	23	23	0	0	1.0	100.0	1
map00020	rn00020	Citrate cycle (TCA cycle)	iECH74115_1262	Escherichia coli O157:H7 str. EC4115	iY75_1357	Escherichia coli str. K-12 substr. W3110	23	23	23	23	0	0	1.0	100.0	1
map00020	rn00020	Citrate cycle (TCA cycle)	iECH74115_1262	Escherichia coli O157:H7 str. EC4115	iZ_1308	Escherichia coli O157:H7 str. EDL933	23	23	23	23	0	0	1.0	100.0	1
map00020	rn00020	Citrate cycle (TCA cycle)	iECH74115_1262	Escherichia coli O157:H7 str. EC4115	ic_1306	Escherichia coli CFT073	23	23	23	23	0	0	1.0	100.0	1
map00020	rn00020	Citrate cycle (TCA cycle)	iECIAI1_1343	Escherichia coli IAI1	iECIAI39_1322	Escherichia coli IAI39	23	23	23	23	0	0	1.0	100.0	1
map00020	rn00020	Citrate cycle (TCA cycle)	iECIAI1_1343	Escherichia coli IAI1	iECNA114_1301	Escherichia coli NA114	23	23	23	23	0	0	1.0	100.0	1
map00020	rn00020	Citrate cycle (TCA cycle)	iECIAI1_1343	Escherichia coli IAI1	iECO103_1326	Escherichia coli O103:H2 str. 12009	23	23	23	23	0	0	1.0	100.0	1
map00020	rn00020	Citrate cycle (TCA cycle)	iECIAI1_1343	Escherichia coli IAI1	iECO111_1330	Escherichia coli O111:H- str. 11128	23	23	23	23	0	0	1.0	100.0	1
map00020	rn00020	Citrate cycle (TCA cycle)	iECIAI1_1343	Escherichia coli IAI1	iECO26_1355	Escherichia coli O26:H11 str. 11368	23	23	23	23	0	0	1.0	100.0	1
map00020	rn00020	Citrate cycle (TCA cycle)	iECIAI1_1343	Escherichia coli IAI1	iECOK1_1307	Escherichia coli IHE3034	23	23	23	23	0	0	1.0	100.0	1
map00020	rn00020	Citrate cycle (TCA cycle)	iECIAI1_1343	Escherichia coli IAI1	iECP_1309	Escherichia coli 536	23	23	23	23	0	0	1.0	100.0	1
map00020	rn00020	Citrate cycle (TCA cycle)	iECIAI1_1343	Escherichia coli IAI1	iECS88_1305	Escherichia coli S88	23	23	23	23	0	0	1.0	100.0	1
map00020	rn00020	Citrate cycle (TCA cycle)	iECIAI1_1343	Escherichia coli IAI1	iECSE_1348	Escherichia coli SE11	23	23	23	23	0	0	1.0	100.0	1
map00020	rn00020	Citrate cycle (TCA cycle)	iECIAI1_1343	Escherichia coli IAI1	iECSF_1327	Escherichia coli SE15	23	23	23	23	0	0	1.0	100.0	1
map00020	rn00020	Citrate cycle (TCA cycle)	iECIAI1_1343	Escherichia coli IAI1	iECSP_1301	Escherichia coli O157:H7 str. TW14359	23	23	23	23	0	0	1.0	100.0	1
map00020	rn00020	Citrate cycle (TCA cycle)	iECIAI1_1343	Escherichia coli IAI1	iECUMN_1333	Escherichia coli UMN026	23	23	23	23	0	0	1.0	100.0	1
map00020	rn00020	Citrate cycle (TCA cycle)	iECIAI1_1343	Escherichia coli IAI1	iECW_1372	Escherichia coli W	23	23	23	23	0	0	1.0	100.0	1
map00020	rn00020	Citrate cycle (TCA cycle)	iECIAI1_1343	Escherichia coli IAI1	iECs_1301	Escherichia coli O157:H7 str. Sakai	23	23	23	23	0	0	1.0	100.0	1
map00020	rn00020	Citrate cycle (TCA cycle)	iECIAI1_1343	Escherichia coli IAI1	iEKO11_1354	Escherichia coli KO11FL	23	23	23	23	0	0	1.0	100.0	1
map00020	rn00020	Citrate cycle (TCA cycle)	iECIAI1_1343	Escherichia coli IAI1	iETEC_1333	Escherichia coli ETEC H10407	23	23	23	23	0	0	1.0	100.0	1
map00020	rn00020	Citrate cycle (TCA cycle)	iECIAI1_1343	Escherichia coli IAI1	iEcDH1_1363	Escherichia coli DH1	23	23	23	23	0	0	1.0	100.0	1
map00020	rn00020	Citrate cycle (TCA cycle)	iECIAI1_1343	Escherichia coli IAI1	iEcE24377_1341	Escherichia coli O139:H28 str. E24377A	23	23	23	23	0	0	1.0	100.0	1
map00020	rn00020	Citrate cycle (TCA cycle)	iECIAI1_1343	Escherichia coli IAI1	iEcHS_1320	Escherichia coli HS	23	23	23	23	0	0	1.0	100.0	1
map00020	rn00020	Citrate cycle (TCA cycle)	iECIAI1_1343	Escherichia coli IAI1	iEcSMS35_1347	Escherichia coli SMS-3-5	23	23	23	23	0	0	1.0	100.0	1
map00020	rn00020	Citrate cycle (TCA cycle)	iECIAI1_1343	Escherichia coli IAI1	iEcolC_1368	Escherichia coli ATCC 8739	23	23	23	23	0	0	1.0	100.0	1
map00020	rn00020	Citrate cycle (TCA cycle)	iECIAI1_1343	Escherichia coli IAI1	iG2583_1286	Escherichia coli O55:H7 str. CB9615	23	23	23	23	0	0	1.0	100.0	1
map00020	rn00020	Citrate cycle (TCA cycle)	iECIAI1_1343	Escherichia coli IAI1	iJO1366	Escherichia coli str. K-12 substr. MG1655	23	22	22	23	1	0	0.9565	95.65	0
map00020	rn00020	Citrate cycle (TCA cycle)	iECIAI1_1343	Escherichia coli IAI1	iJR904	Escherichia coli str. K-12 substr. MG1655	23	22	22	23	1	0	0.9565	95.65	0
map00020	rn00020	Citrate cycle (TCA cycle)	iECIAI1_1343	Escherichia coli IAI1	iLF82_1304	Escherichia coli LF82	23	23	23	23	0	0	1.0	100.0	1
map00020	rn00020	Citrate cycle (TCA cycle)	iECIAI1_1343	Escherichia coli IAI1	iML1515	Escherichia coli str. K-12 substr. MG1655	23	22	22	23	1	0	0.9565	95.65	0
map00020	rn00020	Citrate cycle (TCA cycle)	iECIAI1_1343	Escherichia coli IAI1	iNRG857_1313	Escherichia coli O83:H1 str. NRG 857C	23	23	23	23	0	0	1.0	100.0	1
map00020	rn00020	Citrate cycle (TCA cycle)	iECIAI1_1343	Escherichia coli IAI1	iUMN146_1321	Escherichia coli UM146	23	23	23	23	0	0	1.0	100.0	1
map00020	rn00020	Citrate cycle (TCA cycle)	iECIAI1_1343	Escherichia coli IAI1	iUMNK88_1353	Escherichia coli UMNK88	23	23	23	23	0	0	1.0	100.0	1
map00020	rn00020	Citrate cycle (TCA cycle)	iECIAI1_1343	Escherichia coli IAI1	iUTI89_1310	Escherichia coli UTI89	23	23	23	23	0	0	1.0	100.0	1
map00020	rn00020	Citrate cycle (TCA cycle)	iECIAI1_1343	Escherichia coli IAI1	iWFL_1372	Escherichia coli W	23	23	23	23	0	0	1.0	100.0	1
map00020	rn00020	Citrate cycle (TCA cycle)	iECIAI1_1343	Escherichia coli IAI1	iY75_1357	Escherichia coli str. K-12 substr. W3110	23	23	23	23	0	0	1.0	100.0	1
map00020	rn00020	Citrate cycle (TCA cycle)	iECIAI1_1343	Escherichia coli IAI1	iZ_1308	Escherichia coli O157:H7 str. EDL933	23	23	23	23	0	0	1.0	100.0	1
map00020	rn00020	Citrate cycle (TCA cycle)	iECIAI1_1343	Escherichia coli IAI1	ic_1306	Escherichia coli CFT073	23	23	23	23	0	0	1.0	100.0	1
map00020	rn00020	Citrate cycle (TCA cycle)	iECIAI39_1322	Escherichia coli IAI39	iECNA114_1301	Escherichia coli NA114	23	23	23	23	0	0	1.0	100.0	1
map00020	rn00020	Citrate cycle (TCA cycle)	iECIAI39_1322	Escherichia coli IAI39	iECO103_1326	Escherichia coli O103:H2 str. 12009	23	23	23	23	0	0	1.0	100.0	1
map00020	rn00020	Citrate cycle (TCA cycle)	iECIAI39_1322	Escherichia coli IAI39	iECO111_1330	Escherichia coli O111:H- str. 11128	23	23	23	23	0	0	1.0	100.0	1
map00020	rn00020	Citrate cycle (TCA cycle)	iECIAI39_1322	Escherichia coli IAI39	iECO26_1355	Escherichia coli O26:H11 str. 11368	23	23	23	23	0	0	1.0	100.0	1
map00020	rn00020	Citrate cycle (TCA cycle)	iECIAI39_1322	Escherichia coli IAI39	iECOK1_1307	Escherichia coli IHE3034	23	23	23	23	0	0	1.0	100.0	1
map00020	rn00020	Citrate cycle (TCA cycle)	iECIAI39_1322	Escherichia coli IAI39	iECP_1309	Escherichia coli 536	23	23	23	23	0	0	1.0	100.0	1
map00020	rn00020	Citrate cycle (TCA cycle)	iECIAI39_1322	Escherichia coli IAI39	iECS88_1305	Escherichia coli S88	23	23	23	23	0	0	1.0	100.0	1
map00020	rn00020	Citrate cycle (TCA cycle)	iECIAI39_1322	Escherichia coli IAI39	iECSE_1348	Escherichia coli SE11	23	23	23	23	0	0	1.0	100.0	1
map00020	rn00020	Citrate cycle (TCA cycle)	iECIAI39_1322	Escherichia coli IAI39	iECSF_1327	Escherichia coli SE15	23	23	23	23	0	0	1.0	100.0	1
map00020	rn00020	Citrate cycle (TCA cycle)	iECIAI39_1322	Escherichia coli IAI39	iECSP_1301	Escherichia coli O157:H7 str. TW14359	23	23	23	23	0	0	1.0	100.0	1
map00020	rn00020	Citrate cycle (TCA cycle)	iECIAI39_1322	Escherichia coli IAI39	iECUMN_1333	Escherichia coli UMN026	23	23	23	23	0	0	1.0	100.0	1
map00020	rn00020	Citrate cycle (TCA cycle)	iECIAI39_1322	Escherichia coli IAI39	iECW_1372	Escherichia coli W	23	23	23	23	0	0	1.0	100.0	1
map00020	rn00020	Citrate cycle (TCA cycle)	iECIAI39_1322	Escherichia coli IAI39	iECs_1301	Escherichia coli O157:H7 str. Sakai	23	23	23	23	0	0	1.0	100.0	1
map00020	rn00020	Citrate cycle (TCA cycle)	iECIAI39_1322	Escherichia coli IAI39	iEKO11_1354	Escherichia coli KO11FL	23	23	23	23	0	0	1.0	100.0	1
map00020	rn00020	Citrate cycle (TCA cycle)	iECIAI39_1322	Escherichia coli IAI39	iETEC_1333	Escherichia coli ETEC H10407	23	23	23	23	0	0	1.0	100.0	1
map00020	rn00020	Citrate cycle (TCA cycle)	iECIAI39_1322	Escherichia coli IAI39	iEcDH1_1363	Escherichia coli DH1	23	23	23	23	0	0	1.0	100.0	1
map00020	rn00020	Citrate cycle (TCA cycle)	iECIAI39_1322	Escherichia coli IAI39	iEcE24377_1341	Escherichia coli O139:H28 str. E24377A	23	23	23	23	0	0	1.0	100.0	1
map00020	rn00020	Citrate cycle (TCA cycle)	iECIAI39_1322	Escherichia coli IAI39	iEcHS_1320	Escherichia coli HS	23	23	23	23	0	0	1.0	100.0	1
map00020	rn00020	Citrate cycle (TCA cycle)	iECIAI39_1322	Escherichia coli IAI39	iEcSMS35_1347	Escherichia coli SMS-3-5	23	23	23	23	0	0	1.0	100.0	1
map00020	rn00020	Citrate cycle (TCA cycle)	iECIAI39_1322	Escherichia coli IAI39	iEcolC_1368	Escherichia coli ATCC 8739	23	23	23	23	0	0	1.0	100.0	1
map00020	rn00020	Citrate cycle (TCA cycle)	iECIAI39_1322	Escherichia coli IAI39	iG2583_1286	Escherichia coli O55:H7 str. CB9615	23	23	23	23	0	0	1.0	100.0	1
map00020	rn00020	Citrate cycle (TCA cycle)	iECIAI39_1322	Escherichia coli IAI39	iJO1366	Escherichia coli str. K-12 substr. MG1655	23	22	22	23	1	0	0.9565	95.65	0
map00020	rn00020	Citrate cycle (TCA cycle)	iECIAI39_1322	Escherichia coli IAI39	iJR904	Escherichia coli str. K-12 substr. MG1655	23	22	22	23	1	0	0.9565	95.65	0
map00020	rn00020	Citrate cycle (TCA cycle)	iECIAI39_1322	Escherichia coli IAI39	iLF82_1304	Escherichia coli LF82	23	23	23	23	0	0	1.0	100.0	1
map00020	rn00020	Citrate cycle (TCA cycle)	iECIAI39_1322	Escherichia coli IAI39	iML1515	Escherichia coli str. K-12 substr. MG1655	23	22	22	23	1	0	0.9565	95.65	0
map00020	rn00020	Citrate cycle (TCA cycle)	iECIAI39_1322	Escherichia coli IAI39	iNRG857_1313	Escherichia coli O83:H1 str. NRG 857C	23	23	23	23	0	0	1.0	100.0	1
map00020	rn00020	Citrate cycle (TCA cycle)	iECIAI39_1322	Escherichia coli IAI39	iUMN146_1321	Escherichia coli UM146	23	23	23	23	0	0	1.0	100.0	1
map00020	rn00020	Citrate cycle (TCA cycle)	iECIAI39_1322	Escherichia coli IAI39	iUMNK88_1353	Escherichia coli UMNK88	23	23	23	23	0	0	1.0	100.0	1
map00020	rn00020	Citrate cycle (TCA cycle)	iECIAI39_1322	Escherichia coli IAI39	iUTI89_1310	Escherichia coli UTI89	23	23	23	23	0	0	1.0	100.0	1
map00020	rn00020	Citrate cycle (TCA cycle)	iECIAI39_1322	Escherichia coli IAI39	iWFL_1372	Escherichia coli W	23	23	23	23	0	0	1.0	100.0	1
map00020	rn00020	Citrate cycle (TCA cycle)	iECIAI39_1322	Escherichia coli IAI39	iY75_1357	Escherichia coli str. K-12 substr. W3110	23	23	23	23	0	0	1.0	100.0	1
map00020	rn00020	Citrate cycle (TCA cycle)	iECIAI39_1322	Escherichia coli IAI39	iZ_1308	Escherichia coli O157:H7 str. EDL933	23	23	23	23	0	0	1.0	100.0	1
map00020	rn00020	Citrate cycle (TCA cycle)	iECIAI39_1322	Escherichia coli IAI39	ic_1306	Escherichia coli CFT073	23	23	23	23	0	0	1.0	100.0	1
map00020	rn00020	Citrate cycle (TCA cycle)	iECNA114_1301	Escherichia coli NA114	iECO103_1326	Escherichia coli O103:H2 str. 12009	23	23	23	23	0	0	1.0	100.0	1
map00020	rn00020	Citrate cycle (TCA cycle)	iECNA114_1301	Escherichia coli NA114	iECO111_1330	Escherichia coli O111:H- str. 11128	23	23	23	23	0	0	1.0	100.0	1
map00020	rn00020	Citrate cycle (TCA cycle)	iECNA114_1301	Escherichia coli NA114	iECO26_1355	Escherichia coli O26:H11 str. 11368	23	23	23	23	0	0	1.0	100.0	1
map00020	rn00020	Citrate cycle (TCA cycle)	iECNA114_1301	Escherichia coli NA114	iECOK1_1307	Escherichia coli IHE3034	23	23	23	23	0	0	1.0	100.0	1
map00020	rn00020	Citrate cycle (TCA cycle)	iECNA114_1301	Escherichia coli NA114	iECP_1309	Escherichia coli 536	23	23	23	23	0	0	1.0	100.0	1
map00020	rn00020	Citrate cycle (TCA cycle)	iECNA114_1301	Escherichia coli NA114	iECS88_1305	Escherichia coli S88	23	23	23	23	0	0	1.0	100.0	1
map00020	rn00020	Citrate cycle (TCA cycle)	iECNA114_1301	Escherichia coli NA114	iECSE_1348	Escherichia coli SE11	23	23	23	23	0	0	1.0	100.0	1
map00020	rn00020	Citrate cycle (TCA cycle)	iECNA114_1301	Escherichia coli NA114	iECSF_1327	Escherichia coli SE15	23	23	23	23	0	0	1.0	100.0	1
map00020	rn00020	Citrate cycle (TCA cycle)	iECNA114_1301	Escherichia coli NA114	iECSP_1301	Escherichia coli O157:H7 str. TW14359	23	23	23	23	0	0	1.0	100.0	1
map00020	rn00020	Citrate cycle (TCA cycle)	iECNA114_1301	Escherichia coli NA114	iECUMN_1333	Escherichia coli UMN026	23	23	23	23	0	0	1.0	100.0	1
map00020	rn00020	Citrate cycle (TCA cycle)	iECNA114_1301	Escherichia coli NA114	iECW_1372	Escherichia coli W	23	23	23	23	0	0	1.0	100.0	1
map00020	rn00020	Citrate cycle (TCA cycle)	iECNA114_1301	Escherichia coli NA114	iECs_1301	Escherichia coli O157:H7 str. Sakai	23	23	23	23	0	0	1.0	100.0	1
map00020	rn00020	Citrate cycle (TCA cycle)	iECNA114_1301	Escherichia coli NA114	iEKO11_1354	Escherichia coli KO11FL	23	23	23	23	0	0	1.0	100.0	1
map00020	rn00020	Citrate cycle (TCA cycle)	iECNA114_1301	Escherichia coli NA114	iETEC_1333	Escherichia coli ETEC H10407	23	23	23	23	0	0	1.0	100.0	1
map00020	rn00020	Citrate cycle (TCA cycle)	iECNA114_1301	Escherichia coli NA114	iEcDH1_1363	Escherichia coli DH1	23	23	23	23	0	0	1.0	100.0	1
map00020	rn00020	Citrate cycle (TCA cycle)	iECNA114_1301	Escherichia coli NA114	iEcE24377_1341	Escherichia coli O139:H28 str. E24377A	23	23	23	23	0	0	1.0	100.0	1
map00020	rn00020	Citrate cycle (TCA cycle)	iECNA114_1301	Escherichia coli NA114	iEcHS_1320	Escherichia coli HS	23	23	23	23	0	0	1.0	100.0	1
map00020	rn00020	Citrate cycle (TCA cycle)	iECNA114_1301	Escherichia coli NA114	iEcSMS35_1347	Escherichia coli SMS-3-5	23	23	23	23	0	0	1.0	100.0	1
map00020	rn00020	Citrate cycle (TCA cycle)	iECNA114_1301	Escherichia coli NA114	iEcolC_1368	Escherichia coli ATCC 8739	23	23	23	23	0	0	1.0	100.0	1
map00020	rn00020	Citrate cycle (TCA cycle)	iECNA114_1301	Escherichia coli NA114	iG2583_1286	Escherichia coli O55:H7 str. CB9615	23	23	23	23	0	0	1.0	100.0	1
map00020	rn00020	Citrate cycle (TCA cycle)	iECNA114_1301	Escherichia coli NA114	iJO1366	Escherichia coli str. K-12 substr. MG1655	23	22	22	23	1	0	0.9565	95.65	0
map00020	rn00020	Citrate cycle (TCA cycle)	iECNA114_1301	Escherichia coli NA114	iJR904	Escherichia coli str. K-12 substr. MG1655	23	22	22	23	1	0	0.9565	95.65	0
map00020	rn00020	Citrate cycle (TCA cycle)	iECNA114_1301	Escherichia coli NA114	iLF82_1304	Escherichia coli LF82	23	23	23	23	0	0	1.0	100.0	1
map00020	rn00020	Citrate cycle (TCA cycle)	iECNA114_1301	Escherichia coli NA114	iML1515	Escherichia coli str. K-12 substr. MG1655	23	22	22	23	1	0	0.9565	95.65	0
map00020	rn00020	Citrate cycle (TCA cycle)	iECNA114_1301	Escherichia coli NA114	iNRG857_1313	Escherichia coli O83:H1 str. NRG 857C	23	23	23	23	0	0	1.0	100.0	1
map00020	rn00020	Citrate cycle (TCA cycle)	iECNA114_1301	Escherichia coli NA114	iUMN146_1321	Escherichia coli UM146	23	23	23	23	0	0	1.0	100.0	1
map00020	rn00020	Citrate cycle (TCA cycle)	iECNA114_1301	Escherichia coli NA114	iUMNK88_1353	Escherichia coli UMNK88	23	23	23	23	0	0	1.0	100.0	1
map00020	rn00020	Citrate cycle (TCA cycle)	iECNA114_1301	Escherichia coli NA114	iUTI89_1310	Escherichia coli UTI89	23	23	23	23	0	0	1.0	100.0	1
map00020	rn00020	Citrate cycle (TCA cycle)	iECNA114_1301	Escherichia coli NA114	iWFL_1372	Escherichia coli W	23	23	23	23	0	0	1.0	100.0	1
map00020	rn00020	Citrate cycle (TCA cycle)	iECNA114_1301	Escherichia coli NA114	iY75_1357	Escherichia coli str. K-12 substr. W3110	23	23	23	23	0	0	1.0	100.0	1
map00020	rn00020	Citrate cycle (TCA cycle)	iECNA114_1301	Escherichia coli NA114	iZ_1308	Escherichia coli O157:H7 str. EDL933	23	23	23	23	0	0	1.0	100.0	1
map00020	rn00020	Citrate cycle (TCA cycle)	iECNA114_1301	Escherichia coli NA114	ic_1306	Escherichia coli CFT073	23	23	23	23	0	0	1.0	100.0	1
map00020	rn00020	Citrate cycle (TCA cycle)	iECO103_1326	Escherichia coli O103:H2 str. 12009	iECO111_1330	Escherichia coli O111:H- str. 11128	23	23	23	23	0	0	1.0	100.0	1
map00020	rn00020	Citrate cycle (TCA cycle)	iECO103_1326	Escherichia coli O103:H2 str. 12009	iECO26_1355	Escherichia coli O26:H11 str. 11368	23	23	23	23	0	0	1.0	100.0	1
map00020	rn00020	Citrate cycle (TCA cycle)	iECO103_1326	Escherichia coli O103:H2 str. 12009	iECOK1_1307	Escherichia coli IHE3034	23	23	23	23	0	0	1.0	100.0	1
map00020	rn00020	Citrate cycle (TCA cycle)	iECO103_1326	Escherichia coli O103:H2 str. 12009	iECP_1309	Escherichia coli 536	23	23	23	23	0	0	1.0	100.0	1
map00020	rn00020	Citrate cycle (TCA cycle)	iECO103_1326	Escherichia coli O103:H2 str. 12009	iECS88_1305	Escherichia coli S88	23	23	23	23	0	0	1.0	100.0	1
map00020	rn00020	Citrate cycle (TCA cycle)	iECO103_1326	Escherichia coli O103:H2 str. 12009	iECSE_1348	Escherichia coli SE11	23	23	23	23	0	0	1.0	100.0	1
map00020	rn00020	Citrate cycle (TCA cycle)	iECO103_1326	Escherichia coli O103:H2 str. 12009	iECSF_1327	Escherichia coli SE15	23	23	23	23	0	0	1.0	100.0	1
map00020	rn00020	Citrate cycle (TCA cycle)	iECO103_1326	Escherichia coli O103:H2 str. 12009	iECSP_1301	Escherichia coli O157:H7 str. TW14359	23	23	23	23	0	0	1.0	100.0	1
map00020	rn00020	Citrate cycle (TCA cycle)	iECO103_1326	Escherichia coli O103:H2 str. 12009	iECUMN_1333	Escherichia coli UMN026	23	23	23	23	0	0	1.0	100.0	1
map00020	rn00020	Citrate cycle (TCA cycle)	iECO103_1326	Escherichia coli O103:H2 str. 12009	iECW_1372	Escherichia coli W	23	23	23	23	0	0	1.0	100.0	1
map00020	rn00020	Citrate cycle (TCA cycle)	iECO103_1326	Escherichia coli O103:H2 str. 12009	iECs_1301	Escherichia coli O157:H7 str. Sakai	23	23	23	23	0	0	1.0	100.0	1
map00020	rn00020	Citrate cycle (TCA cycle)	iECO103_1326	Escherichia coli O103:H2 str. 12009	iEKO11_1354	Escherichia coli KO11FL	23	23	23	23	0	0	1.0	100.0	1
map00020	rn00020	Citrate cycle (TCA cycle)	iECO103_1326	Escherichia coli O103:H2 str. 12009	iETEC_1333	Escherichia coli ETEC H10407	23	23	23	23	0	0	1.0	100.0	1
map00020	rn00020	Citrate cycle (TCA cycle)	iECO103_1326	Escherichia coli O103:H2 str. 12009	iEcDH1_1363	Escherichia coli DH1	23	23	23	23	0	0	1.0	100.0	1
map00020	rn00020	Citrate cycle (TCA cycle)	iECO103_1326	Escherichia coli O103:H2 str. 12009	iEcE24377_1341	Escherichia coli O139:H28 str. E24377A	23	23	23	23	0	0	1.0	100.0	1
map00020	rn00020	Citrate cycle (TCA cycle)	iECO103_1326	Escherichia coli O103:H2 str. 12009	iEcHS_1320	Escherichia coli HS	23	23	23	23	0	0	1.0	100.0	1
map00020	rn00020	Citrate cycle (TCA cycle)	iECO103_1326	Escherichia coli O103:H2 str. 12009	iEcSMS35_1347	Escherichia coli SMS-3-5	23	23	23	23	0	0	1.0	100.0	1
map00020	rn00020	Citrate cycle (TCA cycle)	iECO103_1326	Escherichia coli O103:H2 str. 12009	iEcolC_1368	Escherichia coli ATCC 8739	23	23	23	23	0	0	1.0	100.0	1
map00020	rn00020	Citrate cycle (TCA cycle)	iECO103_1326	Escherichia coli O103:H2 str. 12009	iG2583_1286	Escherichia coli O55:H7 str. CB9615	23	23	23	23	0	0	1.0	100.0	1
map00020	rn00020	Citrate cycle (TCA cycle)	iECO103_1326	Escherichia coli O103:H2 str. 12009	iJO1366	Escherichia coli str. K-12 substr. MG1655	23	22	22	23	1	0	0.9565	95.65	0
map00020	rn00020	Citrate cycle (TCA cycle)	iECO103_1326	Escherichia coli O103:H2 str. 12009	iJR904	Escherichia coli str. K-12 substr. MG1655	23	22	22	23	1	0	0.9565	95.65	0
map00020	rn00020	Citrate cycle (TCA cycle)	iECO103_1326	Escherichia coli O103:H2 str. 12009	iLF82_1304	Escherichia coli LF82	23	23	23	23	0	0	1.0	100.0	1
map00020	rn00020	Citrate cycle (TCA cycle)	iECO103_1326	Escherichia coli O103:H2 str. 12009	iML1515	Escherichia coli str. K-12 substr. MG1655	23	22	22	23	1	0	0.9565	95.65	0
map00020	rn00020	Citrate cycle (TCA cycle)	iECO103_1326	Escherichia coli O103:H2 str. 12009	iNRG857_1313	Escherichia coli O83:H1 str. NRG 857C	23	23	23	23	0	0	1.0	100.0	1
map00020	rn00020	Citrate cycle (TCA cycle)	iECO103_1326	Escherichia coli O103:H2 str. 12009	iUMN146_1321	Escherichia coli UM146	23	23	23	23	0	0	1.0	100.0	1
map00020	rn00020	Citrate cycle (TCA cycle)	iECO103_1326	Escherichia coli O103:H2 str. 12009	iUMNK88_1353	Escherichia coli UMNK88	23	23	23	23	0	0	1.0	100.0	1
map00020	rn00020	Citrate cycle (TCA cycle)	iECO103_1326	Escherichia coli O103:H2 str. 12009	iUTI89_1310	Escherichia coli UTI89	23	23	23	23	0	0	1.0	100.0	1
map00020	rn00020	Citrate cycle (TCA cycle)	iECO103_1326	Escherichia coli O103:H2 str. 12009	iWFL_1372	Escherichia coli W	23	23	23	23	0	0	1.0	100.0	1
map00020	rn00020	Citrate cycle (TCA cycle)	iECO103_1326	Escherichia coli O103:H2 str. 12009	iY75_1357	Escherichia coli str. K-12 substr. W3110	23	23	23	23	0	0	1.0	100.0	1
map00020	rn00020	Citrate cycle (TCA cycle)	iECO103_1326	Escherichia coli O103:H2 str. 12009	iZ_1308	Escherichia coli O157:H7 str. EDL933	23	23	23	23	0	0	1.0	100.0	1
map00020	rn00020	Citrate cycle (TCA cycle)	iECO103_1326	Escherichia coli O103:H2 str. 12009	ic_1306	Escherichia coli CFT073	23	23	23	23	0	0	1.0	100.0	1
map00020	rn00020	Citrate cycle (TCA cycle)	iECO111_1330	Escherichia coli O111:H- str. 11128	iECO26_1355	Escherichia coli O26:H11 str. 11368	23	23	23	23	0	0	1.0	100.0	1
map00020	rn00020	Citrate cycle (TCA cycle)	iECO111_1330	Escherichia coli O111:H- str. 11128	iECOK1_1307	Escherichia coli IHE3034	23	23	23	23	0	0	1.0	100.0	1
map00020	rn00020	Citrate cycle (TCA cycle)	iECO111_1330	Escherichia coli O111:H- str. 11128	iECP_1309	Escherichia coli 536	23	23	23	23	0	0	1.0	100.0	1
map00020	rn00020	Citrate cycle (TCA cycle)	iECO111_1330	Escherichia coli O111:H- str. 11128	iECS88_1305	Escherichia coli S88	23	23	23	23	0	0	1.0	100.0	1
map00020	rn00020	Citrate cycle (TCA cycle)	iECO111_1330	Escherichia coli O111:H- str. 11128	iECSE_1348	Escherichia coli SE11	23	23	23	23	0	0	1.0	100.0	1
map00020	rn00020	Citrate cycle (TCA cycle)	iECO111_1330	Escherichia coli O111:H- str. 11128	iECSF_1327	Escherichia coli SE15	23	23	23	23	0	0	1.0	100.0	1
map00020	rn00020	Citrate cycle (TCA cycle)	iECO111_1330	Escherichia coli O111:H- str. 11128	iECSP_1301	Escherichia coli O157:H7 str. TW14359	23	23	23	23	0	0	1.0	100.0	1
map00020	rn00020	Citrate cycle (TCA cycle)	iECO111_1330	Escherichia coli O111:H- str. 11128	iECUMN_1333	Escherichia coli UMN026	23	23	23	23	0	0	1.0	100.0	1
map00020	rn00020	Citrate cycle (TCA cycle)	iECO111_1330	Escherichia coli O111:H- str. 11128	iECW_1372	Escherichia coli W	23	23	23	23	0	0	1.0	100.0	1
map00020	rn00020	Citrate cycle (TCA cycle)	iECO111_1330	Escherichia coli O111:H- str. 11128	iECs_1301	Escherichia coli O157:H7 str. Sakai	23	23	23	23	0	0	1.0	100.0	1
map00020	rn00020	Citrate cycle (TCA cycle)	iECO111_1330	Escherichia coli O111:H- str. 11128	iEKO11_1354	Escherichia coli KO11FL	23	23	23	23	0	0	1.0	100.0	1
map00020	rn00020	Citrate cycle (TCA cycle)	iECO111_1330	Escherichia coli O111:H- str. 11128	iETEC_1333	Escherichia coli ETEC H10407	23	23	23	23	0	0	1.0	100.0	1
map00020	rn00020	Citrate cycle (TCA cycle)	iECO111_1330	Escherichia coli O111:H- str. 11128	iEcDH1_1363	Escherichia coli DH1	23	23	23	23	0	0	1.0	100.0	1
map00020	rn00020	Citrate cycle (TCA cycle)	iECO111_1330	Escherichia coli O111:H- str. 11128	iEcE24377_1341	Escherichia coli O139:H28 str. E24377A	23	23	23	23	0	0	1.0	100.0	1
map00020	rn00020	Citrate cycle (TCA cycle)	iECO111_1330	Escherichia coli O111:H- str. 11128	iEcHS_1320	Escherichia coli HS	23	23	23	23	0	0	1.0	100.0	1
map00020	rn00020	Citrate cycle (TCA cycle)	iECO111_1330	Escherichia coli O111:H- str. 11128	iEcSMS35_1347	Escherichia coli SMS-3-5	23	23	23	23	0	0	1.0	100.0	1
map00020	rn00020	Citrate cycle (TCA cycle)	iECO111_1330	Escherichia coli O111:H- str. 11128	iEcolC_1368	Escherichia coli ATCC 8739	23	23	23	23	0	0	1.0	100.0	1
map00020	rn00020	Citrate cycle (TCA cycle)	iECO111_1330	Escherichia coli O111:H- str. 11128	iG2583_1286	Escherichia coli O55:H7 str. CB9615	23	23	23	23	0	0	1.0	100.0	1
map00020	rn00020	Citrate cycle (TCA cycle)	iECO111_1330	Escherichia coli O111:H- str. 11128	iJO1366	Escherichia coli str. K-12 substr. MG1655	23	22	22	23	1	0	0.9565	95.65	0
map00020	rn00020	Citrate cycle (TCA cycle)	iECO111_1330	Escherichia coli O111:H- str. 11128	iJR904	Escherichia coli str. K-12 substr. MG1655	23	22	22	23	1	0	0.9565	95.65	0
map00020	rn00020	Citrate cycle (TCA cycle)	iECO111_1330	Escherichia coli O111:H- str. 11128	iLF82_1304	Escherichia coli LF82	23	23	23	23	0	0	1.0	100.0	1
map00020	rn00020	Citrate cycle (TCA cycle)	iECO111_1330	Escherichia coli O111:H- str. 11128	iML1515	Escherichia coli str. K-12 substr. MG1655	23	22	22	23	1	0	0.9565	95.65	0
map00020	rn00020	Citrate cycle (TCA cycle)	iECO111_1330	Escherichia coli O111:H- str. 11128	iNRG857_1313	Escherichia coli O83:H1 str. NRG 857C	23	23	23	23	0	0	1.0	100.0	1
map00020	rn00020	Citrate cycle (TCA cycle)	iECO111_1330	Escherichia coli O111:H- str. 11128	iUMN146_1321	Escherichia coli UM146	23	23	23	23	0	0	1.0	100.0	1
map00020	rn00020	Citrate cycle (TCA cycle)	iECO111_1330	Escherichia coli O111:H- str. 11128	iUMNK88_1353	Escherichia coli UMNK88	23	23	23	23	0	0	1.0	100.0	1
map00020	rn00020	Citrate cycle (TCA cycle)	iECO111_1330	Escherichia coli O111:H- str. 11128	iUTI89_1310	Escherichia coli UTI89	23	23	23	23	0	0	1.0	100.0	1
map00020	rn00020	Citrate cycle (TCA cycle)	iECO111_1330	Escherichia coli O111:H- str. 11128	iWFL_1372	Escherichia coli W	23	23	23	23	0	0	1.0	100.0	1
map00020	rn00020	Citrate cycle (TCA cycle)	iECO111_1330	Escherichia coli O111:H- str. 11128	iY75_1357	Escherichia coli str. K-12 substr. W3110	23	23	23	23	0	0	1.0	100.0	1
map00020	rn00020	Citrate cycle (TCA cycle)	iECO111_1330	Escherichia coli O111:H- str. 11128	iZ_1308	Escherichia coli O157:H7 str. EDL933	23	23	23	23	0	0	1.0	100.0	1
map00020	rn00020	Citrate cycle (TCA cycle)	iECO111_1330	Escherichia coli O111:H- str. 11128	ic_1306	Escherichia coli CFT073	23	23	23	23	0	0	1.0	100.0	1
map00020	rn00020	Citrate cycle (TCA cycle)	iECO26_1355	Escherichia coli O26:H11 str. 11368	iECOK1_1307	Escherichia coli IHE3034	23	23	23	23	0	0	1.0	100.0	1
map00020	rn00020	Citrate cycle (TCA cycle)	iECO26_1355	Escherichia coli O26:H11 str. 11368	iECP_1309	Escherichia coli 536	23	23	23	23	0	0	1.0	100.0	1
map00020	rn00020	Citrate cycle (TCA cycle)	iECO26_1355	Escherichia coli O26:H11 str. 11368	iECS88_1305	Escherichia coli S88	23	23	23	23	0	0	1.0	100.0	1
map00020	rn00020	Citrate cycle (TCA cycle)	iECO26_1355	Escherichia coli O26:H11 str. 11368	iECSE_1348	Escherichia coli SE11	23	23	23	23	0	0	1.0	100.0	1
map00020	rn00020	Citrate cycle (TCA cycle)	iECO26_1355	Escherichia coli O26:H11 str. 11368	iECSF_1327	Escherichia coli SE15	23	23	23	23	0	0	1.0	100.0	1
map00020	rn00020	Citrate cycle (TCA cycle)	iECO26_1355	Escherichia coli O26:H11 str. 11368	iECSP_1301	Escherichia coli O157:H7 str. TW14359	23	23	23	23	0	0	1.0	100.0	1
map00020	rn00020	Citrate cycle (TCA cycle)	iECO26_1355	Escherichia coli O26:H11 str. 11368	iECUMN_1333	Escherichia coli UMN026	23	23	23	23	0	0	1.0	100.0	1
map00020	rn00020	Citrate cycle (TCA cycle)	iECO26_1355	Escherichia coli O26:H11 str. 11368	iECW_1372	Escherichia coli W	23	23	23	23	0	0	1.0	100.0	1
map00020	rn00020	Citrate cycle (TCA cycle)	iECO26_1355	Escherichia coli O26:H11 str. 11368	iECs_1301	Escherichia coli O157:H7 str. Sakai	23	23	23	23	0	0	1.0	100.0	1
map00020	rn00020	Citrate cycle (TCA cycle)	iECO26_1355	Escherichia coli O26:H11 str. 11368	iEKO11_1354	Escherichia coli KO11FL	23	23	23	23	0	0	1.0	100.0	1
map00020	rn00020	Citrate cycle (TCA cycle)	iECO26_1355	Escherichia coli O26:H11 str. 11368	iETEC_1333	Escherichia coli ETEC H10407	23	23	23	23	0	0	1.0	100.0	1
map00020	rn00020	Citrate cycle (TCA cycle)	iECO26_1355	Escherichia coli O26:H11 str. 11368	iEcDH1_1363	Escherichia coli DH1	23	23	23	23	0	0	1.0	100.0	1
map00020	rn00020	Citrate cycle (TCA cycle)	iECO26_1355	Escherichia coli O26:H11 str. 11368	iEcE24377_1341	Escherichia coli O139:H28 str. E24377A	23	23	23	23	0	0	1.0	100.0	1
map00020	rn00020	Citrate cycle (TCA cycle)	iECO26_1355	Escherichia coli O26:H11 str. 11368	iEcHS_1320	Escherichia coli HS	23	23	23	23	0	0	1.0	100.0	1
map00020	rn00020	Citrate cycle (TCA cycle)	iECO26_1355	Escherichia coli O26:H11 str. 11368	iEcSMS35_1347	Escherichia coli SMS-3-5	23	23	23	23	0	0	1.0	100.0	1
map00020	rn00020	Citrate cycle (TCA cycle)	iECO26_1355	Escherichia coli O26:H11 str. 11368	iEcolC_1368	Escherichia coli ATCC 8739	23	23	23	23	0	0	1.0	100.0	1
map00020	rn00020	Citrate cycle (TCA cycle)	iECO26_1355	Escherichia coli O26:H11 str. 11368	iG2583_1286	Escherichia coli O55:H7 str. CB9615	23	23	23	23	0	0	1.0	100.0	1
map00020	rn00020	Citrate cycle (TCA cycle)	iECO26_1355	Escherichia coli O26:H11 str. 11368	iJO1366	Escherichia coli str. K-12 substr. MG1655	23	22	22	23	1	0	0.9565	95.65	0
map00020	rn00020	Citrate cycle (TCA cycle)	iECO26_1355	Escherichia coli O26:H11 str. 11368	iJR904	Escherichia coli str. K-12 substr. MG1655	23	22	22	23	1	0	0.9565	95.65	0
map00020	rn00020	Citrate cycle (TCA cycle)	iECO26_1355	Escherichia coli O26:H11 str. 11368	iLF82_1304	Escherichia coli LF82	23	23	23	23	0	0	1.0	100.0	1
map00020	rn00020	Citrate cycle (TCA cycle)	iECO26_1355	Escherichia coli O26:H11 str. 11368	iML1515	Escherichia coli str. K-12 substr. MG1655	23	22	22	23	1	0	0.9565	95.65	0
map00020	rn00020	Citrate cycle (TCA cycle)	iECO26_1355	Escherichia coli O26:H11 str. 11368	iNRG857_1313	Escherichia coli O83:H1 str. NRG 857C	23	23	23	23	0	0	1.0	100.0	1
map00020	rn00020	Citrate cycle (TCA cycle)	iECO26_1355	Escherichia coli O26:H11 str. 11368	iUMN146_1321	Escherichia coli UM146	23	23	23	23	0	0	1.0	100.0	1
map00020	rn00020	Citrate cycle (TCA cycle)	iECO26_1355	Escherichia coli O26:H11 str. 11368	iUMNK88_1353	Escherichia coli UMNK88	23	23	23	23	0	0	1.0	100.0	1
map00020	rn00020	Citrate cycle (TCA cycle)	iECO26_1355	Escherichia coli O26:H11 str. 11368	iUTI89_1310	Escherichia coli UTI89	23	23	23	23	0	0	1.0	100.0	1
map00020	rn00020	Citrate cycle (TCA cycle)	iECO26_1355	Escherichia coli O26:H11 str. 11368	iWFL_1372	Escherichia coli W	23	23	23	23	0	0	1.0	100.0	1
map00020	rn00020	Citrate cycle (TCA cycle)	iECO26_1355	Escherichia coli O26:H11 str. 11368	iY75_1357	Escherichia coli str. K-12 substr. W3110	23	23	23	23	0	0	1.0	100.0	1
map00020	rn00020	Citrate cycle (TCA cycle)	iECO26_1355	Escherichia coli O26:H11 str. 11368	iZ_1308	Escherichia coli O157:H7 str. EDL933	23	23	23	23	0	0	1.0	100.0	1
map00020	rn00020	Citrate cycle (TCA cycle)	iECO26_1355	Escherichia coli O26:H11 str. 11368	ic_1306	Escherichia coli CFT073	23	23	23	23	0	0	1.0	100.0	1
map00020	rn00020	Citrate cycle (TCA cycle)	iECOK1_1307	Escherichia coli IHE3034	iECP_1309	Escherichia coli 536	23	23	23	23	0	0	1.0	100.0	1
map00020	rn00020	Citrate cycle (TCA cycle)	iECOK1_1307	Escherichia coli IHE3034	iECS88_1305	Escherichia coli S88	23	23	23	23	0	0	1.0	100.0	1
map00020	rn00020	Citrate cycle (TCA cycle)	iECOK1_1307	Escherichia coli IHE3034	iECSE_1348	Escherichia coli SE11	23	23	23	23	0	0	1.0	100.0	1
map00020	rn00020	Citrate cycle (TCA cycle)	iECOK1_1307	Escherichia coli IHE3034	iECSF_1327	Escherichia coli SE15	23	23	23	23	0	0	1.0	100.0	1
map00020	rn00020	Citrate cycle (TCA cycle)	iECOK1_1307	Escherichia coli IHE3034	iECSP_1301	Escherichia coli O157:H7 str. TW14359	23	23	23	23	0	0	1.0	100.0	1
map00020	rn00020	Citrate cycle (TCA cycle)	iECOK1_1307	Escherichia coli IHE3034	iECUMN_1333	Escherichia coli UMN026	23	23	23	23	0	0	1.0	100.0	1
map00020	rn00020	Citrate cycle (TCA cycle)	iECOK1_1307	Escherichia coli IHE3034	iECW_1372	Escherichia coli W	23	23	23	23	0	0	1.0	100.0	1
map00020	rn00020	Citrate cycle (TCA cycle)	iECOK1_1307	Escherichia coli IHE3034	iECs_1301	Escherichia coli O157:H7 str. Sakai	23	23	23	23	0	0	1.0	100.0	1
map00020	rn00020	Citrate cycle (TCA cycle)	iECOK1_1307	Escherichia coli IHE3034	iEKO11_1354	Escherichia coli KO11FL	23	23	23	23	0	0	1.0	100.0	1
map00020	rn00020	Citrate cycle (TCA cycle)	iECOK1_1307	Escherichia coli IHE3034	iETEC_1333	Escherichia coli ETEC H10407	23	23	23	23	0	0	1.0	100.0	1
map00020	rn00020	Citrate cycle (TCA cycle)	iECOK1_1307	Escherichia coli IHE3034	iEcDH1_1363	Escherichia coli DH1	23	23	23	23	0	0	1.0	100.0	1
map00020	rn00020	Citrate cycle (TCA cycle)	iECOK1_1307	Escherichia coli IHE3034	iEcE24377_1341	Escherichia coli O139:H28 str. E24377A	23	23	23	23	0	0	1.0	100.0	1
map00020	rn00020	Citrate cycle (TCA cycle)	iECOK1_1307	Escherichia coli IHE3034	iEcHS_1320	Escherichia coli HS	23	23	23	23	0	0	1.0	100.0	1
map00020	rn00020	Citrate cycle (TCA cycle)	iECOK1_1307	Escherichia coli IHE3034	iEcSMS35_1347	Escherichia coli SMS-3-5	23	23	23	23	0	0	1.0	100.0	1
map00020	rn00020	Citrate cycle (TCA cycle)	iECOK1_1307	Escherichia coli IHE3034	iEcolC_1368	Escherichia coli ATCC 8739	23	23	23	23	0	0	1.0	100.0	1
map00020	rn00020	Citrate cycle (TCA cycle)	iECOK1_1307	Escherichia coli IHE3034	iG2583_1286	Escherichia coli O55:H7 str. CB9615	23	23	23	23	0	0	1.0	100.0	1
map00020	rn00020	Citrate cycle (TCA cycle)	iECOK1_1307	Escherichia coli IHE3034	iJO1366	Escherichia coli str. K-12 substr. MG1655	23	22	22	23	1	0	0.9565	95.65	0
map00020	rn00020	Citrate cycle (TCA cycle)	iECOK1_1307	Escherichia coli IHE3034	iJR904	Escherichia coli str. K-12 substr. MG1655	23	22	22	23	1	0	0.9565	95.65	0
map00020	rn00020	Citrate cycle (TCA cycle)	iECOK1_1307	Escherichia coli IHE3034	iLF82_1304	Escherichia coli LF82	23	23	23	23	0	0	1.0	100.0	1
map00020	rn00020	Citrate cycle (TCA cycle)	iECOK1_1307	Escherichia coli IHE3034	iML1515	Escherichia coli str. K-12 substr. MG1655	23	22	22	23	1	0	0.9565	95.65	0
map00020	rn00020	Citrate cycle (TCA cycle)	iECOK1_1307	Escherichia coli IHE3034	iNRG857_1313	Escherichia coli O83:H1 str. NRG 857C	23	23	23	23	0	0	1.0	100.0	1
map00020	rn00020	Citrate cycle (TCA cycle)	iECOK1_1307	Escherichia coli IHE3034	iUMN146_1321	Escherichia coli UM146	23	23	23	23	0	0	1.0	100.0	1
map00020	rn00020	Citrate cycle (TCA cycle)	iECOK1_1307	Escherichia coli IHE3034	iUMNK88_1353	Escherichia coli UMNK88	23	23	23	23	0	0	1.0	100.0	1
map00020	rn00020	Citrate cycle (TCA cycle)	iECOK1_1307	Escherichia coli IHE3034	iUTI89_1310	Escherichia coli UTI89	23	23	23	23	0	0	1.0	100.0	1
map00020	rn00020	Citrate cycle (TCA cycle)	iECOK1_1307	Escherichia coli IHE3034	iWFL_1372	Escherichia coli W	23	23	23	23	0	0	1.0	100.0	1
map00020	rn00020	Citrate cycle (TCA cycle)	iECOK1_1307	Escherichia coli IHE3034	iY75_1357	Escherichia coli str. K-12 substr. W3110	23	23	23	23	0	0	1.0	100.0	1
map00020	rn00020	Citrate cycle (TCA cycle)	iECOK1_1307	Escherichia coli IHE3034	iZ_1308	Escherichia coli O157:H7 str. EDL933	23	23	23	23	0	0	1.0	100.0	1
map00020	rn00020	Citrate cycle (TCA cycle)	iECOK1_1307	Escherichia coli IHE3034	ic_1306	Escherichia coli CFT073	23	23	23	23	0	0	1.0	100.0	1
map00020	rn00020	Citrate cycle (TCA cycle)	iECP_1309	Escherichia coli 536	iECS88_1305	Escherichia coli S88	23	23	23	23	0	0	1.0	100.0	1
map00020	rn00020	Citrate cycle (TCA cycle)	iECP_1309	Escherichia coli 536	iECSE_1348	Escherichia coli SE11	23	23	23	23	0	0	1.0	100.0	1
map00020	rn00020	Citrate cycle (TCA cycle)	iECP_1309	Escherichia coli 536	iECSF_1327	Escherichia coli SE15	23	23	23	23	0	0	1.0	100.0	1
map00020	rn00020	Citrate cycle (TCA cycle)	iECP_1309	Escherichia coli 536	iECSP_1301	Escherichia coli O157:H7 str. TW14359	23	23	23	23	0	0	1.0	100.0	1
map00020	rn00020	Citrate cycle (TCA cycle)	iECP_1309	Escherichia coli 536	iECUMN_1333	Escherichia coli UMN026	23	23	23	23	0	0	1.0	100.0	1
map00020	rn00020	Citrate cycle (TCA cycle)	iECP_1309	Escherichia coli 536	iECW_1372	Escherichia coli W	23	23	23	23	0	0	1.0	100.0	1
map00020	rn00020	Citrate cycle (TCA cycle)	iECP_1309	Escherichia coli 536	iECs_1301	Escherichia coli O157:H7 str. Sakai	23	23	23	23	0	0	1.0	100.0	1
map00020	rn00020	Citrate cycle (TCA cycle)	iECP_1309	Escherichia coli 536	iEKO11_1354	Escherichia coli KO11FL	23	23	23	23	0	0	1.0	100.0	1
map00020	rn00020	Citrate cycle (TCA cycle)	iECP_1309	Escherichia coli 536	iETEC_1333	Escherichia coli ETEC H10407	23	23	23	23	0	0	1.0	100.0	1
map00020	rn00020	Citrate cycle (TCA cycle)	iECP_1309	Escherichia coli 536	iEcDH1_1363	Escherichia coli DH1	23	23	23	23	0	0	1.0	100.0	1
map00020	rn00020	Citrate cycle (TCA cycle)	iECP_1309	Escherichia coli 536	iEcE24377_1341	Escherichia coli O139:H28 str. E24377A	23	23	23	23	0	0	1.0	100.0	1
map00020	rn00020	Citrate cycle (TCA cycle)	iECP_1309	Escherichia coli 536	iEcHS_1320	Escherichia coli HS	23	23	23	23	0	0	1.0	100.0	1
map00020	rn00020	Citrate cycle (TCA cycle)	iECP_1309	Escherichia coli 536	iEcSMS35_1347	Escherichia coli SMS-3-5	23	23	23	23	0	0	1.0	100.0	1
map00020	rn00020	Citrate cycle (TCA cycle)	iECP_1309	Escherichia coli 536	iEcolC_1368	Escherichia coli ATCC 8739	23	23	23	23	0	0	1.0	100.0	1
map00020	rn00020	Citrate cycle (TCA cycle)	iECP_1309	Escherichia coli 536	iG2583_1286	Escherichia coli O55:H7 str. CB9615	23	23	23	23	0	0	1.0	100.0	1
map00020	rn00020	Citrate cycle (TCA cycle)	iECP_1309	Escherichia coli 536	iJO1366	Escherichia coli str. K-12 substr. MG1655	23	22	22	23	1	0	0.9565	95.65	0
map00020	rn00020	Citrate cycle (TCA cycle)	iECP_1309	Escherichia coli 536	iJR904	Escherichia coli str. K-12 substr. MG1655	23	22	22	23	1	0	0.9565	95.65	0
map00020	rn00020	Citrate cycle (TCA cycle)	iECP_1309	Escherichia coli 536	iLF82_1304	Escherichia coli LF82	23	23	23	23	0	0	1.0	100.0	1
map00020	rn00020	Citrate cycle (TCA cycle)	iECP_1309	Escherichia coli 536	iML1515	Escherichia coli str. K-12 substr. MG1655	23	22	22	23	1	0	0.9565	95.65	0
map00020	rn00020	Citrate cycle (TCA cycle)	iECP_1309	Escherichia coli 536	iNRG857_1313	Escherichia coli O83:H1 str. NRG 857C	23	23	23	23	0	0	1.0	100.0	1
map00020	rn00020	Citrate cycle (TCA cycle)	iECP_1309	Escherichia coli 536	iUMN146_1321	Escherichia coli UM146	23	23	23	23	0	0	1.0	100.0	1
map00020	rn00020	Citrate cycle (TCA cycle)	iECP_1309	Escherichia coli 536	iUMNK88_1353	Escherichia coli UMNK88	23	23	23	23	0	0	1.0	100.0	1
map00020	rn00020	Citrate cycle (TCA cycle)	iECP_1309	Escherichia coli 536	iUTI89_1310	Escherichia coli UTI89	23	23	23	23	0	0	1.0	100.0	1
map00020	rn00020	Citrate cycle (TCA cycle)	iECP_1309	Escherichia coli 536	iWFL_1372	Escherichia coli W	23	23	23	23	0	0	1.0	100.0	1
map00020	rn00020	Citrate cycle (TCA cycle)	iECP_1309	Escherichia coli 536	iY75_1357	Escherichia coli str. K-12 substr. W3110	23	23	23	23	0	0	1.0	100.0	1
map00020	rn00020	Citrate cycle (TCA cycle)	iECP_1309	Escherichia coli 536	iZ_1308	Escherichia coli O157:H7 str. EDL933	23	23	23	23	0	0	1.0	100.0	1
map00020	rn00020	Citrate cycle (TCA cycle)	iECP_1309	Escherichia coli 536	ic_1306	Escherichia coli CFT073	23	23	23	23	0	0	1.0	100.0	1
map00020	rn00020	Citrate cycle (TCA cycle)	iECS88_1305	Escherichia coli S88	iECSE_1348	Escherichia coli SE11	23	23	23	23	0	0	1.0	100.0	1
map00020	rn00020	Citrate cycle (TCA cycle)	iECS88_1305	Escherichia coli S88	iECSF_1327	Escherichia coli SE15	23	23	23	23	0	0	1.0	100.0	1
map00020	rn00020	Citrate cycle (TCA cycle)	iECS88_1305	Escherichia coli S88	iECSP_1301	Escherichia coli O157:H7 str. TW14359	23	23	23	23	0	0	1.0	100.0	1
map00020	rn00020	Citrate cycle (TCA cycle)	iECS88_1305	Escherichia coli S88	iECUMN_1333	Escherichia coli UMN026	23	23	23	23	0	0	1.0	100.0	1
map00020	rn00020	Citrate cycle (TCA cycle)	iECS88_1305	Escherichia coli S88	iECW_1372	Escherichia coli W	23	23	23	23	0	0	1.0	100.0	1
map00020	rn00020	Citrate cycle (TCA cycle)	iECS88_1305	Escherichia coli S88	iECs_1301	Escherichia coli O157:H7 str. Sakai	23	23	23	23	0	0	1.0	100.0	1
map00020	rn00020	Citrate cycle (TCA cycle)	iECS88_1305	Escherichia coli S88	iEKO11_1354	Escherichia coli KO11FL	23	23	23	23	0	0	1.0	100.0	1
map00020	rn00020	Citrate cycle (TCA cycle)	iECS88_1305	Escherichia coli S88	iETEC_1333	Escherichia coli ETEC H10407	23	23	23	23	0	0	1.0	100.0	1
map00020	rn00020	Citrate cycle (TCA cycle)	iECS88_1305	Escherichia coli S88	iEcDH1_1363	Escherichia coli DH1	23	23	23	23	0	0	1.0	100.0	1
map00020	rn00020	Citrate cycle (TCA cycle)	iECS88_1305	Escherichia coli S88	iEcE24377_1341	Escherichia coli O139:H28 str. E24377A	23	23	23	23	0	0	1.0	100.0	1
map00020	rn00020	Citrate cycle (TCA cycle)	iECS88_1305	Escherichia coli S88	iEcHS_1320	Escherichia coli HS	23	23	23	23	0	0	1.0	100.0	1
map00020	rn00020	Citrate cycle (TCA cycle)	iECS88_1305	Escherichia coli S88	iEcSMS35_1347	Escherichia coli SMS-3-5	23	23	23	23	0	0	1.0	100.0	1
map00020	rn00020	Citrate cycle (TCA cycle)	iECS88_1305	Escherichia coli S88	iEcolC_1368	Escherichia coli ATCC 8739	23	23	23	23	0	0	1.0	100.0	1
map00020	rn00020	Citrate cycle (TCA cycle)	iECS88_1305	Escherichia coli S88	iG2583_1286	Escherichia coli O55:H7 str. CB9615	23	23	23	23	0	0	1.0	100.0	1
map00020	rn00020	Citrate cycle (TCA cycle)	iECS88_1305	Escherichia coli S88	iJO1366	Escherichia coli str. K-12 substr. MG1655	23	22	22	23	1	0	0.9565	95.65	0
map00020	rn00020	Citrate cycle (TCA cycle)	iECS88_1305	Escherichia coli S88	iJR904	Escherichia coli str. K-12 substr. MG1655	23	22	22	23	1	0	0.9565	95.65	0
map00020	rn00020	Citrate cycle (TCA cycle)	iECS88_1305	Escherichia coli S88	iLF82_1304	Escherichia coli LF82	23	23	23	23	0	0	1.0	100.0	1
map00020	rn00020	Citrate cycle (TCA cycle)	iECS88_1305	Escherichia coli S88	iML1515	Escherichia coli str. K-12 substr. MG1655	23	22	22	23	1	0	0.9565	95.65	0
map00020	rn00020	Citrate cycle (TCA cycle)	iECS88_1305	Escherichia coli S88	iNRG857_1313	Escherichia coli O83:H1 str. NRG 857C	23	23	23	23	0	0	1.0	100.0	1
map00020	rn00020	Citrate cycle (TCA cycle)	iECS88_1305	Escherichia coli S88	iUMN146_1321	Escherichia coli UM146	23	23	23	23	0	0	1.0	100.0	1
map00020	rn00020	Citrate cycle (TCA cycle)	iECS88_1305	Escherichia coli S88	iUMNK88_1353	Escherichia coli UMNK88	23	23	23	23	0	0	1.0	100.0	1
map00020	rn00020	Citrate cycle (TCA cycle)	iECS88_1305	Escherichia coli S88	iUTI89_1310	Escherichia coli UTI89	23	23	23	23	0	0	1.0	100.0	1
map00020	rn00020	Citrate cycle (TCA cycle)	iECS88_1305	Escherichia coli S88	iWFL_1372	Escherichia coli W	23	23	23	23	0	0	1.0	100.0	1
map00020	rn00020	Citrate cycle (TCA cycle)	iECS88_1305	Escherichia coli S88	iY75_1357	Escherichia coli str. K-12 substr. W3110	23	23	23	23	0	0	1.0	100.0	1
map00020	rn00020	Citrate cycle (TCA cycle)	iECS88_1305	Escherichia coli S88	iZ_1308	Escherichia coli O157:H7 str. EDL933	23	23	23	23	0	0	1.0	100.0	1
map00020	rn00020	Citrate cycle (TCA cycle)	iECS88_1305	Escherichia coli S88	ic_1306	Escherichia coli CFT073	23	23	23	23	0	0	1.0	100.0	1
map00020	rn00020	Citrate cycle (TCA cycle)	iECSE_1348	Escherichia coli SE11	iECSF_1327	Escherichia coli SE15	23	23	23	23	0	0	1.0	100.0	1
map00020	rn00020	Citrate cycle (TCA cycle)	iECSE_1348	Escherichia coli SE11	iECSP_1301	Escherichia coli O157:H7 str. TW14359	23	23	23	23	0	0	1.0	100.0	1
map00020	rn00020	Citrate cycle (TCA cycle)	iECSE_1348	Escherichia coli SE11	iECUMN_1333	Escherichia coli UMN026	23	23	23	23	0	0	1.0	100.0	1
map00020	rn00020	Citrate cycle (TCA cycle)	iECSE_1348	Escherichia coli SE11	iECW_1372	Escherichia coli W	23	23	23	23	0	0	1.0	100.0	1
map00020	rn00020	Citrate cycle (TCA cycle)	iECSE_1348	Escherichia coli SE11	iECs_1301	Escherichia coli O157:H7 str. Sakai	23	23	23	23	0	0	1.0	100.0	1
map00020	rn00020	Citrate cycle (TCA cycle)	iECSE_1348	Escherichia coli SE11	iEKO11_1354	Escherichia coli KO11FL	23	23	23	23	0	0	1.0	100.0	1
map00020	rn00020	Citrate cycle (TCA cycle)	iECSE_1348	Escherichia coli SE11	iETEC_1333	Escherichia coli ETEC H10407	23	23	23	23	0	0	1.0	100.0	1
map00020	rn00020	Citrate cycle (TCA cycle)	iECSE_1348	Escherichia coli SE11	iEcDH1_1363	Escherichia coli DH1	23	23	23	23	0	0	1.0	100.0	1
map00020	rn00020	Citrate cycle (TCA cycle)	iECSE_1348	Escherichia coli SE11	iEcE24377_1341	Escherichia coli O139:H28 str. E24377A	23	23	23	23	0	0	1.0	100.0	1
map00020	rn00020	Citrate cycle (TCA cycle)	iECSE_1348	Escherichia coli SE11	iEcHS_1320	Escherichia coli HS	23	23	23	23	0	0	1.0	100.0	1
map00020	rn00020	Citrate cycle (TCA cycle)	iECSE_1348	Escherichia coli SE11	iEcSMS35_1347	Escherichia coli SMS-3-5	23	23	23	23	0	0	1.0	100.0	1
map00020	rn00020	Citrate cycle (TCA cycle)	iECSE_1348	Escherichia coli SE11	iEcolC_1368	Escherichia coli ATCC 8739	23	23	23	23	0	0	1.0	100.0	1
map00020	rn00020	Citrate cycle (TCA cycle)	iECSE_1348	Escherichia coli SE11	iG2583_1286	Escherichia coli O55:H7 str. CB9615	23	23	23	23	0	0	1.0	100.0	1
map00020	rn00020	Citrate cycle (TCA cycle)	iECSE_1348	Escherichia coli SE11	iJO1366	Escherichia coli str. K-12 substr. MG1655	23	22	22	23	1	0	0.9565	95.65	0
map00020	rn00020	Citrate cycle (TCA cycle)	iECSE_1348	Escherichia coli SE11	iJR904	Escherichia coli str. K-12 substr. MG1655	23	22	22	23	1	0	0.9565	95.65	0
map00020	rn00020	Citrate cycle (TCA cycle)	iECSE_1348	Escherichia coli SE11	iLF82_1304	Escherichia coli LF82	23	23	23	23	0	0	1.0	100.0	1
map00020	rn00020	Citrate cycle (TCA cycle)	iECSE_1348	Escherichia coli SE11	iML1515	Escherichia coli str. K-12 substr. MG1655	23	22	22	23	1	0	0.9565	95.65	0
map00020	rn00020	Citrate cycle (TCA cycle)	iECSE_1348	Escherichia coli SE11	iNRG857_1313	Escherichia coli O83:H1 str. NRG 857C	23	23	23	23	0	0	1.0	100.0	1
map00020	rn00020	Citrate cycle (TCA cycle)	iECSE_1348	Escherichia coli SE11	iUMN146_1321	Escherichia coli UM146	23	23	23	23	0	0	1.0	100.0	1
map00020	rn00020	Citrate cycle (TCA cycle)	iECSE_1348	Escherichia coli SE11	iUMNK88_1353	Escherichia coli UMNK88	23	23	23	23	0	0	1.0	100.0	1
map00020	rn00020	Citrate cycle (TCA cycle)	iECSE_1348	Escherichia coli SE11	iUTI89_1310	Escherichia coli UTI89	23	23	23	23	0	0	1.0	100.0	1
map00020	rn00020	Citrate cycle (TCA cycle)	iECSE_1348	Escherichia coli SE11	iWFL_1372	Escherichia coli W	23	23	23	23	0	0	1.0	100.0	1
map00020	rn00020	Citrate cycle (TCA cycle)	iECSE_1348	Escherichia coli SE11	iY75_1357	Escherichia coli str. K-12 substr. W3110	23	23	23	23	0	0	1.0	100.0	1
map00020	rn00020	Citrate cycle (TCA cycle)	iECSE_1348	Escherichia coli SE11	iZ_1308	Escherichia coli O157:H7 str. EDL933	23	23	23	23	0	0	1.0	100.0	1
map00020	rn00020	Citrate cycle (TCA cycle)	iECSE_1348	Escherichia coli SE11	ic_1306	Escherichia coli CFT073	23	23	23	23	0	0	1.0	100.0	1
map00020	rn00020	Citrate cycle (TCA cycle)	iECSF_1327	Escherichia coli SE15	iECSP_1301	Escherichia coli O157:H7 str. TW14359	23	23	23	23	0	0	1.0	100.0	1
map00020	rn00020	Citrate cycle (TCA cycle)	iECSF_1327	Escherichia coli SE15	iECUMN_1333	Escherichia coli UMN026	23	23	23	23	0	0	1.0	100.0	1
map00020	rn00020	Citrate cycle (TCA cycle)	iECSF_1327	Escherichia coli SE15	iECW_1372	Escherichia coli W	23	23	23	23	0	0	1.0	100.0	1
map00020	rn00020	Citrate cycle (TCA cycle)	iECSF_1327	Escherichia coli SE15	iECs_1301	Escherichia coli O157:H7 str. Sakai	23	23	23	23	0	0	1.0	100.0	1
map00020	rn00020	Citrate cycle (TCA cycle)	iECSF_1327	Escherichia coli SE15	iEKO11_1354	Escherichia coli KO11FL	23	23	23	23	0	0	1.0	100.0	1
map00020	rn00020	Citrate cycle (TCA cycle)	iECSF_1327	Escherichia coli SE15	iETEC_1333	Escherichia coli ETEC H10407	23	23	23	23	0	0	1.0	100.0	1
map00020	rn00020	Citrate cycle (TCA cycle)	iECSF_1327	Escherichia coli SE15	iEcDH1_1363	Escherichia coli DH1	23	23	23	23	0	0	1.0	100.0	1
map00020	rn00020	Citrate cycle (TCA cycle)	iECSF_1327	Escherichia coli SE15	iEcE24377_1341	Escherichia coli O139:H28 str. E24377A	23	23	23	23	0	0	1.0	100.0	1
map00020	rn00020	Citrate cycle (TCA cycle)	iECSF_1327	Escherichia coli SE15	iEcHS_1320	Escherichia coli HS	23	23	23	23	0	0	1.0	100.0	1
map00020	rn00020	Citrate cycle (TCA cycle)	iECSF_1327	Escherichia coli SE15	iEcSMS35_1347	Escherichia coli SMS-3-5	23	23	23	23	0	0	1.0	100.0	1
map00020	rn00020	Citrate cycle (TCA cycle)	iECSF_1327	Escherichia coli SE15	iEcolC_1368	Escherichia coli ATCC 8739	23	23	23	23	0	0	1.0	100.0	1
map00020	rn00020	Citrate cycle (TCA cycle)	iECSF_1327	Escherichia coli SE15	iG2583_1286	Escherichia coli O55:H7 str. CB9615	23	23	23	23	0	0	1.0	100.0	1
map00020	rn00020	Citrate cycle (TCA cycle)	iECSF_1327	Escherichia coli SE15	iJO1366	Escherichia coli str. K-12 substr. MG1655	23	22	22	23	1	0	0.9565	95.65	0
map00020	rn00020	Citrate cycle (TCA cycle)	iECSF_1327	Escherichia coli SE15	iJR904	Escherichia coli str. K-12 substr. MG1655	23	22	22	23	1	0	0.9565	95.65	0
map00020	rn00020	Citrate cycle (TCA cycle)	iECSF_1327	Escherichia coli SE15	iLF82_1304	Escherichia coli LF82	23	23	23	23	0	0	1.0	100.0	1
map00020	rn00020	Citrate cycle (TCA cycle)	iECSF_1327	Escherichia coli SE15	iML1515	Escherichia coli str. K-12 substr. MG1655	23	22	22	23	1	0	0.9565	95.65	0
map00020	rn00020	Citrate cycle (TCA cycle)	iECSF_1327	Escherichia coli SE15	iNRG857_1313	Escherichia coli O83:H1 str. NRG 857C	23	23	23	23	0	0	1.0	100.0	1
map00020	rn00020	Citrate cycle (TCA cycle)	iECSF_1327	Escherichia coli SE15	iUMN146_1321	Escherichia coli UM146	23	23	23	23	0	0	1.0	100.0	1
map00020	rn00020	Citrate cycle (TCA cycle)	iECSF_1327	Escherichia coli SE15	iUMNK88_1353	Escherichia coli UMNK88	23	23	23	23	0	0	1.0	100.0	1
map00020	rn00020	Citrate cycle (TCA cycle)	iECSF_1327	Escherichia coli SE15	iUTI89_1310	Escherichia coli UTI89	23	23	23	23	0	0	1.0	100.0	1
map00020	rn00020	Citrate cycle (TCA cycle)	iECSF_1327	Escherichia coli SE15	iWFL_1372	Escherichia coli W	23	23	23	23	0	0	1.0	100.0	1
map00020	rn00020	Citrate cycle (TCA cycle)	iECSF_1327	Escherichia coli SE15	iY75_1357	Escherichia coli str. K-12 substr. W3110	23	23	23	23	0	0	1.0	100.0	1
map00020	rn00020	Citrate cycle (TCA cycle)	iECSF_1327	Escherichia coli SE15	iZ_1308	Escherichia coli O157:H7 str. EDL933	23	23	23	23	0	0	1.0	100.0	1
map00020	rn00020	Citrate cycle (TCA cycle)	iECSF_1327	Escherichia coli SE15	ic_1306	Escherichia coli CFT073	23	23	23	23	0	0	1.0	100.0	1
map00020	rn00020	Citrate cycle (TCA cycle)	iECSP_1301	Escherichia coli O157:H7 str. TW14359	iECUMN_1333	Escherichia coli UMN026	23	23	23	23	0	0	1.0	100.0	1
map00020	rn00020	Citrate cycle (TCA cycle)	iECSP_1301	Escherichia coli O157:H7 str. TW14359	iECW_1372	Escherichia coli W	23	23	23	23	0	0	1.0	100.0	1
map00020	rn00020	Citrate cycle (TCA cycle)	iECSP_1301	Escherichia coli O157:H7 str. TW14359	iECs_1301	Escherichia coli O157:H7 str. Sakai	23	23	23	23	0	0	1.0	100.0	1
map00020	rn00020	Citrate cycle (TCA cycle)	iECSP_1301	Escherichia coli O157:H7 str. TW14359	iEKO11_1354	Escherichia coli KO11FL	23	23	23	23	0	0	1.0	100.0	1
map00020	rn00020	Citrate cycle (TCA cycle)	iECSP_1301	Escherichia coli O157:H7 str. TW14359	iETEC_1333	Escherichia coli ETEC H10407	23	23	23	23	0	0	1.0	100.0	1
map00020	rn00020	Citrate cycle (TCA cycle)	iECSP_1301	Escherichia coli O157:H7 str. TW14359	iEcDH1_1363	Escherichia coli DH1	23	23	23	23	0	0	1.0	100.0	1
map00020	rn00020	Citrate cycle (TCA cycle)	iECSP_1301	Escherichia coli O157:H7 str. TW14359	iEcE24377_1341	Escherichia coli O139:H28 str. E24377A	23	23	23	23	0	0	1.0	100.0	1
map00020	rn00020	Citrate cycle (TCA cycle)	iECSP_1301	Escherichia coli O157:H7 str. TW14359	iEcHS_1320	Escherichia coli HS	23	23	23	23	0	0	1.0	100.0	1
map00020	rn00020	Citrate cycle (TCA cycle)	iECSP_1301	Escherichia coli O157:H7 str. TW14359	iEcSMS35_1347	Escherichia coli SMS-3-5	23	23	23	23	0	0	1.0	100.0	1
map00020	rn00020	Citrate cycle (TCA cycle)	iECSP_1301	Escherichia coli O157:H7 str. TW14359	iEcolC_1368	Escherichia coli ATCC 8739	23	23	23	23	0	0	1.0	100.0	1
map00020	rn00020	Citrate cycle (TCA cycle)	iECSP_1301	Escherichia coli O157:H7 str. TW14359	iG2583_1286	Escherichia coli O55:H7 str. CB9615	23	23	23	23	0	0	1.0	100.0	1
map00020	rn00020	Citrate cycle (TCA cycle)	iECSP_1301	Escherichia coli O157:H7 str. TW14359	iJO1366	Escherichia coli str. K-12 substr. MG1655	23	22	22	23	1	0	0.9565	95.65	0
map00020	rn00020	Citrate cycle (TCA cycle)	iECSP_1301	Escherichia coli O157:H7 str. TW14359	iJR904	Escherichia coli str. K-12 substr. MG1655	23	22	22	23	1	0	0.9565	95.65	0
map00020	rn00020	Citrate cycle (TCA cycle)	iECSP_1301	Escherichia coli O157:H7 str. TW14359	iLF82_1304	Escherichia coli LF82	23	23	23	23	0	0	1.0	100.0	1
map00020	rn00020	Citrate cycle (TCA cycle)	iECSP_1301	Escherichia coli O157:H7 str. TW14359	iML1515	Escherichia coli str. K-12 substr. MG1655	23	22	22	23	1	0	0.9565	95.65	0
map00020	rn00020	Citrate cycle (TCA cycle)	iECSP_1301	Escherichia coli O157:H7 str. TW14359	iNRG857_1313	Escherichia coli O83:H1 str. NRG 857C	23	23	23	23	0	0	1.0	100.0	1
map00020	rn00020	Citrate cycle (TCA cycle)	iECSP_1301	Escherichia coli O157:H7 str. TW14359	iUMN146_1321	Escherichia coli UM146	23	23	23	23	0	0	1.0	100.0	1
map00020	rn00020	Citrate cycle (TCA cycle)	iECSP_1301	Escherichia coli O157:H7 str. TW14359	iUMNK88_1353	Escherichia coli UMNK88	23	23	23	23	0	0	1.0	100.0	1
map00020	rn00020	Citrate cycle (TCA cycle)	iECSP_1301	Escherichia coli O157:H7 str. TW14359	iUTI89_1310	Escherichia coli UTI89	23	23	23	23	0	0	1.0	100.0	1
map00020	rn00020	Citrate cycle (TCA cycle)	iECSP_1301	Escherichia coli O157:H7 str. TW14359	iWFL_1372	Escherichia coli W	23	23	23	23	0	0	1.0	100.0	1
map00020	rn00020	Citrate cycle (TCA cycle)	iECSP_1301	Escherichia coli O157:H7 str. TW14359	iY75_1357	Escherichia coli str. K-12 substr. W3110	23	23	23	23	0	0	1.0	100.0	1
map00020	rn00020	Citrate cycle (TCA cycle)	iECSP_1301	Escherichia coli O157:H7 str. TW14359	iZ_1308	Escherichia coli O157:H7 str. EDL933	23	23	23	23	0	0	1.0	100.0	1
map00020	rn00020	Citrate cycle (TCA cycle)	iECSP_1301	Escherichia coli O157:H7 str. TW14359	ic_1306	Escherichia coli CFT073	23	23	23	23	0	0	1.0	100.0	1
map00020	rn00020	Citrate cycle (TCA cycle)	iECUMN_1333	Escherichia coli UMN026	iECW_1372	Escherichia coli W	23	23	23	23	0	0	1.0	100.0	1
map00020	rn00020	Citrate cycle (TCA cycle)	iECUMN_1333	Escherichia coli UMN026	iECs_1301	Escherichia coli O157:H7 str. Sakai	23	23	23	23	0	0	1.0	100.0	1
map00020	rn00020	Citrate cycle (TCA cycle)	iECUMN_1333	Escherichia coli UMN026	iEKO11_1354	Escherichia coli KO11FL	23	23	23	23	0	0	1.0	100.0	1
map00020	rn00020	Citrate cycle (TCA cycle)	iECUMN_1333	Escherichia coli UMN026	iETEC_1333	Escherichia coli ETEC H10407	23	23	23	23	0	0	1.0	100.0	1
map00020	rn00020	Citrate cycle (TCA cycle)	iECUMN_1333	Escherichia coli UMN026	iEcDH1_1363	Escherichia coli DH1	23	23	23	23	0	0	1.0	100.0	1
map00020	rn00020	Citrate cycle (TCA cycle)	iECUMN_1333	Escherichia coli UMN026	iEcE24377_1341	Escherichia coli O139:H28 str. E24377A	23	23	23	23	0	0	1.0	100.0	1
map00020	rn00020	Citrate cycle (TCA cycle)	iECUMN_1333	Escherichia coli UMN026	iEcHS_1320	Escherichia coli HS	23	23	23	23	0	0	1.0	100.0	1
map00020	rn00020	Citrate cycle (TCA cycle)	iECUMN_1333	Escherichia coli UMN026	iEcSMS35_1347	Escherichia coli SMS-3-5	23	23	23	23	0	0	1.0	100.0	1
map00020	rn00020	Citrate cycle (TCA cycle)	iECUMN_1333	Escherichia coli UMN026	iEcolC_1368	Escherichia coli ATCC 8739	23	23	23	23	0	0	1.0	100.0	1
map00020	rn00020	Citrate cycle (TCA cycle)	iECUMN_1333	Escherichia coli UMN026	iG2583_1286	Escherichia coli O55:H7 str. CB9615	23	23	23	23	0	0	1.0	100.0	1
map00020	rn00020	Citrate cycle (TCA cycle)	iECUMN_1333	Escherichia coli UMN026	iJO1366	Escherichia coli str. K-12 substr. MG1655	23	22	22	23	1	0	0.9565	95.65	0
map00020	rn00020	Citrate cycle (TCA cycle)	iECUMN_1333	Escherichia coli UMN026	iJR904	Escherichia coli str. K-12 substr. MG1655	23	22	22	23	1	0	0.9565	95.65	0
map00020	rn00020	Citrate cycle (TCA cycle)	iECUMN_1333	Escherichia coli UMN026	iLF82_1304	Escherichia coli LF82	23	23	23	23	0	0	1.0	100.0	1
map00020	rn00020	Citrate cycle (TCA cycle)	iECUMN_1333	Escherichia coli UMN026	iML1515	Escherichia coli str. K-12 substr. MG1655	23	22	22	23	1	0	0.9565	95.65	0
map00020	rn00020	Citrate cycle (TCA cycle)	iECUMN_1333	Escherichia coli UMN026	iNRG857_1313	Escherichia coli O83:H1 str. NRG 857C	23	23	23	23	0	0	1.0	100.0	1
map00020	rn00020	Citrate cycle (TCA cycle)	iECUMN_1333	Escherichia coli UMN026	iUMN146_1321	Escherichia coli UM146	23	23	23	23	0	0	1.0	100.0	1
map00020	rn00020	Citrate cycle (TCA cycle)	iECUMN_1333	Escherichia coli UMN026	iUMNK88_1353	Escherichia coli UMNK88	23	23	23	23	0	0	1.0	100.0	1
map00020	rn00020	Citrate cycle (TCA cycle)	iECUMN_1333	Escherichia coli UMN026	iUTI89_1310	Escherichia coli UTI89	23	23	23	23	0	0	1.0	100.0	1
map00020	rn00020	Citrate cycle (TCA cycle)	iECUMN_1333	Escherichia coli UMN026	iWFL_1372	Escherichia coli W	23	23	23	23	0	0	1.0	100.0	1
map00020	rn00020	Citrate cycle (TCA cycle)	iECUMN_1333	Escherichia coli UMN026	iY75_1357	Escherichia coli str. K-12 substr. W3110	23	23	23	23	0	0	1.0	100.0	1
map00020	rn00020	Citrate cycle (TCA cycle)	iECUMN_1333	Escherichia coli UMN026	iZ_1308	Escherichia coli O157:H7 str. EDL933	23	23	23	23	0	0	1.0	100.0	1
map00020	rn00020	Citrate cycle (TCA cycle)	iECUMN_1333	Escherichia coli UMN026	ic_1306	Escherichia coli CFT073	23	23	23	23	0	0	1.0	100.0	1
map00020	rn00020	Citrate cycle (TCA cycle)	iECW_1372	Escherichia coli W	iECs_1301	Escherichia coli O157:H7 str. Sakai	23	23	23	23	0	0	1.0	100.0	1
map00020	rn00020	Citrate cycle (TCA cycle)	iECW_1372	Escherichia coli W	iEKO11_1354	Escherichia coli KO11FL	23	23	23	23	0	0	1.0	100.0	1
map00020	rn00020	Citrate cycle (TCA cycle)	iECW_1372	Escherichia coli W	iETEC_1333	Escherichia coli ETEC H10407	23	23	23	23	0	0	1.0	100.0	1
map00020	rn00020	Citrate cycle (TCA cycle)	iECW_1372	Escherichia coli W	iEcDH1_1363	Escherichia coli DH1	23	23	23	23	0	0	1.0	100.0	1
map00020	rn00020	Citrate cycle (TCA cycle)	iECW_1372	Escherichia coli W	iEcE24377_1341	Escherichia coli O139:H28 str. E24377A	23	23	23	23	0	0	1.0	100.0	1
map00020	rn00020	Citrate cycle (TCA cycle)	iECW_1372	Escherichia coli W	iEcHS_1320	Escherichia coli HS	23	23	23	23	0	0	1.0	100.0	1
map00020	rn00020	Citrate cycle (TCA cycle)	iECW_1372	Escherichia coli W	iEcSMS35_1347	Escherichia coli SMS-3-5	23	23	23	23	0	0	1.0	100.0	1
map00020	rn00020	Citrate cycle (TCA cycle)	iECW_1372	Escherichia coli W	iEcolC_1368	Escherichia coli ATCC 8739	23	23	23	23	0	0	1.0	100.0	1
map00020	rn00020	Citrate cycle (TCA cycle)	iECW_1372	Escherichia coli W	iG2583_1286	Escherichia coli O55:H7 str. CB9615	23	23	23	23	0	0	1.0	100.0	1
map00020	rn00020	Citrate cycle (TCA cycle)	iECW_1372	Escherichia coli W	iJO1366	Escherichia coli str. K-12 substr. MG1655	23	22	22	23	1	0	0.9565	95.65	0
map00020	rn00020	Citrate cycle (TCA cycle)	iECW_1372	Escherichia coli W	iJR904	Escherichia coli str. K-12 substr. MG1655	23	22	22	23	1	0	0.9565	95.65	0
map00020	rn00020	Citrate cycle (TCA cycle)	iECW_1372	Escherichia coli W	iLF82_1304	Escherichia coli LF82	23	23	23	23	0	0	1.0	100.0	1
map00020	rn00020	Citrate cycle (TCA cycle)	iECW_1372	Escherichia coli W	iML1515	Escherichia coli str. K-12 substr. MG1655	23	22	22	23	1	0	0.9565	95.65	0
map00020	rn00020	Citrate cycle (TCA cycle)	iECW_1372	Escherichia coli W	iNRG857_1313	Escherichia coli O83:H1 str. NRG 857C	23	23	23	23	0	0	1.0	100.0	1
map00020	rn00020	Citrate cycle (TCA cycle)	iECW_1372	Escherichia coli W	iUMN146_1321	Escherichia coli UM146	23	23	23	23	0	0	1.0	100.0	1
map00020	rn00020	Citrate cycle (TCA cycle)	iECW_1372	Escherichia coli W	iUMNK88_1353	Escherichia coli UMNK88	23	23	23	23	0	0	1.0	100.0	1
map00020	rn00020	Citrate cycle (TCA cycle)	iECW_1372	Escherichia coli W	iUTI89_1310	Escherichia coli UTI89	23	23	23	23	0	0	1.0	100.0	1
map00020	rn00020	Citrate cycle (TCA cycle)	iECW_1372	Escherichia coli W	iWFL_1372	Escherichia coli W	23	23	23	23	0	0	1.0	100.0	1
map00020	rn00020	Citrate cycle (TCA cycle)	iECW_1372	Escherichia coli W	iY75_1357	Escherichia coli str. K-12 substr. W3110	23	23	23	23	0	0	1.0	100.0	1
map00020	rn00020	Citrate cycle (TCA cycle)	iECW_1372	Escherichia coli W	iZ_1308	Escherichia coli O157:H7 str. EDL933	23	23	23	23	0	0	1.0	100.0	1
map00020	rn00020	Citrate cycle (TCA cycle)	iECW_1372	Escherichia coli W	ic_1306	Escherichia coli CFT073	23	23	23	23	0	0	1.0	100.0	1
map00020	rn00020	Citrate cycle (TCA cycle)	iECs_1301	Escherichia coli O157:H7 str. Sakai	iEKO11_1354	Escherichia coli KO11FL	23	23	23	23	0	0	1.0	100.0	1
map00020	rn00020	Citrate cycle (TCA cycle)	iECs_1301	Escherichia coli O157:H7 str. Sakai	iETEC_1333	Escherichia coli ETEC H10407	23	23	23	23	0	0	1.0	100.0	1
map00020	rn00020	Citrate cycle (TCA cycle)	iECs_1301	Escherichia coli O157:H7 str. Sakai	iEcDH1_1363	Escherichia coli DH1	23	23	23	23	0	0	1.0	100.0	1
map00020	rn00020	Citrate cycle (TCA cycle)	iECs_1301	Escherichia coli O157:H7 str. Sakai	iEcE24377_1341	Escherichia coli O139:H28 str. E24377A	23	23	23	23	0	0	1.0	100.0	1
map00020	rn00020	Citrate cycle (TCA cycle)	iECs_1301	Escherichia coli O157:H7 str. Sakai	iEcHS_1320	Escherichia coli HS	23	23	23	23	0	0	1.0	100.0	1
map00020	rn00020	Citrate cycle (TCA cycle)	iECs_1301	Escherichia coli O157:H7 str. Sakai	iEcSMS35_1347	Escherichia coli SMS-3-5	23	23	23	23	0	0	1.0	100.0	1
map00020	rn00020	Citrate cycle (TCA cycle)	iECs_1301	Escherichia coli O157:H7 str. Sakai	iEcolC_1368	Escherichia coli ATCC 8739	23	23	23	23	0	0	1.0	100.0	1
map00020	rn00020	Citrate cycle (TCA cycle)	iECs_1301	Escherichia coli O157:H7 str. Sakai	iG2583_1286	Escherichia coli O55:H7 str. CB9615	23	23	23	23	0	0	1.0	100.0	1
map00020	rn00020	Citrate cycle (TCA cycle)	iECs_1301	Escherichia coli O157:H7 str. Sakai	iJO1366	Escherichia coli str. K-12 substr. MG1655	23	22	22	23	1	0	0.9565	95.65	0
map00020	rn00020	Citrate cycle (TCA cycle)	iECs_1301	Escherichia coli O157:H7 str. Sakai	iJR904	Escherichia coli str. K-12 substr. MG1655	23	22	22	23	1	0	0.9565	95.65	0
map00020	rn00020	Citrate cycle (TCA cycle)	iECs_1301	Escherichia coli O157:H7 str. Sakai	iLF82_1304	Escherichia coli LF82	23	23	23	23	0	0	1.0	100.0	1
map00020	rn00020	Citrate cycle (TCA cycle)	iECs_1301	Escherichia coli O157:H7 str. Sakai	iML1515	Escherichia coli str. K-12 substr. MG1655	23	22	22	23	1	0	0.9565	95.65	0
map00020	rn00020	Citrate cycle (TCA cycle)	iECs_1301	Escherichia coli O157:H7 str. Sakai	iNRG857_1313	Escherichia coli O83:H1 str. NRG 857C	23	23	23	23	0	0	1.0	100.0	1
map00020	rn00020	Citrate cycle (TCA cycle)	iECs_1301	Escherichia coli O157:H7 str. Sakai	iUMN146_1321	Escherichia coli UM146	23	23	23	23	0	0	1.0	100.0	1
map00020	rn00020	Citrate cycle (TCA cycle)	iECs_1301	Escherichia coli O157:H7 str. Sakai	iUMNK88_1353	Escherichia coli UMNK88	23	23	23	23	0	0	1.0	100.0	1
map00020	rn00020	Citrate cycle (TCA cycle)	iECs_1301	Escherichia coli O157:H7 str. Sakai	iUTI89_1310	Escherichia coli UTI89	23	23	23	23	0	0	1.0	100.0	1
map00020	rn00020	Citrate cycle (TCA cycle)	iECs_1301	Escherichia coli O157:H7 str. Sakai	iWFL_1372	Escherichia coli W	23	23	23	23	0	0	1.0	100.0	1
map00020	rn00020	Citrate cycle (TCA cycle)	iECs_1301	Escherichia coli O157:H7 str. Sakai	iY75_1357	Escherichia coli str. K-12 substr. W3110	23	23	23	23	0	0	1.0	100.0	1
map00020	rn00020	Citrate cycle (TCA cycle)	iECs_1301	Escherichia coli O157:H7 str. Sakai	iZ_1308	Escherichia coli O157:H7 str. EDL933	23	23	23	23	0	0	1.0	100.0	1
map00020	rn00020	Citrate cycle (TCA cycle)	iECs_1301	Escherichia coli O157:H7 str. Sakai	ic_1306	Escherichia coli CFT073	23	23	23	23	0	0	1.0	100.0	1
map00020	rn00020	Citrate cycle (TCA cycle)	iEKO11_1354	Escherichia coli KO11FL	iETEC_1333	Escherichia coli ETEC H10407	23	23	23	23	0	0	1.0	100.0	1
map00020	rn00020	Citrate cycle (TCA cycle)	iEKO11_1354	Escherichia coli KO11FL	iEcDH1_1363	Escherichia coli DH1	23	23	23	23	0	0	1.0	100.0	1
map00020	rn00020	Citrate cycle (TCA cycle)	iEKO11_1354	Escherichia coli KO11FL	iEcE24377_1341	Escherichia coli O139:H28 str. E24377A	23	23	23	23	0	0	1.0	100.0	1
map00020	rn00020	Citrate cycle (TCA cycle)	iEKO11_1354	Escherichia coli KO11FL	iEcHS_1320	Escherichia coli HS	23	23	23	23	0	0	1.0	100.0	1
map00020	rn00020	Citrate cycle (TCA cycle)	iEKO11_1354	Escherichia coli KO11FL	iEcSMS35_1347	Escherichia coli SMS-3-5	23	23	23	23	0	0	1.0	100.0	1
map00020	rn00020	Citrate cycle (TCA cycle)	iEKO11_1354	Escherichia coli KO11FL	iEcolC_1368	Escherichia coli ATCC 8739	23	23	23	23	0	0	1.0	100.0	1
map00020	rn00020	Citrate cycle (TCA cycle)	iEKO11_1354	Escherichia coli KO11FL	iG2583_1286	Escherichia coli O55:H7 str. CB9615	23	23	23	23	0	0	1.0	100.0	1
map00020	rn00020	Citrate cycle (TCA cycle)	iEKO11_1354	Escherichia coli KO11FL	iJO1366	Escherichia coli str. K-12 substr. MG1655	23	22	22	23	1	0	0.9565	95.65	0
map00020	rn00020	Citrate cycle (TCA cycle)	iEKO11_1354	Escherichia coli KO11FL	iJR904	Escherichia coli str. K-12 substr. MG1655	23	22	22	23	1	0	0.9565	95.65	0
map00020	rn00020	Citrate cycle (TCA cycle)	iEKO11_1354	Escherichia coli KO11FL	iLF82_1304	Escherichia coli LF82	23	23	23	23	0	0	1.0	100.0	1
map00020	rn00020	Citrate cycle (TCA cycle)	iEKO11_1354	Escherichia coli KO11FL	iML1515	Escherichia coli str. K-12 substr. MG1655	23	22	22	23	1	0	0.9565	95.65	0
map00020	rn00020	Citrate cycle (TCA cycle)	iEKO11_1354	Escherichia coli KO11FL	iNRG857_1313	Escherichia coli O83:H1 str. NRG 857C	23	23	23	23	0	0	1.0	100.0	1
map00020	rn00020	Citrate cycle (TCA cycle)	iEKO11_1354	Escherichia coli KO11FL	iUMN146_1321	Escherichia coli UM146	23	23	23	23	0	0	1.0	100.0	1
map00020	rn00020	Citrate cycle (TCA cycle)	iEKO11_1354	Escherichia coli KO11FL	iUMNK88_1353	Escherichia coli UMNK88	23	23	23	23	0	0	1.0	100.0	1
map00020	rn00020	Citrate cycle (TCA cycle)	iEKO11_1354	Escherichia coli KO11FL	iUTI89_1310	Escherichia coli UTI89	23	23	23	23	0	0	1.0	100.0	1
map00020	rn00020	Citrate cycle (TCA cycle)	iEKO11_1354	Escherichia coli KO11FL	iWFL_1372	Escherichia coli W	23	23	23	23	0	0	1.0	100.0	1
map00020	rn00020	Citrate cycle (TCA cycle)	iEKO11_1354	Escherichia coli KO11FL	iY75_1357	Escherichia coli str. K-12 substr. W3110	23	23	23	23	0	0	1.0	100.0	1
map00020	rn00020	Citrate cycle (TCA cycle)	iEKO11_1354	Escherichia coli KO11FL	iZ_1308	Escherichia coli O157:H7 str. EDL933	23	23	23	23	0	0	1.0	100.0	1
map00020	rn00020	Citrate cycle (TCA cycle)	iEKO11_1354	Escherichia coli KO11FL	ic_1306	Escherichia coli CFT073	23	23	23	23	0	0	1.0	100.0	1
map00020	rn00020	Citrate cycle (TCA cycle)	iETEC_1333	Escherichia coli ETEC H10407	iEcDH1_1363	Escherichia coli DH1	23	23	23	23	0	0	1.0	100.0	1
map00020	rn00020	Citrate cycle (TCA cycle)	iETEC_1333	Escherichia coli ETEC H10407	iEcE24377_1341	Escherichia coli O139:H28 str. E24377A	23	23	23	23	0	0	1.0	100.0	1
map00020	rn00020	Citrate cycle (TCA cycle)	iETEC_1333	Escherichia coli ETEC H10407	iEcHS_1320	Escherichia coli HS	23	23	23	23	0	0	1.0	100.0	1
map00020	rn00020	Citrate cycle (TCA cycle)	iETEC_1333	Escherichia coli ETEC H10407	iEcSMS35_1347	Escherichia coli SMS-3-5	23	23	23	23	0	0	1.0	100.0	1
map00020	rn00020	Citrate cycle (TCA cycle)	iETEC_1333	Escherichia coli ETEC H10407	iEcolC_1368	Escherichia coli ATCC 8739	23	23	23	23	0	0	1.0	100.0	1
map00020	rn00020	Citrate cycle (TCA cycle)	iETEC_1333	Escherichia coli ETEC H10407	iG2583_1286	Escherichia coli O55:H7 str. CB9615	23	23	23	23	0	0	1.0	100.0	1
map00020	rn00020	Citrate cycle (TCA cycle)	iETEC_1333	Escherichia coli ETEC H10407	iJO1366	Escherichia coli str. K-12 substr. MG1655	23	22	22	23	1	0	0.9565	95.65	0
map00020	rn00020	Citrate cycle (TCA cycle)	iETEC_1333	Escherichia coli ETEC H10407	iJR904	Escherichia coli str. K-12 substr. MG1655	23	22	22	23	1	0	0.9565	95.65	0
map00020	rn00020	Citrate cycle (TCA cycle)	iETEC_1333	Escherichia coli ETEC H10407	iLF82_1304	Escherichia coli LF82	23	23	23	23	0	0	1.0	100.0	1
map00020	rn00020	Citrate cycle (TCA cycle)	iETEC_1333	Escherichia coli ETEC H10407	iML1515	Escherichia coli str. K-12 substr. MG1655	23	22	22	23	1	0	0.9565	95.65	0
map00020	rn00020	Citrate cycle (TCA cycle)	iETEC_1333	Escherichia coli ETEC H10407	iNRG857_1313	Escherichia coli O83:H1 str. NRG 857C	23	23	23	23	0	0	1.0	100.0	1
map00020	rn00020	Citrate cycle (TCA cycle)	iETEC_1333	Escherichia coli ETEC H10407	iUMN146_1321	Escherichia coli UM146	23	23	23	23	0	0	1.0	100.0	1
map00020	rn00020	Citrate cycle (TCA cycle)	iETEC_1333	Escherichia coli ETEC H10407	iUMNK88_1353	Escherichia coli UMNK88	23	23	23	23	0	0	1.0	100.0	1
map00020	rn00020	Citrate cycle (TCA cycle)	iETEC_1333	Escherichia coli ETEC H10407	iUTI89_1310	Escherichia coli UTI89	23	23	23	23	0	0	1.0	100.0	1
map00020	rn00020	Citrate cycle (TCA cycle)	iETEC_1333	Escherichia coli ETEC H10407	iWFL_1372	Escherichia coli W	23	23	23	23	0	0	1.0	100.0	1
map00020	rn00020	Citrate cycle (TCA cycle)	iETEC_1333	Escherichia coli ETEC H10407	iY75_1357	Escherichia coli str. K-12 substr. W3110	23	23	23	23	0	0	1.0	100.0	1
map00020	rn00020	Citrate cycle (TCA cycle)	iETEC_1333	Escherichia coli ETEC H10407	iZ_1308	Escherichia coli O157:H7 str. EDL933	23	23	23	23	0	0	1.0	100.0	1
map00020	rn00020	Citrate cycle (TCA cycle)	iETEC_1333	Escherichia coli ETEC H10407	ic_1306	Escherichia coli CFT073	23	23	23	23	0	0	1.0	100.0	1
map00020	rn00020	Citrate cycle (TCA cycle)	iEcDH1_1363	Escherichia coli DH1	iEcE24377_1341	Escherichia coli O139:H28 str. E24377A	23	23	23	23	0	0	1.0	100.0	1
map00020	rn00020	Citrate cycle (TCA cycle)	iEcDH1_1363	Escherichia coli DH1	iEcHS_1320	Escherichia coli HS	23	23	23	23	0	0	1.0	100.0	1
map00020	rn00020	Citrate cycle (TCA cycle)	iEcDH1_1363	Escherichia coli DH1	iEcSMS35_1347	Escherichia coli SMS-3-5	23	23	23	23	0	0	1.0	100.0	1
map00020	rn00020	Citrate cycle (TCA cycle)	iEcDH1_1363	Escherichia coli DH1	iEcolC_1368	Escherichia coli ATCC 8739	23	23	23	23	0	0	1.0	100.0	1
map00020	rn00020	Citrate cycle (TCA cycle)	iEcDH1_1363	Escherichia coli DH1	iG2583_1286	Escherichia coli O55:H7 str. CB9615	23	23	23	23	0	0	1.0	100.0	1
map00020	rn00020	Citrate cycle (TCA cycle)	iEcDH1_1363	Escherichia coli DH1	iJO1366	Escherichia coli str. K-12 substr. MG1655	23	22	22	23	1	0	0.9565	95.65	0
map00020	rn00020	Citrate cycle (TCA cycle)	iEcDH1_1363	Escherichia coli DH1	iJR904	Escherichia coli str. K-12 substr. MG1655	23	22	22	23	1	0	0.9565	95.65	0
map00020	rn00020	Citrate cycle (TCA cycle)	iEcDH1_1363	Escherichia coli DH1	iLF82_1304	Escherichia coli LF82	23	23	23	23	0	0	1.0	100.0	1
map00020	rn00020	Citrate cycle (TCA cycle)	iEcDH1_1363	Escherichia coli DH1	iML1515	Escherichia coli str. K-12 substr. MG1655	23	22	22	23	1	0	0.9565	95.65	0
map00020	rn00020	Citrate cycle (TCA cycle)	iEcDH1_1363	Escherichia coli DH1	iNRG857_1313	Escherichia coli O83:H1 str. NRG 857C	23	23	23	23	0	0	1.0	100.0	1
map00020	rn00020	Citrate cycle (TCA cycle)	iEcDH1_1363	Escherichia coli DH1	iUMN146_1321	Escherichia coli UM146	23	23	23	23	0	0	1.0	100.0	1
map00020	rn00020	Citrate cycle (TCA cycle)	iEcDH1_1363	Escherichia coli DH1	iUMNK88_1353	Escherichia coli UMNK88	23	23	23	23	0	0	1.0	100.0	1
map00020	rn00020	Citrate cycle (TCA cycle)	iEcDH1_1363	Escherichia coli DH1	iUTI89_1310	Escherichia coli UTI89	23	23	23	23	0	0	1.0	100.0	1
map00020	rn00020	Citrate cycle (TCA cycle)	iEcDH1_1363	Escherichia coli DH1	iWFL_1372	Escherichia coli W	23	23	23	23	0	0	1.0	100.0	1
map00020	rn00020	Citrate cycle (TCA cycle)	iEcDH1_1363	Escherichia coli DH1	iY75_1357	Escherichia coli str. K-12 substr. W3110	23	23	23	23	0	0	1.0	100.0	1
map00020	rn00020	Citrate cycle (TCA cycle)	iEcDH1_1363	Escherichia coli DH1	iZ_1308	Escherichia coli O157:H7 str. EDL933	23	23	23	23	0	0	1.0	100.0	1
map00020	rn00020	Citrate cycle (TCA cycle)	iEcDH1_1363	Escherichia coli DH1	ic_1306	Escherichia coli CFT073	23	23	23	23	0	0	1.0	100.0	1
map00020	rn00020	Citrate cycle (TCA cycle)	iEcE24377_1341	Escherichia coli O139:H28 str. E24377A	iEcHS_1320	Escherichia coli HS	23	23	23	23	0	0	1.0	100.0	1
map00020	rn00020	Citrate cycle (TCA cycle)	iEcE24377_1341	Escherichia coli O139:H28 str. E24377A	iEcSMS35_1347	Escherichia coli SMS-3-5	23	23	23	23	0	0	1.0	100.0	1
map00020	rn00020	Citrate cycle (TCA cycle)	iEcE24377_1341	Escherichia coli O139:H28 str. E24377A	iEcolC_1368	Escherichia coli ATCC 8739	23	23	23	23	0	0	1.0	100.0	1
map00020	rn00020	Citrate cycle (TCA cycle)	iEcE24377_1341	Escherichia coli O139:H28 str. E24377A	iG2583_1286	Escherichia coli O55:H7 str. CB9615	23	23	23	23	0	0	1.0	100.0	1
map00020	rn00020	Citrate cycle (TCA cycle)	iEcE24377_1341	Escherichia coli O139:H28 str. E24377A	iJO1366	Escherichia coli str. K-12 substr. MG1655	23	22	22	23	1	0	0.9565	95.65	0
map00020	rn00020	Citrate cycle (TCA cycle)	iEcE24377_1341	Escherichia coli O139:H28 str. E24377A	iJR904	Escherichia coli str. K-12 substr. MG1655	23	22	22	23	1	0	0.9565	95.65	0
map00020	rn00020	Citrate cycle (TCA cycle)	iEcE24377_1341	Escherichia coli O139:H28 str. E24377A	iLF82_1304	Escherichia coli LF82	23	23	23	23	0	0	1.0	100.0	1
map00020	rn00020	Citrate cycle (TCA cycle)	iEcE24377_1341	Escherichia coli O139:H28 str. E24377A	iML1515	Escherichia coli str. K-12 substr. MG1655	23	22	22	23	1	0	0.9565	95.65	0
map00020	rn00020	Citrate cycle (TCA cycle)	iEcE24377_1341	Escherichia coli O139:H28 str. E24377A	iNRG857_1313	Escherichia coli O83:H1 str. NRG 857C	23	23	23	23	0	0	1.0	100.0	1
map00020	rn00020	Citrate cycle (TCA cycle)	iEcE24377_1341	Escherichia coli O139:H28 str. E24377A	iUMN146_1321	Escherichia coli UM146	23	23	23	23	0	0	1.0	100.0	1
map00020	rn00020	Citrate cycle (TCA cycle)	iEcE24377_1341	Escherichia coli O139:H28 str. E24377A	iUMNK88_1353	Escherichia coli UMNK88	23	23	23	23	0	0	1.0	100.0	1
map00020	rn00020	Citrate cycle (TCA cycle)	iEcE24377_1341	Escherichia coli O139:H28 str. E24377A	iUTI89_1310	Escherichia coli UTI89	23	23	23	23	0	0	1.0	100.0	1
map00020	rn00020	Citrate cycle (TCA cycle)	iEcE24377_1341	Escherichia coli O139:H28 str. E24377A	iWFL_1372	Escherichia coli W	23	23	23	23	0	0	1.0	100.0	1
map00020	rn00020	Citrate cycle (TCA cycle)	iEcE24377_1341	Escherichia coli O139:H28 str. E24377A	iY75_1357	Escherichia coli str. K-12 substr. W3110	23	23	23	23	0	0	1.0	100.0	1
map00020	rn00020	Citrate cycle (TCA cycle)	iEcE24377_1341	Escherichia coli O139:H28 str. E24377A	iZ_1308	Escherichia coli O157:H7 str. EDL933	23	23	23	23	0	0	1.0	100.0	1
map00020	rn00020	Citrate cycle (TCA cycle)	iEcE24377_1341	Escherichia coli O139:H28 str. E24377A	ic_1306	Escherichia coli CFT073	23	23	23	23	0	0	1.0	100.0	1
map00020	rn00020	Citrate cycle (TCA cycle)	iEcHS_1320	Escherichia coli HS	iEcSMS35_1347	Escherichia coli SMS-3-5	23	23	23	23	0	0	1.0	100.0	1
map00020	rn00020	Citrate cycle (TCA cycle)	iEcHS_1320	Escherichia coli HS	iEcolC_1368	Escherichia coli ATCC 8739	23	23	23	23	0	0	1.0	100.0	1
map00020	rn00020	Citrate cycle (TCA cycle)	iEcHS_1320	Escherichia coli HS	iG2583_1286	Escherichia coli O55:H7 str. CB9615	23	23	23	23	0	0	1.0	100.0	1
map00020	rn00020	Citrate cycle (TCA cycle)	iEcHS_1320	Escherichia coli HS	iJO1366	Escherichia coli str. K-12 substr. MG1655	23	22	22	23	1	0	0.9565	95.65	0
map00020	rn00020	Citrate cycle (TCA cycle)	iEcHS_1320	Escherichia coli HS	iJR904	Escherichia coli str. K-12 substr. MG1655	23	22	22	23	1	0	0.9565	95.65	0
map00020	rn00020	Citrate cycle (TCA cycle)	iEcHS_1320	Escherichia coli HS	iLF82_1304	Escherichia coli LF82	23	23	23	23	0	0	1.0	100.0	1
map00020	rn00020	Citrate cycle (TCA cycle)	iEcHS_1320	Escherichia coli HS	iML1515	Escherichia coli str. K-12 substr. MG1655	23	22	22	23	1	0	0.9565	95.65	0
map00020	rn00020	Citrate cycle (TCA cycle)	iEcHS_1320	Escherichia coli HS	iNRG857_1313	Escherichia coli O83:H1 str. NRG 857C	23	23	23	23	0	0	1.0	100.0	1
map00020	rn00020	Citrate cycle (TCA cycle)	iEcHS_1320	Escherichia coli HS	iUMN146_1321	Escherichia coli UM146	23	23	23	23	0	0	1.0	100.0	1
map00020	rn00020	Citrate cycle (TCA cycle)	iEcHS_1320	Escherichia coli HS	iUMNK88_1353	Escherichia coli UMNK88	23	23	23	23	0	0	1.0	100.0	1
map00020	rn00020	Citrate cycle (TCA cycle)	iEcHS_1320	Escherichia coli HS	iUTI89_1310	Escherichia coli UTI89	23	23	23	23	0	0	1.0	100.0	1
map00020	rn00020	Citrate cycle (TCA cycle)	iEcHS_1320	Escherichia coli HS	iWFL_1372	Escherichia coli W	23	23	23	23	0	0	1.0	100.0	1
map00020	rn00020	Citrate cycle (TCA cycle)	iEcHS_1320	Escherichia coli HS	iY75_1357	Escherichia coli str. K-12 substr. W3110	23	23	23	23	0	0	1.0	100.0	1
map00020	rn00020	Citrate cycle (TCA cycle)	iEcHS_1320	Escherichia coli HS	iZ_1308	Escherichia coli O157:H7 str. EDL933	23	23	23	23	0	0	1.0	100.0	1
map00020	rn00020	Citrate cycle (TCA cycle)	iEcHS_1320	Escherichia coli HS	ic_1306	Escherichia coli CFT073	23	23	23	23	0	0	1.0	100.0	1
map00020	rn00020	Citrate cycle (TCA cycle)	iEcSMS35_1347	Escherichia coli SMS-3-5	iEcolC_1368	Escherichia coli ATCC 8739	23	23	23	23	0	0	1.0	100.0	1
map00020	rn00020	Citrate cycle (TCA cycle)	iEcSMS35_1347	Escherichia coli SMS-3-5	iG2583_1286	Escherichia coli O55:H7 str. CB9615	23	23	23	23	0	0	1.0	100.0	1
map00020	rn00020	Citrate cycle (TCA cycle)	iEcSMS35_1347	Escherichia coli SMS-3-5	iJO1366	Escherichia coli str. K-12 substr. MG1655	23	22	22	23	1	0	0.9565	95.65	0
map00020	rn00020	Citrate cycle (TCA cycle)	iEcSMS35_1347	Escherichia coli SMS-3-5	iJR904	Escherichia coli str. K-12 substr. MG1655	23	22	22	23	1	0	0.9565	95.65	0
map00020	rn00020	Citrate cycle (TCA cycle)	iEcSMS35_1347	Escherichia coli SMS-3-5	iLF82_1304	Escherichia coli LF82	23	23	23	23	0	0	1.0	100.0	1
map00020	rn00020	Citrate cycle (TCA cycle)	iEcSMS35_1347	Escherichia coli SMS-3-5	iML1515	Escherichia coli str. K-12 substr. MG1655	23	22	22	23	1	0	0.9565	95.65	0
map00020	rn00020	Citrate cycle (TCA cycle)	iEcSMS35_1347	Escherichia coli SMS-3-5	iNRG857_1313	Escherichia coli O83:H1 str. NRG 857C	23	23	23	23	0	0	1.0	100.0	1
map00020	rn00020	Citrate cycle (TCA cycle)	iEcSMS35_1347	Escherichia coli SMS-3-5	iUMN146_1321	Escherichia coli UM146	23	23	23	23	0	0	1.0	100.0	1
map00020	rn00020	Citrate cycle (TCA cycle)	iEcSMS35_1347	Escherichia coli SMS-3-5	iUMNK88_1353	Escherichia coli UMNK88	23	23	23	23	0	0	1.0	100.0	1
map00020	rn00020	Citrate cycle (TCA cycle)	iEcSMS35_1347	Escherichia coli SMS-3-5	iUTI89_1310	Escherichia coli UTI89	23	23	23	23	0	0	1.0	100.0	1
map00020	rn00020	Citrate cycle (TCA cycle)	iEcSMS35_1347	Escherichia coli SMS-3-5	iWFL_1372	Escherichia coli W	23	23	23	23	0	0	1.0	100.0	1
map00020	rn00020	Citrate cycle (TCA cycle)	iEcSMS35_1347	Escherichia coli SMS-3-5	iY75_1357	Escherichia coli str. K-12 substr. W3110	23	23	23	23	0	0	1.0	100.0	1
map00020	rn00020	Citrate cycle (TCA cycle)	iEcSMS35_1347	Escherichia coli SMS-3-5	iZ_1308	Escherichia coli O157:H7 str. EDL933	23	23	23	23	0	0	1.0	100.0	1
map00020	rn00020	Citrate cycle (TCA cycle)	iEcSMS35_1347	Escherichia coli SMS-3-5	ic_1306	Escherichia coli CFT073	23	23	23	23	0	0	1.0	100.0	1
map00020	rn00020	Citrate cycle (TCA cycle)	iEcolC_1368	Escherichia coli ATCC 8739	iG2583_1286	Escherichia coli O55:H7 str. CB9615	23	23	23	23	0	0	1.0	100.0	1
map00020	rn00020	Citrate cycle (TCA cycle)	iEcolC_1368	Escherichia coli ATCC 8739	iJO1366	Escherichia coli str. K-12 substr. MG1655	23	22	22	23	1	0	0.9565	95.65	0
map00020	rn00020	Citrate cycle (TCA cycle)	iEcolC_1368	Escherichia coli ATCC 8739	iJR904	Escherichia coli str. K-12 substr. MG1655	23	22	22	23	1	0	0.9565	95.65	0
map00020	rn00020	Citrate cycle (TCA cycle)	iEcolC_1368	Escherichia coli ATCC 8739	iLF82_1304	Escherichia coli LF82	23	23	23	23	0	0	1.0	100.0	1
map00020	rn00020	Citrate cycle (TCA cycle)	iEcolC_1368	Escherichia coli ATCC 8739	iML1515	Escherichia coli str. K-12 substr. MG1655	23	22	22	23	1	0	0.9565	95.65	0
map00020	rn00020	Citrate cycle (TCA cycle)	iEcolC_1368	Escherichia coli ATCC 8739	iNRG857_1313	Escherichia coli O83:H1 str. NRG 857C	23	23	23	23	0	0	1.0	100.0	1
map00020	rn00020	Citrate cycle (TCA cycle)	iEcolC_1368	Escherichia coli ATCC 8739	iUMN146_1321	Escherichia coli UM146	23	23	23	23	0	0	1.0	100.0	1
map00020	rn00020	Citrate cycle (TCA cycle)	iEcolC_1368	Escherichia coli ATCC 8739	iUMNK88_1353	Escherichia coli UMNK88	23	23	23	23	0	0	1.0	100.0	1
map00020	rn00020	Citrate cycle (TCA cycle)	iEcolC_1368	Escherichia coli ATCC 8739	iUTI89_1310	Escherichia coli UTI89	23	23	23	23	0	0	1.0	100.0	1
map00020	rn00020	Citrate cycle (TCA cycle)	iEcolC_1368	Escherichia coli ATCC 8739	iWFL_1372	Escherichia coli W	23	23	23	23	0	0	1.0	100.0	1
map00020	rn00020	Citrate cycle (TCA cycle)	iEcolC_1368	Escherichia coli ATCC 8739	iY75_1357	Escherichia coli str. K-12 substr. W3110	23	23	23	23	0	0	1.0	100.0	1
map00020	rn00020	Citrate cycle (TCA cycle)	iEcolC_1368	Escherichia coli ATCC 8739	iZ_1308	Escherichia coli O157:H7 str. EDL933	23	23	23	23	0	0	1.0	100.0	1
map00020	rn00020	Citrate cycle (TCA cycle)	iEcolC_1368	Escherichia coli ATCC 8739	ic_1306	Escherichia coli CFT073	23	23	23	23	0	0	1.0	100.0	1
map00020	rn00020	Citrate cycle (TCA cycle)	iG2583_1286	Escherichia coli O55:H7 str. CB9615	iJO1366	Escherichia coli str. K-12 substr. MG1655	23	22	22	23	1	0	0.9565	95.65	0
map00020	rn00020	Citrate cycle (TCA cycle)	iG2583_1286	Escherichia coli O55:H7 str. CB9615	iJR904	Escherichia coli str. K-12 substr. MG1655	23	22	22	23	1	0	0.9565	95.65	0
map00020	rn00020	Citrate cycle (TCA cycle)	iG2583_1286	Escherichia coli O55:H7 str. CB9615	iLF82_1304	Escherichia coli LF82	23	23	23	23	0	0	1.0	100.0	1
map00020	rn00020	Citrate cycle (TCA cycle)	iG2583_1286	Escherichia coli O55:H7 str. CB9615	iML1515	Escherichia coli str. K-12 substr. MG1655	23	22	22	23	1	0	0.9565	95.65	0
map00020	rn00020	Citrate cycle (TCA cycle)	iG2583_1286	Escherichia coli O55:H7 str. CB9615	iNRG857_1313	Escherichia coli O83:H1 str. NRG 857C	23	23	23	23	0	0	1.0	100.0	1
map00020	rn00020	Citrate cycle (TCA cycle)	iG2583_1286	Escherichia coli O55:H7 str. CB9615	iUMN146_1321	Escherichia coli UM146	23	23	23	23	0	0	1.0	100.0	1
map00020	rn00020	Citrate cycle (TCA cycle)	iG2583_1286	Escherichia coli O55:H7 str. CB9615	iUMNK88_1353	Escherichia coli UMNK88	23	23	23	23	0	0	1.0	100.0	1
map00020	rn00020	Citrate cycle (TCA cycle)	iG2583_1286	Escherichia coli O55:H7 str. CB9615	iUTI89_1310	Escherichia coli UTI89	23	23	23	23	0	0	1.0	100.0	1
map00020	rn00020	Citrate cycle (TCA cycle)	iG2583_1286	Escherichia coli O55:H7 str. CB9615	iWFL_1372	Escherichia coli W	23	23	23	23	0	0	1.0	100.0	1
map00020	rn00020	Citrate cycle (TCA cycle)	iG2583_1286	Escherichia coli O55:H7 str. CB9615	iY75_1357	Escherichia coli str. K-12 substr. W3110	23	23	23	23	0	0	1.0	100.0	1
map00020	rn00020	Citrate cycle (TCA cycle)	iG2583_1286	Escherichia coli O55:H7 str. CB9615	iZ_1308	Escherichia coli O157:H7 str. EDL933	23	23	23	23	0	0	1.0	100.0	1
map00020	rn00020	Citrate cycle (TCA cycle)	iG2583_1286	Escherichia coli O55:H7 str. CB9615	ic_1306	Escherichia coli CFT073	23	23	23	23	0	0	1.0	100.0	1
map00020	rn00020	Citrate cycle (TCA cycle)	iJO1366	Escherichia coli str. K-12 substr. MG1655	iJR904	Escherichia coli str. K-12 substr. MG1655	22	22	22	22	0	0	1.0	100.0	1
map00020	rn00020	Citrate cycle (TCA cycle)	iJO1366	Escherichia coli str. K-12 substr. MG1655	iLF82_1304	Escherichia coli LF82	22	23	22	23	0	1	0.9565	95.65	0
map00020	rn00020	Citrate cycle (TCA cycle)	iJO1366	Escherichia coli str. K-12 substr. MG1655	iML1515	Escherichia coli str. K-12 substr. MG1655	22	22	22	22	0	0	1.0	100.0	1
map00020	rn00020	Citrate cycle (TCA cycle)	iJO1366	Escherichia coli str. K-12 substr. MG1655	iNRG857_1313	Escherichia coli O83:H1 str. NRG 857C	22	23	22	23	0	1	0.9565	95.65	0
map00020	rn00020	Citrate cycle (TCA cycle)	iJO1366	Escherichia coli str. K-12 substr. MG1655	iUMN146_1321	Escherichia coli UM146	22	23	22	23	0	1	0.9565	95.65	0
map00020	rn00020	Citrate cycle (TCA cycle)	iJO1366	Escherichia coli str. K-12 substr. MG1655	iUMNK88_1353	Escherichia coli UMNK88	22	23	22	23	0	1	0.9565	95.65	0
map00020	rn00020	Citrate cycle (TCA cycle)	iJO1366	Escherichia coli str. K-12 substr. MG1655	iUTI89_1310	Escherichia coli UTI89	22	23	22	23	0	1	0.9565	95.65	0
map00020	rn00020	Citrate cycle (TCA cycle)	iJO1366	Escherichia coli str. K-12 substr. MG1655	iWFL_1372	Escherichia coli W	22	23	22	23	0	1	0.9565	95.65	0
map00020	rn00020	Citrate cycle (TCA cycle)	iJO1366	Escherichia coli str. K-12 substr. MG1655	iY75_1357	Escherichia coli str. K-12 substr. W3110	22	23	22	23	0	1	0.9565	95.65	0
map00020	rn00020	Citrate cycle (TCA cycle)	iJO1366	Escherichia coli str. K-12 substr. MG1655	iZ_1308	Escherichia coli O157:H7 str. EDL933	22	23	22	23	0	1	0.9565	95.65	0
map00020	rn00020	Citrate cycle (TCA cycle)	iJO1366	Escherichia coli str. K-12 substr. MG1655	ic_1306	Escherichia coli CFT073	22	23	22	23	0	1	0.9565	95.65	0
map00020	rn00020	Citrate cycle (TCA cycle)	iJR904	Escherichia coli str. K-12 substr. MG1655	iLF82_1304	Escherichia coli LF82	22	23	22	23	0	1	0.9565	95.65	0
map00020	rn00020	Citrate cycle (TCA cycle)	iJR904	Escherichia coli str. K-12 substr. MG1655	iML1515	Escherichia coli str. K-12 substr. MG1655	22	22	22	22	0	0	1.0	100.0	1
map00020	rn00020	Citrate cycle (TCA cycle)	iJR904	Escherichia coli str. K-12 substr. MG1655	iNRG857_1313	Escherichia coli O83:H1 str. NRG 857C	22	23	22	23	0	1	0.9565	95.65	0
map00020	rn00020	Citrate cycle (TCA cycle)	iJR904	Escherichia coli str. K-12 substr. MG1655	iUMN146_1321	Escherichia coli UM146	22	23	22	23	0	1	0.9565	95.65	0
map00020	rn00020	Citrate cycle (TCA cycle)	iJR904	Escherichia coli str. K-12 substr. MG1655	iUMNK88_1353	Escherichia coli UMNK88	22	23	22	23	0	1	0.9565	95.65	0
map00020	rn00020	Citrate cycle (TCA cycle)	iJR904	Escherichia coli str. K-12 substr. MG1655	iUTI89_1310	Escherichia coli UTI89	22	23	22	23	0	1	0.9565	95.65	0
map00020	rn00020	Citrate cycle (TCA cycle)	iJR904	Escherichia coli str. K-12 substr. MG1655	iWFL_1372	Escherichia coli W	22	23	22	23	0	1	0.9565	95.65	0
map00020	rn00020	Citrate cycle (TCA cycle)	iJR904	Escherichia coli str. K-12 substr. MG1655	iY75_1357	Escherichia coli str. K-12 substr. W3110	22	23	22	23	0	1	0.9565	95.65	0
map00020	rn00020	Citrate cycle (TCA cycle)	iJR904	Escherichia coli str. K-12 substr. MG1655	iZ_1308	Escherichia coli O157:H7 str. EDL933	22	23	22	23	0	1	0.9565	95.65	0
map00020	rn00020	Citrate cycle (TCA cycle)	iJR904	Escherichia coli str. K-12 substr. MG1655	ic_1306	Escherichia coli CFT073	22	23	22	23	0	1	0.9565	95.65	0
map00020	rn00020	Citrate cycle (TCA cycle)	iLF82_1304	Escherichia coli LF82	iML1515	Escherichia coli str. K-12 substr. MG1655	23	22	22	23	1	0	0.9565	95.65	0
map00020	rn00020	Citrate cycle (TCA cycle)	iLF82_1304	Escherichia coli LF82	iNRG857_1313	Escherichia coli O83:H1 str. NRG 857C	23	23	23	23	0	0	1.0	100.0	1
map00020	rn00020	Citrate cycle (TCA cycle)	iLF82_1304	Escherichia coli LF82	iUMN146_1321	Escherichia coli UM146	23	23	23	23	0	0	1.0	100.0	1
map00020	rn00020	Citrate cycle (TCA cycle)	iLF82_1304	Escherichia coli LF82	iUMNK88_1353	Escherichia coli UMNK88	23	23	23	23	0	0	1.0	100.0	1
map00020	rn00020	Citrate cycle (TCA cycle)	iLF82_1304	Escherichia coli LF82	iUTI89_1310	Escherichia coli UTI89	23	23	23	23	0	0	1.0	100.0	1
map00020	rn00020	Citrate cycle (TCA cycle)	iLF82_1304	Escherichia coli LF82	iWFL_1372	Escherichia coli W	23	23	23	23	0	0	1.0	100.0	1
map00020	rn00020	Citrate cycle (TCA cycle)	iLF82_1304	Escherichia coli LF82	iY75_1357	Escherichia coli str. K-12 substr. W3110	23	23	23	23	0	0	1.0	100.0	1
map00020	rn00020	Citrate cycle (TCA cycle)	iLF82_1304	Escherichia coli LF82	iZ_1308	Escherichia coli O157:H7 str. EDL933	23	23	23	23	0	0	1.0	100.0	1
map00020	rn00020	Citrate cycle (TCA cycle)	iLF82_1304	Escherichia coli LF82	ic_1306	Escherichia coli CFT073	23	23	23	23	0	0	1.0	100.0	1
map00020	rn00020	Citrate cycle (TCA cycle)	iML1515	Escherichia coli str. K-12 substr. MG1655	iNRG857_1313	Escherichia coli O83:H1 str. NRG 857C	22	23	22	23	0	1	0.9565	95.65	0
map00020	rn00020	Citrate cycle (TCA cycle)	iML1515	Escherichia coli str. K-12 substr. MG1655	iUMN146_1321	Escherichia coli UM146	22	23	22	23	0	1	0.9565	95.65	0
map00020	rn00020	Citrate cycle (TCA cycle)	iML1515	Escherichia coli str. K-12 substr. MG1655	iUMNK88_1353	Escherichia coli UMNK88	22	23	22	23	0	1	0.9565	95.65	0
map00020	rn00020	Citrate cycle (TCA cycle)	iML1515	Escherichia coli str. K-12 substr. MG1655	iUTI89_1310	Escherichia coli UTI89	22	23	22	23	0	1	0.9565	95.65	0
map00020	rn00020	Citrate cycle (TCA cycle)	iML1515	Escherichia coli str. K-12 substr. MG1655	iWFL_1372	Escherichia coli W	22	23	22	23	0	1	0.9565	95.65	0
map00020	rn00020	Citrate cycle (TCA cycle)	iML1515	Escherichia coli str. K-12 substr. MG1655	iY75_1357	Escherichia coli str. K-12 substr. W3110	22	23	22	23	0	1	0.9565	95.65	0
map00020	rn00020	Citrate cycle (TCA cycle)	iML1515	Escherichia coli str. K-12 substr. MG1655	iZ_1308	Escherichia coli O157:H7 str. EDL933	22	23	22	23	0	1	0.9565	95.65	0
map00020	rn00020	Citrate cycle (TCA cycle)	iML1515	Escherichia coli str. K-12 substr. MG1655	ic_1306	Escherichia coli CFT073	22	23	22	23	0	1	0.9565	95.65	0
map00020	rn00020	Citrate cycle (TCA cycle)	iNRG857_1313	Escherichia coli O83:H1 str. NRG 857C	iUMN146_1321	Escherichia coli UM146	23	23	23	23	0	0	1.0	100.0	1
map00020	rn00020	Citrate cycle (TCA cycle)	iNRG857_1313	Escherichia coli O83:H1 str. NRG 857C	iUMNK88_1353	Escherichia coli UMNK88	23	23	23	23	0	0	1.0	100.0	1
map00020	rn00020	Citrate cycle (TCA cycle)	iNRG857_1313	Escherichia coli O83:H1 str. NRG 857C	iUTI89_1310	Escherichia coli UTI89	23	23	23	23	0	0	1.0	100.0	1
map00020	rn00020	Citrate cycle (TCA cycle)	iNRG857_1313	Escherichia coli O83:H1 str. NRG 857C	iWFL_1372	Escherichia coli W	23	23	23	23	0	0	1.0	100.0	1
map00020	rn00020	Citrate cycle (TCA cycle)	iNRG857_1313	Escherichia coli O83:H1 str. NRG 857C	iY75_1357	Escherichia coli str. K-12 substr. W3110	23	23	23	23	0	0	1.0	100.0	1
map00020	rn00020	Citrate cycle (TCA cycle)	iNRG857_1313	Escherichia coli O83:H1 str. NRG 857C	iZ_1308	Escherichia coli O157:H7 str. EDL933	23	23	23	23	0	0	1.0	100.0	1
map00020	rn00020	Citrate cycle (TCA cycle)	iNRG857_1313	Escherichia coli O83:H1 str. NRG 857C	ic_1306	Escherichia coli CFT073	23	23	23	23	0	0	1.0	100.0	1
map00020	rn00020	Citrate cycle (TCA cycle)	iUMN146_1321	Escherichia coli UM146	iUMNK88_1353	Escherichia coli UMNK88	23	23	23	23	0	0	1.0	100.0	1
map00020	rn00020	Citrate cycle (TCA cycle)	iUMN146_1321	Escherichia coli UM146	iUTI89_1310	Escherichia coli UTI89	23	23	23	23	0	0	1.0	100.0	1
map00020	rn00020	Citrate cycle (TCA cycle)	iUMN146_1321	Escherichia coli UM146	iWFL_1372	Escherichia coli W	23	23	23	23	0	0	1.0	100.0	1
map00020	rn00020	Citrate cycle (TCA cycle)	iUMN146_1321	Escherichia coli UM146	iY75_1357	Escherichia coli str. K-12 substr. W3110	23	23	23	23	0	0	1.0	100.0	1
map00020	rn00020	Citrate cycle (TCA cycle)	iUMN146_1321	Escherichia coli UM146	iZ_1308	Escherichia coli O157:H7 str. EDL933	23	23	23	23	0	0	1.0	100.0	1
map00020	rn00020	Citrate cycle (TCA cycle)	iUMN146_1321	Escherichia coli UM146	ic_1306	Escherichia coli CFT073	23	23	23	23	0	0	1.0	100.0	1
map00020	rn00020	Citrate cycle (TCA cycle)	iUMNK88_1353	Escherichia coli UMNK88	iUTI89_1310	Escherichia coli UTI89	23	23	23	23	0	0	1.0	100.0	1
map00020	rn00020	Citrate cycle (TCA cycle)	iUMNK88_1353	Escherichia coli UMNK88	iWFL_1372	Escherichia coli W	23	23	23	23	0	0	1.0	100.0	1
map00020	rn00020	Citrate cycle (TCA cycle)	iUMNK88_1353	Escherichia coli UMNK88	iY75_1357	Escherichia coli str. K-12 substr. W3110	23	23	23	23	0	0	1.0	100.0	1
map00020	rn00020	Citrate cycle (TCA cycle)	iUMNK88_1353	Escherichia coli UMNK88	iZ_1308	Escherichia coli O157:H7 str. EDL933	23	23	23	23	0	0	1.0	100.0	1
map00020	rn00020	Citrate cycle (TCA cycle)	iUMNK88_1353	Escherichia coli UMNK88	ic_1306	Escherichia coli CFT073	23	23	23	23	0	0	1.0	100.0	1
map00020	rn00020	Citrate cycle (TCA cycle)	iUTI89_1310	Escherichia coli UTI89	iWFL_1372	Escherichia coli W	23	23	23	23	0	0	1.0	100.0	1
map00020	rn00020	Citrate cycle (TCA cycle)	iUTI89_1310	Escherichia coli UTI89	iY75_1357	Escherichia coli str. K-12 substr. W3110	23	23	23	23	0	0	1.0	100.0	1
map00020	rn00020	Citrate cycle (TCA cycle)	iUTI89_1310	Escherichia coli UTI89	iZ_1308	Escherichia coli O157:H7 str. EDL933	23	23	23	23	0	0	1.0	100.0	1
map00020	rn00020	Citrate cycle (TCA cycle)	iUTI89_1310	Escherichia coli UTI89	ic_1306	Escherichia coli CFT073	23	23	23	23	0	0	1.0	100.0	1
map00020	rn00020	Citrate cycle (TCA cycle)	iWFL_1372	Escherichia coli W	iY75_1357	Escherichia coli str. K-12 substr. W3110	23	23	23	23	0	0	1.0	100.0	1
map00020	rn00020	Citrate cycle (TCA cycle)	iWFL_1372	Escherichia coli W	iZ_1308	Escherichia coli O157:H7 str. EDL933	23	23	23	23	0	0	1.0	100.0	1
map00020	rn00020	Citrate cycle (TCA cycle)	iWFL_1372	Escherichia coli W	ic_1306	Escherichia coli CFT073	23	23	23	23	0	0	1.0	100.0	1
map00020	rn00020	Citrate cycle (TCA cycle)	iY75_1357	Escherichia coli str. K-12 substr. W3110	iZ_1308	Escherichia coli O157:H7 str. EDL933	23	23	23	23	0	0	1.0	100.0	1
map00020	rn00020	Citrate cycle (TCA cycle)	iY75_1357	Escherichia coli str. K-12 substr. W3110	ic_1306	Escherichia coli CFT073	23	23	23	23	0	0	1.0	100.0	1
map00020	rn00020	Citrate cycle (TCA cycle)	iZ_1308	Escherichia coli O157:H7 str. EDL933	ic_1306	Escherichia coli CFT073	23	23	23	23	0	0	1.0	100.0	1
map00030	rn00030	Pentose phosphate pathway	iAF1260	Escherichia coli str. K-12 substr. MG1655	iAF1260b	Escherichia coli str. K-12 substr. MG1655	34	34	34	34	0	0	1.0	100.0	1
map00030	rn00030	Pentose phosphate pathway	iAF1260	Escherichia coli str. K-12 substr. MG1655	iAPECO1_1312	Escherichia coli APEC O1	34	34	34	34	0	0	1.0	100.0	1
map00030	rn00030	Pentose phosphate pathway	iAF1260	Escherichia coli str. K-12 substr. MG1655	iB21_1397	Escherichia coli BL21(DE3)	34	33	33	34	1	0	0.9706	97.06	0
map00030	rn00030	Pentose phosphate pathway	iAF1260	Escherichia coli str. K-12 substr. MG1655	iBWG_1329	Escherichia coli BW2952	34	34	34	34	0	0	1.0	100.0	1
map00030	rn00030	Pentose phosphate pathway	iAF1260	Escherichia coli str. K-12 substr. MG1655	iE2348C_1286	Escherichia coli O127:H6 str. E2348/69	34	33	33	34	1	0	0.9706	97.06	0
map00030	rn00030	Pentose phosphate pathway	iAF1260	Escherichia coli str. K-12 substr. MG1655	iEC042_1314	Escherichia coli 042	34	34	34	34	0	0	1.0	100.0	1
map00030	rn00030	Pentose phosphate pathway	iAF1260	Escherichia coli str. K-12 substr. MG1655	iEC1344_C	Escherichia coli C	34	34	34	34	0	0	1.0	100.0	1
map00030	rn00030	Pentose phosphate pathway	iAF1260	Escherichia coli str. K-12 substr. MG1655	iEC1349_Crooks	Escherichia coli ATCC 8739	34	34	34	34	0	0	1.0	100.0	1
map00030	rn00030	Pentose phosphate pathway	iAF1260	Escherichia coli str. K-12 substr. MG1655	iEC1356_Bl21DE3	Escherichia coli BL21(DE3)	34	33	33	34	1	0	0.9706	97.06	0
map00030	rn00030	Pentose phosphate pathway	iAF1260	Escherichia coli str. K-12 substr. MG1655	iEC1364_W	Escherichia coli W	34	34	32	36	2	2	0.8889	88.89	0
map00030	rn00030	Pentose phosphate pathway	iAF1260	Escherichia coli str. K-12 substr. MG1655	iEC1368_DH5a	Escherichia coli DH5[alpha]	34	34	34	34	0	0	1.0	100.0	1
map00030	rn00030	Pentose phosphate pathway	iAF1260	Escherichia coli str. K-12 substr. MG1655	iEC1372_W3110	Escherichia coli str. K-12 substr. W3110	34	34	34	34	0	0	1.0	100.0	1
map00030	rn00030	Pentose phosphate pathway	iAF1260	Escherichia coli str. K-12 substr. MG1655	iEC55989_1330	Escherichia coli 55989	34	34	34	34	0	0	1.0	100.0	1
map00030	rn00030	Pentose phosphate pathway	iAF1260	Escherichia coli str. K-12 substr. MG1655	iECABU_c1320	Escherichia coli ABU 83972	34	34	34	34	0	0	1.0	100.0	1
map00030	rn00030	Pentose phosphate pathway	iAF1260	Escherichia coli str. K-12 substr. MG1655	iECBD_1354	Escherichia coli 'BL21-Gold(DE3)pLysS AG'	34	33	33	34	1	0	0.9706	97.06	0
map00030	rn00030	Pentose phosphate pathway	iAF1260	Escherichia coli str. K-12 substr. MG1655	iECB_1328	Escherichia coli B str. REL606	34	34	34	34	0	0	1.0	100.0	1
map00030	rn00030	Pentose phosphate pathway	iAF1260	Escherichia coli str. K-12 substr. MG1655	iECDH10B_1368	Escherichia coli str. K-12 substr. DH10B	34	34	34	34	0	0	1.0	100.0	1
map00030	rn00030	Pentose phosphate pathway	iAF1260	Escherichia coli str. K-12 substr. MG1655	iECDH1ME8569_1439	Escherichia coli DH1	34	34	34	34	0	0	1.0	100.0	1
map00030	rn00030	Pentose phosphate pathway	iAF1260	Escherichia coli str. K-12 substr. MG1655	iECD_1391	Escherichia coli BL21(DE3)	34	33	33	34	1	0	0.9706	97.06	0
map00030	rn00030	Pentose phosphate pathway	iAF1260	Escherichia coli str. K-12 substr. MG1655	iECED1_1282	Escherichia coli ED1a	34	34	34	34	0	0	1.0	100.0	1
map00030	rn00030	Pentose phosphate pathway	iAF1260	Escherichia coli str. K-12 substr. MG1655	iECH74115_1262	Escherichia coli O157:H7 str. EC4115	34	33	33	34	1	0	0.9706	97.06	0
map00030	rn00030	Pentose phosphate pathway	iAF1260	Escherichia coli str. K-12 substr. MG1655	iECIAI1_1343	Escherichia coli IAI1	34	34	34	34	0	0	1.0	100.0	1
map00030	rn00030	Pentose phosphate pathway	iAF1260	Escherichia coli str. K-12 substr. MG1655	iECIAI39_1322	Escherichia coli IAI39	34	34	34	34	0	0	1.0	100.0	1
map00030	rn00030	Pentose phosphate pathway	iAF1260	Escherichia coli str. K-12 substr. MG1655	iECNA114_1301	Escherichia coli NA114	34	34	34	34	0	0	1.0	100.0	1
map00030	rn00030	Pentose phosphate pathway	iAF1260	Escherichia coli str. K-12 substr. MG1655	iECO103_1326	Escherichia coli O103:H2 str. 12009	34	34	34	34	0	0	1.0	100.0	1
map00030	rn00030	Pentose phosphate pathway	iAF1260	Escherichia coli str. K-12 substr. MG1655	iECO111_1330	Escherichia coli O111:H- str. 11128	34	34	34	34	0	0	1.0	100.0	1
map00030	rn00030	Pentose phosphate pathway	iAF1260	Escherichia coli str. K-12 substr. MG1655	iECO26_1355	Escherichia coli O26:H11 str. 11368	34	34	34	34	0	0	1.0	100.0	1
map00030	rn00030	Pentose phosphate pathway	iAF1260	Escherichia coli str. K-12 substr. MG1655	iECOK1_1307	Escherichia coli IHE3034	34	34	34	34	0	0	1.0	100.0	1
map00030	rn00030	Pentose phosphate pathway	iAF1260	Escherichia coli str. K-12 substr. MG1655	iECP_1309	Escherichia coli 536	34	34	34	34	0	0	1.0	100.0	1
map00030	rn00030	Pentose phosphate pathway	iAF1260	Escherichia coli str. K-12 substr. MG1655	iECS88_1305	Escherichia coli S88	34	34	34	34	0	0	1.0	100.0	1
map00030	rn00030	Pentose phosphate pathway	iAF1260	Escherichia coli str. K-12 substr. MG1655	iECSE_1348	Escherichia coli SE11	34	34	34	34	0	0	1.0	100.0	1
map00030	rn00030	Pentose phosphate pathway	iAF1260	Escherichia coli str. K-12 substr. MG1655	iECSF_1327	Escherichia coli SE15	34	34	34	34	0	0	1.0	100.0	1
map00030	rn00030	Pentose phosphate pathway	iAF1260	Escherichia coli str. K-12 substr. MG1655	iECSP_1301	Escherichia coli O157:H7 str. TW14359	34	33	33	34	1	0	0.9706	97.06	0
map00030	rn00030	Pentose phosphate pathway	iAF1260	Escherichia coli str. K-12 substr. MG1655	iECUMN_1333	Escherichia coli UMN026	34	34	34	34	0	0	1.0	100.0	1
map00030	rn00030	Pentose phosphate pathway	iAF1260	Escherichia coli str. K-12 substr. MG1655	iECW_1372	Escherichia coli W	34	34	34	34	0	0	1.0	100.0	1
map00030	rn00030	Pentose phosphate pathway	iAF1260	Escherichia coli str. K-12 substr. MG1655	iECs_1301	Escherichia coli O157:H7 str. Sakai	34	33	33	34	1	0	0.9706	97.06	0
map00030	rn00030	Pentose phosphate pathway	iAF1260	Escherichia coli str. K-12 substr. MG1655	iEKO11_1354	Escherichia coli KO11FL	34	32	32	34	2	0	0.9412	94.12	0
map00030	rn00030	Pentose phosphate pathway	iAF1260	Escherichia coli str. K-12 substr. MG1655	iETEC_1333	Escherichia coli ETEC H10407	34	34	34	34	0	0	1.0	100.0	1
map00030	rn00030	Pentose phosphate pathway	iAF1260	Escherichia coli str. K-12 substr. MG1655	iEcDH1_1363	Escherichia coli DH1	34	34	34	34	0	0	1.0	100.0	1
map00030	rn00030	Pentose phosphate pathway	iAF1260	Escherichia coli str. K-12 substr. MG1655	iEcE24377_1341	Escherichia coli O139:H28 str. E24377A	34	34	34	34	0	0	1.0	100.0	1
map00030	rn00030	Pentose phosphate pathway	iAF1260	Escherichia coli str. K-12 substr. MG1655	iEcHS_1320	Escherichia coli HS	34	34	34	34	0	0	1.0	100.0	1
map00030	rn00030	Pentose phosphate pathway	iAF1260	Escherichia coli str. K-12 substr. MG1655	iEcSMS35_1347	Escherichia coli SMS-3-5	34	34	34	34	0	0	1.0	100.0	1
map00030	rn00030	Pentose phosphate pathway	iAF1260	Escherichia coli str. K-12 substr. MG1655	iEcolC_1368	Escherichia coli ATCC 8739	34	34	34	34	0	0	1.0	100.0	1
map00030	rn00030	Pentose phosphate pathway	iAF1260	Escherichia coli str. K-12 substr. MG1655	iG2583_1286	Escherichia coli O55:H7 str. CB9615	34	33	33	34	1	0	0.9706	97.06	0
map00030	rn00030	Pentose phosphate pathway	iAF1260	Escherichia coli str. K-12 substr. MG1655	iJO1366	Escherichia coli str. K-12 substr. MG1655	34	34	34	34	0	0	1.0	100.0	1
map00030	rn00030	Pentose phosphate pathway	iAF1260	Escherichia coli str. K-12 substr. MG1655	iJR904	Escherichia coli str. K-12 substr. MG1655	34	32	32	34	2	0	0.9412	94.12	0
map00030	rn00030	Pentose phosphate pathway	iAF1260	Escherichia coli str. K-12 substr. MG1655	iLF82_1304	Escherichia coli LF82	34	34	34	34	0	0	1.0	100.0	1
map00030	rn00030	Pentose phosphate pathway	iAF1260	Escherichia coli str. K-12 substr. MG1655	iML1515	Escherichia coli str. K-12 substr. MG1655	34	34	34	34	0	0	1.0	100.0	1
map00030	rn00030	Pentose phosphate pathway	iAF1260	Escherichia coli str. K-12 substr. MG1655	iNRG857_1313	Escherichia coli O83:H1 str. NRG 857C	34	34	34	34	0	0	1.0	100.0	1
map00030	rn00030	Pentose phosphate pathway	iAF1260	Escherichia coli str. K-12 substr. MG1655	iUMN146_1321	Escherichia coli UM146	34	34	34	34	0	0	1.0	100.0	1
map00030	rn00030	Pentose phosphate pathway	iAF1260	Escherichia coli str. K-12 substr. MG1655	iUMNK88_1353	Escherichia coli UMNK88	34	34	34	34	0	0	1.0	100.0	1
map00030	rn00030	Pentose phosphate pathway	iAF1260	Escherichia coli str. K-12 substr. MG1655	iUTI89_1310	Escherichia coli UTI89	34	34	34	34	0	0	1.0	100.0	1
map00030	rn00030	Pentose phosphate pathway	iAF1260	Escherichia coli str. K-12 substr. MG1655	iWFL_1372	Escherichia coli W	34	34	34	34	0	0	1.0	100.0	1
map00030	rn00030	Pentose phosphate pathway	iAF1260	Escherichia coli str. K-12 substr. MG1655	iY75_1357	Escherichia coli str. K-12 substr. W3110	34	34	34	34	0	0	1.0	100.0	1
map00030	rn00030	Pentose phosphate pathway	iAF1260	Escherichia coli str. K-12 substr. MG1655	iZ_1308	Escherichia coli O157:H7 str. EDL933	34	33	33	34	1	0	0.9706	97.06	0
map00030	rn00030	Pentose phosphate pathway	iAF1260	Escherichia coli str. K-12 substr. MG1655	ic_1306	Escherichia coli CFT073	34	34	34	34	0	0	1.0	100.0	1
map00030	rn00030	Pentose phosphate pathway	iAF1260b	Escherichia coli str. K-12 substr. MG1655	iAPECO1_1312	Escherichia coli APEC O1	34	34	34	34	0	0	1.0	100.0	1
map00030	rn00030	Pentose phosphate pathway	iAF1260b	Escherichia coli str. K-12 substr. MG1655	iB21_1397	Escherichia coli BL21(DE3)	34	33	33	34	1	0	0.9706	97.06	0
map00030	rn00030	Pentose phosphate pathway	iAF1260b	Escherichia coli str. K-12 substr. MG1655	iBWG_1329	Escherichia coli BW2952	34	34	34	34	0	0	1.0	100.0	1
map00030	rn00030	Pentose phosphate pathway	iAF1260b	Escherichia coli str. K-12 substr. MG1655	iE2348C_1286	Escherichia coli O127:H6 str. E2348/69	34	33	33	34	1	0	0.9706	97.06	0
map00030	rn00030	Pentose phosphate pathway	iAF1260b	Escherichia coli str. K-12 substr. MG1655	iEC042_1314	Escherichia coli 042	34	34	34	34	0	0	1.0	100.0	1
map00030	rn00030	Pentose phosphate pathway	iAF1260b	Escherichia coli str. K-12 substr. MG1655	iEC1344_C	Escherichia coli C	34	34	34	34	0	0	1.0	100.0	1
map00030	rn00030	Pentose phosphate pathway	iAF1260b	Escherichia coli str. K-12 substr. MG1655	iEC1349_Crooks	Escherichia coli ATCC 8739	34	34	34	34	0	0	1.0	100.0	1
map00030	rn00030	Pentose phosphate pathway	iAF1260b	Escherichia coli str. K-12 substr. MG1655	iEC1356_Bl21DE3	Escherichia coli BL21(DE3)	34	33	33	34	1	0	0.9706	97.06	0
map00030	rn00030	Pentose phosphate pathway	iAF1260b	Escherichia coli str. K-12 substr. MG1655	iEC1364_W	Escherichia coli W	34	34	32	36	2	2	0.8889	88.89	0
map00030	rn00030	Pentose phosphate pathway	iAF1260b	Escherichia coli str. K-12 substr. MG1655	iEC1368_DH5a	Escherichia coli DH5[alpha]	34	34	34	34	0	0	1.0	100.0	1
map00030	rn00030	Pentose phosphate pathway	iAF1260b	Escherichia coli str. K-12 substr. MG1655	iEC1372_W3110	Escherichia coli str. K-12 substr. W3110	34	34	34	34	0	0	1.0	100.0	1
map00030	rn00030	Pentose phosphate pathway	iAF1260b	Escherichia coli str. K-12 substr. MG1655	iEC55989_1330	Escherichia coli 55989	34	34	34	34	0	0	1.0	100.0	1
map00030	rn00030	Pentose phosphate pathway	iAF1260b	Escherichia coli str. K-12 substr. MG1655	iECABU_c1320	Escherichia coli ABU 83972	34	34	34	34	0	0	1.0	100.0	1
map00030	rn00030	Pentose phosphate pathway	iAF1260b	Escherichia coli str. K-12 substr. MG1655	iECBD_1354	Escherichia coli 'BL21-Gold(DE3)pLysS AG'	34	33	33	34	1	0	0.9706	97.06	0
map00030	rn00030	Pentose phosphate pathway	iAF1260b	Escherichia coli str. K-12 substr. MG1655	iECB_1328	Escherichia coli B str. REL606	34	34	34	34	0	0	1.0	100.0	1
map00030	rn00030	Pentose phosphate pathway	iAF1260b	Escherichia coli str. K-12 substr. MG1655	iECDH10B_1368	Escherichia coli str. K-12 substr. DH10B	34	34	34	34	0	0	1.0	100.0	1
map00030	rn00030	Pentose phosphate pathway	iAF1260b	Escherichia coli str. K-12 substr. MG1655	iECDH1ME8569_1439	Escherichia coli DH1	34	34	34	34	0	0	1.0	100.0	1
map00030	rn00030	Pentose phosphate pathway	iAF1260b	Escherichia coli str. K-12 substr. MG1655	iECD_1391	Escherichia coli BL21(DE3)	34	33	33	34	1	0	0.9706	97.06	0
map00030	rn00030	Pentose phosphate pathway	iAF1260b	Escherichia coli str. K-12 substr. MG1655	iECED1_1282	Escherichia coli ED1a	34	34	34	34	0	0	1.0	100.0	1
map00030	rn00030	Pentose phosphate pathway	iAF1260b	Escherichia coli str. K-12 substr. MG1655	iECH74115_1262	Escherichia coli O157:H7 str. EC4115	34	33	33	34	1	0	0.9706	97.06	0
map00030	rn00030	Pentose phosphate pathway	iAF1260b	Escherichia coli str. K-12 substr. MG1655	iECIAI1_1343	Escherichia coli IAI1	34	34	34	34	0	0	1.0	100.0	1
map00030	rn00030	Pentose phosphate pathway	iAF1260b	Escherichia coli str. K-12 substr. MG1655	iECIAI39_1322	Escherichia coli IAI39	34	34	34	34	0	0	1.0	100.0	1
map00030	rn00030	Pentose phosphate pathway	iAF1260b	Escherichia coli str. K-12 substr. MG1655	iECNA114_1301	Escherichia coli NA114	34	34	34	34	0	0	1.0	100.0	1
map00030	rn00030	Pentose phosphate pathway	iAF1260b	Escherichia coli str. K-12 substr. MG1655	iECO103_1326	Escherichia coli O103:H2 str. 12009	34	34	34	34	0	0	1.0	100.0	1
map00030	rn00030	Pentose phosphate pathway	iAF1260b	Escherichia coli str. K-12 substr. MG1655	iECO111_1330	Escherichia coli O111:H- str. 11128	34	34	34	34	0	0	1.0	100.0	1
map00030	rn00030	Pentose phosphate pathway	iAF1260b	Escherichia coli str. K-12 substr. MG1655	iECO26_1355	Escherichia coli O26:H11 str. 11368	34	34	34	34	0	0	1.0	100.0	1
map00030	rn00030	Pentose phosphate pathway	iAF1260b	Escherichia coli str. K-12 substr. MG1655	iECOK1_1307	Escherichia coli IHE3034	34	34	34	34	0	0	1.0	100.0	1
map00030	rn00030	Pentose phosphate pathway	iAF1260b	Escherichia coli str. K-12 substr. MG1655	iECP_1309	Escherichia coli 536	34	34	34	34	0	0	1.0	100.0	1
map00030	rn00030	Pentose phosphate pathway	iAF1260b	Escherichia coli str. K-12 substr. MG1655	iECS88_1305	Escherichia coli S88	34	34	34	34	0	0	1.0	100.0	1
map00030	rn00030	Pentose phosphate pathway	iAF1260b	Escherichia coli str. K-12 substr. MG1655	iECSE_1348	Escherichia coli SE11	34	34	34	34	0	0	1.0	100.0	1
map00030	rn00030	Pentose phosphate pathway	iAF1260b	Escherichia coli str. K-12 substr. MG1655	iECSF_1327	Escherichia coli SE15	34	34	34	34	0	0	1.0	100.0	1
map00030	rn00030	Pentose phosphate pathway	iAF1260b	Escherichia coli str. K-12 substr. MG1655	iECSP_1301	Escherichia coli O157:H7 str. TW14359	34	33	33	34	1	0	0.9706	97.06	0
map00030	rn00030	Pentose phosphate pathway	iAF1260b	Escherichia coli str. K-12 substr. MG1655	iECUMN_1333	Escherichia coli UMN026	34	34	34	34	0	0	1.0	100.0	1
map00030	rn00030	Pentose phosphate pathway	iAF1260b	Escherichia coli str. K-12 substr. MG1655	iECW_1372	Escherichia coli W	34	34	34	34	0	0	1.0	100.0	1
map00030	rn00030	Pentose phosphate pathway	iAF1260b	Escherichia coli str. K-12 substr. MG1655	iECs_1301	Escherichia coli O157:H7 str. Sakai	34	33	33	34	1	0	0.9706	97.06	0
map00030	rn00030	Pentose phosphate pathway	iAF1260b	Escherichia coli str. K-12 substr. MG1655	iEKO11_1354	Escherichia coli KO11FL	34	32	32	34	2	0	0.9412	94.12	0
map00030	rn00030	Pentose phosphate pathway	iAF1260b	Escherichia coli str. K-12 substr. MG1655	iETEC_1333	Escherichia coli ETEC H10407	34	34	34	34	0	0	1.0	100.0	1
map00030	rn00030	Pentose phosphate pathway	iAF1260b	Escherichia coli str. K-12 substr. MG1655	iEcDH1_1363	Escherichia coli DH1	34	34	34	34	0	0	1.0	100.0	1
map00030	rn00030	Pentose phosphate pathway	iAF1260b	Escherichia coli str. K-12 substr. MG1655	iEcE24377_1341	Escherichia coli O139:H28 str. E24377A	34	34	34	34	0	0	1.0	100.0	1
map00030	rn00030	Pentose phosphate pathway	iAF1260b	Escherichia coli str. K-12 substr. MG1655	iEcHS_1320	Escherichia coli HS	34	34	34	34	0	0	1.0	100.0	1
map00030	rn00030	Pentose phosphate pathway	iAF1260b	Escherichia coli str. K-12 substr. MG1655	iEcSMS35_1347	Escherichia coli SMS-3-5	34	34	34	34	0	0	1.0	100.0	1
map00030	rn00030	Pentose phosphate pathway	iAF1260b	Escherichia coli str. K-12 substr. MG1655	iEcolC_1368	Escherichia coli ATCC 8739	34	34	34	34	0	0	1.0	100.0	1
map00030	rn00030	Pentose phosphate pathway	iAF1260b	Escherichia coli str. K-12 substr. MG1655	iG2583_1286	Escherichia coli O55:H7 str. CB9615	34	33	33	34	1	0	0.9706	97.06	0
map00030	rn00030	Pentose phosphate pathway	iAF1260b	Escherichia coli str. K-12 substr. MG1655	iJO1366	Escherichia coli str. K-12 substr. MG1655	34	34	34	34	0	0	1.0	100.0	1
map00030	rn00030	Pentose phosphate pathway	iAF1260b	Escherichia coli str. K-12 substr. MG1655	iJR904	Escherichia coli str. K-12 substr. MG1655	34	32	32	34	2	0	0.9412	94.12	0
map00030	rn00030	Pentose phosphate pathway	iAF1260b	Escherichia coli str. K-12 substr. MG1655	iLF82_1304	Escherichia coli LF82	34	34	34	34	0	0	1.0	100.0	1
map00030	rn00030	Pentose phosphate pathway	iAF1260b	Escherichia coli str. K-12 substr. MG1655	iML1515	Escherichia coli str. K-12 substr. MG1655	34	34	34	34	0	0	1.0	100.0	1
map00030	rn00030	Pentose phosphate pathway	iAF1260b	Escherichia coli str. K-12 substr. MG1655	iNRG857_1313	Escherichia coli O83:H1 str. NRG 857C	34	34	34	34	0	0	1.0	100.0	1
map00030	rn00030	Pentose phosphate pathway	iAF1260b	Escherichia coli str. K-12 substr. MG1655	iUMN146_1321	Escherichia coli UM146	34	34	34	34	0	0	1.0	100.0	1
map00030	rn00030	Pentose phosphate pathway	iAF1260b	Escherichia coli str. K-12 substr. MG1655	iUMNK88_1353	Escherichia coli UMNK88	34	34	34	34	0	0	1.0	100.0	1
map00030	rn00030	Pentose phosphate pathway	iAF1260b	Escherichia coli str. K-12 substr. MG1655	iUTI89_1310	Escherichia coli UTI89	34	34	34	34	0	0	1.0	100.0	1
map00030	rn00030	Pentose phosphate pathway	iAF1260b	Escherichia coli str. K-12 substr. MG1655	iWFL_1372	Escherichia coli W	34	34	34	34	0	0	1.0	100.0	1
map00030	rn00030	Pentose phosphate pathway	iAF1260b	Escherichia coli str. K-12 substr. MG1655	iY75_1357	Escherichia coli str. K-12 substr. W3110	34	34	34	34	0	0	1.0	100.0	1
map00030	rn00030	Pentose phosphate pathway	iAF1260b	Escherichia coli str. K-12 substr. MG1655	iZ_1308	Escherichia coli O157:H7 str. EDL933	34	33	33	34	1	0	0.9706	97.06	0
map00030	rn00030	Pentose phosphate pathway	iAF1260b	Escherichia coli str. K-12 substr. MG1655	ic_1306	Escherichia coli CFT073	34	34	34	34	0	0	1.0	100.0	1
map00030	rn00030	Pentose phosphate pathway	iAPECO1_1312	Escherichia coli APEC O1	iB21_1397	Escherichia coli BL21(DE3)	34	33	33	34	1	0	0.9706	97.06	0
map00030	rn00030	Pentose phosphate pathway	iAPECO1_1312	Escherichia coli APEC O1	iBWG_1329	Escherichia coli BW2952	34	34	34	34	0	0	1.0	100.0	1
map00030	rn00030	Pentose phosphate pathway	iAPECO1_1312	Escherichia coli APEC O1	iE2348C_1286	Escherichia coli O127:H6 str. E2348/69	34	33	33	34	1	0	0.9706	97.06	0
map00030	rn00030	Pentose phosphate pathway	iAPECO1_1312	Escherichia coli APEC O1	iEC042_1314	Escherichia coli 042	34	34	34	34	0	0	1.0	100.0	1
map00030	rn00030	Pentose phosphate pathway	iAPECO1_1312	Escherichia coli APEC O1	iEC1344_C	Escherichia coli C	34	34	34	34	0	0	1.0	100.0	1
map00030	rn00030	Pentose phosphate pathway	iAPECO1_1312	Escherichia coli APEC O1	iEC1349_Crooks	Escherichia coli ATCC 8739	34	34	34	34	0	0	1.0	100.0	1
map00030	rn00030	Pentose phosphate pathway	iAPECO1_1312	Escherichia coli APEC O1	iEC1356_Bl21DE3	Escherichia coli BL21(DE3)	34	33	33	34	1	0	0.9706	97.06	0
map00030	rn00030	Pentose phosphate pathway	iAPECO1_1312	Escherichia coli APEC O1	iEC1364_W	Escherichia coli W	34	34	32	36	2	2	0.8889	88.89	0
map00030	rn00030	Pentose phosphate pathway	iAPECO1_1312	Escherichia coli APEC O1	iEC1368_DH5a	Escherichia coli DH5[alpha]	34	34	34	34	0	0	1.0	100.0	1
map00030	rn00030	Pentose phosphate pathway	iAPECO1_1312	Escherichia coli APEC O1	iEC1372_W3110	Escherichia coli str. K-12 substr. W3110	34	34	34	34	0	0	1.0	100.0	1
map00030	rn00030	Pentose phosphate pathway	iAPECO1_1312	Escherichia coli APEC O1	iEC55989_1330	Escherichia coli 55989	34	34	34	34	0	0	1.0	100.0	1
map00030	rn00030	Pentose phosphate pathway	iAPECO1_1312	Escherichia coli APEC O1	iECABU_c1320	Escherichia coli ABU 83972	34	34	34	34	0	0	1.0	100.0	1
map00030	rn00030	Pentose phosphate pathway	iAPECO1_1312	Escherichia coli APEC O1	iECBD_1354	Escherichia coli 'BL21-Gold(DE3)pLysS AG'	34	33	33	34	1	0	0.9706	97.06	0
map00030	rn00030	Pentose phosphate pathway	iAPECO1_1312	Escherichia coli APEC O1	iECB_1328	Escherichia coli B str. REL606	34	34	34	34	0	0	1.0	100.0	1
map00030	rn00030	Pentose phosphate pathway	iAPECO1_1312	Escherichia coli APEC O1	iECDH10B_1368	Escherichia coli str. K-12 substr. DH10B	34	34	34	34	0	0	1.0	100.0	1
map00030	rn00030	Pentose phosphate pathway	iAPECO1_1312	Escherichia coli APEC O1	iECDH1ME8569_1439	Escherichia coli DH1	34	34	34	34	0	0	1.0	100.0	1
map00030	rn00030	Pentose phosphate pathway	iAPECO1_1312	Escherichia coli APEC O1	iECD_1391	Escherichia coli BL21(DE3)	34	33	33	34	1	0	0.9706	97.06	0
map00030	rn00030	Pentose phosphate pathway	iAPECO1_1312	Escherichia coli APEC O1	iECED1_1282	Escherichia coli ED1a	34	34	34	34	0	0	1.0	100.0	1
map00030	rn00030	Pentose phosphate pathway	iAPECO1_1312	Escherichia coli APEC O1	iECH74115_1262	Escherichia coli O157:H7 str. EC4115	34	33	33	34	1	0	0.9706	97.06	0
map00030	rn00030	Pentose phosphate pathway	iAPECO1_1312	Escherichia coli APEC O1	iECIAI1_1343	Escherichia coli IAI1	34	34	34	34	0	0	1.0	100.0	1
map00030	rn00030	Pentose phosphate pathway	iAPECO1_1312	Escherichia coli APEC O1	iECIAI39_1322	Escherichia coli IAI39	34	34	34	34	0	0	1.0	100.0	1
map00030	rn00030	Pentose phosphate pathway	iAPECO1_1312	Escherichia coli APEC O1	iECNA114_1301	Escherichia coli NA114	34	34	34	34	0	0	1.0	100.0	1
map00030	rn00030	Pentose phosphate pathway	iAPECO1_1312	Escherichia coli APEC O1	iECO103_1326	Escherichia coli O103:H2 str. 12009	34	34	34	34	0	0	1.0	100.0	1
map00030	rn00030	Pentose phosphate pathway	iAPECO1_1312	Escherichia coli APEC O1	iECO111_1330	Escherichia coli O111:H- str. 11128	34	34	34	34	0	0	1.0	100.0	1
map00030	rn00030	Pentose phosphate pathway	iAPECO1_1312	Escherichia coli APEC O1	iECO26_1355	Escherichia coli O26:H11 str. 11368	34	34	34	34	0	0	1.0	100.0	1
map00030	rn00030	Pentose phosphate pathway	iAPECO1_1312	Escherichia coli APEC O1	iECOK1_1307	Escherichia coli IHE3034	34	34	34	34	0	0	1.0	100.0	1
map00030	rn00030	Pentose phosphate pathway	iAPECO1_1312	Escherichia coli APEC O1	iECP_1309	Escherichia coli 536	34	34	34	34	0	0	1.0	100.0	1
map00030	rn00030	Pentose phosphate pathway	iAPECO1_1312	Escherichia coli APEC O1	iECS88_1305	Escherichia coli S88	34	34	34	34	0	0	1.0	100.0	1
map00030	rn00030	Pentose phosphate pathway	iAPECO1_1312	Escherichia coli APEC O1	iECSE_1348	Escherichia coli SE11	34	34	34	34	0	0	1.0	100.0	1
map00030	rn00030	Pentose phosphate pathway	iAPECO1_1312	Escherichia coli APEC O1	iECSF_1327	Escherichia coli SE15	34	34	34	34	0	0	1.0	100.0	1
map00030	rn00030	Pentose phosphate pathway	iAPECO1_1312	Escherichia coli APEC O1	iECSP_1301	Escherichia coli O157:H7 str. TW14359	34	33	33	34	1	0	0.9706	97.06	0
map00030	rn00030	Pentose phosphate pathway	iAPECO1_1312	Escherichia coli APEC O1	iECUMN_1333	Escherichia coli UMN026	34	34	34	34	0	0	1.0	100.0	1
map00030	rn00030	Pentose phosphate pathway	iAPECO1_1312	Escherichia coli APEC O1	iECW_1372	Escherichia coli W	34	34	34	34	0	0	1.0	100.0	1
map00030	rn00030	Pentose phosphate pathway	iAPECO1_1312	Escherichia coli APEC O1	iECs_1301	Escherichia coli O157:H7 str. Sakai	34	33	33	34	1	0	0.9706	97.06	0
map00030	rn00030	Pentose phosphate pathway	iAPECO1_1312	Escherichia coli APEC O1	iEKO11_1354	Escherichia coli KO11FL	34	32	32	34	2	0	0.9412	94.12	0
map00030	rn00030	Pentose phosphate pathway	iAPECO1_1312	Escherichia coli APEC O1	iETEC_1333	Escherichia coli ETEC H10407	34	34	34	34	0	0	1.0	100.0	1
map00030	rn00030	Pentose phosphate pathway	iAPECO1_1312	Escherichia coli APEC O1	iEcDH1_1363	Escherichia coli DH1	34	34	34	34	0	0	1.0	100.0	1
map00030	rn00030	Pentose phosphate pathway	iAPECO1_1312	Escherichia coli APEC O1	iEcE24377_1341	Escherichia coli O139:H28 str. E24377A	34	34	34	34	0	0	1.0	100.0	1
map00030	rn00030	Pentose phosphate pathway	iAPECO1_1312	Escherichia coli APEC O1	iEcHS_1320	Escherichia coli HS	34	34	34	34	0	0	1.0	100.0	1
map00030	rn00030	Pentose phosphate pathway	iAPECO1_1312	Escherichia coli APEC O1	iEcSMS35_1347	Escherichia coli SMS-3-5	34	34	34	34	0	0	1.0	100.0	1
map00030	rn00030	Pentose phosphate pathway	iAPECO1_1312	Escherichia coli APEC O1	iEcolC_1368	Escherichia coli ATCC 8739	34	34	34	34	0	0	1.0	100.0	1
map00030	rn00030	Pentose phosphate pathway	iAPECO1_1312	Escherichia coli APEC O1	iG2583_1286	Escherichia coli O55:H7 str. CB9615	34	33	33	34	1	0	0.9706	97.06	0
map00030	rn00030	Pentose phosphate pathway	iAPECO1_1312	Escherichia coli APEC O1	iJO1366	Escherichia coli str. K-12 substr. MG1655	34	34	34	34	0	0	1.0	100.0	1
map00030	rn00030	Pentose phosphate pathway	iAPECO1_1312	Escherichia coli APEC O1	iJR904	Escherichia coli str. K-12 substr. MG1655	34	32	32	34	2	0	0.9412	94.12	0
map00030	rn00030	Pentose phosphate pathway	iAPECO1_1312	Escherichia coli APEC O1	iLF82_1304	Escherichia coli LF82	34	34	34	34	0	0	1.0	100.0	1
map00030	rn00030	Pentose phosphate pathway	iAPECO1_1312	Escherichia coli APEC O1	iML1515	Escherichia coli str. K-12 substr. MG1655	34	34	34	34	0	0	1.0	100.0	1
map00030	rn00030	Pentose phosphate pathway	iAPECO1_1312	Escherichia coli APEC O1	iNRG857_1313	Escherichia coli O83:H1 str. NRG 857C	34	34	34	34	0	0	1.0	100.0	1
map00030	rn00030	Pentose phosphate pathway	iAPECO1_1312	Escherichia coli APEC O1	iUMN146_1321	Escherichia coli UM146	34	34	34	34	0	0	1.0	100.0	1
map00030	rn00030	Pentose phosphate pathway	iAPECO1_1312	Escherichia coli APEC O1	iUMNK88_1353	Escherichia coli UMNK88	34	34	34	34	0	0	1.0	100.0	1
map00030	rn00030	Pentose phosphate pathway	iAPECO1_1312	Escherichia coli APEC O1	iUTI89_1310	Escherichia coli UTI89	34	34	34	34	0	0	1.0	100.0	1
map00030	rn00030	Pentose phosphate pathway	iAPECO1_1312	Escherichia coli APEC O1	iWFL_1372	Escherichia coli W	34	34	34	34	0	0	1.0	100.0	1
map00030	rn00030	Pentose phosphate pathway	iAPECO1_1312	Escherichia coli APEC O1	iY75_1357	Escherichia coli str. K-12 substr. W3110	34	34	34	34	0	0	1.0	100.0	1
map00030	rn00030	Pentose phosphate pathway	iAPECO1_1312	Escherichia coli APEC O1	iZ_1308	Escherichia coli O157:H7 str. EDL933	34	33	33	34	1	0	0.9706	97.06	0
map00030	rn00030	Pentose phosphate pathway	iAPECO1_1312	Escherichia coli APEC O1	ic_1306	Escherichia coli CFT073	34	34	34	34	0	0	1.0	100.0	1
map00030	rn00030	Pentose phosphate pathway	iB21_1397	Escherichia coli BL21(DE3)	iBWG_1329	Escherichia coli BW2952	33	34	33	34	0	1	0.9706	97.06	0
map00030	rn00030	Pentose phosphate pathway	iB21_1397	Escherichia coli BL21(DE3)	iE2348C_1286	Escherichia coli O127:H6 str. E2348/69	33	33	32	34	1	1	0.9412	94.12	0
map00030	rn00030	Pentose phosphate pathway	iB21_1397	Escherichia coli BL21(DE3)	iEC042_1314	Escherichia coli 042	33	34	33	34	0	1	0.9706	97.06	0
map00030	rn00030	Pentose phosphate pathway	iB21_1397	Escherichia coli BL21(DE3)	iEC1344_C	Escherichia coli C	33	34	33	34	0	1	0.9706	97.06	0
map00030	rn00030	Pentose phosphate pathway	iB21_1397	Escherichia coli BL21(DE3)	iEC1349_Crooks	Escherichia coli ATCC 8739	33	34	33	34	0	1	0.9706	97.06	0
map00030	rn00030	Pentose phosphate pathway	iB21_1397	Escherichia coli BL21(DE3)	iEC1356_Bl21DE3	Escherichia coli BL21(DE3)	33	33	33	33	0	0	1.0	100.0	1
map00030	rn00030	Pentose phosphate pathway	iB21_1397	Escherichia coli BL21(DE3)	iEC1364_W	Escherichia coli W	33	34	31	36	2	3	0.8611	86.11	0
map00030	rn00030	Pentose phosphate pathway	iB21_1397	Escherichia coli BL21(DE3)	iEC1368_DH5a	Escherichia coli DH5[alpha]	33	34	33	34	0	1	0.9706	97.06	0
map00030	rn00030	Pentose phosphate pathway	iB21_1397	Escherichia coli BL21(DE3)	iEC1372_W3110	Escherichia coli str. K-12 substr. W3110	33	34	33	34	0	1	0.9706	97.06	0
map00030	rn00030	Pentose phosphate pathway	iB21_1397	Escherichia coli BL21(DE3)	iEC55989_1330	Escherichia coli 55989	33	34	33	34	0	1	0.9706	97.06	0
map00030	rn00030	Pentose phosphate pathway	iB21_1397	Escherichia coli BL21(DE3)	iECABU_c1320	Escherichia coli ABU 83972	33	34	33	34	0	1	0.9706	97.06	0
map00030	rn00030	Pentose phosphate pathway	iB21_1397	Escherichia coli BL21(DE3)	iECBD_1354	Escherichia coli 'BL21-Gold(DE3)pLysS AG'	33	33	33	33	0	0	1.0	100.0	1
map00030	rn00030	Pentose phosphate pathway	iB21_1397	Escherichia coli BL21(DE3)	iECB_1328	Escherichia coli B str. REL606	33	34	33	34	0	1	0.9706	97.06	0
map00030	rn00030	Pentose phosphate pathway	iB21_1397	Escherichia coli BL21(DE3)	iECDH10B_1368	Escherichia coli str. K-12 substr. DH10B	33	34	33	34	0	1	0.9706	97.06	0
map00030	rn00030	Pentose phosphate pathway	iB21_1397	Escherichia coli BL21(DE3)	iECDH1ME8569_1439	Escherichia coli DH1	33	34	33	34	0	1	0.9706	97.06	0
map00030	rn00030	Pentose phosphate pathway	iB21_1397	Escherichia coli BL21(DE3)	iECD_1391	Escherichia coli BL21(DE3)	33	33	33	33	0	0	1.0	100.0	1
map00030	rn00030	Pentose phosphate pathway	iB21_1397	Escherichia coli BL21(DE3)	iECED1_1282	Escherichia coli ED1a	33	34	33	34	0	1	0.9706	97.06	0
map00030	rn00030	Pentose phosphate pathway	iB21_1397	Escherichia coli BL21(DE3)	iECH74115_1262	Escherichia coli O157:H7 str. EC4115	33	33	32	34	1	1	0.9412	94.12	0
map00030	rn00030	Pentose phosphate pathway	iB21_1397	Escherichia coli BL21(DE3)	iECIAI1_1343	Escherichia coli IAI1	33	34	33	34	0	1	0.9706	97.06	0
map00030	rn00030	Pentose phosphate pathway	iB21_1397	Escherichia coli BL21(DE3)	iECIAI39_1322	Escherichia coli IAI39	33	34	33	34	0	1	0.9706	97.06	0
map00030	rn00030	Pentose phosphate pathway	iB21_1397	Escherichia coli BL21(DE3)	iECNA114_1301	Escherichia coli NA114	33	34	33	34	0	1	0.9706	97.06	0
map00030	rn00030	Pentose phosphate pathway	iB21_1397	Escherichia coli BL21(DE3)	iECO103_1326	Escherichia coli O103:H2 str. 12009	33	34	33	34	0	1	0.9706	97.06	0
map00030	rn00030	Pentose phosphate pathway	iB21_1397	Escherichia coli BL21(DE3)	iECO111_1330	Escherichia coli O111:H- str. 11128	33	34	33	34	0	1	0.9706	97.06	0
map00030	rn00030	Pentose phosphate pathway	iB21_1397	Escherichia coli BL21(DE3)	iECO26_1355	Escherichia coli O26:H11 str. 11368	33	34	33	34	0	1	0.9706	97.06	0
map00030	rn00030	Pentose phosphate pathway	iB21_1397	Escherichia coli BL21(DE3)	iECOK1_1307	Escherichia coli IHE3034	33	34	33	34	0	1	0.9706	97.06	0
map00030	rn00030	Pentose phosphate pathway	iB21_1397	Escherichia coli BL21(DE3)	iECP_1309	Escherichia coli 536	33	34	33	34	0	1	0.9706	97.06	0
map00030	rn00030	Pentose phosphate pathway	iB21_1397	Escherichia coli BL21(DE3)	iECS88_1305	Escherichia coli S88	33	34	33	34	0	1	0.9706	97.06	0
map00030	rn00030	Pentose phosphate pathway	iB21_1397	Escherichia coli BL21(DE3)	iECSE_1348	Escherichia coli SE11	33	34	33	34	0	1	0.9706	97.06	0
map00030	rn00030	Pentose phosphate pathway	iB21_1397	Escherichia coli BL21(DE3)	iECSF_1327	Escherichia coli SE15	33	34	33	34	0	1	0.9706	97.06	0
map00030	rn00030	Pentose phosphate pathway	iB21_1397	Escherichia coli BL21(DE3)	iECSP_1301	Escherichia coli O157:H7 str. TW14359	33	33	32	34	1	1	0.9412	94.12	0
map00030	rn00030	Pentose phosphate pathway	iB21_1397	Escherichia coli BL21(DE3)	iECUMN_1333	Escherichia coli UMN026	33	34	33	34	0	1	0.9706	97.06	0
map00030	rn00030	Pentose phosphate pathway	iB21_1397	Escherichia coli BL21(DE3)	iECW_1372	Escherichia coli W	33	34	33	34	0	1	0.9706	97.06	0
map00030	rn00030	Pentose phosphate pathway	iB21_1397	Escherichia coli BL21(DE3)	iECs_1301	Escherichia coli O157:H7 str. Sakai	33	33	32	34	1	1	0.9412	94.12	0
map00030	rn00030	Pentose phosphate pathway	iB21_1397	Escherichia coli BL21(DE3)	iEKO11_1354	Escherichia coli KO11FL	33	32	31	34	2	1	0.9118	91.18	0
map00030	rn00030	Pentose phosphate pathway	iB21_1397	Escherichia coli BL21(DE3)	iETEC_1333	Escherichia coli ETEC H10407	33	34	33	34	0	1	0.9706	97.06	0
map00030	rn00030	Pentose phosphate pathway	iB21_1397	Escherichia coli BL21(DE3)	iEcDH1_1363	Escherichia coli DH1	33	34	33	34	0	1	0.9706	97.06	0
map00030	rn00030	Pentose phosphate pathway	iB21_1397	Escherichia coli BL21(DE3)	iEcE24377_1341	Escherichia coli O139:H28 str. E24377A	33	34	33	34	0	1	0.9706	97.06	0
map00030	rn00030	Pentose phosphate pathway	iB21_1397	Escherichia coli BL21(DE3)	iEcHS_1320	Escherichia coli HS	33	34	33	34	0	1	0.9706	97.06	0
map00030	rn00030	Pentose phosphate pathway	iB21_1397	Escherichia coli BL21(DE3)	iEcSMS35_1347	Escherichia coli SMS-3-5	33	34	33	34	0	1	0.9706	97.06	0
map00030	rn00030	Pentose phosphate pathway	iB21_1397	Escherichia coli BL21(DE3)	iEcolC_1368	Escherichia coli ATCC 8739	33	34	33	34	0	1	0.9706	97.06	0
map00030	rn00030	Pentose phosphate pathway	iB21_1397	Escherichia coli BL21(DE3)	iG2583_1286	Escherichia coli O55:H7 str. CB9615	33	33	32	34	1	1	0.9412	94.12	0
map00030	rn00030	Pentose phosphate pathway	iB21_1397	Escherichia coli BL21(DE3)	iJO1366	Escherichia coli str. K-12 substr. MG1655	33	34	33	34	0	1	0.9706	97.06	0
map00030	rn00030	Pentose phosphate pathway	iB21_1397	Escherichia coli BL21(DE3)	iJR904	Escherichia coli str. K-12 substr. MG1655	33	32	31	34	2	1	0.9118	91.18	0
map00030	rn00030	Pentose phosphate pathway	iB21_1397	Escherichia coli BL21(DE3)	iLF82_1304	Escherichia coli LF82	33	34	33	34	0	1	0.9706	97.06	0
map00030	rn00030	Pentose phosphate pathway	iB21_1397	Escherichia coli BL21(DE3)	iML1515	Escherichia coli str. K-12 substr. MG1655	33	34	33	34	0	1	0.9706	97.06	0
map00030	rn00030	Pentose phosphate pathway	iB21_1397	Escherichia coli BL21(DE3)	iNRG857_1313	Escherichia coli O83:H1 str. NRG 857C	33	34	33	34	0	1	0.9706	97.06	0
map00030	rn00030	Pentose phosphate pathway	iB21_1397	Escherichia coli BL21(DE3)	iUMN146_1321	Escherichia coli UM146	33	34	33	34	0	1	0.9706	97.06	0
map00030	rn00030	Pentose phosphate pathway	iB21_1397	Escherichia coli BL21(DE3)	iUMNK88_1353	Escherichia coli UMNK88	33	34	33	34	0	1	0.9706	97.06	0
map00030	rn00030	Pentose phosphate pathway	iB21_1397	Escherichia coli BL21(DE3)	iUTI89_1310	Escherichia coli UTI89	33	34	33	34	0	1	0.9706	97.06	0
map00030	rn00030	Pentose phosphate pathway	iB21_1397	Escherichia coli BL21(DE3)	iWFL_1372	Escherichia coli W	33	34	33	34	0	1	0.9706	97.06	0
map00030	rn00030	Pentose phosphate pathway	iB21_1397	Escherichia coli BL21(DE3)	iY75_1357	Escherichia coli str. K-12 substr. W3110	33	34	33	34	0	1	0.9706	97.06	0
map00030	rn00030	Pentose phosphate pathway	iB21_1397	Escherichia coli BL21(DE3)	iZ_1308	Escherichia coli O157:H7 str. EDL933	33	33	32	34	1	1	0.9412	94.12	0
map00030	rn00030	Pentose phosphate pathway	iB21_1397	Escherichia coli BL21(DE3)	ic_1306	Escherichia coli CFT073	33	34	33	34	0	1	0.9706	97.06	0
map00030	rn00030	Pentose phosphate pathway	iBWG_1329	Escherichia coli BW2952	iE2348C_1286	Escherichia coli O127:H6 str. E2348/69	34	33	33	34	1	0	0.9706	97.06	0
map00030	rn00030	Pentose phosphate pathway	iBWG_1329	Escherichia coli BW2952	iEC042_1314	Escherichia coli 042	34	34	34	34	0	0	1.0	100.0	1
map00030	rn00030	Pentose phosphate pathway	iBWG_1329	Escherichia coli BW2952	iEC1344_C	Escherichia coli C	34	34	34	34	0	0	1.0	100.0	1
map00030	rn00030	Pentose phosphate pathway	iBWG_1329	Escherichia coli BW2952	iEC1349_Crooks	Escherichia coli ATCC 8739	34	34	34	34	0	0	1.0	100.0	1
map00030	rn00030	Pentose phosphate pathway	iBWG_1329	Escherichia coli BW2952	iEC1356_Bl21DE3	Escherichia coli BL21(DE3)	34	33	33	34	1	0	0.9706	97.06	0
map00030	rn00030	Pentose phosphate pathway	iBWG_1329	Escherichia coli BW2952	iEC1364_W	Escherichia coli W	34	34	32	36	2	2	0.8889	88.89	0
map00030	rn00030	Pentose phosphate pathway	iBWG_1329	Escherichia coli BW2952	iEC1368_DH5a	Escherichia coli DH5[alpha]	34	34	34	34	0	0	1.0	100.0	1
map00030	rn00030	Pentose phosphate pathway	iBWG_1329	Escherichia coli BW2952	iEC1372_W3110	Escherichia coli str. K-12 substr. W3110	34	34	34	34	0	0	1.0	100.0	1
map00030	rn00030	Pentose phosphate pathway	iBWG_1329	Escherichia coli BW2952	iEC55989_1330	Escherichia coli 55989	34	34	34	34	0	0	1.0	100.0	1
map00030	rn00030	Pentose phosphate pathway	iBWG_1329	Escherichia coli BW2952	iECABU_c1320	Escherichia coli ABU 83972	34	34	34	34	0	0	1.0	100.0	1
map00030	rn00030	Pentose phosphate pathway	iBWG_1329	Escherichia coli BW2952	iECBD_1354	Escherichia coli 'BL21-Gold(DE3)pLysS AG'	34	33	33	34	1	0	0.9706	97.06	0
map00030	rn00030	Pentose phosphate pathway	iBWG_1329	Escherichia coli BW2952	iECB_1328	Escherichia coli B str. REL606	34	34	34	34	0	0	1.0	100.0	1
map00030	rn00030	Pentose phosphate pathway	iBWG_1329	Escherichia coli BW2952	iECDH10B_1368	Escherichia coli str. K-12 substr. DH10B	34	34	34	34	0	0	1.0	100.0	1
map00030	rn00030	Pentose phosphate pathway	iBWG_1329	Escherichia coli BW2952	iECDH1ME8569_1439	Escherichia coli DH1	34	34	34	34	0	0	1.0	100.0	1
map00030	rn00030	Pentose phosphate pathway	iBWG_1329	Escherichia coli BW2952	iECD_1391	Escherichia coli BL21(DE3)	34	33	33	34	1	0	0.9706	97.06	0
map00030	rn00030	Pentose phosphate pathway	iBWG_1329	Escherichia coli BW2952	iECED1_1282	Escherichia coli ED1a	34	34	34	34	0	0	1.0	100.0	1
map00030	rn00030	Pentose phosphate pathway	iBWG_1329	Escherichia coli BW2952	iECH74115_1262	Escherichia coli O157:H7 str. EC4115	34	33	33	34	1	0	0.9706	97.06	0
map00030	rn00030	Pentose phosphate pathway	iBWG_1329	Escherichia coli BW2952	iECIAI1_1343	Escherichia coli IAI1	34	34	34	34	0	0	1.0	100.0	1
map00030	rn00030	Pentose phosphate pathway	iBWG_1329	Escherichia coli BW2952	iECIAI39_1322	Escherichia coli IAI39	34	34	34	34	0	0	1.0	100.0	1
map00030	rn00030	Pentose phosphate pathway	iBWG_1329	Escherichia coli BW2952	iECNA114_1301	Escherichia coli NA114	34	34	34	34	0	0	1.0	100.0	1
map00030	rn00030	Pentose phosphate pathway	iBWG_1329	Escherichia coli BW2952	iECO103_1326	Escherichia coli O103:H2 str. 12009	34	34	34	34	0	0	1.0	100.0	1
map00030	rn00030	Pentose phosphate pathway	iBWG_1329	Escherichia coli BW2952	iECO111_1330	Escherichia coli O111:H- str. 11128	34	34	34	34	0	0	1.0	100.0	1
map00030	rn00030	Pentose phosphate pathway	iBWG_1329	Escherichia coli BW2952	iECO26_1355	Escherichia coli O26:H11 str. 11368	34	34	34	34	0	0	1.0	100.0	1
map00030	rn00030	Pentose phosphate pathway	iBWG_1329	Escherichia coli BW2952	iECOK1_1307	Escherichia coli IHE3034	34	34	34	34	0	0	1.0	100.0	1
map00030	rn00030	Pentose phosphate pathway	iBWG_1329	Escherichia coli BW2952	iECP_1309	Escherichia coli 536	34	34	34	34	0	0	1.0	100.0	1
map00030	rn00030	Pentose phosphate pathway	iBWG_1329	Escherichia coli BW2952	iECS88_1305	Escherichia coli S88	34	34	34	34	0	0	1.0	100.0	1
map00030	rn00030	Pentose phosphate pathway	iBWG_1329	Escherichia coli BW2952	iECSE_1348	Escherichia coli SE11	34	34	34	34	0	0	1.0	100.0	1
map00030	rn00030	Pentose phosphate pathway	iBWG_1329	Escherichia coli BW2952	iECSF_1327	Escherichia coli SE15	34	34	34	34	0	0	1.0	100.0	1
map00030	rn00030	Pentose phosphate pathway	iBWG_1329	Escherichia coli BW2952	iECSP_1301	Escherichia coli O157:H7 str. TW14359	34	33	33	34	1	0	0.9706	97.06	0
map00030	rn00030	Pentose phosphate pathway	iBWG_1329	Escherichia coli BW2952	iECUMN_1333	Escherichia coli UMN026	34	34	34	34	0	0	1.0	100.0	1
map00030	rn00030	Pentose phosphate pathway	iBWG_1329	Escherichia coli BW2952	iECW_1372	Escherichia coli W	34	34	34	34	0	0	1.0	100.0	1
map00030	rn00030	Pentose phosphate pathway	iBWG_1329	Escherichia coli BW2952	iECs_1301	Escherichia coli O157:H7 str. Sakai	34	33	33	34	1	0	0.9706	97.06	0
map00030	rn00030	Pentose phosphate pathway	iBWG_1329	Escherichia coli BW2952	iEKO11_1354	Escherichia coli KO11FL	34	32	32	34	2	0	0.9412	94.12	0
map00030	rn00030	Pentose phosphate pathway	iBWG_1329	Escherichia coli BW2952	iETEC_1333	Escherichia coli ETEC H10407	34	34	34	34	0	0	1.0	100.0	1
map00030	rn00030	Pentose phosphate pathway	iBWG_1329	Escherichia coli BW2952	iEcDH1_1363	Escherichia coli DH1	34	34	34	34	0	0	1.0	100.0	1
map00030	rn00030	Pentose phosphate pathway	iBWG_1329	Escherichia coli BW2952	iEcE24377_1341	Escherichia coli O139:H28 str. E24377A	34	34	34	34	0	0	1.0	100.0	1
map00030	rn00030	Pentose phosphate pathway	iBWG_1329	Escherichia coli BW2952	iEcHS_1320	Escherichia coli HS	34	34	34	34	0	0	1.0	100.0	1
map00030	rn00030	Pentose phosphate pathway	iBWG_1329	Escherichia coli BW2952	iEcSMS35_1347	Escherichia coli SMS-3-5	34	34	34	34	0	0	1.0	100.0	1
map00030	rn00030	Pentose phosphate pathway	iBWG_1329	Escherichia coli BW2952	iEcolC_1368	Escherichia coli ATCC 8739	34	34	34	34	0	0	1.0	100.0	1
map00030	rn00030	Pentose phosphate pathway	iBWG_1329	Escherichia coli BW2952	iG2583_1286	Escherichia coli O55:H7 str. CB9615	34	33	33	34	1	0	0.9706	97.06	0
map00030	rn00030	Pentose phosphate pathway	iBWG_1329	Escherichia coli BW2952	iJO1366	Escherichia coli str. K-12 substr. MG1655	34	34	34	34	0	0	1.0	100.0	1
map00030	rn00030	Pentose phosphate pathway	iBWG_1329	Escherichia coli BW2952	iJR904	Escherichia coli str. K-12 substr. MG1655	34	32	32	34	2	0	0.9412	94.12	0
map00030	rn00030	Pentose phosphate pathway	iBWG_1329	Escherichia coli BW2952	iLF82_1304	Escherichia coli LF82	34	34	34	34	0	0	1.0	100.0	1
map00030	rn00030	Pentose phosphate pathway	iBWG_1329	Escherichia coli BW2952	iML1515	Escherichia coli str. K-12 substr. MG1655	34	34	34	34	0	0	1.0	100.0	1
map00030	rn00030	Pentose phosphate pathway	iBWG_1329	Escherichia coli BW2952	iNRG857_1313	Escherichia coli O83:H1 str. NRG 857C	34	34	34	34	0	0	1.0	100.0	1
map00030	rn00030	Pentose phosphate pathway	iBWG_1329	Escherichia coli BW2952	iUMN146_1321	Escherichia coli UM146	34	34	34	34	0	0	1.0	100.0	1
map00030	rn00030	Pentose phosphate pathway	iBWG_1329	Escherichia coli BW2952	iUMNK88_1353	Escherichia coli UMNK88	34	34	34	34	0	0	1.0	100.0	1
map00030	rn00030	Pentose phosphate pathway	iBWG_1329	Escherichia coli BW2952	iUTI89_1310	Escherichia coli UTI89	34	34	34	34	0	0	1.0	100.0	1
map00030	rn00030	Pentose phosphate pathway	iBWG_1329	Escherichia coli BW2952	iWFL_1372	Escherichia coli W	34	34	34	34	0	0	1.0	100.0	1
map00030	rn00030	Pentose phosphate pathway	iBWG_1329	Escherichia coli BW2952	iY75_1357	Escherichia coli str. K-12 substr. W3110	34	34	34	34	0	0	1.0	100.0	1
map00030	rn00030	Pentose phosphate pathway	iBWG_1329	Escherichia coli BW2952	iZ_1308	Escherichia coli O157:H7 str. EDL933	34	33	33	34	1	0	0.9706	97.06	0
map00030	rn00030	Pentose phosphate pathway	iBWG_1329	Escherichia coli BW2952	ic_1306	Escherichia coli CFT073	34	34	34	34	0	0	1.0	100.0	1
map00030	rn00030	Pentose phosphate pathway	iE2348C_1286	Escherichia coli O127:H6 str. E2348/69	iEC042_1314	Escherichia coli 042	33	34	33	34	0	1	0.9706	97.06	0
map00030	rn00030	Pentose phosphate pathway	iE2348C_1286	Escherichia coli O127:H6 str. E2348/69	iEC1344_C	Escherichia coli C	33	34	33	34	0	1	0.9706	97.06	0
map00030	rn00030	Pentose phosphate pathway	iE2348C_1286	Escherichia coli O127:H6 str. E2348/69	iEC1349_Crooks	Escherichia coli ATCC 8739	33	34	33	34	0	1	0.9706	97.06	0
map00030	rn00030	Pentose phosphate pathway	iE2348C_1286	Escherichia coli O127:H6 str. E2348/69	iEC1356_Bl21DE3	Escherichia coli BL21(DE3)	33	33	32	34	1	1	0.9412	94.12	0
map00030	rn00030	Pentose phosphate pathway	iE2348C_1286	Escherichia coli O127:H6 str. E2348/69	iEC1364_W	Escherichia coli W	33	34	31	36	2	3	0.8611	86.11	0
map00030	rn00030	Pentose phosphate pathway	iE2348C_1286	Escherichia coli O127:H6 str. E2348/69	iEC1368_DH5a	Escherichia coli DH5[alpha]	33	34	33	34	0	1	0.9706	97.06	0
map00030	rn00030	Pentose phosphate pathway	iE2348C_1286	Escherichia coli O127:H6 str. E2348/69	iEC1372_W3110	Escherichia coli str. K-12 substr. W3110	33	34	33	34	0	1	0.9706	97.06	0
map00030	rn00030	Pentose phosphate pathway	iE2348C_1286	Escherichia coli O127:H6 str. E2348/69	iEC55989_1330	Escherichia coli 55989	33	34	33	34	0	1	0.9706	97.06	0
map00030	rn00030	Pentose phosphate pathway	iE2348C_1286	Escherichia coli O127:H6 str. E2348/69	iECABU_c1320	Escherichia coli ABU 83972	33	34	33	34	0	1	0.9706	97.06	0
map00030	rn00030	Pentose phosphate pathway	iE2348C_1286	Escherichia coli O127:H6 str. E2348/69	iECBD_1354	Escherichia coli 'BL21-Gold(DE3)pLysS AG'	33	33	32	34	1	1	0.9412	94.12	0
map00030	rn00030	Pentose phosphate pathway	iE2348C_1286	Escherichia coli O127:H6 str. E2348/69	iECB_1328	Escherichia coli B str. REL606	33	34	33	34	0	1	0.9706	97.06	0
map00030	rn00030	Pentose phosphate pathway	iE2348C_1286	Escherichia coli O127:H6 str. E2348/69	iECDH10B_1368	Escherichia coli str. K-12 substr. DH10B	33	34	33	34	0	1	0.9706	97.06	0
map00030	rn00030	Pentose phosphate pathway	iE2348C_1286	Escherichia coli O127:H6 str. E2348/69	iECDH1ME8569_1439	Escherichia coli DH1	33	34	33	34	0	1	0.9706	97.06	0
map00030	rn00030	Pentose phosphate pathway	iE2348C_1286	Escherichia coli O127:H6 str. E2348/69	iECD_1391	Escherichia coli BL21(DE3)	33	33	32	34	1	1	0.9412	94.12	0
map00030	rn00030	Pentose phosphate pathway	iE2348C_1286	Escherichia coli O127:H6 str. E2348/69	iECED1_1282	Escherichia coli ED1a	33	34	33	34	0	1	0.9706	97.06	0
map00030	rn00030	Pentose phosphate pathway	iE2348C_1286	Escherichia coli O127:H6 str. E2348/69	iECH74115_1262	Escherichia coli O157:H7 str. EC4115	33	33	33	33	0	0	1.0	100.0	1
map00030	rn00030	Pentose phosphate pathway	iE2348C_1286	Escherichia coli O127:H6 str. E2348/69	iECIAI1_1343	Escherichia coli IAI1	33	34	33	34	0	1	0.9706	97.06	0
map00030	rn00030	Pentose phosphate pathway	iE2348C_1286	Escherichia coli O127:H6 str. E2348/69	iECIAI39_1322	Escherichia coli IAI39	33	34	33	34	0	1	0.9706	97.06	0
map00030	rn00030	Pentose phosphate pathway	iE2348C_1286	Escherichia coli O127:H6 str. E2348/69	iECNA114_1301	Escherichia coli NA114	33	34	33	34	0	1	0.9706	97.06	0
map00030	rn00030	Pentose phosphate pathway	iE2348C_1286	Escherichia coli O127:H6 str. E2348/69	iECO103_1326	Escherichia coli O103:H2 str. 12009	33	34	33	34	0	1	0.9706	97.06	0
map00030	rn00030	Pentose phosphate pathway	iE2348C_1286	Escherichia coli O127:H6 str. E2348/69	iECO111_1330	Escherichia coli O111:H- str. 11128	33	34	33	34	0	1	0.9706	97.06	0
map00030	rn00030	Pentose phosphate pathway	iE2348C_1286	Escherichia coli O127:H6 str. E2348/69	iECO26_1355	Escherichia coli O26:H11 str. 11368	33	34	33	34	0	1	0.9706	97.06	0
map00030	rn00030	Pentose phosphate pathway	iE2348C_1286	Escherichia coli O127:H6 str. E2348/69	iECOK1_1307	Escherichia coli IHE3034	33	34	33	34	0	1	0.9706	97.06	0
map00030	rn00030	Pentose phosphate pathway	iE2348C_1286	Escherichia coli O127:H6 str. E2348/69	iECP_1309	Escherichia coli 536	33	34	33	34	0	1	0.9706	97.06	0
map00030	rn00030	Pentose phosphate pathway	iE2348C_1286	Escherichia coli O127:H6 str. E2348/69	iECS88_1305	Escherichia coli S88	33	34	33	34	0	1	0.9706	97.06	0
map00030	rn00030	Pentose phosphate pathway	iE2348C_1286	Escherichia coli O127:H6 str. E2348/69	iECSE_1348	Escherichia coli SE11	33	34	33	34	0	1	0.9706	97.06	0
map00030	rn00030	Pentose phosphate pathway	iE2348C_1286	Escherichia coli O127:H6 str. E2348/69	iECSF_1327	Escherichia coli SE15	33	34	33	34	0	1	0.9706	97.06	0
map00030	rn00030	Pentose phosphate pathway	iE2348C_1286	Escherichia coli O127:H6 str. E2348/69	iECSP_1301	Escherichia coli O157:H7 str. TW14359	33	33	33	33	0	0	1.0	100.0	1
map00030	rn00030	Pentose phosphate pathway	iE2348C_1286	Escherichia coli O127:H6 str. E2348/69	iECUMN_1333	Escherichia coli UMN026	33	34	33	34	0	1	0.9706	97.06	0
map00030	rn00030	Pentose phosphate pathway	iE2348C_1286	Escherichia coli O127:H6 str. E2348/69	iECW_1372	Escherichia coli W	33	34	33	34	0	1	0.9706	97.06	0
map00030	rn00030	Pentose phosphate pathway	iE2348C_1286	Escherichia coli O127:H6 str. E2348/69	iECs_1301	Escherichia coli O157:H7 str. Sakai	33	33	33	33	0	0	1.0	100.0	1
map00030	rn00030	Pentose phosphate pathway	iE2348C_1286	Escherichia coli O127:H6 str. E2348/69	iEKO11_1354	Escherichia coli KO11FL	33	32	31	34	2	1	0.9118	91.18	0
map00030	rn00030	Pentose phosphate pathway	iE2348C_1286	Escherichia coli O127:H6 str. E2348/69	iETEC_1333	Escherichia coli ETEC H10407	33	34	33	34	0	1	0.9706	97.06	0
map00030	rn00030	Pentose phosphate pathway	iE2348C_1286	Escherichia coli O127:H6 str. E2348/69	iEcDH1_1363	Escherichia coli DH1	33	34	33	34	0	1	0.9706	97.06	0
map00030	rn00030	Pentose phosphate pathway	iE2348C_1286	Escherichia coli O127:H6 str. E2348/69	iEcE24377_1341	Escherichia coli O139:H28 str. E24377A	33	34	33	34	0	1	0.9706	97.06	0
map00030	rn00030	Pentose phosphate pathway	iE2348C_1286	Escherichia coli O127:H6 str. E2348/69	iEcHS_1320	Escherichia coli HS	33	34	33	34	0	1	0.9706	97.06	0
map00030	rn00030	Pentose phosphate pathway	iE2348C_1286	Escherichia coli O127:H6 str. E2348/69	iEcSMS35_1347	Escherichia coli SMS-3-5	33	34	33	34	0	1	0.9706	97.06	0
map00030	rn00030	Pentose phosphate pathway	iE2348C_1286	Escherichia coli O127:H6 str. E2348/69	iEcolC_1368	Escherichia coli ATCC 8739	33	34	33	34	0	1	0.9706	97.06	0
map00030	rn00030	Pentose phosphate pathway	iE2348C_1286	Escherichia coli O127:H6 str. E2348/69	iG2583_1286	Escherichia coli O55:H7 str. CB9615	33	33	33	33	0	0	1.0	100.0	1
map00030	rn00030	Pentose phosphate pathway	iE2348C_1286	Escherichia coli O127:H6 str. E2348/69	iJO1366	Escherichia coli str. K-12 substr. MG1655	33	34	33	34	0	1	0.9706	97.06	0
map00030	rn00030	Pentose phosphate pathway	iE2348C_1286	Escherichia coli O127:H6 str. E2348/69	iJR904	Escherichia coli str. K-12 substr. MG1655	33	32	31	34	2	1	0.9118	91.18	0
map00030	rn00030	Pentose phosphate pathway	iE2348C_1286	Escherichia coli O127:H6 str. E2348/69	iLF82_1304	Escherichia coli LF82	33	34	33	34	0	1	0.9706	97.06	0
map00030	rn00030	Pentose phosphate pathway	iE2348C_1286	Escherichia coli O127:H6 str. E2348/69	iML1515	Escherichia coli str. K-12 substr. MG1655	33	34	33	34	0	1	0.9706	97.06	0
map00030	rn00030	Pentose phosphate pathway	iE2348C_1286	Escherichia coli O127:H6 str. E2348/69	iNRG857_1313	Escherichia coli O83:H1 str. NRG 857C	33	34	33	34	0	1	0.9706	97.06	0
map00030	rn00030	Pentose phosphate pathway	iE2348C_1286	Escherichia coli O127:H6 str. E2348/69	iUMN146_1321	Escherichia coli UM146	33	34	33	34	0	1	0.9706	97.06	0
map00030	rn00030	Pentose phosphate pathway	iE2348C_1286	Escherichia coli O127:H6 str. E2348/69	iUMNK88_1353	Escherichia coli UMNK88	33	34	33	34	0	1	0.9706	97.06	0
map00030	rn00030	Pentose phosphate pathway	iE2348C_1286	Escherichia coli O127:H6 str. E2348/69	iUTI89_1310	Escherichia coli UTI89	33	34	33	34	0	1	0.9706	97.06	0
map00030	rn00030	Pentose phosphate pathway	iE2348C_1286	Escherichia coli O127:H6 str. E2348/69	iWFL_1372	Escherichia coli W	33	34	33	34	0	1	0.9706	97.06	0
map00030	rn00030	Pentose phosphate pathway	iE2348C_1286	Escherichia coli O127:H6 str. E2348/69	iY75_1357	Escherichia coli str. K-12 substr. W3110	33	34	33	34	0	1	0.9706	97.06	0
map00030	rn00030	Pentose phosphate pathway	iE2348C_1286	Escherichia coli O127:H6 str. E2348/69	iZ_1308	Escherichia coli O157:H7 str. EDL933	33	33	33	33	0	0	1.0	100.0	1
map00030	rn00030	Pentose phosphate pathway	iE2348C_1286	Escherichia coli O127:H6 str. E2348/69	ic_1306	Escherichia coli CFT073	33	34	33	34	0	1	0.9706	97.06	0
map00030	rn00030	Pentose phosphate pathway	iEC042_1314	Escherichia coli 042	iEC1344_C	Escherichia coli C	34	34	34	34	0	0	1.0	100.0	1
map00030	rn00030	Pentose phosphate pathway	iEC042_1314	Escherichia coli 042	iEC1349_Crooks	Escherichia coli ATCC 8739	34	34	34	34	0	0	1.0	100.0	1
map00030	rn00030	Pentose phosphate pathway	iEC042_1314	Escherichia coli 042	iEC1356_Bl21DE3	Escherichia coli BL21(DE3)	34	33	33	34	1	0	0.9706	97.06	0
map00030	rn00030	Pentose phosphate pathway	iEC042_1314	Escherichia coli 042	iEC1364_W	Escherichia coli W	34	34	32	36	2	2	0.8889	88.89	0
map00030	rn00030	Pentose phosphate pathway	iEC042_1314	Escherichia coli 042	iEC1368_DH5a	Escherichia coli DH5[alpha]	34	34	34	34	0	0	1.0	100.0	1
map00030	rn00030	Pentose phosphate pathway	iEC042_1314	Escherichia coli 042	iEC1372_W3110	Escherichia coli str. K-12 substr. W3110	34	34	34	34	0	0	1.0	100.0	1
map00030	rn00030	Pentose phosphate pathway	iEC042_1314	Escherichia coli 042	iEC55989_1330	Escherichia coli 55989	34	34	34	34	0	0	1.0	100.0	1
map00030	rn00030	Pentose phosphate pathway	iEC042_1314	Escherichia coli 042	iECABU_c1320	Escherichia coli ABU 83972	34	34	34	34	0	0	1.0	100.0	1
map00030	rn00030	Pentose phosphate pathway	iEC042_1314	Escherichia coli 042	iECBD_1354	Escherichia coli 'BL21-Gold(DE3)pLysS AG'	34	33	33	34	1	0	0.9706	97.06	0
map00030	rn00030	Pentose phosphate pathway	iEC042_1314	Escherichia coli 042	iECB_1328	Escherichia coli B str. REL606	34	34	34	34	0	0	1.0	100.0	1
map00030	rn00030	Pentose phosphate pathway	iEC042_1314	Escherichia coli 042	iECDH10B_1368	Escherichia coli str. K-12 substr. DH10B	34	34	34	34	0	0	1.0	100.0	1
map00030	rn00030	Pentose phosphate pathway	iEC042_1314	Escherichia coli 042	iECDH1ME8569_1439	Escherichia coli DH1	34	34	34	34	0	0	1.0	100.0	1
map00030	rn00030	Pentose phosphate pathway	iEC042_1314	Escherichia coli 042	iECD_1391	Escherichia coli BL21(DE3)	34	33	33	34	1	0	0.9706	97.06	0
map00030	rn00030	Pentose phosphate pathway	iEC042_1314	Escherichia coli 042	iECED1_1282	Escherichia coli ED1a	34	34	34	34	0	0	1.0	100.0	1
map00030	rn00030	Pentose phosphate pathway	iEC042_1314	Escherichia coli 042	iECH74115_1262	Escherichia coli O157:H7 str. EC4115	34	33	33	34	1	0	0.9706	97.06	0
map00030	rn00030	Pentose phosphate pathway	iEC042_1314	Escherichia coli 042	iECIAI1_1343	Escherichia coli IAI1	34	34	34	34	0	0	1.0	100.0	1
map00030	rn00030	Pentose phosphate pathway	iEC042_1314	Escherichia coli 042	iECIAI39_1322	Escherichia coli IAI39	34	34	34	34	0	0	1.0	100.0	1
map00030	rn00030	Pentose phosphate pathway	iEC042_1314	Escherichia coli 042	iECNA114_1301	Escherichia coli NA114	34	34	34	34	0	0	1.0	100.0	1
map00030	rn00030	Pentose phosphate pathway	iEC042_1314	Escherichia coli 042	iECO103_1326	Escherichia coli O103:H2 str. 12009	34	34	34	34	0	0	1.0	100.0	1
map00030	rn00030	Pentose phosphate pathway	iEC042_1314	Escherichia coli 042	iECO111_1330	Escherichia coli O111:H- str. 11128	34	34	34	34	0	0	1.0	100.0	1
map00030	rn00030	Pentose phosphate pathway	iEC042_1314	Escherichia coli 042	iECO26_1355	Escherichia coli O26:H11 str. 11368	34	34	34	34	0	0	1.0	100.0	1
map00030	rn00030	Pentose phosphate pathway	iEC042_1314	Escherichia coli 042	iECOK1_1307	Escherichia coli IHE3034	34	34	34	34	0	0	1.0	100.0	1
map00030	rn00030	Pentose phosphate pathway	iEC042_1314	Escherichia coli 042	iECP_1309	Escherichia coli 536	34	34	34	34	0	0	1.0	100.0	1
map00030	rn00030	Pentose phosphate pathway	iEC042_1314	Escherichia coli 042	iECS88_1305	Escherichia coli S88	34	34	34	34	0	0	1.0	100.0	1
map00030	rn00030	Pentose phosphate pathway	iEC042_1314	Escherichia coli 042	iECSE_1348	Escherichia coli SE11	34	34	34	34	0	0	1.0	100.0	1
map00030	rn00030	Pentose phosphate pathway	iEC042_1314	Escherichia coli 042	iECSF_1327	Escherichia coli SE15	34	34	34	34	0	0	1.0	100.0	1
map00030	rn00030	Pentose phosphate pathway	iEC042_1314	Escherichia coli 042	iECSP_1301	Escherichia coli O157:H7 str. TW14359	34	33	33	34	1	0	0.9706	97.06	0
map00030	rn00030	Pentose phosphate pathway	iEC042_1314	Escherichia coli 042	iECUMN_1333	Escherichia coli UMN026	34	34	34	34	0	0	1.0	100.0	1
map00030	rn00030	Pentose phosphate pathway	iEC042_1314	Escherichia coli 042	iECW_1372	Escherichia coli W	34	34	34	34	0	0	1.0	100.0	1
map00030	rn00030	Pentose phosphate pathway	iEC042_1314	Escherichia coli 042	iECs_1301	Escherichia coli O157:H7 str. Sakai	34	33	33	34	1	0	0.9706	97.06	0
map00030	rn00030	Pentose phosphate pathway	iEC042_1314	Escherichia coli 042	iEKO11_1354	Escherichia coli KO11FL	34	32	32	34	2	0	0.9412	94.12	0
map00030	rn00030	Pentose phosphate pathway	iEC042_1314	Escherichia coli 042	iETEC_1333	Escherichia coli ETEC H10407	34	34	34	34	0	0	1.0	100.0	1
map00030	rn00030	Pentose phosphate pathway	iEC042_1314	Escherichia coli 042	iEcDH1_1363	Escherichia coli DH1	34	34	34	34	0	0	1.0	100.0	1
map00030	rn00030	Pentose phosphate pathway	iEC042_1314	Escherichia coli 042	iEcE24377_1341	Escherichia coli O139:H28 str. E24377A	34	34	34	34	0	0	1.0	100.0	1
map00030	rn00030	Pentose phosphate pathway	iEC042_1314	Escherichia coli 042	iEcHS_1320	Escherichia coli HS	34	34	34	34	0	0	1.0	100.0	1
map00030	rn00030	Pentose phosphate pathway	iEC042_1314	Escherichia coli 042	iEcSMS35_1347	Escherichia coli SMS-3-5	34	34	34	34	0	0	1.0	100.0	1
map00030	rn00030	Pentose phosphate pathway	iEC042_1314	Escherichia coli 042	iEcolC_1368	Escherichia coli ATCC 8739	34	34	34	34	0	0	1.0	100.0	1
map00030	rn00030	Pentose phosphate pathway	iEC042_1314	Escherichia coli 042	iG2583_1286	Escherichia coli O55:H7 str. CB9615	34	33	33	34	1	0	0.9706	97.06	0
map00030	rn00030	Pentose phosphate pathway	iEC042_1314	Escherichia coli 042	iJO1366	Escherichia coli str. K-12 substr. MG1655	34	34	34	34	0	0	1.0	100.0	1
map00030	rn00030	Pentose phosphate pathway	iEC042_1314	Escherichia coli 042	iJR904	Escherichia coli str. K-12 substr. MG1655	34	32	32	34	2	0	0.9412	94.12	0
map00030	rn00030	Pentose phosphate pathway	iEC042_1314	Escherichia coli 042	iLF82_1304	Escherichia coli LF82	34	34	34	34	0	0	1.0	100.0	1
map00030	rn00030	Pentose phosphate pathway	iEC042_1314	Escherichia coli 042	iML1515	Escherichia coli str. K-12 substr. MG1655	34	34	34	34	0	0	1.0	100.0	1
map00030	rn00030	Pentose phosphate pathway	iEC042_1314	Escherichia coli 042	iNRG857_1313	Escherichia coli O83:H1 str. NRG 857C	34	34	34	34	0	0	1.0	100.0	1
map00030	rn00030	Pentose phosphate pathway	iEC042_1314	Escherichia coli 042	iUMN146_1321	Escherichia coli UM146	34	34	34	34	0	0	1.0	100.0	1
map00030	rn00030	Pentose phosphate pathway	iEC042_1314	Escherichia coli 042	iUMNK88_1353	Escherichia coli UMNK88	34	34	34	34	0	0	1.0	100.0	1
map00030	rn00030	Pentose phosphate pathway	iEC042_1314	Escherichia coli 042	iUTI89_1310	Escherichia coli UTI89	34	34	34	34	0	0	1.0	100.0	1
map00030	rn00030	Pentose phosphate pathway	iEC042_1314	Escherichia coli 042	iWFL_1372	Escherichia coli W	34	34	34	34	0	0	1.0	100.0	1
map00030	rn00030	Pentose phosphate pathway	iEC042_1314	Escherichia coli 042	iY75_1357	Escherichia coli str. K-12 substr. W3110	34	34	34	34	0	0	1.0	100.0	1
map00030	rn00030	Pentose phosphate pathway	iEC042_1314	Escherichia coli 042	iZ_1308	Escherichia coli O157:H7 str. EDL933	34	33	33	34	1	0	0.9706	97.06	0
map00030	rn00030	Pentose phosphate pathway	iEC042_1314	Escherichia coli 042	ic_1306	Escherichia coli CFT073	34	34	34	34	0	0	1.0	100.0	1
map00030	rn00030	Pentose phosphate pathway	iEC1344_C	Escherichia coli C	iEC1349_Crooks	Escherichia coli ATCC 8739	34	34	34	34	0	0	1.0	100.0	1
map00030	rn00030	Pentose phosphate pathway	iEC1344_C	Escherichia coli C	iEC1356_Bl21DE3	Escherichia coli BL21(DE3)	34	33	33	34	1	0	0.9706	97.06	0
map00030	rn00030	Pentose phosphate pathway	iEC1344_C	Escherichia coli C	iEC1364_W	Escherichia coli W	34	34	32	36	2	2	0.8889	88.89	0
map00030	rn00030	Pentose phosphate pathway	iEC1344_C	Escherichia coli C	iEC1368_DH5a	Escherichia coli DH5[alpha]	34	34	34	34	0	0	1.0	100.0	1
map00030	rn00030	Pentose phosphate pathway	iEC1344_C	Escherichia coli C	iEC1372_W3110	Escherichia coli str. K-12 substr. W3110	34	34	34	34	0	0	1.0	100.0	1
map00030	rn00030	Pentose phosphate pathway	iEC1344_C	Escherichia coli C	iEC55989_1330	Escherichia coli 55989	34	34	34	34	0	0	1.0	100.0	1
map00030	rn00030	Pentose phosphate pathway	iEC1344_C	Escherichia coli C	iECABU_c1320	Escherichia coli ABU 83972	34	34	34	34	0	0	1.0	100.0	1
map00030	rn00030	Pentose phosphate pathway	iEC1344_C	Escherichia coli C	iECBD_1354	Escherichia coli 'BL21-Gold(DE3)pLysS AG'	34	33	33	34	1	0	0.9706	97.06	0
map00030	rn00030	Pentose phosphate pathway	iEC1344_C	Escherichia coli C	iECB_1328	Escherichia coli B str. REL606	34	34	34	34	0	0	1.0	100.0	1
map00030	rn00030	Pentose phosphate pathway	iEC1344_C	Escherichia coli C	iECDH10B_1368	Escherichia coli str. K-12 substr. DH10B	34	34	34	34	0	0	1.0	100.0	1
map00030	rn00030	Pentose phosphate pathway	iEC1344_C	Escherichia coli C	iECDH1ME8569_1439	Escherichia coli DH1	34	34	34	34	0	0	1.0	100.0	1
map00030	rn00030	Pentose phosphate pathway	iEC1344_C	Escherichia coli C	iECD_1391	Escherichia coli BL21(DE3)	34	33	33	34	1	0	0.9706	97.06	0
map00030	rn00030	Pentose phosphate pathway	iEC1344_C	Escherichia coli C	iECED1_1282	Escherichia coli ED1a	34	34	34	34	0	0	1.0	100.0	1
map00030	rn00030	Pentose phosphate pathway	iEC1344_C	Escherichia coli C	iECH74115_1262	Escherichia coli O157:H7 str. EC4115	34	33	33	34	1	0	0.9706	97.06	0
map00030	rn00030	Pentose phosphate pathway	iEC1344_C	Escherichia coli C	iECIAI1_1343	Escherichia coli IAI1	34	34	34	34	0	0	1.0	100.0	1
map00030	rn00030	Pentose phosphate pathway	iEC1344_C	Escherichia coli C	iECIAI39_1322	Escherichia coli IAI39	34	34	34	34	0	0	1.0	100.0	1
map00030	rn00030	Pentose phosphate pathway	iEC1344_C	Escherichia coli C	iECNA114_1301	Escherichia coli NA114	34	34	34	34	0	0	1.0	100.0	1
map00030	rn00030	Pentose phosphate pathway	iEC1344_C	Escherichia coli C	iECO103_1326	Escherichia coli O103:H2 str. 12009	34	34	34	34	0	0	1.0	100.0	1
map00030	rn00030	Pentose phosphate pathway	iEC1344_C	Escherichia coli C	iECO111_1330	Escherichia coli O111:H- str. 11128	34	34	34	34	0	0	1.0	100.0	1
map00030	rn00030	Pentose phosphate pathway	iEC1344_C	Escherichia coli C	iECO26_1355	Escherichia coli O26:H11 str. 11368	34	34	34	34	0	0	1.0	100.0	1
map00030	rn00030	Pentose phosphate pathway	iEC1344_C	Escherichia coli C	iECOK1_1307	Escherichia coli IHE3034	34	34	34	34	0	0	1.0	100.0	1
map00030	rn00030	Pentose phosphate pathway	iEC1344_C	Escherichia coli C	iECP_1309	Escherichia coli 536	34	34	34	34	0	0	1.0	100.0	1
map00030	rn00030	Pentose phosphate pathway	iEC1344_C	Escherichia coli C	iECS88_1305	Escherichia coli S88	34	34	34	34	0	0	1.0	100.0	1
map00030	rn00030	Pentose phosphate pathway	iEC1344_C	Escherichia coli C	iECSE_1348	Escherichia coli SE11	34	34	34	34	0	0	1.0	100.0	1
map00030	rn00030	Pentose phosphate pathway	iEC1344_C	Escherichia coli C	iECSF_1327	Escherichia coli SE15	34	34	34	34	0	0	1.0	100.0	1
map00030	rn00030	Pentose phosphate pathway	iEC1344_C	Escherichia coli C	iECSP_1301	Escherichia coli O157:H7 str. TW14359	34	33	33	34	1	0	0.9706	97.06	0
map00030	rn00030	Pentose phosphate pathway	iEC1344_C	Escherichia coli C	iECUMN_1333	Escherichia coli UMN026	34	34	34	34	0	0	1.0	100.0	1
map00030	rn00030	Pentose phosphate pathway	iEC1344_C	Escherichia coli C	iECW_1372	Escherichia coli W	34	34	34	34	0	0	1.0	100.0	1
map00030	rn00030	Pentose phosphate pathway	iEC1344_C	Escherichia coli C	iECs_1301	Escherichia coli O157:H7 str. Sakai	34	33	33	34	1	0	0.9706	97.06	0
map00030	rn00030	Pentose phosphate pathway	iEC1344_C	Escherichia coli C	iEKO11_1354	Escherichia coli KO11FL	34	32	32	34	2	0	0.9412	94.12	0
map00030	rn00030	Pentose phosphate pathway	iEC1344_C	Escherichia coli C	iETEC_1333	Escherichia coli ETEC H10407	34	34	34	34	0	0	1.0	100.0	1
map00030	rn00030	Pentose phosphate pathway	iEC1344_C	Escherichia coli C	iEcDH1_1363	Escherichia coli DH1	34	34	34	34	0	0	1.0	100.0	1
map00030	rn00030	Pentose phosphate pathway	iEC1344_C	Escherichia coli C	iEcE24377_1341	Escherichia coli O139:H28 str. E24377A	34	34	34	34	0	0	1.0	100.0	1
map00030	rn00030	Pentose phosphate pathway	iEC1344_C	Escherichia coli C	iEcHS_1320	Escherichia coli HS	34	34	34	34	0	0	1.0	100.0	1
map00030	rn00030	Pentose phosphate pathway	iEC1344_C	Escherichia coli C	iEcSMS35_1347	Escherichia coli SMS-3-5	34	34	34	34	0	0	1.0	100.0	1
map00030	rn00030	Pentose phosphate pathway	iEC1344_C	Escherichia coli C	iEcolC_1368	Escherichia coli ATCC 8739	34	34	34	34	0	0	1.0	100.0	1
map00030	rn00030	Pentose phosphate pathway	iEC1344_C	Escherichia coli C	iG2583_1286	Escherichia coli O55:H7 str. CB9615	34	33	33	34	1	0	0.9706	97.06	0
map00030	rn00030	Pentose phosphate pathway	iEC1344_C	Escherichia coli C	iJO1366	Escherichia coli str. K-12 substr. MG1655	34	34	34	34	0	0	1.0	100.0	1
map00030	rn00030	Pentose phosphate pathway	iEC1344_C	Escherichia coli C	iJR904	Escherichia coli str. K-12 substr. MG1655	34	32	32	34	2	0	0.9412	94.12	0
map00030	rn00030	Pentose phosphate pathway	iEC1344_C	Escherichia coli C	iLF82_1304	Escherichia coli LF82	34	34	34	34	0	0	1.0	100.0	1
map00030	rn00030	Pentose phosphate pathway	iEC1344_C	Escherichia coli C	iML1515	Escherichia coli str. K-12 substr. MG1655	34	34	34	34	0	0	1.0	100.0	1
map00030	rn00030	Pentose phosphate pathway	iEC1344_C	Escherichia coli C	iNRG857_1313	Escherichia coli O83:H1 str. NRG 857C	34	34	34	34	0	0	1.0	100.0	1
map00030	rn00030	Pentose phosphate pathway	iEC1344_C	Escherichia coli C	iUMN146_1321	Escherichia coli UM146	34	34	34	34	0	0	1.0	100.0	1
map00030	rn00030	Pentose phosphate pathway	iEC1344_C	Escherichia coli C	iUMNK88_1353	Escherichia coli UMNK88	34	34	34	34	0	0	1.0	100.0	1
map00030	rn00030	Pentose phosphate pathway	iEC1344_C	Escherichia coli C	iUTI89_1310	Escherichia coli UTI89	34	34	34	34	0	0	1.0	100.0	1
map00030	rn00030	Pentose phosphate pathway	iEC1344_C	Escherichia coli C	iWFL_1372	Escherichia coli W	34	34	34	34	0	0	1.0	100.0	1
map00030	rn00030	Pentose phosphate pathway	iEC1344_C	Escherichia coli C	iY75_1357	Escherichia coli str. K-12 substr. W3110	34	34	34	34	0	0	1.0	100.0	1
map00030	rn00030	Pentose phosphate pathway	iEC1344_C	Escherichia coli C	iZ_1308	Escherichia coli O157:H7 str. EDL933	34	33	33	34	1	0	0.9706	97.06	0
map00030	rn00030	Pentose phosphate pathway	iEC1344_C	Escherichia coli C	ic_1306	Escherichia coli CFT073	34	34	34	34	0	0	1.0	100.0	1
map00030	rn00030	Pentose phosphate pathway	iEC1349_Crooks	Escherichia coli ATCC 8739	iEC1356_Bl21DE3	Escherichia coli BL21(DE3)	34	33	33	34	1	0	0.9706	97.06	0
map00030	rn00030	Pentose phosphate pathway	iEC1349_Crooks	Escherichia coli ATCC 8739	iEC1364_W	Escherichia coli W	34	34	32	36	2	2	0.8889	88.89	0
map00030	rn00030	Pentose phosphate pathway	iEC1349_Crooks	Escherichia coli ATCC 8739	iEC1368_DH5a	Escherichia coli DH5[alpha]	34	34	34	34	0	0	1.0	100.0	1
map00030	rn00030	Pentose phosphate pathway	iEC1349_Crooks	Escherichia coli ATCC 8739	iEC1372_W3110	Escherichia coli str. K-12 substr. W3110	34	34	34	34	0	0	1.0	100.0	1
map00030	rn00030	Pentose phosphate pathway	iEC1349_Crooks	Escherichia coli ATCC 8739	iEC55989_1330	Escherichia coli 55989	34	34	34	34	0	0	1.0	100.0	1
map00030	rn00030	Pentose phosphate pathway	iEC1349_Crooks	Escherichia coli ATCC 8739	iECABU_c1320	Escherichia coli ABU 83972	34	34	34	34	0	0	1.0	100.0	1
map00030	rn00030	Pentose phosphate pathway	iEC1349_Crooks	Escherichia coli ATCC 8739	iECBD_1354	Escherichia coli 'BL21-Gold(DE3)pLysS AG'	34	33	33	34	1	0	0.9706	97.06	0
map00030	rn00030	Pentose phosphate pathway	iEC1349_Crooks	Escherichia coli ATCC 8739	iECB_1328	Escherichia coli B str. REL606	34	34	34	34	0	0	1.0	100.0	1
map00030	rn00030	Pentose phosphate pathway	iEC1349_Crooks	Escherichia coli ATCC 8739	iECDH10B_1368	Escherichia coli str. K-12 substr. DH10B	34	34	34	34	0	0	1.0	100.0	1
map00030	rn00030	Pentose phosphate pathway	iEC1349_Crooks	Escherichia coli ATCC 8739	iECDH1ME8569_1439	Escherichia coli DH1	34	34	34	34	0	0	1.0	100.0	1
map00030	rn00030	Pentose phosphate pathway	iEC1349_Crooks	Escherichia coli ATCC 8739	iECD_1391	Escherichia coli BL21(DE3)	34	33	33	34	1	0	0.9706	97.06	0
map00030	rn00030	Pentose phosphate pathway	iEC1349_Crooks	Escherichia coli ATCC 8739	iECED1_1282	Escherichia coli ED1a	34	34	34	34	0	0	1.0	100.0	1
map00030	rn00030	Pentose phosphate pathway	iEC1349_Crooks	Escherichia coli ATCC 8739	iECH74115_1262	Escherichia coli O157:H7 str. EC4115	34	33	33	34	1	0	0.9706	97.06	0
map00030	rn00030	Pentose phosphate pathway	iEC1349_Crooks	Escherichia coli ATCC 8739	iECIAI1_1343	Escherichia coli IAI1	34	34	34	34	0	0	1.0	100.0	1
map00030	rn00030	Pentose phosphate pathway	iEC1349_Crooks	Escherichia coli ATCC 8739	iECIAI39_1322	Escherichia coli IAI39	34	34	34	34	0	0	1.0	100.0	1
map00030	rn00030	Pentose phosphate pathway	iEC1349_Crooks	Escherichia coli ATCC 8739	iECNA114_1301	Escherichia coli NA114	34	34	34	34	0	0	1.0	100.0	1
map00030	rn00030	Pentose phosphate pathway	iEC1349_Crooks	Escherichia coli ATCC 8739	iECO103_1326	Escherichia coli O103:H2 str. 12009	34	34	34	34	0	0	1.0	100.0	1
map00030	rn00030	Pentose phosphate pathway	iEC1349_Crooks	Escherichia coli ATCC 8739	iECO111_1330	Escherichia coli O111:H- str. 11128	34	34	34	34	0	0	1.0	100.0	1
map00030	rn00030	Pentose phosphate pathway	iEC1349_Crooks	Escherichia coli ATCC 8739	iECO26_1355	Escherichia coli O26:H11 str. 11368	34	34	34	34	0	0	1.0	100.0	1
map00030	rn00030	Pentose phosphate pathway	iEC1349_Crooks	Escherichia coli ATCC 8739	iECOK1_1307	Escherichia coli IHE3034	34	34	34	34	0	0	1.0	100.0	1
map00030	rn00030	Pentose phosphate pathway	iEC1349_Crooks	Escherichia coli ATCC 8739	iECP_1309	Escherichia coli 536	34	34	34	34	0	0	1.0	100.0	1
map00030	rn00030	Pentose phosphate pathway	iEC1349_Crooks	Escherichia coli ATCC 8739	iECS88_1305	Escherichia coli S88	34	34	34	34	0	0	1.0	100.0	1
map00030	rn00030	Pentose phosphate pathway	iEC1349_Crooks	Escherichia coli ATCC 8739	iECSE_1348	Escherichia coli SE11	34	34	34	34	0	0	1.0	100.0	1
map00030	rn00030	Pentose phosphate pathway	iEC1349_Crooks	Escherichia coli ATCC 8739	iECSF_1327	Escherichia coli SE15	34	34	34	34	0	0	1.0	100.0	1
map00030	rn00030	Pentose phosphate pathway	iEC1349_Crooks	Escherichia coli ATCC 8739	iECSP_1301	Escherichia coli O157:H7 str. TW14359	34	33	33	34	1	0	0.9706	97.06	0
map00030	rn00030	Pentose phosphate pathway	iEC1349_Crooks	Escherichia coli ATCC 8739	iECUMN_1333	Escherichia coli UMN026	34	34	34	34	0	0	1.0	100.0	1
map00030	rn00030	Pentose phosphate pathway	iEC1349_Crooks	Escherichia coli ATCC 8739	iECW_1372	Escherichia coli W	34	34	34	34	0	0	1.0	100.0	1
map00030	rn00030	Pentose phosphate pathway	iEC1349_Crooks	Escherichia coli ATCC 8739	iECs_1301	Escherichia coli O157:H7 str. Sakai	34	33	33	34	1	0	0.9706	97.06	0
map00030	rn00030	Pentose phosphate pathway	iEC1349_Crooks	Escherichia coli ATCC 8739	iEKO11_1354	Escherichia coli KO11FL	34	32	32	34	2	0	0.9412	94.12	0
map00030	rn00030	Pentose phosphate pathway	iEC1349_Crooks	Escherichia coli ATCC 8739	iETEC_1333	Escherichia coli ETEC H10407	34	34	34	34	0	0	1.0	100.0	1
map00030	rn00030	Pentose phosphate pathway	iEC1349_Crooks	Escherichia coli ATCC 8739	iEcDH1_1363	Escherichia coli DH1	34	34	34	34	0	0	1.0	100.0	1
map00030	rn00030	Pentose phosphate pathway	iEC1349_Crooks	Escherichia coli ATCC 8739	iEcE24377_1341	Escherichia coli O139:H28 str. E24377A	34	34	34	34	0	0	1.0	100.0	1
map00030	rn00030	Pentose phosphate pathway	iEC1349_Crooks	Escherichia coli ATCC 8739	iEcHS_1320	Escherichia coli HS	34	34	34	34	0	0	1.0	100.0	1
map00030	rn00030	Pentose phosphate pathway	iEC1349_Crooks	Escherichia coli ATCC 8739	iEcSMS35_1347	Escherichia coli SMS-3-5	34	34	34	34	0	0	1.0	100.0	1
map00030	rn00030	Pentose phosphate pathway	iEC1349_Crooks	Escherichia coli ATCC 8739	iEcolC_1368	Escherichia coli ATCC 8739	34	34	34	34	0	0	1.0	100.0	1
map00030	rn00030	Pentose phosphate pathway	iEC1349_Crooks	Escherichia coli ATCC 8739	iG2583_1286	Escherichia coli O55:H7 str. CB9615	34	33	33	34	1	0	0.9706	97.06	0
map00030	rn00030	Pentose phosphate pathway	iEC1349_Crooks	Escherichia coli ATCC 8739	iJO1366	Escherichia coli str. K-12 substr. MG1655	34	34	34	34	0	0	1.0	100.0	1
map00030	rn00030	Pentose phosphate pathway	iEC1349_Crooks	Escherichia coli ATCC 8739	iJR904	Escherichia coli str. K-12 substr. MG1655	34	32	32	34	2	0	0.9412	94.12	0
map00030	rn00030	Pentose phosphate pathway	iEC1349_Crooks	Escherichia coli ATCC 8739	iLF82_1304	Escherichia coli LF82	34	34	34	34	0	0	1.0	100.0	1
map00030	rn00030	Pentose phosphate pathway	iEC1349_Crooks	Escherichia coli ATCC 8739	iML1515	Escherichia coli str. K-12 substr. MG1655	34	34	34	34	0	0	1.0	100.0	1
map00030	rn00030	Pentose phosphate pathway	iEC1349_Crooks	Escherichia coli ATCC 8739	iNRG857_1313	Escherichia coli O83:H1 str. NRG 857C	34	34	34	34	0	0	1.0	100.0	1
map00030	rn00030	Pentose phosphate pathway	iEC1349_Crooks	Escherichia coli ATCC 8739	iUMN146_1321	Escherichia coli UM146	34	34	34	34	0	0	1.0	100.0	1
map00030	rn00030	Pentose phosphate pathway	iEC1349_Crooks	Escherichia coli ATCC 8739	iUMNK88_1353	Escherichia coli UMNK88	34	34	34	34	0	0	1.0	100.0	1
map00030	rn00030	Pentose phosphate pathway	iEC1349_Crooks	Escherichia coli ATCC 8739	iUTI89_1310	Escherichia coli UTI89	34	34	34	34	0	0	1.0	100.0	1
map00030	rn00030	Pentose phosphate pathway	iEC1349_Crooks	Escherichia coli ATCC 8739	iWFL_1372	Escherichia coli W	34	34	34	34	0	0	1.0	100.0	1
map00030	rn00030	Pentose phosphate pathway	iEC1349_Crooks	Escherichia coli ATCC 8739	iY75_1357	Escherichia coli str. K-12 substr. W3110	34	34	34	34	0	0	1.0	100.0	1
map00030	rn00030	Pentose phosphate pathway	iEC1349_Crooks	Escherichia coli ATCC 8739	iZ_1308	Escherichia coli O157:H7 str. EDL933	34	33	33	34	1	0	0.9706	97.06	0
map00030	rn00030	Pentose phosphate pathway	iEC1349_Crooks	Escherichia coli ATCC 8739	ic_1306	Escherichia coli CFT073	34	34	34	34	0	0	1.0	100.0	1
map00030	rn00030	Pentose phosphate pathway	iEC1356_Bl21DE3	Escherichia coli BL21(DE3)	iEC1364_W	Escherichia coli W	33	34	31	36	2	3	0.8611	86.11	0
map00030	rn00030	Pentose phosphate pathway	iEC1356_Bl21DE3	Escherichia coli BL21(DE3)	iEC1368_DH5a	Escherichia coli DH5[alpha]	33	34	33	34	0	1	0.9706	97.06	0
map00030	rn00030	Pentose phosphate pathway	iEC1356_Bl21DE3	Escherichia coli BL21(DE3)	iEC1372_W3110	Escherichia coli str. K-12 substr. W3110	33	34	33	34	0	1	0.9706	97.06	0
map00030	rn00030	Pentose phosphate pathway	iEC1356_Bl21DE3	Escherichia coli BL21(DE3)	iEC55989_1330	Escherichia coli 55989	33	34	33	34	0	1	0.9706	97.06	0
map00030	rn00030	Pentose phosphate pathway	iEC1356_Bl21DE3	Escherichia coli BL21(DE3)	iECABU_c1320	Escherichia coli ABU 83972	33	34	33	34	0	1	0.9706	97.06	0
map00030	rn00030	Pentose phosphate pathway	iEC1356_Bl21DE3	Escherichia coli BL21(DE3)	iECBD_1354	Escherichia coli 'BL21-Gold(DE3)pLysS AG'	33	33	33	33	0	0	1.0	100.0	1
map00030	rn00030	Pentose phosphate pathway	iEC1356_Bl21DE3	Escherichia coli BL21(DE3)	iECB_1328	Escherichia coli B str. REL606	33	34	33	34	0	1	0.9706	97.06	0
map00030	rn00030	Pentose phosphate pathway	iEC1356_Bl21DE3	Escherichia coli BL21(DE3)	iECDH10B_1368	Escherichia coli str. K-12 substr. DH10B	33	34	33	34	0	1	0.9706	97.06	0
map00030	rn00030	Pentose phosphate pathway	iEC1356_Bl21DE3	Escherichia coli BL21(DE3)	iECDH1ME8569_1439	Escherichia coli DH1	33	34	33	34	0	1	0.9706	97.06	0
map00030	rn00030	Pentose phosphate pathway	iEC1356_Bl21DE3	Escherichia coli BL21(DE3)	iECD_1391	Escherichia coli BL21(DE3)	33	33	33	33	0	0	1.0	100.0	1
map00030	rn00030	Pentose phosphate pathway	iEC1356_Bl21DE3	Escherichia coli BL21(DE3)	iECED1_1282	Escherichia coli ED1a	33	34	33	34	0	1	0.9706	97.06	0
map00030	rn00030	Pentose phosphate pathway	iEC1356_Bl21DE3	Escherichia coli BL21(DE3)	iECH74115_1262	Escherichia coli O157:H7 str. EC4115	33	33	32	34	1	1	0.9412	94.12	0
map00030	rn00030	Pentose phosphate pathway	iEC1356_Bl21DE3	Escherichia coli BL21(DE3)	iECIAI1_1343	Escherichia coli IAI1	33	34	33	34	0	1	0.9706	97.06	0
map00030	rn00030	Pentose phosphate pathway	iEC1356_Bl21DE3	Escherichia coli BL21(DE3)	iECIAI39_1322	Escherichia coli IAI39	33	34	33	34	0	1	0.9706	97.06	0
map00030	rn00030	Pentose phosphate pathway	iEC1356_Bl21DE3	Escherichia coli BL21(DE3)	iECNA114_1301	Escherichia coli NA114	33	34	33	34	0	1	0.9706	97.06	0
map00030	rn00030	Pentose phosphate pathway	iEC1356_Bl21DE3	Escherichia coli BL21(DE3)	iECO103_1326	Escherichia coli O103:H2 str. 12009	33	34	33	34	0	1	0.9706	97.06	0
map00030	rn00030	Pentose phosphate pathway	iEC1356_Bl21DE3	Escherichia coli BL21(DE3)	iECO111_1330	Escherichia coli O111:H- str. 11128	33	34	33	34	0	1	0.9706	97.06	0
map00030	rn00030	Pentose phosphate pathway	iEC1356_Bl21DE3	Escherichia coli BL21(DE3)	iECO26_1355	Escherichia coli O26:H11 str. 11368	33	34	33	34	0	1	0.9706	97.06	0
map00030	rn00030	Pentose phosphate pathway	iEC1356_Bl21DE3	Escherichia coli BL21(DE3)	iECOK1_1307	Escherichia coli IHE3034	33	34	33	34	0	1	0.9706	97.06	0
map00030	rn00030	Pentose phosphate pathway	iEC1356_Bl21DE3	Escherichia coli BL21(DE3)	iECP_1309	Escherichia coli 536	33	34	33	34	0	1	0.9706	97.06	0
map00030	rn00030	Pentose phosphate pathway	iEC1356_Bl21DE3	Escherichia coli BL21(DE3)	iECS88_1305	Escherichia coli S88	33	34	33	34	0	1	0.9706	97.06	0
map00030	rn00030	Pentose phosphate pathway	iEC1356_Bl21DE3	Escherichia coli BL21(DE3)	iECSE_1348	Escherichia coli SE11	33	34	33	34	0	1	0.9706	97.06	0
map00030	rn00030	Pentose phosphate pathway	iEC1356_Bl21DE3	Escherichia coli BL21(DE3)	iECSF_1327	Escherichia coli SE15	33	34	33	34	0	1	0.9706	97.06	0
map00030	rn00030	Pentose phosphate pathway	iEC1356_Bl21DE3	Escherichia coli BL21(DE3)	iECSP_1301	Escherichia coli O157:H7 str. TW14359	33	33	32	34	1	1	0.9412	94.12	0
map00030	rn00030	Pentose phosphate pathway	iEC1356_Bl21DE3	Escherichia coli BL21(DE3)	iECUMN_1333	Escherichia coli UMN026	33	34	33	34	0	1	0.9706	97.06	0
map00030	rn00030	Pentose phosphate pathway	iEC1356_Bl21DE3	Escherichia coli BL21(DE3)	iECW_1372	Escherichia coli W	33	34	33	34	0	1	0.9706	97.06	0
map00030	rn00030	Pentose phosphate pathway	iEC1356_Bl21DE3	Escherichia coli BL21(DE3)	iECs_1301	Escherichia coli O157:H7 str. Sakai	33	33	32	34	1	1	0.9412	94.12	0
map00030	rn00030	Pentose phosphate pathway	iEC1356_Bl21DE3	Escherichia coli BL21(DE3)	iEKO11_1354	Escherichia coli KO11FL	33	32	31	34	2	1	0.9118	91.18	0
map00030	rn00030	Pentose phosphate pathway	iEC1356_Bl21DE3	Escherichia coli BL21(DE3)	iETEC_1333	Escherichia coli ETEC H10407	33	34	33	34	0	1	0.9706	97.06	0
map00030	rn00030	Pentose phosphate pathway	iEC1356_Bl21DE3	Escherichia coli BL21(DE3)	iEcDH1_1363	Escherichia coli DH1	33	34	33	34	0	1	0.9706	97.06	0
map00030	rn00030	Pentose phosphate pathway	iEC1356_Bl21DE3	Escherichia coli BL21(DE3)	iEcE24377_1341	Escherichia coli O139:H28 str. E24377A	33	34	33	34	0	1	0.9706	97.06	0
map00030	rn00030	Pentose phosphate pathway	iEC1356_Bl21DE3	Escherichia coli BL21(DE3)	iEcHS_1320	Escherichia coli HS	33	34	33	34	0	1	0.9706	97.06	0
map00030	rn00030	Pentose phosphate pathway	iEC1356_Bl21DE3	Escherichia coli BL21(DE3)	iEcSMS35_1347	Escherichia coli SMS-3-5	33	34	33	34	0	1	0.9706	97.06	0
map00030	rn00030	Pentose phosphate pathway	iEC1356_Bl21DE3	Escherichia coli BL21(DE3)	iEcolC_1368	Escherichia coli ATCC 8739	33	34	33	34	0	1	0.9706	97.06	0
map00030	rn00030	Pentose phosphate pathway	iEC1356_Bl21DE3	Escherichia coli BL21(DE3)	iG2583_1286	Escherichia coli O55:H7 str. CB9615	33	33	32	34	1	1	0.9412	94.12	0
map00030	rn00030	Pentose phosphate pathway	iEC1356_Bl21DE3	Escherichia coli BL21(DE3)	iJO1366	Escherichia coli str. K-12 substr. MG1655	33	34	33	34	0	1	0.9706	97.06	0
map00030	rn00030	Pentose phosphate pathway	iEC1356_Bl21DE3	Escherichia coli BL21(DE3)	iJR904	Escherichia coli str. K-12 substr. MG1655	33	32	31	34	2	1	0.9118	91.18	0
map00030	rn00030	Pentose phosphate pathway	iEC1356_Bl21DE3	Escherichia coli BL21(DE3)	iLF82_1304	Escherichia coli LF82	33	34	33	34	0	1	0.9706	97.06	0
map00030	rn00030	Pentose phosphate pathway	iEC1356_Bl21DE3	Escherichia coli BL21(DE3)	iML1515	Escherichia coli str. K-12 substr. MG1655	33	34	33	34	0	1	0.9706	97.06	0
map00030	rn00030	Pentose phosphate pathway	iEC1356_Bl21DE3	Escherichia coli BL21(DE3)	iNRG857_1313	Escherichia coli O83:H1 str. NRG 857C	33	34	33	34	0	1	0.9706	97.06	0
map00030	rn00030	Pentose phosphate pathway	iEC1356_Bl21DE3	Escherichia coli BL21(DE3)	iUMN146_1321	Escherichia coli UM146	33	34	33	34	0	1	0.9706	97.06	0
map00030	rn00030	Pentose phosphate pathway	iEC1356_Bl21DE3	Escherichia coli BL21(DE3)	iUMNK88_1353	Escherichia coli UMNK88	33	34	33	34	0	1	0.9706	97.06	0
map00030	rn00030	Pentose phosphate pathway	iEC1356_Bl21DE3	Escherichia coli BL21(DE3)	iUTI89_1310	Escherichia coli UTI89	33	34	33	34	0	1	0.9706	97.06	0
map00030	rn00030	Pentose phosphate pathway	iEC1356_Bl21DE3	Escherichia coli BL21(DE3)	iWFL_1372	Escherichia coli W	33	34	33	34	0	1	0.9706	97.06	0
map00030	rn00030	Pentose phosphate pathway	iEC1356_Bl21DE3	Escherichia coli BL21(DE3)	iY75_1357	Escherichia coli str. K-12 substr. W3110	33	34	33	34	0	1	0.9706	97.06	0
map00030	rn00030	Pentose phosphate pathway	iEC1356_Bl21DE3	Escherichia coli BL21(DE3)	iZ_1308	Escherichia coli O157:H7 str. EDL933	33	33	32	34	1	1	0.9412	94.12	0
map00030	rn00030	Pentose phosphate pathway	iEC1356_Bl21DE3	Escherichia coli BL21(DE3)	ic_1306	Escherichia coli CFT073	33	34	33	34	0	1	0.9706	97.06	0
map00030	rn00030	Pentose phosphate pathway	iEC1364_W	Escherichia coli W	iEC1368_DH5a	Escherichia coli DH5[alpha]	34	34	32	36	2	2	0.8889	88.89	0
map00030	rn00030	Pentose phosphate pathway	iEC1364_W	Escherichia coli W	iEC1372_W3110	Escherichia coli str. K-12 substr. W3110	34	34	32	36	2	2	0.8889	88.89	0
map00030	rn00030	Pentose phosphate pathway	iEC1364_W	Escherichia coli W	iEC55989_1330	Escherichia coli 55989	34	34	32	36	2	2	0.8889	88.89	0
map00030	rn00030	Pentose phosphate pathway	iEC1364_W	Escherichia coli W	iECABU_c1320	Escherichia coli ABU 83972	34	34	32	36	2	2	0.8889	88.89	0
map00030	rn00030	Pentose phosphate pathway	iEC1364_W	Escherichia coli W	iECBD_1354	Escherichia coli 'BL21-Gold(DE3)pLysS AG'	34	33	31	36	3	2	0.8611	86.11	0
map00030	rn00030	Pentose phosphate pathway	iEC1364_W	Escherichia coli W	iECB_1328	Escherichia coli B str. REL606	34	34	32	36	2	2	0.8889	88.89	0
map00030	rn00030	Pentose phosphate pathway	iEC1364_W	Escherichia coli W	iECDH10B_1368	Escherichia coli str. K-12 substr. DH10B	34	34	32	36	2	2	0.8889	88.89	0
map00030	rn00030	Pentose phosphate pathway	iEC1364_W	Escherichia coli W	iECDH1ME8569_1439	Escherichia coli DH1	34	34	32	36	2	2	0.8889	88.89	0
map00030	rn00030	Pentose phosphate pathway	iEC1364_W	Escherichia coli W	iECD_1391	Escherichia coli BL21(DE3)	34	33	31	36	3	2	0.8611	86.11	0
map00030	rn00030	Pentose phosphate pathway	iEC1364_W	Escherichia coli W	iECED1_1282	Escherichia coli ED1a	34	34	32	36	2	2	0.8889	88.89	0
map00030	rn00030	Pentose phosphate pathway	iEC1364_W	Escherichia coli W	iECH74115_1262	Escherichia coli O157:H7 str. EC4115	34	33	31	36	3	2	0.8611	86.11	0
map00030	rn00030	Pentose phosphate pathway	iEC1364_W	Escherichia coli W	iECIAI1_1343	Escherichia coli IAI1	34	34	32	36	2	2	0.8889	88.89	0
map00030	rn00030	Pentose phosphate pathway	iEC1364_W	Escherichia coli W	iECIAI39_1322	Escherichia coli IAI39	34	34	32	36	2	2	0.8889	88.89	0
map00030	rn00030	Pentose phosphate pathway	iEC1364_W	Escherichia coli W	iECNA114_1301	Escherichia coli NA114	34	34	32	36	2	2	0.8889	88.89	0
map00030	rn00030	Pentose phosphate pathway	iEC1364_W	Escherichia coli W	iECO103_1326	Escherichia coli O103:H2 str. 12009	34	34	32	36	2	2	0.8889	88.89	0
map00030	rn00030	Pentose phosphate pathway	iEC1364_W	Escherichia coli W	iECO111_1330	Escherichia coli O111:H- str. 11128	34	34	32	36	2	2	0.8889	88.89	0
map00030	rn00030	Pentose phosphate pathway	iEC1364_W	Escherichia coli W	iECO26_1355	Escherichia coli O26:H11 str. 11368	34	34	32	36	2	2	0.8889	88.89	0
map00030	rn00030	Pentose phosphate pathway	iEC1364_W	Escherichia coli W	iECOK1_1307	Escherichia coli IHE3034	34	34	32	36	2	2	0.8889	88.89	0
map00030	rn00030	Pentose phosphate pathway	iEC1364_W	Escherichia coli W	iECP_1309	Escherichia coli 536	34	34	32	36	2	2	0.8889	88.89	0
map00030	rn00030	Pentose phosphate pathway	iEC1364_W	Escherichia coli W	iECS88_1305	Escherichia coli S88	34	34	32	36	2	2	0.8889	88.89	0
map00030	rn00030	Pentose phosphate pathway	iEC1364_W	Escherichia coli W	iECSE_1348	Escherichia coli SE11	34	34	32	36	2	2	0.8889	88.89	0
map00030	rn00030	Pentose phosphate pathway	iEC1364_W	Escherichia coli W	iECSF_1327	Escherichia coli SE15	34	34	32	36	2	2	0.8889	88.89	0
map00030	rn00030	Pentose phosphate pathway	iEC1364_W	Escherichia coli W	iECSP_1301	Escherichia coli O157:H7 str. TW14359	34	33	31	36	3	2	0.8611	86.11	0
map00030	rn00030	Pentose phosphate pathway	iEC1364_W	Escherichia coli W	iECUMN_1333	Escherichia coli UMN026	34	34	32	36	2	2	0.8889	88.89	0
map00030	rn00030	Pentose phosphate pathway	iEC1364_W	Escherichia coli W	iECW_1372	Escherichia coli W	34	34	32	36	2	2	0.8889	88.89	0
map00030	rn00030	Pentose phosphate pathway	iEC1364_W	Escherichia coli W	iECs_1301	Escherichia coli O157:H7 str. Sakai	34	33	31	36	3	2	0.8611	86.11	0
map00030	rn00030	Pentose phosphate pathway	iEC1364_W	Escherichia coli W	iEKO11_1354	Escherichia coli KO11FL	34	32	32	34	2	0	0.9412	94.12	0
map00030	rn00030	Pentose phosphate pathway	iEC1364_W	Escherichia coli W	iETEC_1333	Escherichia coli ETEC H10407	34	34	32	36	2	2	0.8889	88.89	0
map00030	rn00030	Pentose phosphate pathway	iEC1364_W	Escherichia coli W	iEcDH1_1363	Escherichia coli DH1	34	34	32	36	2	2	0.8889	88.89	0
map00030	rn00030	Pentose phosphate pathway	iEC1364_W	Escherichia coli W	iEcE24377_1341	Escherichia coli O139:H28 str. E24377A	34	34	32	36	2	2	0.8889	88.89	0
map00030	rn00030	Pentose phosphate pathway	iEC1364_W	Escherichia coli W	iEcHS_1320	Escherichia coli HS	34	34	32	36	2	2	0.8889	88.89	0
map00030	rn00030	Pentose phosphate pathway	iEC1364_W	Escherichia coli W	iEcSMS35_1347	Escherichia coli SMS-3-5	34	34	32	36	2	2	0.8889	88.89	0
map00030	rn00030	Pentose phosphate pathway	iEC1364_W	Escherichia coli W	iEcolC_1368	Escherichia coli ATCC 8739	34	34	32	36	2	2	0.8889	88.89	0
map00030	rn00030	Pentose phosphate pathway	iEC1364_W	Escherichia coli W	iG2583_1286	Escherichia coli O55:H7 str. CB9615	34	33	31	36	3	2	0.8611	86.11	0
map00030	rn00030	Pentose phosphate pathway	iEC1364_W	Escherichia coli W	iJO1366	Escherichia coli str. K-12 substr. MG1655	34	34	32	36	2	2	0.8889	88.89	0
map00030	rn00030	Pentose phosphate pathway	iEC1364_W	Escherichia coli W	iJR904	Escherichia coli str. K-12 substr. MG1655	34	32	30	36	4	2	0.8333	83.33	0
map00030	rn00030	Pentose phosphate pathway	iEC1364_W	Escherichia coli W	iLF82_1304	Escherichia coli LF82	34	34	32	36	2	2	0.8889	88.89	0
map00030	rn00030	Pentose phosphate pathway	iEC1364_W	Escherichia coli W	iML1515	Escherichia coli str. K-12 substr. MG1655	34	34	32	36	2	2	0.8889	88.89	0
map00030	rn00030	Pentose phosphate pathway	iEC1364_W	Escherichia coli W	iNRG857_1313	Escherichia coli O83:H1 str. NRG 857C	34	34	32	36	2	2	0.8889	88.89	0
map00030	rn00030	Pentose phosphate pathway	iEC1364_W	Escherichia coli W	iUMN146_1321	Escherichia coli UM146	34	34	32	36	2	2	0.8889	88.89	0
map00030	rn00030	Pentose phosphate pathway	iEC1364_W	Escherichia coli W	iUMNK88_1353	Escherichia coli UMNK88	34	34	32	36	2	2	0.8889	88.89	0
map00030	rn00030	Pentose phosphate pathway	iEC1364_W	Escherichia coli W	iUTI89_1310	Escherichia coli UTI89	34	34	32	36	2	2	0.8889	88.89	0
map00030	rn00030	Pentose phosphate pathway	iEC1364_W	Escherichia coli W	iWFL_1372	Escherichia coli W	34	34	32	36	2	2	0.8889	88.89	0
map00030	rn00030	Pentose phosphate pathway	iEC1364_W	Escherichia coli W	iY75_1357	Escherichia coli str. K-12 substr. W3110	34	34	32	36	2	2	0.8889	88.89	0
map00030	rn00030	Pentose phosphate pathway	iEC1364_W	Escherichia coli W	iZ_1308	Escherichia coli O157:H7 str. EDL933	34	33	31	36	3	2	0.8611	86.11	0
map00030	rn00030	Pentose phosphate pathway	iEC1364_W	Escherichia coli W	ic_1306	Escherichia coli CFT073	34	34	32	36	2	2	0.8889	88.89	0
map00030	rn00030	Pentose phosphate pathway	iEC1368_DH5a	Escherichia coli DH5[alpha]	iEC1372_W3110	Escherichia coli str. K-12 substr. W3110	34	34	34	34	0	0	1.0	100.0	1
map00030	rn00030	Pentose phosphate pathway	iEC1368_DH5a	Escherichia coli DH5[alpha]	iEC55989_1330	Escherichia coli 55989	34	34	34	34	0	0	1.0	100.0	1
map00030	rn00030	Pentose phosphate pathway	iEC1368_DH5a	Escherichia coli DH5[alpha]	iECABU_c1320	Escherichia coli ABU 83972	34	34	34	34	0	0	1.0	100.0	1
map00030	rn00030	Pentose phosphate pathway	iEC1368_DH5a	Escherichia coli DH5[alpha]	iECBD_1354	Escherichia coli 'BL21-Gold(DE3)pLysS AG'	34	33	33	34	1	0	0.9706	97.06	0
map00030	rn00030	Pentose phosphate pathway	iEC1368_DH5a	Escherichia coli DH5[alpha]	iECB_1328	Escherichia coli B str. REL606	34	34	34	34	0	0	1.0	100.0	1
map00030	rn00030	Pentose phosphate pathway	iEC1368_DH5a	Escherichia coli DH5[alpha]	iECDH10B_1368	Escherichia coli str. K-12 substr. DH10B	34	34	34	34	0	0	1.0	100.0	1
map00030	rn00030	Pentose phosphate pathway	iEC1368_DH5a	Escherichia coli DH5[alpha]	iECDH1ME8569_1439	Escherichia coli DH1	34	34	34	34	0	0	1.0	100.0	1
map00030	rn00030	Pentose phosphate pathway	iEC1368_DH5a	Escherichia coli DH5[alpha]	iECD_1391	Escherichia coli BL21(DE3)	34	33	33	34	1	0	0.9706	97.06	0
map00030	rn00030	Pentose phosphate pathway	iEC1368_DH5a	Escherichia coli DH5[alpha]	iECED1_1282	Escherichia coli ED1a	34	34	34	34	0	0	1.0	100.0	1
map00030	rn00030	Pentose phosphate pathway	iEC1368_DH5a	Escherichia coli DH5[alpha]	iECH74115_1262	Escherichia coli O157:H7 str. EC4115	34	33	33	34	1	0	0.9706	97.06	0
map00030	rn00030	Pentose phosphate pathway	iEC1368_DH5a	Escherichia coli DH5[alpha]	iECIAI1_1343	Escherichia coli IAI1	34	34	34	34	0	0	1.0	100.0	1
map00030	rn00030	Pentose phosphate pathway	iEC1368_DH5a	Escherichia coli DH5[alpha]	iECIAI39_1322	Escherichia coli IAI39	34	34	34	34	0	0	1.0	100.0	1
map00030	rn00030	Pentose phosphate pathway	iEC1368_DH5a	Escherichia coli DH5[alpha]	iECNA114_1301	Escherichia coli NA114	34	34	34	34	0	0	1.0	100.0	1
map00030	rn00030	Pentose phosphate pathway	iEC1368_DH5a	Escherichia coli DH5[alpha]	iECO103_1326	Escherichia coli O103:H2 str. 12009	34	34	34	34	0	0	1.0	100.0	1
map00030	rn00030	Pentose phosphate pathway	iEC1368_DH5a	Escherichia coli DH5[alpha]	iECO111_1330	Escherichia coli O111:H- str. 11128	34	34	34	34	0	0	1.0	100.0	1
map00030	rn00030	Pentose phosphate pathway	iEC1368_DH5a	Escherichia coli DH5[alpha]	iECO26_1355	Escherichia coli O26:H11 str. 11368	34	34	34	34	0	0	1.0	100.0	1
map00030	rn00030	Pentose phosphate pathway	iEC1368_DH5a	Escherichia coli DH5[alpha]	iECOK1_1307	Escherichia coli IHE3034	34	34	34	34	0	0	1.0	100.0	1
map00030	rn00030	Pentose phosphate pathway	iEC1368_DH5a	Escherichia coli DH5[alpha]	iECP_1309	Escherichia coli 536	34	34	34	34	0	0	1.0	100.0	1
map00030	rn00030	Pentose phosphate pathway	iEC1368_DH5a	Escherichia coli DH5[alpha]	iECS88_1305	Escherichia coli S88	34	34	34	34	0	0	1.0	100.0	1
map00030	rn00030	Pentose phosphate pathway	iEC1368_DH5a	Escherichia coli DH5[alpha]	iECSE_1348	Escherichia coli SE11	34	34	34	34	0	0	1.0	100.0	1
map00030	rn00030	Pentose phosphate pathway	iEC1368_DH5a	Escherichia coli DH5[alpha]	iECSF_1327	Escherichia coli SE15	34	34	34	34	0	0	1.0	100.0	1
map00030	rn00030	Pentose phosphate pathway	iEC1368_DH5a	Escherichia coli DH5[alpha]	iECSP_1301	Escherichia coli O157:H7 str. TW14359	34	33	33	34	1	0	0.9706	97.06	0
map00030	rn00030	Pentose phosphate pathway	iEC1368_DH5a	Escherichia coli DH5[alpha]	iECUMN_1333	Escherichia coli UMN026	34	34	34	34	0	0	1.0	100.0	1
map00030	rn00030	Pentose phosphate pathway	iEC1368_DH5a	Escherichia coli DH5[alpha]	iECW_1372	Escherichia coli W	34	34	34	34	0	0	1.0	100.0	1
map00030	rn00030	Pentose phosphate pathway	iEC1368_DH5a	Escherichia coli DH5[alpha]	iECs_1301	Escherichia coli O157:H7 str. Sakai	34	33	33	34	1	0	0.9706	97.06	0
map00030	rn00030	Pentose phosphate pathway	iEC1368_DH5a	Escherichia coli DH5[alpha]	iEKO11_1354	Escherichia coli KO11FL	34	32	32	34	2	0	0.9412	94.12	0
map00030	rn00030	Pentose phosphate pathway	iEC1368_DH5a	Escherichia coli DH5[alpha]	iETEC_1333	Escherichia coli ETEC H10407	34	34	34	34	0	0	1.0	100.0	1
map00030	rn00030	Pentose phosphate pathway	iEC1368_DH5a	Escherichia coli DH5[alpha]	iEcDH1_1363	Escherichia coli DH1	34	34	34	34	0	0	1.0	100.0	1
map00030	rn00030	Pentose phosphate pathway	iEC1368_DH5a	Escherichia coli DH5[alpha]	iEcE24377_1341	Escherichia coli O139:H28 str. E24377A	34	34	34	34	0	0	1.0	100.0	1
map00030	rn00030	Pentose phosphate pathway	iEC1368_DH5a	Escherichia coli DH5[alpha]	iEcHS_1320	Escherichia coli HS	34	34	34	34	0	0	1.0	100.0	1
map00030	rn00030	Pentose phosphate pathway	iEC1368_DH5a	Escherichia coli DH5[alpha]	iEcSMS35_1347	Escherichia coli SMS-3-5	34	34	34	34	0	0	1.0	100.0	1
map00030	rn00030	Pentose phosphate pathway	iEC1368_DH5a	Escherichia coli DH5[alpha]	iEcolC_1368	Escherichia coli ATCC 8739	34	34	34	34	0	0	1.0	100.0	1
map00030	rn00030	Pentose phosphate pathway	iEC1368_DH5a	Escherichia coli DH5[alpha]	iG2583_1286	Escherichia coli O55:H7 str. CB9615	34	33	33	34	1	0	0.9706	97.06	0
map00030	rn00030	Pentose phosphate pathway	iEC1368_DH5a	Escherichia coli DH5[alpha]	iJO1366	Escherichia coli str. K-12 substr. MG1655	34	34	34	34	0	0	1.0	100.0	1
map00030	rn00030	Pentose phosphate pathway	iEC1368_DH5a	Escherichia coli DH5[alpha]	iJR904	Escherichia coli str. K-12 substr. MG1655	34	32	32	34	2	0	0.9412	94.12	0
map00030	rn00030	Pentose phosphate pathway	iEC1368_DH5a	Escherichia coli DH5[alpha]	iLF82_1304	Escherichia coli LF82	34	34	34	34	0	0	1.0	100.0	1
map00030	rn00030	Pentose phosphate pathway	iEC1368_DH5a	Escherichia coli DH5[alpha]	iML1515	Escherichia coli str. K-12 substr. MG1655	34	34	34	34	0	0	1.0	100.0	1
map00030	rn00030	Pentose phosphate pathway	iEC1368_DH5a	Escherichia coli DH5[alpha]	iNRG857_1313	Escherichia coli O83:H1 str. NRG 857C	34	34	34	34	0	0	1.0	100.0	1
map00030	rn00030	Pentose phosphate pathway	iEC1368_DH5a	Escherichia coli DH5[alpha]	iUMN146_1321	Escherichia coli UM146	34	34	34	34	0	0	1.0	100.0	1
map00030	rn00030	Pentose phosphate pathway	iEC1368_DH5a	Escherichia coli DH5[alpha]	iUMNK88_1353	Escherichia coli UMNK88	34	34	34	34	0	0	1.0	100.0	1
map00030	rn00030	Pentose phosphate pathway	iEC1368_DH5a	Escherichia coli DH5[alpha]	iUTI89_1310	Escherichia coli UTI89	34	34	34	34	0	0	1.0	100.0	1
map00030	rn00030	Pentose phosphate pathway	iEC1368_DH5a	Escherichia coli DH5[alpha]	iWFL_1372	Escherichia coli W	34	34	34	34	0	0	1.0	100.0	1
map00030	rn00030	Pentose phosphate pathway	iEC1368_DH5a	Escherichia coli DH5[alpha]	iY75_1357	Escherichia coli str. K-12 substr. W3110	34	34	34	34	0	0	1.0	100.0	1
map00030	rn00030	Pentose phosphate pathway	iEC1368_DH5a	Escherichia coli DH5[alpha]	iZ_1308	Escherichia coli O157:H7 str. EDL933	34	33	33	34	1	0	0.9706	97.06	0
map00030	rn00030	Pentose phosphate pathway	iEC1368_DH5a	Escherichia coli DH5[alpha]	ic_1306	Escherichia coli CFT073	34	34	34	34	0	0	1.0	100.0	1
map00030	rn00030	Pentose phosphate pathway	iEC1372_W3110	Escherichia coli str. K-12 substr. W3110	iEC55989_1330	Escherichia coli 55989	34	34	34	34	0	0	1.0	100.0	1
map00030	rn00030	Pentose phosphate pathway	iEC1372_W3110	Escherichia coli str. K-12 substr. W3110	iECABU_c1320	Escherichia coli ABU 83972	34	34	34	34	0	0	1.0	100.0	1
map00030	rn00030	Pentose phosphate pathway	iEC1372_W3110	Escherichia coli str. K-12 substr. W3110	iECBD_1354	Escherichia coli 'BL21-Gold(DE3)pLysS AG'	34	33	33	34	1	0	0.9706	97.06	0
map00030	rn00030	Pentose phosphate pathway	iEC1372_W3110	Escherichia coli str. K-12 substr. W3110	iECB_1328	Escherichia coli B str. REL606	34	34	34	34	0	0	1.0	100.0	1
map00030	rn00030	Pentose phosphate pathway	iEC1372_W3110	Escherichia coli str. K-12 substr. W3110	iECDH10B_1368	Escherichia coli str. K-12 substr. DH10B	34	34	34	34	0	0	1.0	100.0	1
map00030	rn00030	Pentose phosphate pathway	iEC1372_W3110	Escherichia coli str. K-12 substr. W3110	iECDH1ME8569_1439	Escherichia coli DH1	34	34	34	34	0	0	1.0	100.0	1
map00030	rn00030	Pentose phosphate pathway	iEC1372_W3110	Escherichia coli str. K-12 substr. W3110	iECD_1391	Escherichia coli BL21(DE3)	34	33	33	34	1	0	0.9706	97.06	0
map00030	rn00030	Pentose phosphate pathway	iEC1372_W3110	Escherichia coli str. K-12 substr. W3110	iECED1_1282	Escherichia coli ED1a	34	34	34	34	0	0	1.0	100.0	1
map00030	rn00030	Pentose phosphate pathway	iEC1372_W3110	Escherichia coli str. K-12 substr. W3110	iECH74115_1262	Escherichia coli O157:H7 str. EC4115	34	33	33	34	1	0	0.9706	97.06	0
map00030	rn00030	Pentose phosphate pathway	iEC1372_W3110	Escherichia coli str. K-12 substr. W3110	iECIAI1_1343	Escherichia coli IAI1	34	34	34	34	0	0	1.0	100.0	1
map00030	rn00030	Pentose phosphate pathway	iEC1372_W3110	Escherichia coli str. K-12 substr. W3110	iECIAI39_1322	Escherichia coli IAI39	34	34	34	34	0	0	1.0	100.0	1
map00030	rn00030	Pentose phosphate pathway	iEC1372_W3110	Escherichia coli str. K-12 substr. W3110	iECNA114_1301	Escherichia coli NA114	34	34	34	34	0	0	1.0	100.0	1
map00030	rn00030	Pentose phosphate pathway	iEC1372_W3110	Escherichia coli str. K-12 substr. W3110	iECO103_1326	Escherichia coli O103:H2 str. 12009	34	34	34	34	0	0	1.0	100.0	1
map00030	rn00030	Pentose phosphate pathway	iEC1372_W3110	Escherichia coli str. K-12 substr. W3110	iECO111_1330	Escherichia coli O111:H- str. 11128	34	34	34	34	0	0	1.0	100.0	1
map00030	rn00030	Pentose phosphate pathway	iEC1372_W3110	Escherichia coli str. K-12 substr. W3110	iECO26_1355	Escherichia coli O26:H11 str. 11368	34	34	34	34	0	0	1.0	100.0	1
map00030	rn00030	Pentose phosphate pathway	iEC1372_W3110	Escherichia coli str. K-12 substr. W3110	iECOK1_1307	Escherichia coli IHE3034	34	34	34	34	0	0	1.0	100.0	1
map00030	rn00030	Pentose phosphate pathway	iEC1372_W3110	Escherichia coli str. K-12 substr. W3110	iECP_1309	Escherichia coli 536	34	34	34	34	0	0	1.0	100.0	1
map00030	rn00030	Pentose phosphate pathway	iEC1372_W3110	Escherichia coli str. K-12 substr. W3110	iECS88_1305	Escherichia coli S88	34	34	34	34	0	0	1.0	100.0	1
map00030	rn00030	Pentose phosphate pathway	iEC1372_W3110	Escherichia coli str. K-12 substr. W3110	iECSE_1348	Escherichia coli SE11	34	34	34	34	0	0	1.0	100.0	1
map00030	rn00030	Pentose phosphate pathway	iEC1372_W3110	Escherichia coli str. K-12 substr. W3110	iECSF_1327	Escherichia coli SE15	34	34	34	34	0	0	1.0	100.0	1
map00030	rn00030	Pentose phosphate pathway	iEC1372_W3110	Escherichia coli str. K-12 substr. W3110	iECSP_1301	Escherichia coli O157:H7 str. TW14359	34	33	33	34	1	0	0.9706	97.06	0
map00030	rn00030	Pentose phosphate pathway	iEC1372_W3110	Escherichia coli str. K-12 substr. W3110	iECUMN_1333	Escherichia coli UMN026	34	34	34	34	0	0	1.0	100.0	1
map00030	rn00030	Pentose phosphate pathway	iEC1372_W3110	Escherichia coli str. K-12 substr. W3110	iECW_1372	Escherichia coli W	34	34	34	34	0	0	1.0	100.0	1
map00030	rn00030	Pentose phosphate pathway	iEC1372_W3110	Escherichia coli str. K-12 substr. W3110	iECs_1301	Escherichia coli O157:H7 str. Sakai	34	33	33	34	1	0	0.9706	97.06	0
map00030	rn00030	Pentose phosphate pathway	iEC1372_W3110	Escherichia coli str. K-12 substr. W3110	iEKO11_1354	Escherichia coli KO11FL	34	32	32	34	2	0	0.9412	94.12	0
map00030	rn00030	Pentose phosphate pathway	iEC1372_W3110	Escherichia coli str. K-12 substr. W3110	iETEC_1333	Escherichia coli ETEC H10407	34	34	34	34	0	0	1.0	100.0	1
map00030	rn00030	Pentose phosphate pathway	iEC1372_W3110	Escherichia coli str. K-12 substr. W3110	iEcDH1_1363	Escherichia coli DH1	34	34	34	34	0	0	1.0	100.0	1
map00030	rn00030	Pentose phosphate pathway	iEC1372_W3110	Escherichia coli str. K-12 substr. W3110	iEcE24377_1341	Escherichia coli O139:H28 str. E24377A	34	34	34	34	0	0	1.0	100.0	1
map00030	rn00030	Pentose phosphate pathway	iEC1372_W3110	Escherichia coli str. K-12 substr. W3110	iEcHS_1320	Escherichia coli HS	34	34	34	34	0	0	1.0	100.0	1
map00030	rn00030	Pentose phosphate pathway	iEC1372_W3110	Escherichia coli str. K-12 substr. W3110	iEcSMS35_1347	Escherichia coli SMS-3-5	34	34	34	34	0	0	1.0	100.0	1
map00030	rn00030	Pentose phosphate pathway	iEC1372_W3110	Escherichia coli str. K-12 substr. W3110	iEcolC_1368	Escherichia coli ATCC 8739	34	34	34	34	0	0	1.0	100.0	1
map00030	rn00030	Pentose phosphate pathway	iEC1372_W3110	Escherichia coli str. K-12 substr. W3110	iG2583_1286	Escherichia coli O55:H7 str. CB9615	34	33	33	34	1	0	0.9706	97.06	0
map00030	rn00030	Pentose phosphate pathway	iEC1372_W3110	Escherichia coli str. K-12 substr. W3110	iJO1366	Escherichia coli str. K-12 substr. MG1655	34	34	34	34	0	0	1.0	100.0	1
map00030	rn00030	Pentose phosphate pathway	iEC1372_W3110	Escherichia coli str. K-12 substr. W3110	iJR904	Escherichia coli str. K-12 substr. MG1655	34	32	32	34	2	0	0.9412	94.12	0
map00030	rn00030	Pentose phosphate pathway	iEC1372_W3110	Escherichia coli str. K-12 substr. W3110	iLF82_1304	Escherichia coli LF82	34	34	34	34	0	0	1.0	100.0	1
map00030	rn00030	Pentose phosphate pathway	iEC1372_W3110	Escherichia coli str. K-12 substr. W3110	iML1515	Escherichia coli str. K-12 substr. MG1655	34	34	34	34	0	0	1.0	100.0	1
map00030	rn00030	Pentose phosphate pathway	iEC1372_W3110	Escherichia coli str. K-12 substr. W3110	iNRG857_1313	Escherichia coli O83:H1 str. NRG 857C	34	34	34	34	0	0	1.0	100.0	1
map00030	rn00030	Pentose phosphate pathway	iEC1372_W3110	Escherichia coli str. K-12 substr. W3110	iUMN146_1321	Escherichia coli UM146	34	34	34	34	0	0	1.0	100.0	1
map00030	rn00030	Pentose phosphate pathway	iEC1372_W3110	Escherichia coli str. K-12 substr. W3110	iUMNK88_1353	Escherichia coli UMNK88	34	34	34	34	0	0	1.0	100.0	1
map00030	rn00030	Pentose phosphate pathway	iEC1372_W3110	Escherichia coli str. K-12 substr. W3110	iUTI89_1310	Escherichia coli UTI89	34	34	34	34	0	0	1.0	100.0	1
map00030	rn00030	Pentose phosphate pathway	iEC1372_W3110	Escherichia coli str. K-12 substr. W3110	iWFL_1372	Escherichia coli W	34	34	34	34	0	0	1.0	100.0	1
map00030	rn00030	Pentose phosphate pathway	iEC1372_W3110	Escherichia coli str. K-12 substr. W3110	iY75_1357	Escherichia coli str. K-12 substr. W3110	34	34	34	34	0	0	1.0	100.0	1
map00030	rn00030	Pentose phosphate pathway	iEC1372_W3110	Escherichia coli str. K-12 substr. W3110	iZ_1308	Escherichia coli O157:H7 str. EDL933	34	33	33	34	1	0	0.9706	97.06	0
map00030	rn00030	Pentose phosphate pathway	iEC1372_W3110	Escherichia coli str. K-12 substr. W3110	ic_1306	Escherichia coli CFT073	34	34	34	34	0	0	1.0	100.0	1
map00030	rn00030	Pentose phosphate pathway	iEC55989_1330	Escherichia coli 55989	iECABU_c1320	Escherichia coli ABU 83972	34	34	34	34	0	0	1.0	100.0	1
map00030	rn00030	Pentose phosphate pathway	iEC55989_1330	Escherichia coli 55989	iECBD_1354	Escherichia coli 'BL21-Gold(DE3)pLysS AG'	34	33	33	34	1	0	0.9706	97.06	0
map00030	rn00030	Pentose phosphate pathway	iEC55989_1330	Escherichia coli 55989	iECB_1328	Escherichia coli B str. REL606	34	34	34	34	0	0	1.0	100.0	1
map00030	rn00030	Pentose phosphate pathway	iEC55989_1330	Escherichia coli 55989	iECDH10B_1368	Escherichia coli str. K-12 substr. DH10B	34	34	34	34	0	0	1.0	100.0	1
map00030	rn00030	Pentose phosphate pathway	iEC55989_1330	Escherichia coli 55989	iECDH1ME8569_1439	Escherichia coli DH1	34	34	34	34	0	0	1.0	100.0	1
map00030	rn00030	Pentose phosphate pathway	iEC55989_1330	Escherichia coli 55989	iECD_1391	Escherichia coli BL21(DE3)	34	33	33	34	1	0	0.9706	97.06	0
map00030	rn00030	Pentose phosphate pathway	iEC55989_1330	Escherichia coli 55989	iECED1_1282	Escherichia coli ED1a	34	34	34	34	0	0	1.0	100.0	1
map00030	rn00030	Pentose phosphate pathway	iEC55989_1330	Escherichia coli 55989	iECH74115_1262	Escherichia coli O157:H7 str. EC4115	34	33	33	34	1	0	0.9706	97.06	0
map00030	rn00030	Pentose phosphate pathway	iEC55989_1330	Escherichia coli 55989	iECIAI1_1343	Escherichia coli IAI1	34	34	34	34	0	0	1.0	100.0	1
map00030	rn00030	Pentose phosphate pathway	iEC55989_1330	Escherichia coli 55989	iECIAI39_1322	Escherichia coli IAI39	34	34	34	34	0	0	1.0	100.0	1
map00030	rn00030	Pentose phosphate pathway	iEC55989_1330	Escherichia coli 55989	iECNA114_1301	Escherichia coli NA114	34	34	34	34	0	0	1.0	100.0	1
map00030	rn00030	Pentose phosphate pathway	iEC55989_1330	Escherichia coli 55989	iECO103_1326	Escherichia coli O103:H2 str. 12009	34	34	34	34	0	0	1.0	100.0	1
map00030	rn00030	Pentose phosphate pathway	iEC55989_1330	Escherichia coli 55989	iECO111_1330	Escherichia coli O111:H- str. 11128	34	34	34	34	0	0	1.0	100.0	1
map00030	rn00030	Pentose phosphate pathway	iEC55989_1330	Escherichia coli 55989	iECO26_1355	Escherichia coli O26:H11 str. 11368	34	34	34	34	0	0	1.0	100.0	1
map00030	rn00030	Pentose phosphate pathway	iEC55989_1330	Escherichia coli 55989	iECOK1_1307	Escherichia coli IHE3034	34	34	34	34	0	0	1.0	100.0	1
map00030	rn00030	Pentose phosphate pathway	iEC55989_1330	Escherichia coli 55989	iECP_1309	Escherichia coli 536	34	34	34	34	0	0	1.0	100.0	1
map00030	rn00030	Pentose phosphate pathway	iEC55989_1330	Escherichia coli 55989	iECS88_1305	Escherichia coli S88	34	34	34	34	0	0	1.0	100.0	1
map00030	rn00030	Pentose phosphate pathway	iEC55989_1330	Escherichia coli 55989	iECSE_1348	Escherichia coli SE11	34	34	34	34	0	0	1.0	100.0	1
map00030	rn00030	Pentose phosphate pathway	iEC55989_1330	Escherichia coli 55989	iECSF_1327	Escherichia coli SE15	34	34	34	34	0	0	1.0	100.0	1
map00030	rn00030	Pentose phosphate pathway	iEC55989_1330	Escherichia coli 55989	iECSP_1301	Escherichia coli O157:H7 str. TW14359	34	33	33	34	1	0	0.9706	97.06	0
map00030	rn00030	Pentose phosphate pathway	iEC55989_1330	Escherichia coli 55989	iECUMN_1333	Escherichia coli UMN026	34	34	34	34	0	0	1.0	100.0	1
map00030	rn00030	Pentose phosphate pathway	iEC55989_1330	Escherichia coli 55989	iECW_1372	Escherichia coli W	34	34	34	34	0	0	1.0	100.0	1
map00030	rn00030	Pentose phosphate pathway	iEC55989_1330	Escherichia coli 55989	iECs_1301	Escherichia coli O157:H7 str. Sakai	34	33	33	34	1	0	0.9706	97.06	0
map00030	rn00030	Pentose phosphate pathway	iEC55989_1330	Escherichia coli 55989	iEKO11_1354	Escherichia coli KO11FL	34	32	32	34	2	0	0.9412	94.12	0
map00030	rn00030	Pentose phosphate pathway	iEC55989_1330	Escherichia coli 55989	iETEC_1333	Escherichia coli ETEC H10407	34	34	34	34	0	0	1.0	100.0	1
map00030	rn00030	Pentose phosphate pathway	iEC55989_1330	Escherichia coli 55989	iEcDH1_1363	Escherichia coli DH1	34	34	34	34	0	0	1.0	100.0	1
map00030	rn00030	Pentose phosphate pathway	iEC55989_1330	Escherichia coli 55989	iEcE24377_1341	Escherichia coli O139:H28 str. E24377A	34	34	34	34	0	0	1.0	100.0	1
map00030	rn00030	Pentose phosphate pathway	iEC55989_1330	Escherichia coli 55989	iEcHS_1320	Escherichia coli HS	34	34	34	34	0	0	1.0	100.0	1
map00030	rn00030	Pentose phosphate pathway	iEC55989_1330	Escherichia coli 55989	iEcSMS35_1347	Escherichia coli SMS-3-5	34	34	34	34	0	0	1.0	100.0	1
map00030	rn00030	Pentose phosphate pathway	iEC55989_1330	Escherichia coli 55989	iEcolC_1368	Escherichia coli ATCC 8739	34	34	34	34	0	0	1.0	100.0	1
map00030	rn00030	Pentose phosphate pathway	iEC55989_1330	Escherichia coli 55989	iG2583_1286	Escherichia coli O55:H7 str. CB9615	34	33	33	34	1	0	0.9706	97.06	0
map00030	rn00030	Pentose phosphate pathway	iEC55989_1330	Escherichia coli 55989	iJO1366	Escherichia coli str. K-12 substr. MG1655	34	34	34	34	0	0	1.0	100.0	1
map00030	rn00030	Pentose phosphate pathway	iEC55989_1330	Escherichia coli 55989	iJR904	Escherichia coli str. K-12 substr. MG1655	34	32	32	34	2	0	0.9412	94.12	0
map00030	rn00030	Pentose phosphate pathway	iEC55989_1330	Escherichia coli 55989	iLF82_1304	Escherichia coli LF82	34	34	34	34	0	0	1.0	100.0	1
map00030	rn00030	Pentose phosphate pathway	iEC55989_1330	Escherichia coli 55989	iML1515	Escherichia coli str. K-12 substr. MG1655	34	34	34	34	0	0	1.0	100.0	1
map00030	rn00030	Pentose phosphate pathway	iEC55989_1330	Escherichia coli 55989	iNRG857_1313	Escherichia coli O83:H1 str. NRG 857C	34	34	34	34	0	0	1.0	100.0	1
map00030	rn00030	Pentose phosphate pathway	iEC55989_1330	Escherichia coli 55989	iUMN146_1321	Escherichia coli UM146	34	34	34	34	0	0	1.0	100.0	1
map00030	rn00030	Pentose phosphate pathway	iEC55989_1330	Escherichia coli 55989	iUMNK88_1353	Escherichia coli UMNK88	34	34	34	34	0	0	1.0	100.0	1
map00030	rn00030	Pentose phosphate pathway	iEC55989_1330	Escherichia coli 55989	iUTI89_1310	Escherichia coli UTI89	34	34	34	34	0	0	1.0	100.0	1
map00030	rn00030	Pentose phosphate pathway	iEC55989_1330	Escherichia coli 55989	iWFL_1372	Escherichia coli W	34	34	34	34	0	0	1.0	100.0	1
map00030	rn00030	Pentose phosphate pathway	iEC55989_1330	Escherichia coli 55989	iY75_1357	Escherichia coli str. K-12 substr. W3110	34	34	34	34	0	0	1.0	100.0	1
map00030	rn00030	Pentose phosphate pathway	iEC55989_1330	Escherichia coli 55989	iZ_1308	Escherichia coli O157:H7 str. EDL933	34	33	33	34	1	0	0.9706	97.06	0
map00030	rn00030	Pentose phosphate pathway	iEC55989_1330	Escherichia coli 55989	ic_1306	Escherichia coli CFT073	34	34	34	34	0	0	1.0	100.0	1
map00030	rn00030	Pentose phosphate pathway	iECABU_c1320	Escherichia coli ABU 83972	iECBD_1354	Escherichia coli 'BL21-Gold(DE3)pLysS AG'	34	33	33	34	1	0	0.9706	97.06	0
map00030	rn00030	Pentose phosphate pathway	iECABU_c1320	Escherichia coli ABU 83972	iECB_1328	Escherichia coli B str. REL606	34	34	34	34	0	0	1.0	100.0	1
map00030	rn00030	Pentose phosphate pathway	iECABU_c1320	Escherichia coli ABU 83972	iECDH10B_1368	Escherichia coli str. K-12 substr. DH10B	34	34	34	34	0	0	1.0	100.0	1
map00030	rn00030	Pentose phosphate pathway	iECABU_c1320	Escherichia coli ABU 83972	iECDH1ME8569_1439	Escherichia coli DH1	34	34	34	34	0	0	1.0	100.0	1
map00030	rn00030	Pentose phosphate pathway	iECABU_c1320	Escherichia coli ABU 83972	iECD_1391	Escherichia coli BL21(DE3)	34	33	33	34	1	0	0.9706	97.06	0
map00030	rn00030	Pentose phosphate pathway	iECABU_c1320	Escherichia coli ABU 83972	iECED1_1282	Escherichia coli ED1a	34	34	34	34	0	0	1.0	100.0	1
map00030	rn00030	Pentose phosphate pathway	iECABU_c1320	Escherichia coli ABU 83972	iECH74115_1262	Escherichia coli O157:H7 str. EC4115	34	33	33	34	1	0	0.9706	97.06	0
map00030	rn00030	Pentose phosphate pathway	iECABU_c1320	Escherichia coli ABU 83972	iECIAI1_1343	Escherichia coli IAI1	34	34	34	34	0	0	1.0	100.0	1
map00030	rn00030	Pentose phosphate pathway	iECABU_c1320	Escherichia coli ABU 83972	iECIAI39_1322	Escherichia coli IAI39	34	34	34	34	0	0	1.0	100.0	1
map00030	rn00030	Pentose phosphate pathway	iECABU_c1320	Escherichia coli ABU 83972	iECNA114_1301	Escherichia coli NA114	34	34	34	34	0	0	1.0	100.0	1
map00030	rn00030	Pentose phosphate pathway	iECABU_c1320	Escherichia coli ABU 83972	iECO103_1326	Escherichia coli O103:H2 str. 12009	34	34	34	34	0	0	1.0	100.0	1
map00030	rn00030	Pentose phosphate pathway	iECABU_c1320	Escherichia coli ABU 83972	iECO111_1330	Escherichia coli O111:H- str. 11128	34	34	34	34	0	0	1.0	100.0	1
map00030	rn00030	Pentose phosphate pathway	iECABU_c1320	Escherichia coli ABU 83972	iECO26_1355	Escherichia coli O26:H11 str. 11368	34	34	34	34	0	0	1.0	100.0	1
map00030	rn00030	Pentose phosphate pathway	iECABU_c1320	Escherichia coli ABU 83972	iECOK1_1307	Escherichia coli IHE3034	34	34	34	34	0	0	1.0	100.0	1
map00030	rn00030	Pentose phosphate pathway	iECABU_c1320	Escherichia coli ABU 83972	iECP_1309	Escherichia coli 536	34	34	34	34	0	0	1.0	100.0	1
map00030	rn00030	Pentose phosphate pathway	iECABU_c1320	Escherichia coli ABU 83972	iECS88_1305	Escherichia coli S88	34	34	34	34	0	0	1.0	100.0	1
map00030	rn00030	Pentose phosphate pathway	iECABU_c1320	Escherichia coli ABU 83972	iECSE_1348	Escherichia coli SE11	34	34	34	34	0	0	1.0	100.0	1
map00030	rn00030	Pentose phosphate pathway	iECABU_c1320	Escherichia coli ABU 83972	iECSF_1327	Escherichia coli SE15	34	34	34	34	0	0	1.0	100.0	1
map00030	rn00030	Pentose phosphate pathway	iECABU_c1320	Escherichia coli ABU 83972	iECSP_1301	Escherichia coli O157:H7 str. TW14359	34	33	33	34	1	0	0.9706	97.06	0
map00030	rn00030	Pentose phosphate pathway	iECABU_c1320	Escherichia coli ABU 83972	iECUMN_1333	Escherichia coli UMN026	34	34	34	34	0	0	1.0	100.0	1
map00030	rn00030	Pentose phosphate pathway	iECABU_c1320	Escherichia coli ABU 83972	iECW_1372	Escherichia coli W	34	34	34	34	0	0	1.0	100.0	1
map00030	rn00030	Pentose phosphate pathway	iECABU_c1320	Escherichia coli ABU 83972	iECs_1301	Escherichia coli O157:H7 str. Sakai	34	33	33	34	1	0	0.9706	97.06	0
map00030	rn00030	Pentose phosphate pathway	iECABU_c1320	Escherichia coli ABU 83972	iEKO11_1354	Escherichia coli KO11FL	34	32	32	34	2	0	0.9412	94.12	0
map00030	rn00030	Pentose phosphate pathway	iECABU_c1320	Escherichia coli ABU 83972	iETEC_1333	Escherichia coli ETEC H10407	34	34	34	34	0	0	1.0	100.0	1
map00030	rn00030	Pentose phosphate pathway	iECABU_c1320	Escherichia coli ABU 83972	iEcDH1_1363	Escherichia coli DH1	34	34	34	34	0	0	1.0	100.0	1
map00030	rn00030	Pentose phosphate pathway	iECABU_c1320	Escherichia coli ABU 83972	iEcE24377_1341	Escherichia coli O139:H28 str. E24377A	34	34	34	34	0	0	1.0	100.0	1
map00030	rn00030	Pentose phosphate pathway	iECABU_c1320	Escherichia coli ABU 83972	iEcHS_1320	Escherichia coli HS	34	34	34	34	0	0	1.0	100.0	1
map00030	rn00030	Pentose phosphate pathway	iECABU_c1320	Escherichia coli ABU 83972	iEcSMS35_1347	Escherichia coli SMS-3-5	34	34	34	34	0	0	1.0	100.0	1
map00030	rn00030	Pentose phosphate pathway	iECABU_c1320	Escherichia coli ABU 83972	iEcolC_1368	Escherichia coli ATCC 8739	34	34	34	34	0	0	1.0	100.0	1
map00030	rn00030	Pentose phosphate pathway	iECABU_c1320	Escherichia coli ABU 83972	iG2583_1286	Escherichia coli O55:H7 str. CB9615	34	33	33	34	1	0	0.9706	97.06	0
map00030	rn00030	Pentose phosphate pathway	iECABU_c1320	Escherichia coli ABU 83972	iJO1366	Escherichia coli str. K-12 substr. MG1655	34	34	34	34	0	0	1.0	100.0	1
map00030	rn00030	Pentose phosphate pathway	iECABU_c1320	Escherichia coli ABU 83972	iJR904	Escherichia coli str. K-12 substr. MG1655	34	32	32	34	2	0	0.9412	94.12	0
map00030	rn00030	Pentose phosphate pathway	iECABU_c1320	Escherichia coli ABU 83972	iLF82_1304	Escherichia coli LF82	34	34	34	34	0	0	1.0	100.0	1
map00030	rn00030	Pentose phosphate pathway	iECABU_c1320	Escherichia coli ABU 83972	iML1515	Escherichia coli str. K-12 substr. MG1655	34	34	34	34	0	0	1.0	100.0	1
map00030	rn00030	Pentose phosphate pathway	iECABU_c1320	Escherichia coli ABU 83972	iNRG857_1313	Escherichia coli O83:H1 str. NRG 857C	34	34	34	34	0	0	1.0	100.0	1
map00030	rn00030	Pentose phosphate pathway	iECABU_c1320	Escherichia coli ABU 83972	iUMN146_1321	Escherichia coli UM146	34	34	34	34	0	0	1.0	100.0	1
map00030	rn00030	Pentose phosphate pathway	iECABU_c1320	Escherichia coli ABU 83972	iUMNK88_1353	Escherichia coli UMNK88	34	34	34	34	0	0	1.0	100.0	1
map00030	rn00030	Pentose phosphate pathway	iECABU_c1320	Escherichia coli ABU 83972	iUTI89_1310	Escherichia coli UTI89	34	34	34	34	0	0	1.0	100.0	1
map00030	rn00030	Pentose phosphate pathway	iECABU_c1320	Escherichia coli ABU 83972	iWFL_1372	Escherichia coli W	34	34	34	34	0	0	1.0	100.0	1
map00030	rn00030	Pentose phosphate pathway	iECABU_c1320	Escherichia coli ABU 83972	iY75_1357	Escherichia coli str. K-12 substr. W3110	34	34	34	34	0	0	1.0	100.0	1
map00030	rn00030	Pentose phosphate pathway	iECABU_c1320	Escherichia coli ABU 83972	iZ_1308	Escherichia coli O157:H7 str. EDL933	34	33	33	34	1	0	0.9706	97.06	0
map00030	rn00030	Pentose phosphate pathway	iECABU_c1320	Escherichia coli ABU 83972	ic_1306	Escherichia coli CFT073	34	34	34	34	0	0	1.0	100.0	1
map00030	rn00030	Pentose phosphate pathway	iECBD_1354	Escherichia coli 'BL21-Gold(DE3)pLysS AG'	iECB_1328	Escherichia coli B str. REL606	33	34	33	34	0	1	0.9706	97.06	0
map00030	rn00030	Pentose phosphate pathway	iECBD_1354	Escherichia coli 'BL21-Gold(DE3)pLysS AG'	iECDH10B_1368	Escherichia coli str. K-12 substr. DH10B	33	34	33	34	0	1	0.9706	97.06	0
map00030	rn00030	Pentose phosphate pathway	iECBD_1354	Escherichia coli 'BL21-Gold(DE3)pLysS AG'	iECDH1ME8569_1439	Escherichia coli DH1	33	34	33	34	0	1	0.9706	97.06	0
map00030	rn00030	Pentose phosphate pathway	iECBD_1354	Escherichia coli 'BL21-Gold(DE3)pLysS AG'	iECD_1391	Escherichia coli BL21(DE3)	33	33	33	33	0	0	1.0	100.0	1
map00030	rn00030	Pentose phosphate pathway	iECBD_1354	Escherichia coli 'BL21-Gold(DE3)pLysS AG'	iECED1_1282	Escherichia coli ED1a	33	34	33	34	0	1	0.9706	97.06	0
map00030	rn00030	Pentose phosphate pathway	iECBD_1354	Escherichia coli 'BL21-Gold(DE3)pLysS AG'	iECH74115_1262	Escherichia coli O157:H7 str. EC4115	33	33	32	34	1	1	0.9412	94.12	0
map00030	rn00030	Pentose phosphate pathway	iECBD_1354	Escherichia coli 'BL21-Gold(DE3)pLysS AG'	iECIAI1_1343	Escherichia coli IAI1	33	34	33	34	0	1	0.9706	97.06	0
map00030	rn00030	Pentose phosphate pathway	iECBD_1354	Escherichia coli 'BL21-Gold(DE3)pLysS AG'	iECIAI39_1322	Escherichia coli IAI39	33	34	33	34	0	1	0.9706	97.06	0
map00030	rn00030	Pentose phosphate pathway	iECBD_1354	Escherichia coli 'BL21-Gold(DE3)pLysS AG'	iECNA114_1301	Escherichia coli NA114	33	34	33	34	0	1	0.9706	97.06	0
map00030	rn00030	Pentose phosphate pathway	iECBD_1354	Escherichia coli 'BL21-Gold(DE3)pLysS AG'	iECO103_1326	Escherichia coli O103:H2 str. 12009	33	34	33	34	0	1	0.9706	97.06	0
map00030	rn00030	Pentose phosphate pathway	iECBD_1354	Escherichia coli 'BL21-Gold(DE3)pLysS AG'	iECO111_1330	Escherichia coli O111:H- str. 11128	33	34	33	34	0	1	0.9706	97.06	0
map00030	rn00030	Pentose phosphate pathway	iECBD_1354	Escherichia coli 'BL21-Gold(DE3)pLysS AG'	iECO26_1355	Escherichia coli O26:H11 str. 11368	33	34	33	34	0	1	0.9706	97.06	0
map00030	rn00030	Pentose phosphate pathway	iECBD_1354	Escherichia coli 'BL21-Gold(DE3)pLysS AG'	iECOK1_1307	Escherichia coli IHE3034	33	34	33	34	0	1	0.9706	97.06	0
map00030	rn00030	Pentose phosphate pathway	iECBD_1354	Escherichia coli 'BL21-Gold(DE3)pLysS AG'	iECP_1309	Escherichia coli 536	33	34	33	34	0	1	0.9706	97.06	0
map00030	rn00030	Pentose phosphate pathway	iECBD_1354	Escherichia coli 'BL21-Gold(DE3)pLysS AG'	iECS88_1305	Escherichia coli S88	33	34	33	34	0	1	0.9706	97.06	0
map00030	rn00030	Pentose phosphate pathway	iECBD_1354	Escherichia coli 'BL21-Gold(DE3)pLysS AG'	iECSE_1348	Escherichia coli SE11	33	34	33	34	0	1	0.9706	97.06	0
map00030	rn00030	Pentose phosphate pathway	iECBD_1354	Escherichia coli 'BL21-Gold(DE3)pLysS AG'	iECSF_1327	Escherichia coli SE15	33	34	33	34	0	1	0.9706	97.06	0
map00030	rn00030	Pentose phosphate pathway	iECBD_1354	Escherichia coli 'BL21-Gold(DE3)pLysS AG'	iECSP_1301	Escherichia coli O157:H7 str. TW14359	33	33	32	34	1	1	0.9412	94.12	0
map00030	rn00030	Pentose phosphate pathway	iECBD_1354	Escherichia coli 'BL21-Gold(DE3)pLysS AG'	iECUMN_1333	Escherichia coli UMN026	33	34	33	34	0	1	0.9706	97.06	0
map00030	rn00030	Pentose phosphate pathway	iECBD_1354	Escherichia coli 'BL21-Gold(DE3)pLysS AG'	iECW_1372	Escherichia coli W	33	34	33	34	0	1	0.9706	97.06	0
map00030	rn00030	Pentose phosphate pathway	iECBD_1354	Escherichia coli 'BL21-Gold(DE3)pLysS AG'	iECs_1301	Escherichia coli O157:H7 str. Sakai	33	33	32	34	1	1	0.9412	94.12	0
map00030	rn00030	Pentose phosphate pathway	iECBD_1354	Escherichia coli 'BL21-Gold(DE3)pLysS AG'	iEKO11_1354	Escherichia coli KO11FL	33	32	31	34	2	1	0.9118	91.18	0
map00030	rn00030	Pentose phosphate pathway	iECBD_1354	Escherichia coli 'BL21-Gold(DE3)pLysS AG'	iETEC_1333	Escherichia coli ETEC H10407	33	34	33	34	0	1	0.9706	97.06	0
map00030	rn00030	Pentose phosphate pathway	iECBD_1354	Escherichia coli 'BL21-Gold(DE3)pLysS AG'	iEcDH1_1363	Escherichia coli DH1	33	34	33	34	0	1	0.9706	97.06	0
map00030	rn00030	Pentose phosphate pathway	iECBD_1354	Escherichia coli 'BL21-Gold(DE3)pLysS AG'	iEcE24377_1341	Escherichia coli O139:H28 str. E24377A	33	34	33	34	0	1	0.9706	97.06	0
map00030	rn00030	Pentose phosphate pathway	iECBD_1354	Escherichia coli 'BL21-Gold(DE3)pLysS AG'	iEcHS_1320	Escherichia coli HS	33	34	33	34	0	1	0.9706	97.06	0
map00030	rn00030	Pentose phosphate pathway	iECBD_1354	Escherichia coli 'BL21-Gold(DE3)pLysS AG'	iEcSMS35_1347	Escherichia coli SMS-3-5	33	34	33	34	0	1	0.9706	97.06	0
map00030	rn00030	Pentose phosphate pathway	iECBD_1354	Escherichia coli 'BL21-Gold(DE3)pLysS AG'	iEcolC_1368	Escherichia coli ATCC 8739	33	34	33	34	0	1	0.9706	97.06	0
map00030	rn00030	Pentose phosphate pathway	iECBD_1354	Escherichia coli 'BL21-Gold(DE3)pLysS AG'	iG2583_1286	Escherichia coli O55:H7 str. CB9615	33	33	32	34	1	1	0.9412	94.12	0
map00030	rn00030	Pentose phosphate pathway	iECBD_1354	Escherichia coli 'BL21-Gold(DE3)pLysS AG'	iJO1366	Escherichia coli str. K-12 substr. MG1655	33	34	33	34	0	1	0.9706	97.06	0
map00030	rn00030	Pentose phosphate pathway	iECBD_1354	Escherichia coli 'BL21-Gold(DE3)pLysS AG'	iJR904	Escherichia coli str. K-12 substr. MG1655	33	32	31	34	2	1	0.9118	91.18	0
map00030	rn00030	Pentose phosphate pathway	iECBD_1354	Escherichia coli 'BL21-Gold(DE3)pLysS AG'	iLF82_1304	Escherichia coli LF82	33	34	33	34	0	1	0.9706	97.06	0
map00030	rn00030	Pentose phosphate pathway	iECBD_1354	Escherichia coli 'BL21-Gold(DE3)pLysS AG'	iML1515	Escherichia coli str. K-12 substr. MG1655	33	34	33	34	0	1	0.9706	97.06	0
map00030	rn00030	Pentose phosphate pathway	iECBD_1354	Escherichia coli 'BL21-Gold(DE3)pLysS AG'	iNRG857_1313	Escherichia coli O83:H1 str. NRG 857C	33	34	33	34	0	1	0.9706	97.06	0
map00030	rn00030	Pentose phosphate pathway	iECBD_1354	Escherichia coli 'BL21-Gold(DE3)pLysS AG'	iUMN146_1321	Escherichia coli UM146	33	34	33	34	0	1	0.9706	97.06	0
map00030	rn00030	Pentose phosphate pathway	iECBD_1354	Escherichia coli 'BL21-Gold(DE3)pLysS AG'	iUMNK88_1353	Escherichia coli UMNK88	33	34	33	34	0	1	0.9706	97.06	0
map00030	rn00030	Pentose phosphate pathway	iECBD_1354	Escherichia coli 'BL21-Gold(DE3)pLysS AG'	iUTI89_1310	Escherichia coli UTI89	33	34	33	34	0	1	0.9706	97.06	0
map00030	rn00030	Pentose phosphate pathway	iECBD_1354	Escherichia coli 'BL21-Gold(DE3)pLysS AG'	iWFL_1372	Escherichia coli W	33	34	33	34	0	1	0.9706	97.06	0
map00030	rn00030	Pentose phosphate pathway	iECBD_1354	Escherichia coli 'BL21-Gold(DE3)pLysS AG'	iY75_1357	Escherichia coli str. K-12 substr. W3110	33	34	33	34	0	1	0.9706	97.06	0
map00030	rn00030	Pentose phosphate pathway	iECBD_1354	Escherichia coli 'BL21-Gold(DE3)pLysS AG'	iZ_1308	Escherichia coli O157:H7 str. EDL933	33	33	32	34	1	1	0.9412	94.12	0
map00030	rn00030	Pentose phosphate pathway	iECBD_1354	Escherichia coli 'BL21-Gold(DE3)pLysS AG'	ic_1306	Escherichia coli CFT073	33	34	33	34	0	1	0.9706	97.06	0
map00030	rn00030	Pentose phosphate pathway	iECB_1328	Escherichia coli B str. REL606	iECDH10B_1368	Escherichia coli str. K-12 substr. DH10B	34	34	34	34	0	0	1.0	100.0	1
map00030	rn00030	Pentose phosphate pathway	iECB_1328	Escherichia coli B str. REL606	iECDH1ME8569_1439	Escherichia coli DH1	34	34	34	34	0	0	1.0	100.0	1
map00030	rn00030	Pentose phosphate pathway	iECB_1328	Escherichia coli B str. REL606	iECD_1391	Escherichia coli BL21(DE3)	34	33	33	34	1	0	0.9706	97.06	0
map00030	rn00030	Pentose phosphate pathway	iECB_1328	Escherichia coli B str. REL606	iECED1_1282	Escherichia coli ED1a	34	34	34	34	0	0	1.0	100.0	1
map00030	rn00030	Pentose phosphate pathway	iECB_1328	Escherichia coli B str. REL606	iECH74115_1262	Escherichia coli O157:H7 str. EC4115	34	33	33	34	1	0	0.9706	97.06	0
map00030	rn00030	Pentose phosphate pathway	iECB_1328	Escherichia coli B str. REL606	iECIAI1_1343	Escherichia coli IAI1	34	34	34	34	0	0	1.0	100.0	1
map00030	rn00030	Pentose phosphate pathway	iECB_1328	Escherichia coli B str. REL606	iECIAI39_1322	Escherichia coli IAI39	34	34	34	34	0	0	1.0	100.0	1
map00030	rn00030	Pentose phosphate pathway	iECB_1328	Escherichia coli B str. REL606	iECNA114_1301	Escherichia coli NA114	34	34	34	34	0	0	1.0	100.0	1
map00030	rn00030	Pentose phosphate pathway	iECB_1328	Escherichia coli B str. REL606	iECO103_1326	Escherichia coli O103:H2 str. 12009	34	34	34	34	0	0	1.0	100.0	1
map00030	rn00030	Pentose phosphate pathway	iECB_1328	Escherichia coli B str. REL606	iECO111_1330	Escherichia coli O111:H- str. 11128	34	34	34	34	0	0	1.0	100.0	1
map00030	rn00030	Pentose phosphate pathway	iECB_1328	Escherichia coli B str. REL606	iECO26_1355	Escherichia coli O26:H11 str. 11368	34	34	34	34	0	0	1.0	100.0	1
map00030	rn00030	Pentose phosphate pathway	iECB_1328	Escherichia coli B str. REL606	iECOK1_1307	Escherichia coli IHE3034	34	34	34	34	0	0	1.0	100.0	1
map00030	rn00030	Pentose phosphate pathway	iECB_1328	Escherichia coli B str. REL606	iECP_1309	Escherichia coli 536	34	34	34	34	0	0	1.0	100.0	1
map00030	rn00030	Pentose phosphate pathway	iECB_1328	Escherichia coli B str. REL606	iECS88_1305	Escherichia coli S88	34	34	34	34	0	0	1.0	100.0	1
map00030	rn00030	Pentose phosphate pathway	iECB_1328	Escherichia coli B str. REL606	iECSE_1348	Escherichia coli SE11	34	34	34	34	0	0	1.0	100.0	1
map00030	rn00030	Pentose phosphate pathway	iECB_1328	Escherichia coli B str. REL606	iECSF_1327	Escherichia coli SE15	34	34	34	34	0	0	1.0	100.0	1
map00030	rn00030	Pentose phosphate pathway	iECB_1328	Escherichia coli B str. REL606	iECSP_1301	Escherichia coli O157:H7 str. TW14359	34	33	33	34	1	0	0.9706	97.06	0
map00030	rn00030	Pentose phosphate pathway	iECB_1328	Escherichia coli B str. REL606	iECUMN_1333	Escherichia coli UMN026	34	34	34	34	0	0	1.0	100.0	1
map00030	rn00030	Pentose phosphate pathway	iECB_1328	Escherichia coli B str. REL606	iECW_1372	Escherichia coli W	34	34	34	34	0	0	1.0	100.0	1
map00030	rn00030	Pentose phosphate pathway	iECB_1328	Escherichia coli B str. REL606	iECs_1301	Escherichia coli O157:H7 str. Sakai	34	33	33	34	1	0	0.9706	97.06	0
map00030	rn00030	Pentose phosphate pathway	iECB_1328	Escherichia coli B str. REL606	iEKO11_1354	Escherichia coli KO11FL	34	32	32	34	2	0	0.9412	94.12	0
map00030	rn00030	Pentose phosphate pathway	iECB_1328	Escherichia coli B str. REL606	iETEC_1333	Escherichia coli ETEC H10407	34	34	34	34	0	0	1.0	100.0	1
map00030	rn00030	Pentose phosphate pathway	iECB_1328	Escherichia coli B str. REL606	iEcDH1_1363	Escherichia coli DH1	34	34	34	34	0	0	1.0	100.0	1
map00030	rn00030	Pentose phosphate pathway	iECB_1328	Escherichia coli B str. REL606	iEcE24377_1341	Escherichia coli O139:H28 str. E24377A	34	34	34	34	0	0	1.0	100.0	1
map00030	rn00030	Pentose phosphate pathway	iECB_1328	Escherichia coli B str. REL606	iEcHS_1320	Escherichia coli HS	34	34	34	34	0	0	1.0	100.0	1
map00030	rn00030	Pentose phosphate pathway	iECB_1328	Escherichia coli B str. REL606	iEcSMS35_1347	Escherichia coli SMS-3-5	34	34	34	34	0	0	1.0	100.0	1
map00030	rn00030	Pentose phosphate pathway	iECB_1328	Escherichia coli B str. REL606	iEcolC_1368	Escherichia coli ATCC 8739	34	34	34	34	0	0	1.0	100.0	1
map00030	rn00030	Pentose phosphate pathway	iECB_1328	Escherichia coli B str. REL606	iG2583_1286	Escherichia coli O55:H7 str. CB9615	34	33	33	34	1	0	0.9706	97.06	0
map00030	rn00030	Pentose phosphate pathway	iECB_1328	Escherichia coli B str. REL606	iJO1366	Escherichia coli str. K-12 substr. MG1655	34	34	34	34	0	0	1.0	100.0	1
map00030	rn00030	Pentose phosphate pathway	iECB_1328	Escherichia coli B str. REL606	iJR904	Escherichia coli str. K-12 substr. MG1655	34	32	32	34	2	0	0.9412	94.12	0
map00030	rn00030	Pentose phosphate pathway	iECB_1328	Escherichia coli B str. REL606	iLF82_1304	Escherichia coli LF82	34	34	34	34	0	0	1.0	100.0	1
map00030	rn00030	Pentose phosphate pathway	iECB_1328	Escherichia coli B str. REL606	iML1515	Escherichia coli str. K-12 substr. MG1655	34	34	34	34	0	0	1.0	100.0	1
map00030	rn00030	Pentose phosphate pathway	iECB_1328	Escherichia coli B str. REL606	iNRG857_1313	Escherichia coli O83:H1 str. NRG 857C	34	34	34	34	0	0	1.0	100.0	1
map00030	rn00030	Pentose phosphate pathway	iECB_1328	Escherichia coli B str. REL606	iUMN146_1321	Escherichia coli UM146	34	34	34	34	0	0	1.0	100.0	1
map00030	rn00030	Pentose phosphate pathway	iECB_1328	Escherichia coli B str. REL606	iUMNK88_1353	Escherichia coli UMNK88	34	34	34	34	0	0	1.0	100.0	1
map00030	rn00030	Pentose phosphate pathway	iECB_1328	Escherichia coli B str. REL606	iUTI89_1310	Escherichia coli UTI89	34	34	34	34	0	0	1.0	100.0	1
map00030	rn00030	Pentose phosphate pathway	iECB_1328	Escherichia coli B str. REL606	iWFL_1372	Escherichia coli W	34	34	34	34	0	0	1.0	100.0	1
map00030	rn00030	Pentose phosphate pathway	iECB_1328	Escherichia coli B str. REL606	iY75_1357	Escherichia coli str. K-12 substr. W3110	34	34	34	34	0	0	1.0	100.0	1
map00030	rn00030	Pentose phosphate pathway	iECB_1328	Escherichia coli B str. REL606	iZ_1308	Escherichia coli O157:H7 str. EDL933	34	33	33	34	1	0	0.9706	97.06	0
map00030	rn00030	Pentose phosphate pathway	iECB_1328	Escherichia coli B str. REL606	ic_1306	Escherichia coli CFT073	34	34	34	34	0	0	1.0	100.0	1
map00030	rn00030	Pentose phosphate pathway	iECDH10B_1368	Escherichia coli str. K-12 substr. DH10B	iECDH1ME8569_1439	Escherichia coli DH1	34	34	34	34	0	0	1.0	100.0	1
map00030	rn00030	Pentose phosphate pathway	iECDH10B_1368	Escherichia coli str. K-12 substr. DH10B	iECD_1391	Escherichia coli BL21(DE3)	34	33	33	34	1	0	0.9706	97.06	0
map00030	rn00030	Pentose phosphate pathway	iECDH10B_1368	Escherichia coli str. K-12 substr. DH10B	iECED1_1282	Escherichia coli ED1a	34	34	34	34	0	0	1.0	100.0	1
map00030	rn00030	Pentose phosphate pathway	iECDH10B_1368	Escherichia coli str. K-12 substr. DH10B	iECH74115_1262	Escherichia coli O157:H7 str. EC4115	34	33	33	34	1	0	0.9706	97.06	0
map00030	rn00030	Pentose phosphate pathway	iECDH10B_1368	Escherichia coli str. K-12 substr. DH10B	iECIAI1_1343	Escherichia coli IAI1	34	34	34	34	0	0	1.0	100.0	1
map00030	rn00030	Pentose phosphate pathway	iECDH10B_1368	Escherichia coli str. K-12 substr. DH10B	iECIAI39_1322	Escherichia coli IAI39	34	34	34	34	0	0	1.0	100.0	1
map00030	rn00030	Pentose phosphate pathway	iECDH10B_1368	Escherichia coli str. K-12 substr. DH10B	iECNA114_1301	Escherichia coli NA114	34	34	34	34	0	0	1.0	100.0	1
map00030	rn00030	Pentose phosphate pathway	iECDH10B_1368	Escherichia coli str. K-12 substr. DH10B	iECO103_1326	Escherichia coli O103:H2 str. 12009	34	34	34	34	0	0	1.0	100.0	1
map00030	rn00030	Pentose phosphate pathway	iECDH10B_1368	Escherichia coli str. K-12 substr. DH10B	iECO111_1330	Escherichia coli O111:H- str. 11128	34	34	34	34	0	0	1.0	100.0	1
map00030	rn00030	Pentose phosphate pathway	iECDH10B_1368	Escherichia coli str. K-12 substr. DH10B	iECO26_1355	Escherichia coli O26:H11 str. 11368	34	34	34	34	0	0	1.0	100.0	1
map00030	rn00030	Pentose phosphate pathway	iECDH10B_1368	Escherichia coli str. K-12 substr. DH10B	iECOK1_1307	Escherichia coli IHE3034	34	34	34	34	0	0	1.0	100.0	1
map00030	rn00030	Pentose phosphate pathway	iECDH10B_1368	Escherichia coli str. K-12 substr. DH10B	iECP_1309	Escherichia coli 536	34	34	34	34	0	0	1.0	100.0	1
map00030	rn00030	Pentose phosphate pathway	iECDH10B_1368	Escherichia coli str. K-12 substr. DH10B	iECS88_1305	Escherichia coli S88	34	34	34	34	0	0	1.0	100.0	1
map00030	rn00030	Pentose phosphate pathway	iECDH10B_1368	Escherichia coli str. K-12 substr. DH10B	iECSE_1348	Escherichia coli SE11	34	34	34	34	0	0	1.0	100.0	1
map00030	rn00030	Pentose phosphate pathway	iECDH10B_1368	Escherichia coli str. K-12 substr. DH10B	iECSF_1327	Escherichia coli SE15	34	34	34	34	0	0	1.0	100.0	1
map00030	rn00030	Pentose phosphate pathway	iECDH10B_1368	Escherichia coli str. K-12 substr. DH10B	iECSP_1301	Escherichia coli O157:H7 str. TW14359	34	33	33	34	1	0	0.9706	97.06	0
map00030	rn00030	Pentose phosphate pathway	iECDH10B_1368	Escherichia coli str. K-12 substr. DH10B	iECUMN_1333	Escherichia coli UMN026	34	34	34	34	0	0	1.0	100.0	1
map00030	rn00030	Pentose phosphate pathway	iECDH10B_1368	Escherichia coli str. K-12 substr. DH10B	iECW_1372	Escherichia coli W	34	34	34	34	0	0	1.0	100.0	1
map00030	rn00030	Pentose phosphate pathway	iECDH10B_1368	Escherichia coli str. K-12 substr. DH10B	iECs_1301	Escherichia coli O157:H7 str. Sakai	34	33	33	34	1	0	0.9706	97.06	0
map00030	rn00030	Pentose phosphate pathway	iECDH10B_1368	Escherichia coli str. K-12 substr. DH10B	iEKO11_1354	Escherichia coli KO11FL	34	32	32	34	2	0	0.9412	94.12	0
map00030	rn00030	Pentose phosphate pathway	iECDH10B_1368	Escherichia coli str. K-12 substr. DH10B	iETEC_1333	Escherichia coli ETEC H10407	34	34	34	34	0	0	1.0	100.0	1
map00030	rn00030	Pentose phosphate pathway	iECDH10B_1368	Escherichia coli str. K-12 substr. DH10B	iEcDH1_1363	Escherichia coli DH1	34	34	34	34	0	0	1.0	100.0	1
map00030	rn00030	Pentose phosphate pathway	iECDH10B_1368	Escherichia coli str. K-12 substr. DH10B	iEcE24377_1341	Escherichia coli O139:H28 str. E24377A	34	34	34	34	0	0	1.0	100.0	1
map00030	rn00030	Pentose phosphate pathway	iECDH10B_1368	Escherichia coli str. K-12 substr. DH10B	iEcHS_1320	Escherichia coli HS	34	34	34	34	0	0	1.0	100.0	1
map00030	rn00030	Pentose phosphate pathway	iECDH10B_1368	Escherichia coli str. K-12 substr. DH10B	iEcSMS35_1347	Escherichia coli SMS-3-5	34	34	34	34	0	0	1.0	100.0	1
map00030	rn00030	Pentose phosphate pathway	iECDH10B_1368	Escherichia coli str. K-12 substr. DH10B	iEcolC_1368	Escherichia coli ATCC 8739	34	34	34	34	0	0	1.0	100.0	1
map00030	rn00030	Pentose phosphate pathway	iECDH10B_1368	Escherichia coli str. K-12 substr. DH10B	iG2583_1286	Escherichia coli O55:H7 str. CB9615	34	33	33	34	1	0	0.9706	97.06	0
map00030	rn00030	Pentose phosphate pathway	iECDH10B_1368	Escherichia coli str. K-12 substr. DH10B	iJO1366	Escherichia coli str. K-12 substr. MG1655	34	34	34	34	0	0	1.0	100.0	1
map00030	rn00030	Pentose phosphate pathway	iECDH10B_1368	Escherichia coli str. K-12 substr. DH10B	iJR904	Escherichia coli str. K-12 substr. MG1655	34	32	32	34	2	0	0.9412	94.12	0
map00030	rn00030	Pentose phosphate pathway	iECDH10B_1368	Escherichia coli str. K-12 substr. DH10B	iLF82_1304	Escherichia coli LF82	34	34	34	34	0	0	1.0	100.0	1
map00030	rn00030	Pentose phosphate pathway	iECDH10B_1368	Escherichia coli str. K-12 substr. DH10B	iML1515	Escherichia coli str. K-12 substr. MG1655	34	34	34	34	0	0	1.0	100.0	1
map00030	rn00030	Pentose phosphate pathway	iECDH10B_1368	Escherichia coli str. K-12 substr. DH10B	iNRG857_1313	Escherichia coli O83:H1 str. NRG 857C	34	34	34	34	0	0	1.0	100.0	1
map00030	rn00030	Pentose phosphate pathway	iECDH10B_1368	Escherichia coli str. K-12 substr. DH10B	iUMN146_1321	Escherichia coli UM146	34	34	34	34	0	0	1.0	100.0	1
map00030	rn00030	Pentose phosphate pathway	iECDH10B_1368	Escherichia coli str. K-12 substr. DH10B	iUMNK88_1353	Escherichia coli UMNK88	34	34	34	34	0	0	1.0	100.0	1
map00030	rn00030	Pentose phosphate pathway	iECDH10B_1368	Escherichia coli str. K-12 substr. DH10B	iUTI89_1310	Escherichia coli UTI89	34	34	34	34	0	0	1.0	100.0	1
map00030	rn00030	Pentose phosphate pathway	iECDH10B_1368	Escherichia coli str. K-12 substr. DH10B	iWFL_1372	Escherichia coli W	34	34	34	34	0	0	1.0	100.0	1
map00030	rn00030	Pentose phosphate pathway	iECDH10B_1368	Escherichia coli str. K-12 substr. DH10B	iY75_1357	Escherichia coli str. K-12 substr. W3110	34	34	34	34	0	0	1.0	100.0	1
map00030	rn00030	Pentose phosphate pathway	iECDH10B_1368	Escherichia coli str. K-12 substr. DH10B	iZ_1308	Escherichia coli O157:H7 str. EDL933	34	33	33	34	1	0	0.9706	97.06	0
map00030	rn00030	Pentose phosphate pathway	iECDH10B_1368	Escherichia coli str. K-12 substr. DH10B	ic_1306	Escherichia coli CFT073	34	34	34	34	0	0	1.0	100.0	1
map00030	rn00030	Pentose phosphate pathway	iECDH1ME8569_1439	Escherichia coli DH1	iECD_1391	Escherichia coli BL21(DE3)	34	33	33	34	1	0	0.9706	97.06	0
map00030	rn00030	Pentose phosphate pathway	iECDH1ME8569_1439	Escherichia coli DH1	iECED1_1282	Escherichia coli ED1a	34	34	34	34	0	0	1.0	100.0	1
map00030	rn00030	Pentose phosphate pathway	iECDH1ME8569_1439	Escherichia coli DH1	iECH74115_1262	Escherichia coli O157:H7 str. EC4115	34	33	33	34	1	0	0.9706	97.06	0
map00030	rn00030	Pentose phosphate pathway	iECDH1ME8569_1439	Escherichia coli DH1	iECIAI1_1343	Escherichia coli IAI1	34	34	34	34	0	0	1.0	100.0	1
map00030	rn00030	Pentose phosphate pathway	iECDH1ME8569_1439	Escherichia coli DH1	iECIAI39_1322	Escherichia coli IAI39	34	34	34	34	0	0	1.0	100.0	1
map00030	rn00030	Pentose phosphate pathway	iECDH1ME8569_1439	Escherichia coli DH1	iECNA114_1301	Escherichia coli NA114	34	34	34	34	0	0	1.0	100.0	1
map00030	rn00030	Pentose phosphate pathway	iECDH1ME8569_1439	Escherichia coli DH1	iECO103_1326	Escherichia coli O103:H2 str. 12009	34	34	34	34	0	0	1.0	100.0	1
map00030	rn00030	Pentose phosphate pathway	iECDH1ME8569_1439	Escherichia coli DH1	iECO111_1330	Escherichia coli O111:H- str. 11128	34	34	34	34	0	0	1.0	100.0	1
map00030	rn00030	Pentose phosphate pathway	iECDH1ME8569_1439	Escherichia coli DH1	iECO26_1355	Escherichia coli O26:H11 str. 11368	34	34	34	34	0	0	1.0	100.0	1
map00030	rn00030	Pentose phosphate pathway	iECDH1ME8569_1439	Escherichia coli DH1	iECOK1_1307	Escherichia coli IHE3034	34	34	34	34	0	0	1.0	100.0	1
map00030	rn00030	Pentose phosphate pathway	iECDH1ME8569_1439	Escherichia coli DH1	iECP_1309	Escherichia coli 536	34	34	34	34	0	0	1.0	100.0	1
map00030	rn00030	Pentose phosphate pathway	iECDH1ME8569_1439	Escherichia coli DH1	iECS88_1305	Escherichia coli S88	34	34	34	34	0	0	1.0	100.0	1
map00030	rn00030	Pentose phosphate pathway	iECDH1ME8569_1439	Escherichia coli DH1	iECSE_1348	Escherichia coli SE11	34	34	34	34	0	0	1.0	100.0	1
map00030	rn00030	Pentose phosphate pathway	iECDH1ME8569_1439	Escherichia coli DH1	iECSF_1327	Escherichia coli SE15	34	34	34	34	0	0	1.0	100.0	1
map00030	rn00030	Pentose phosphate pathway	iECDH1ME8569_1439	Escherichia coli DH1	iECSP_1301	Escherichia coli O157:H7 str. TW14359	34	33	33	34	1	0	0.9706	97.06	0
map00030	rn00030	Pentose phosphate pathway	iECDH1ME8569_1439	Escherichia coli DH1	iECUMN_1333	Escherichia coli UMN026	34	34	34	34	0	0	1.0	100.0	1
map00030	rn00030	Pentose phosphate pathway	iECDH1ME8569_1439	Escherichia coli DH1	iECW_1372	Escherichia coli W	34	34	34	34	0	0	1.0	100.0	1
map00030	rn00030	Pentose phosphate pathway	iECDH1ME8569_1439	Escherichia coli DH1	iECs_1301	Escherichia coli O157:H7 str. Sakai	34	33	33	34	1	0	0.9706	97.06	0
map00030	rn00030	Pentose phosphate pathway	iECDH1ME8569_1439	Escherichia coli DH1	iEKO11_1354	Escherichia coli KO11FL	34	32	32	34	2	0	0.9412	94.12	0
map00030	rn00030	Pentose phosphate pathway	iECDH1ME8569_1439	Escherichia coli DH1	iETEC_1333	Escherichia coli ETEC H10407	34	34	34	34	0	0	1.0	100.0	1
map00030	rn00030	Pentose phosphate pathway	iECDH1ME8569_1439	Escherichia coli DH1	iEcDH1_1363	Escherichia coli DH1	34	34	34	34	0	0	1.0	100.0	1
map00030	rn00030	Pentose phosphate pathway	iECDH1ME8569_1439	Escherichia coli DH1	iEcE24377_1341	Escherichia coli O139:H28 str. E24377A	34	34	34	34	0	0	1.0	100.0	1
map00030	rn00030	Pentose phosphate pathway	iECDH1ME8569_1439	Escherichia coli DH1	iEcHS_1320	Escherichia coli HS	34	34	34	34	0	0	1.0	100.0	1
map00030	rn00030	Pentose phosphate pathway	iECDH1ME8569_1439	Escherichia coli DH1	iEcSMS35_1347	Escherichia coli SMS-3-5	34	34	34	34	0	0	1.0	100.0	1
map00030	rn00030	Pentose phosphate pathway	iECDH1ME8569_1439	Escherichia coli DH1	iEcolC_1368	Escherichia coli ATCC 8739	34	34	34	34	0	0	1.0	100.0	1
map00030	rn00030	Pentose phosphate pathway	iECDH1ME8569_1439	Escherichia coli DH1	iG2583_1286	Escherichia coli O55:H7 str. CB9615	34	33	33	34	1	0	0.9706	97.06	0
map00030	rn00030	Pentose phosphate pathway	iECDH1ME8569_1439	Escherichia coli DH1	iJO1366	Escherichia coli str. K-12 substr. MG1655	34	34	34	34	0	0	1.0	100.0	1
map00030	rn00030	Pentose phosphate pathway	iECDH1ME8569_1439	Escherichia coli DH1	iJR904	Escherichia coli str. K-12 substr. MG1655	34	32	32	34	2	0	0.9412	94.12	0
map00030	rn00030	Pentose phosphate pathway	iECDH1ME8569_1439	Escherichia coli DH1	iLF82_1304	Escherichia coli LF82	34	34	34	34	0	0	1.0	100.0	1
map00030	rn00030	Pentose phosphate pathway	iECDH1ME8569_1439	Escherichia coli DH1	iML1515	Escherichia coli str. K-12 substr. MG1655	34	34	34	34	0	0	1.0	100.0	1
map00030	rn00030	Pentose phosphate pathway	iECDH1ME8569_1439	Escherichia coli DH1	iNRG857_1313	Escherichia coli O83:H1 str. NRG 857C	34	34	34	34	0	0	1.0	100.0	1
map00030	rn00030	Pentose phosphate pathway	iECDH1ME8569_1439	Escherichia coli DH1	iUMN146_1321	Escherichia coli UM146	34	34	34	34	0	0	1.0	100.0	1
map00030	rn00030	Pentose phosphate pathway	iECDH1ME8569_1439	Escherichia coli DH1	iUMNK88_1353	Escherichia coli UMNK88	34	34	34	34	0	0	1.0	100.0	1
map00030	rn00030	Pentose phosphate pathway	iECDH1ME8569_1439	Escherichia coli DH1	iUTI89_1310	Escherichia coli UTI89	34	34	34	34	0	0	1.0	100.0	1
map00030	rn00030	Pentose phosphate pathway	iECDH1ME8569_1439	Escherichia coli DH1	iWFL_1372	Escherichia coli W	34	34	34	34	0	0	1.0	100.0	1
map00030	rn00030	Pentose phosphate pathway	iECDH1ME8569_1439	Escherichia coli DH1	iY75_1357	Escherichia coli str. K-12 substr. W3110	34	34	34	34	0	0	1.0	100.0	1
map00030	rn00030	Pentose phosphate pathway	iECDH1ME8569_1439	Escherichia coli DH1	iZ_1308	Escherichia coli O157:H7 str. EDL933	34	33	33	34	1	0	0.9706	97.06	0
map00030	rn00030	Pentose phosphate pathway	iECDH1ME8569_1439	Escherichia coli DH1	ic_1306	Escherichia coli CFT073	34	34	34	34	0	0	1.0	100.0	1
map00030	rn00030	Pentose phosphate pathway	iECD_1391	Escherichia coli BL21(DE3)	iECED1_1282	Escherichia coli ED1a	33	34	33	34	0	1	0.9706	97.06	0
map00030	rn00030	Pentose phosphate pathway	iECD_1391	Escherichia coli BL21(DE3)	iECH74115_1262	Escherichia coli O157:H7 str. EC4115	33	33	32	34	1	1	0.9412	94.12	0
map00030	rn00030	Pentose phosphate pathway	iECD_1391	Escherichia coli BL21(DE3)	iECIAI1_1343	Escherichia coli IAI1	33	34	33	34	0	1	0.9706	97.06	0
map00030	rn00030	Pentose phosphate pathway	iECD_1391	Escherichia coli BL21(DE3)	iECIAI39_1322	Escherichia coli IAI39	33	34	33	34	0	1	0.9706	97.06	0
map00030	rn00030	Pentose phosphate pathway	iECD_1391	Escherichia coli BL21(DE3)	iECNA114_1301	Escherichia coli NA114	33	34	33	34	0	1	0.9706	97.06	0
map00030	rn00030	Pentose phosphate pathway	iECD_1391	Escherichia coli BL21(DE3)	iECO103_1326	Escherichia coli O103:H2 str. 12009	33	34	33	34	0	1	0.9706	97.06	0
map00030	rn00030	Pentose phosphate pathway	iECD_1391	Escherichia coli BL21(DE3)	iECO111_1330	Escherichia coli O111:H- str. 11128	33	34	33	34	0	1	0.9706	97.06	0
map00030	rn00030	Pentose phosphate pathway	iECD_1391	Escherichia coli BL21(DE3)	iECO26_1355	Escherichia coli O26:H11 str. 11368	33	34	33	34	0	1	0.9706	97.06	0
map00030	rn00030	Pentose phosphate pathway	iECD_1391	Escherichia coli BL21(DE3)	iECOK1_1307	Escherichia coli IHE3034	33	34	33	34	0	1	0.9706	97.06	0
map00030	rn00030	Pentose phosphate pathway	iECD_1391	Escherichia coli BL21(DE3)	iECP_1309	Escherichia coli 536	33	34	33	34	0	1	0.9706	97.06	0
map00030	rn00030	Pentose phosphate pathway	iECD_1391	Escherichia coli BL21(DE3)	iECS88_1305	Escherichia coli S88	33	34	33	34	0	1	0.9706	97.06	0
map00030	rn00030	Pentose phosphate pathway	iECD_1391	Escherichia coli BL21(DE3)	iECSE_1348	Escherichia coli SE11	33	34	33	34	0	1	0.9706	97.06	0
map00030	rn00030	Pentose phosphate pathway	iECD_1391	Escherichia coli BL21(DE3)	iECSF_1327	Escherichia coli SE15	33	34	33	34	0	1	0.9706	97.06	0
map00030	rn00030	Pentose phosphate pathway	iECD_1391	Escherichia coli BL21(DE3)	iECSP_1301	Escherichia coli O157:H7 str. TW14359	33	33	32	34	1	1	0.9412	94.12	0
map00030	rn00030	Pentose phosphate pathway	iECD_1391	Escherichia coli BL21(DE3)	iECUMN_1333	Escherichia coli UMN026	33	34	33	34	0	1	0.9706	97.06	0
map00030	rn00030	Pentose phosphate pathway	iECD_1391	Escherichia coli BL21(DE3)	iECW_1372	Escherichia coli W	33	34	33	34	0	1	0.9706	97.06	0
map00030	rn00030	Pentose phosphate pathway	iECD_1391	Escherichia coli BL21(DE3)	iECs_1301	Escherichia coli O157:H7 str. Sakai	33	33	32	34	1	1	0.9412	94.12	0
map00030	rn00030	Pentose phosphate pathway	iECD_1391	Escherichia coli BL21(DE3)	iEKO11_1354	Escherichia coli KO11FL	33	32	31	34	2	1	0.9118	91.18	0
map00030	rn00030	Pentose phosphate pathway	iECD_1391	Escherichia coli BL21(DE3)	iETEC_1333	Escherichia coli ETEC H10407	33	34	33	34	0	1	0.9706	97.06	0
map00030	rn00030	Pentose phosphate pathway	iECD_1391	Escherichia coli BL21(DE3)	iEcDH1_1363	Escherichia coli DH1	33	34	33	34	0	1	0.9706	97.06	0
map00030	rn00030	Pentose phosphate pathway	iECD_1391	Escherichia coli BL21(DE3)	iEcE24377_1341	Escherichia coli O139:H28 str. E24377A	33	34	33	34	0	1	0.9706	97.06	0
map00030	rn00030	Pentose phosphate pathway	iECD_1391	Escherichia coli BL21(DE3)	iEcHS_1320	Escherichia coli HS	33	34	33	34	0	1	0.9706	97.06	0
map00030	rn00030	Pentose phosphate pathway	iECD_1391	Escherichia coli BL21(DE3)	iEcSMS35_1347	Escherichia coli SMS-3-5	33	34	33	34	0	1	0.9706	97.06	0
map00030	rn00030	Pentose phosphate pathway	iECD_1391	Escherichia coli BL21(DE3)	iEcolC_1368	Escherichia coli ATCC 8739	33	34	33	34	0	1	0.9706	97.06	0
map00030	rn00030	Pentose phosphate pathway	iECD_1391	Escherichia coli BL21(DE3)	iG2583_1286	Escherichia coli O55:H7 str. CB9615	33	33	32	34	1	1	0.9412	94.12	0
map00030	rn00030	Pentose phosphate pathway	iECD_1391	Escherichia coli BL21(DE3)	iJO1366	Escherichia coli str. K-12 substr. MG1655	33	34	33	34	0	1	0.9706	97.06	0
map00030	rn00030	Pentose phosphate pathway	iECD_1391	Escherichia coli BL21(DE3)	iJR904	Escherichia coli str. K-12 substr. MG1655	33	32	31	34	2	1	0.9118	91.18	0
map00030	rn00030	Pentose phosphate pathway	iECD_1391	Escherichia coli BL21(DE3)	iLF82_1304	Escherichia coli LF82	33	34	33	34	0	1	0.9706	97.06	0
map00030	rn00030	Pentose phosphate pathway	iECD_1391	Escherichia coli BL21(DE3)	iML1515	Escherichia coli str. K-12 substr. MG1655	33	34	33	34	0	1	0.9706	97.06	0
map00030	rn00030	Pentose phosphate pathway	iECD_1391	Escherichia coli BL21(DE3)	iNRG857_1313	Escherichia coli O83:H1 str. NRG 857C	33	34	33	34	0	1	0.9706	97.06	0
map00030	rn00030	Pentose phosphate pathway	iECD_1391	Escherichia coli BL21(DE3)	iUMN146_1321	Escherichia coli UM146	33	34	33	34	0	1	0.9706	97.06	0
map00030	rn00030	Pentose phosphate pathway	iECD_1391	Escherichia coli BL21(DE3)	iUMNK88_1353	Escherichia coli UMNK88	33	34	33	34	0	1	0.9706	97.06	0
map00030	rn00030	Pentose phosphate pathway	iECD_1391	Escherichia coli BL21(DE3)	iUTI89_1310	Escherichia coli UTI89	33	34	33	34	0	1	0.9706	97.06	0
map00030	rn00030	Pentose phosphate pathway	iECD_1391	Escherichia coli BL21(DE3)	iWFL_1372	Escherichia coli W	33	34	33	34	0	1	0.9706	97.06	0
map00030	rn00030	Pentose phosphate pathway	iECD_1391	Escherichia coli BL21(DE3)	iY75_1357	Escherichia coli str. K-12 substr. W3110	33	34	33	34	0	1	0.9706	97.06	0
map00030	rn00030	Pentose phosphate pathway	iECD_1391	Escherichia coli BL21(DE3)	iZ_1308	Escherichia coli O157:H7 str. EDL933	33	33	32	34	1	1	0.9412	94.12	0
map00030	rn00030	Pentose phosphate pathway	iECD_1391	Escherichia coli BL21(DE3)	ic_1306	Escherichia coli CFT073	33	34	33	34	0	1	0.9706	97.06	0
map00030	rn00030	Pentose phosphate pathway	iECED1_1282	Escherichia coli ED1a	iECH74115_1262	Escherichia coli O157:H7 str. EC4115	34	33	33	34	1	0	0.9706	97.06	0
map00030	rn00030	Pentose phosphate pathway	iECED1_1282	Escherichia coli ED1a	iECIAI1_1343	Escherichia coli IAI1	34	34	34	34	0	0	1.0	100.0	1
map00030	rn00030	Pentose phosphate pathway	iECED1_1282	Escherichia coli ED1a	iECIAI39_1322	Escherichia coli IAI39	34	34	34	34	0	0	1.0	100.0	1
map00030	rn00030	Pentose phosphate pathway	iECED1_1282	Escherichia coli ED1a	iECNA114_1301	Escherichia coli NA114	34	34	34	34	0	0	1.0	100.0	1
map00030	rn00030	Pentose phosphate pathway	iECED1_1282	Escherichia coli ED1a	iECO103_1326	Escherichia coli O103:H2 str. 12009	34	34	34	34	0	0	1.0	100.0	1
map00030	rn00030	Pentose phosphate pathway	iECED1_1282	Escherichia coli ED1a	iECO111_1330	Escherichia coli O111:H- str. 11128	34	34	34	34	0	0	1.0	100.0	1
map00030	rn00030	Pentose phosphate pathway	iECED1_1282	Escherichia coli ED1a	iECO26_1355	Escherichia coli O26:H11 str. 11368	34	34	34	34	0	0	1.0	100.0	1
map00030	rn00030	Pentose phosphate pathway	iECED1_1282	Escherichia coli ED1a	iECOK1_1307	Escherichia coli IHE3034	34	34	34	34	0	0	1.0	100.0	1
map00030	rn00030	Pentose phosphate pathway	iECED1_1282	Escherichia coli ED1a	iECP_1309	Escherichia coli 536	34	34	34	34	0	0	1.0	100.0	1
map00030	rn00030	Pentose phosphate pathway	iECED1_1282	Escherichia coli ED1a	iECS88_1305	Escherichia coli S88	34	34	34	34	0	0	1.0	100.0	1
map00030	rn00030	Pentose phosphate pathway	iECED1_1282	Escherichia coli ED1a	iECSE_1348	Escherichia coli SE11	34	34	34	34	0	0	1.0	100.0	1
map00030	rn00030	Pentose phosphate pathway	iECED1_1282	Escherichia coli ED1a	iECSF_1327	Escherichia coli SE15	34	34	34	34	0	0	1.0	100.0	1
map00030	rn00030	Pentose phosphate pathway	iECED1_1282	Escherichia coli ED1a	iECSP_1301	Escherichia coli O157:H7 str. TW14359	34	33	33	34	1	0	0.9706	97.06	0
map00030	rn00030	Pentose phosphate pathway	iECED1_1282	Escherichia coli ED1a	iECUMN_1333	Escherichia coli UMN026	34	34	34	34	0	0	1.0	100.0	1
map00030	rn00030	Pentose phosphate pathway	iECED1_1282	Escherichia coli ED1a	iECW_1372	Escherichia coli W	34	34	34	34	0	0	1.0	100.0	1
map00030	rn00030	Pentose phosphate pathway	iECED1_1282	Escherichia coli ED1a	iECs_1301	Escherichia coli O157:H7 str. Sakai	34	33	33	34	1	0	0.9706	97.06	0
map00030	rn00030	Pentose phosphate pathway	iECED1_1282	Escherichia coli ED1a	iEKO11_1354	Escherichia coli KO11FL	34	32	32	34	2	0	0.9412	94.12	0
map00030	rn00030	Pentose phosphate pathway	iECED1_1282	Escherichia coli ED1a	iETEC_1333	Escherichia coli ETEC H10407	34	34	34	34	0	0	1.0	100.0	1
map00030	rn00030	Pentose phosphate pathway	iECED1_1282	Escherichia coli ED1a	iEcDH1_1363	Escherichia coli DH1	34	34	34	34	0	0	1.0	100.0	1
map00030	rn00030	Pentose phosphate pathway	iECED1_1282	Escherichia coli ED1a	iEcE24377_1341	Escherichia coli O139:H28 str. E24377A	34	34	34	34	0	0	1.0	100.0	1
map00030	rn00030	Pentose phosphate pathway	iECED1_1282	Escherichia coli ED1a	iEcHS_1320	Escherichia coli HS	34	34	34	34	0	0	1.0	100.0	1
map00030	rn00030	Pentose phosphate pathway	iECED1_1282	Escherichia coli ED1a	iEcSMS35_1347	Escherichia coli SMS-3-5	34	34	34	34	0	0	1.0	100.0	1
map00030	rn00030	Pentose phosphate pathway	iECED1_1282	Escherichia coli ED1a	iEcolC_1368	Escherichia coli ATCC 8739	34	34	34	34	0	0	1.0	100.0	1
map00030	rn00030	Pentose phosphate pathway	iECED1_1282	Escherichia coli ED1a	iG2583_1286	Escherichia coli O55:H7 str. CB9615	34	33	33	34	1	0	0.9706	97.06	0
map00030	rn00030	Pentose phosphate pathway	iECED1_1282	Escherichia coli ED1a	iJO1366	Escherichia coli str. K-12 substr. MG1655	34	34	34	34	0	0	1.0	100.0	1
map00030	rn00030	Pentose phosphate pathway	iECED1_1282	Escherichia coli ED1a	iJR904	Escherichia coli str. K-12 substr. MG1655	34	32	32	34	2	0	0.9412	94.12	0
map00030	rn00030	Pentose phosphate pathway	iECED1_1282	Escherichia coli ED1a	iLF82_1304	Escherichia coli LF82	34	34	34	34	0	0	1.0	100.0	1
map00030	rn00030	Pentose phosphate pathway	iECED1_1282	Escherichia coli ED1a	iML1515	Escherichia coli str. K-12 substr. MG1655	34	34	34	34	0	0	1.0	100.0	1
map00030	rn00030	Pentose phosphate pathway	iECED1_1282	Escherichia coli ED1a	iNRG857_1313	Escherichia coli O83:H1 str. NRG 857C	34	34	34	34	0	0	1.0	100.0	1
map00030	rn00030	Pentose phosphate pathway	iECED1_1282	Escherichia coli ED1a	iUMN146_1321	Escherichia coli UM146	34	34	34	34	0	0	1.0	100.0	1
map00030	rn00030	Pentose phosphate pathway	iECED1_1282	Escherichia coli ED1a	iUMNK88_1353	Escherichia coli UMNK88	34	34	34	34	0	0	1.0	100.0	1
map00030	rn00030	Pentose phosphate pathway	iECED1_1282	Escherichia coli ED1a	iUTI89_1310	Escherichia coli UTI89	34	34	34	34	0	0	1.0	100.0	1
map00030	rn00030	Pentose phosphate pathway	iECED1_1282	Escherichia coli ED1a	iWFL_1372	Escherichia coli W	34	34	34	34	0	0	1.0	100.0	1
map00030	rn00030	Pentose phosphate pathway	iECED1_1282	Escherichia coli ED1a	iY75_1357	Escherichia coli str. K-12 substr. W3110	34	34	34	34	0	0	1.0	100.0	1
map00030	rn00030	Pentose phosphate pathway	iECED1_1282	Escherichia coli ED1a	iZ_1308	Escherichia coli O157:H7 str. EDL933	34	33	33	34	1	0	0.9706	97.06	0
map00030	rn00030	Pentose phosphate pathway	iECED1_1282	Escherichia coli ED1a	ic_1306	Escherichia coli CFT073	34	34	34	34	0	0	1.0	100.0	1
map00030	rn00030	Pentose phosphate pathway	iECH74115_1262	Escherichia coli O157:H7 str. EC4115	iECIAI1_1343	Escherichia coli IAI1	33	34	33	34	0	1	0.9706	97.06	0
map00030	rn00030	Pentose phosphate pathway	iECH74115_1262	Escherichia coli O157:H7 str. EC4115	iECIAI39_1322	Escherichia coli IAI39	33	34	33	34	0	1	0.9706	97.06	0
map00030	rn00030	Pentose phosphate pathway	iECH74115_1262	Escherichia coli O157:H7 str. EC4115	iECNA114_1301	Escherichia coli NA114	33	34	33	34	0	1	0.9706	97.06	0
map00030	rn00030	Pentose phosphate pathway	iECH74115_1262	Escherichia coli O157:H7 str. EC4115	iECO103_1326	Escherichia coli O103:H2 str. 12009	33	34	33	34	0	1	0.9706	97.06	0
map00030	rn00030	Pentose phosphate pathway	iECH74115_1262	Escherichia coli O157:H7 str. EC4115	iECO111_1330	Escherichia coli O111:H- str. 11128	33	34	33	34	0	1	0.9706	97.06	0
map00030	rn00030	Pentose phosphate pathway	iECH74115_1262	Escherichia coli O157:H7 str. EC4115	iECO26_1355	Escherichia coli O26:H11 str. 11368	33	34	33	34	0	1	0.9706	97.06	0
map00030	rn00030	Pentose phosphate pathway	iECH74115_1262	Escherichia coli O157:H7 str. EC4115	iECOK1_1307	Escherichia coli IHE3034	33	34	33	34	0	1	0.9706	97.06	0
map00030	rn00030	Pentose phosphate pathway	iECH74115_1262	Escherichia coli O157:H7 str. EC4115	iECP_1309	Escherichia coli 536	33	34	33	34	0	1	0.9706	97.06	0
map00030	rn00030	Pentose phosphate pathway	iECH74115_1262	Escherichia coli O157:H7 str. EC4115	iECS88_1305	Escherichia coli S88	33	34	33	34	0	1	0.9706	97.06	0
map00030	rn00030	Pentose phosphate pathway	iECH74115_1262	Escherichia coli O157:H7 str. EC4115	iECSE_1348	Escherichia coli SE11	33	34	33	34	0	1	0.9706	97.06	0
map00030	rn00030	Pentose phosphate pathway	iECH74115_1262	Escherichia coli O157:H7 str. EC4115	iECSF_1327	Escherichia coli SE15	33	34	33	34	0	1	0.9706	97.06	0
map00030	rn00030	Pentose phosphate pathway	iECH74115_1262	Escherichia coli O157:H7 str. EC4115	iECSP_1301	Escherichia coli O157:H7 str. TW14359	33	33	33	33	0	0	1.0	100.0	1
map00030	rn00030	Pentose phosphate pathway	iECH74115_1262	Escherichia coli O157:H7 str. EC4115	iECUMN_1333	Escherichia coli UMN026	33	34	33	34	0	1	0.9706	97.06	0
map00030	rn00030	Pentose phosphate pathway	iECH74115_1262	Escherichia coli O157:H7 str. EC4115	iECW_1372	Escherichia coli W	33	34	33	34	0	1	0.9706	97.06	0
map00030	rn00030	Pentose phosphate pathway	iECH74115_1262	Escherichia coli O157:H7 str. EC4115	iECs_1301	Escherichia coli O157:H7 str. Sakai	33	33	33	33	0	0	1.0	100.0	1
map00030	rn00030	Pentose phosphate pathway	iECH74115_1262	Escherichia coli O157:H7 str. EC4115	iEKO11_1354	Escherichia coli KO11FL	33	32	31	34	2	1	0.9118	91.18	0
map00030	rn00030	Pentose phosphate pathway	iECH74115_1262	Escherichia coli O157:H7 str. EC4115	iETEC_1333	Escherichia coli ETEC H10407	33	34	33	34	0	1	0.9706	97.06	0
map00030	rn00030	Pentose phosphate pathway	iECH74115_1262	Escherichia coli O157:H7 str. EC4115	iEcDH1_1363	Escherichia coli DH1	33	34	33	34	0	1	0.9706	97.06	0
map00030	rn00030	Pentose phosphate pathway	iECH74115_1262	Escherichia coli O157:H7 str. EC4115	iEcE24377_1341	Escherichia coli O139:H28 str. E24377A	33	34	33	34	0	1	0.9706	97.06	0
map00030	rn00030	Pentose phosphate pathway	iECH74115_1262	Escherichia coli O157:H7 str. EC4115	iEcHS_1320	Escherichia coli HS	33	34	33	34	0	1	0.9706	97.06	0
map00030	rn00030	Pentose phosphate pathway	iECH74115_1262	Escherichia coli O157:H7 str. EC4115	iEcSMS35_1347	Escherichia coli SMS-3-5	33	34	33	34	0	1	0.9706	97.06	0
map00030	rn00030	Pentose phosphate pathway	iECH74115_1262	Escherichia coli O157:H7 str. EC4115	iEcolC_1368	Escherichia coli ATCC 8739	33	34	33	34	0	1	0.9706	97.06	0
map00030	rn00030	Pentose phosphate pathway	iECH74115_1262	Escherichia coli O157:H7 str. EC4115	iG2583_1286	Escherichia coli O55:H7 str. CB9615	33	33	33	33	0	0	1.0	100.0	1
map00030	rn00030	Pentose phosphate pathway	iECH74115_1262	Escherichia coli O157:H7 str. EC4115	iJO1366	Escherichia coli str. K-12 substr. MG1655	33	34	33	34	0	1	0.9706	97.06	0
map00030	rn00030	Pentose phosphate pathway	iECH74115_1262	Escherichia coli O157:H7 str. EC4115	iJR904	Escherichia coli str. K-12 substr. MG1655	33	32	31	34	2	1	0.9118	91.18	0
map00030	rn00030	Pentose phosphate pathway	iECH74115_1262	Escherichia coli O157:H7 str. EC4115	iLF82_1304	Escherichia coli LF82	33	34	33	34	0	1	0.9706	97.06	0
map00030	rn00030	Pentose phosphate pathway	iECH74115_1262	Escherichia coli O157:H7 str. EC4115	iML1515	Escherichia coli str. K-12 substr. MG1655	33	34	33	34	0	1	0.9706	97.06	0
map00030	rn00030	Pentose phosphate pathway	iECH74115_1262	Escherichia coli O157:H7 str. EC4115	iNRG857_1313	Escherichia coli O83:H1 str. NRG 857C	33	34	33	34	0	1	0.9706	97.06	0
map00030	rn00030	Pentose phosphate pathway	iECH74115_1262	Escherichia coli O157:H7 str. EC4115	iUMN146_1321	Escherichia coli UM146	33	34	33	34	0	1	0.9706	97.06	0
map00030	rn00030	Pentose phosphate pathway	iECH74115_1262	Escherichia coli O157:H7 str. EC4115	iUMNK88_1353	Escherichia coli UMNK88	33	34	33	34	0	1	0.9706	97.06	0
map00030	rn00030	Pentose phosphate pathway	iECH74115_1262	Escherichia coli O157:H7 str. EC4115	iUTI89_1310	Escherichia coli UTI89	33	34	33	34	0	1	0.9706	97.06	0
map00030	rn00030	Pentose phosphate pathway	iECH74115_1262	Escherichia coli O157:H7 str. EC4115	iWFL_1372	Escherichia coli W	33	34	33	34	0	1	0.9706	97.06	0
map00030	rn00030	Pentose phosphate pathway	iECH74115_1262	Escherichia coli O157:H7 str. EC4115	iY75_1357	Escherichia coli str. K-12 substr. W3110	33	34	33	34	0	1	0.9706	97.06	0
map00030	rn00030	Pentose phosphate pathway	iECH74115_1262	Escherichia coli O157:H7 str. EC4115	iZ_1308	Escherichia coli O157:H7 str. EDL933	33	33	33	33	0	0	1.0	100.0	1
map00030	rn00030	Pentose phosphate pathway	iECH74115_1262	Escherichia coli O157:H7 str. EC4115	ic_1306	Escherichia coli CFT073	33	34	33	34	0	1	0.9706	97.06	0
map00030	rn00030	Pentose phosphate pathway	iECIAI1_1343	Escherichia coli IAI1	iECIAI39_1322	Escherichia coli IAI39	34	34	34	34	0	0	1.0	100.0	1
map00030	rn00030	Pentose phosphate pathway	iECIAI1_1343	Escherichia coli IAI1	iECNA114_1301	Escherichia coli NA114	34	34	34	34	0	0	1.0	100.0	1
map00030	rn00030	Pentose phosphate pathway	iECIAI1_1343	Escherichia coli IAI1	iECO103_1326	Escherichia coli O103:H2 str. 12009	34	34	34	34	0	0	1.0	100.0	1
map00030	rn00030	Pentose phosphate pathway	iECIAI1_1343	Escherichia coli IAI1	iECO111_1330	Escherichia coli O111:H- str. 11128	34	34	34	34	0	0	1.0	100.0	1
map00030	rn00030	Pentose phosphate pathway	iECIAI1_1343	Escherichia coli IAI1	iECO26_1355	Escherichia coli O26:H11 str. 11368	34	34	34	34	0	0	1.0	100.0	1
map00030	rn00030	Pentose phosphate pathway	iECIAI1_1343	Escherichia coli IAI1	iECOK1_1307	Escherichia coli IHE3034	34	34	34	34	0	0	1.0	100.0	1
map00030	rn00030	Pentose phosphate pathway	iECIAI1_1343	Escherichia coli IAI1	iECP_1309	Escherichia coli 536	34	34	34	34	0	0	1.0	100.0	1
map00030	rn00030	Pentose phosphate pathway	iECIAI1_1343	Escherichia coli IAI1	iECS88_1305	Escherichia coli S88	34	34	34	34	0	0	1.0	100.0	1
map00030	rn00030	Pentose phosphate pathway	iECIAI1_1343	Escherichia coli IAI1	iECSE_1348	Escherichia coli SE11	34	34	34	34	0	0	1.0	100.0	1
map00030	rn00030	Pentose phosphate pathway	iECIAI1_1343	Escherichia coli IAI1	iECSF_1327	Escherichia coli SE15	34	34	34	34	0	0	1.0	100.0	1
map00030	rn00030	Pentose phosphate pathway	iECIAI1_1343	Escherichia coli IAI1	iECSP_1301	Escherichia coli O157:H7 str. TW14359	34	33	33	34	1	0	0.9706	97.06	0
map00030	rn00030	Pentose phosphate pathway	iECIAI1_1343	Escherichia coli IAI1	iECUMN_1333	Escherichia coli UMN026	34	34	34	34	0	0	1.0	100.0	1
map00030	rn00030	Pentose phosphate pathway	iECIAI1_1343	Escherichia coli IAI1	iECW_1372	Escherichia coli W	34	34	34	34	0	0	1.0	100.0	1
map00030	rn00030	Pentose phosphate pathway	iECIAI1_1343	Escherichia coli IAI1	iECs_1301	Escherichia coli O157:H7 str. Sakai	34	33	33	34	1	0	0.9706	97.06	0
map00030	rn00030	Pentose phosphate pathway	iECIAI1_1343	Escherichia coli IAI1	iEKO11_1354	Escherichia coli KO11FL	34	32	32	34	2	0	0.9412	94.12	0
map00030	rn00030	Pentose phosphate pathway	iECIAI1_1343	Escherichia coli IAI1	iETEC_1333	Escherichia coli ETEC H10407	34	34	34	34	0	0	1.0	100.0	1
map00030	rn00030	Pentose phosphate pathway	iECIAI1_1343	Escherichia coli IAI1	iEcDH1_1363	Escherichia coli DH1	34	34	34	34	0	0	1.0	100.0	1
map00030	rn00030	Pentose phosphate pathway	iECIAI1_1343	Escherichia coli IAI1	iEcE24377_1341	Escherichia coli O139:H28 str. E24377A	34	34	34	34	0	0	1.0	100.0	1
map00030	rn00030	Pentose phosphate pathway	iECIAI1_1343	Escherichia coli IAI1	iEcHS_1320	Escherichia coli HS	34	34	34	34	0	0	1.0	100.0	1
map00030	rn00030	Pentose phosphate pathway	iECIAI1_1343	Escherichia coli IAI1	iEcSMS35_1347	Escherichia coli SMS-3-5	34	34	34	34	0	0	1.0	100.0	1
map00030	rn00030	Pentose phosphate pathway	iECIAI1_1343	Escherichia coli IAI1	iEcolC_1368	Escherichia coli ATCC 8739	34	34	34	34	0	0	1.0	100.0	1
map00030	rn00030	Pentose phosphate pathway	iECIAI1_1343	Escherichia coli IAI1	iG2583_1286	Escherichia coli O55:H7 str. CB9615	34	33	33	34	1	0	0.9706	97.06	0
map00030	rn00030	Pentose phosphate pathway	iECIAI1_1343	Escherichia coli IAI1	iJO1366	Escherichia coli str. K-12 substr. MG1655	34	34	34	34	0	0	1.0	100.0	1
map00030	rn00030	Pentose phosphate pathway	iECIAI1_1343	Escherichia coli IAI1	iJR904	Escherichia coli str. K-12 substr. MG1655	34	32	32	34	2	0	0.9412	94.12	0
map00030	rn00030	Pentose phosphate pathway	iECIAI1_1343	Escherichia coli IAI1	iLF82_1304	Escherichia coli LF82	34	34	34	34	0	0	1.0	100.0	1
map00030	rn00030	Pentose phosphate pathway	iECIAI1_1343	Escherichia coli IAI1	iML1515	Escherichia coli str. K-12 substr. MG1655	34	34	34	34	0	0	1.0	100.0	1
map00030	rn00030	Pentose phosphate pathway	iECIAI1_1343	Escherichia coli IAI1	iNRG857_1313	Escherichia coli O83:H1 str. NRG 857C	34	34	34	34	0	0	1.0	100.0	1
map00030	rn00030	Pentose phosphate pathway	iECIAI1_1343	Escherichia coli IAI1	iUMN146_1321	Escherichia coli UM146	34	34	34	34	0	0	1.0	100.0	1
map00030	rn00030	Pentose phosphate pathway	iECIAI1_1343	Escherichia coli IAI1	iUMNK88_1353	Escherichia coli UMNK88	34	34	34	34	0	0	1.0	100.0	1
map00030	rn00030	Pentose phosphate pathway	iECIAI1_1343	Escherichia coli IAI1	iUTI89_1310	Escherichia coli UTI89	34	34	34	34	0	0	1.0	100.0	1
map00030	rn00030	Pentose phosphate pathway	iECIAI1_1343	Escherichia coli IAI1	iWFL_1372	Escherichia coli W	34	34	34	34	0	0	1.0	100.0	1
map00030	rn00030	Pentose phosphate pathway	iECIAI1_1343	Escherichia coli IAI1	iY75_1357	Escherichia coli str. K-12 substr. W3110	34	34	34	34	0	0	1.0	100.0	1
map00030	rn00030	Pentose phosphate pathway	iECIAI1_1343	Escherichia coli IAI1	iZ_1308	Escherichia coli O157:H7 str. EDL933	34	33	33	34	1	0	0.9706	97.06	0
map00030	rn00030	Pentose phosphate pathway	iECIAI1_1343	Escherichia coli IAI1	ic_1306	Escherichia coli CFT073	34	34	34	34	0	0	1.0	100.0	1
map00030	rn00030	Pentose phosphate pathway	iECIAI39_1322	Escherichia coli IAI39	iECNA114_1301	Escherichia coli NA114	34	34	34	34	0	0	1.0	100.0	1
map00030	rn00030	Pentose phosphate pathway	iECIAI39_1322	Escherichia coli IAI39	iECO103_1326	Escherichia coli O103:H2 str. 12009	34	34	34	34	0	0	1.0	100.0	1
map00030	rn00030	Pentose phosphate pathway	iECIAI39_1322	Escherichia coli IAI39	iECO111_1330	Escherichia coli O111:H- str. 11128	34	34	34	34	0	0	1.0	100.0	1
map00030	rn00030	Pentose phosphate pathway	iECIAI39_1322	Escherichia coli IAI39	iECO26_1355	Escherichia coli O26:H11 str. 11368	34	34	34	34	0	0	1.0	100.0	1
map00030	rn00030	Pentose phosphate pathway	iECIAI39_1322	Escherichia coli IAI39	iECOK1_1307	Escherichia coli IHE3034	34	34	34	34	0	0	1.0	100.0	1
map00030	rn00030	Pentose phosphate pathway	iECIAI39_1322	Escherichia coli IAI39	iECP_1309	Escherichia coli 536	34	34	34	34	0	0	1.0	100.0	1
map00030	rn00030	Pentose phosphate pathway	iECIAI39_1322	Escherichia coli IAI39	iECS88_1305	Escherichia coli S88	34	34	34	34	0	0	1.0	100.0	1
map00030	rn00030	Pentose phosphate pathway	iECIAI39_1322	Escherichia coli IAI39	iECSE_1348	Escherichia coli SE11	34	34	34	34	0	0	1.0	100.0	1
map00030	rn00030	Pentose phosphate pathway	iECIAI39_1322	Escherichia coli IAI39	iECSF_1327	Escherichia coli SE15	34	34	34	34	0	0	1.0	100.0	1
map00030	rn00030	Pentose phosphate pathway	iECIAI39_1322	Escherichia coli IAI39	iECSP_1301	Escherichia coli O157:H7 str. TW14359	34	33	33	34	1	0	0.9706	97.06	0
map00030	rn00030	Pentose phosphate pathway	iECIAI39_1322	Escherichia coli IAI39	iECUMN_1333	Escherichia coli UMN026	34	34	34	34	0	0	1.0	100.0	1
map00030	rn00030	Pentose phosphate pathway	iECIAI39_1322	Escherichia coli IAI39	iECW_1372	Escherichia coli W	34	34	34	34	0	0	1.0	100.0	1
map00030	rn00030	Pentose phosphate pathway	iECIAI39_1322	Escherichia coli IAI39	iECs_1301	Escherichia coli O157:H7 str. Sakai	34	33	33	34	1	0	0.9706	97.06	0
map00030	rn00030	Pentose phosphate pathway	iECIAI39_1322	Escherichia coli IAI39	iEKO11_1354	Escherichia coli KO11FL	34	32	32	34	2	0	0.9412	94.12	0
map00030	rn00030	Pentose phosphate pathway	iECIAI39_1322	Escherichia coli IAI39	iETEC_1333	Escherichia coli ETEC H10407	34	34	34	34	0	0	1.0	100.0	1
map00030	rn00030	Pentose phosphate pathway	iECIAI39_1322	Escherichia coli IAI39	iEcDH1_1363	Escherichia coli DH1	34	34	34	34	0	0	1.0	100.0	1
map00030	rn00030	Pentose phosphate pathway	iECIAI39_1322	Escherichia coli IAI39	iEcE24377_1341	Escherichia coli O139:H28 str. E24377A	34	34	34	34	0	0	1.0	100.0	1
map00030	rn00030	Pentose phosphate pathway	iECIAI39_1322	Escherichia coli IAI39	iEcHS_1320	Escherichia coli HS	34	34	34	34	0	0	1.0	100.0	1
map00030	rn00030	Pentose phosphate pathway	iECIAI39_1322	Escherichia coli IAI39	iEcSMS35_1347	Escherichia coli SMS-3-5	34	34	34	34	0	0	1.0	100.0	1
map00030	rn00030	Pentose phosphate pathway	iECIAI39_1322	Escherichia coli IAI39	iEcolC_1368	Escherichia coli ATCC 8739	34	34	34	34	0	0	1.0	100.0	1
map00030	rn00030	Pentose phosphate pathway	iECIAI39_1322	Escherichia coli IAI39	iG2583_1286	Escherichia coli O55:H7 str. CB9615	34	33	33	34	1	0	0.9706	97.06	0
map00030	rn00030	Pentose phosphate pathway	iECIAI39_1322	Escherichia coli IAI39	iJO1366	Escherichia coli str. K-12 substr. MG1655	34	34	34	34	0	0	1.0	100.0	1
map00030	rn00030	Pentose phosphate pathway	iECIAI39_1322	Escherichia coli IAI39	iJR904	Escherichia coli str. K-12 substr. MG1655	34	32	32	34	2	0	0.9412	94.12	0
map00030	rn00030	Pentose phosphate pathway	iECIAI39_1322	Escherichia coli IAI39	iLF82_1304	Escherichia coli LF82	34	34	34	34	0	0	1.0	100.0	1
map00030	rn00030	Pentose phosphate pathway	iECIAI39_1322	Escherichia coli IAI39	iML1515	Escherichia coli str. K-12 substr. MG1655	34	34	34	34	0	0	1.0	100.0	1
map00030	rn00030	Pentose phosphate pathway	iECIAI39_1322	Escherichia coli IAI39	iNRG857_1313	Escherichia coli O83:H1 str. NRG 857C	34	34	34	34	0	0	1.0	100.0	1
map00030	rn00030	Pentose phosphate pathway	iECIAI39_1322	Escherichia coli IAI39	iUMN146_1321	Escherichia coli UM146	34	34	34	34	0	0	1.0	100.0	1
map00030	rn00030	Pentose phosphate pathway	iECIAI39_1322	Escherichia coli IAI39	iUMNK88_1353	Escherichia coli UMNK88	34	34	34	34	0	0	1.0	100.0	1
map00030	rn00030	Pentose phosphate pathway	iECIAI39_1322	Escherichia coli IAI39	iUTI89_1310	Escherichia coli UTI89	34	34	34	34	0	0	1.0	100.0	1
map00030	rn00030	Pentose phosphate pathway	iECIAI39_1322	Escherichia coli IAI39	iWFL_1372	Escherichia coli W	34	34	34	34	0	0	1.0	100.0	1
map00030	rn00030	Pentose phosphate pathway	iECIAI39_1322	Escherichia coli IAI39	iY75_1357	Escherichia coli str. K-12 substr. W3110	34	34	34	34	0	0	1.0	100.0	1
map00030	rn00030	Pentose phosphate pathway	iECIAI39_1322	Escherichia coli IAI39	iZ_1308	Escherichia coli O157:H7 str. EDL933	34	33	33	34	1	0	0.9706	97.06	0
map00030	rn00030	Pentose phosphate pathway	iECIAI39_1322	Escherichia coli IAI39	ic_1306	Escherichia coli CFT073	34	34	34	34	0	0	1.0	100.0	1
map00030	rn00030	Pentose phosphate pathway	iECNA114_1301	Escherichia coli NA114	iECO103_1326	Escherichia coli O103:H2 str. 12009	34	34	34	34	0	0	1.0	100.0	1
map00030	rn00030	Pentose phosphate pathway	iECNA114_1301	Escherichia coli NA114	iECO111_1330	Escherichia coli O111:H- str. 11128	34	34	34	34	0	0	1.0	100.0	1
map00030	rn00030	Pentose phosphate pathway	iECNA114_1301	Escherichia coli NA114	iECO26_1355	Escherichia coli O26:H11 str. 11368	34	34	34	34	0	0	1.0	100.0	1
map00030	rn00030	Pentose phosphate pathway	iECNA114_1301	Escherichia coli NA114	iECOK1_1307	Escherichia coli IHE3034	34	34	34	34	0	0	1.0	100.0	1
map00030	rn00030	Pentose phosphate pathway	iECNA114_1301	Escherichia coli NA114	iECP_1309	Escherichia coli 536	34	34	34	34	0	0	1.0	100.0	1
map00030	rn00030	Pentose phosphate pathway	iECNA114_1301	Escherichia coli NA114	iECS88_1305	Escherichia coli S88	34	34	34	34	0	0	1.0	100.0	1
map00030	rn00030	Pentose phosphate pathway	iECNA114_1301	Escherichia coli NA114	iECSE_1348	Escherichia coli SE11	34	34	34	34	0	0	1.0	100.0	1
map00030	rn00030	Pentose phosphate pathway	iECNA114_1301	Escherichia coli NA114	iECSF_1327	Escherichia coli SE15	34	34	34	34	0	0	1.0	100.0	1
map00030	rn00030	Pentose phosphate pathway	iECNA114_1301	Escherichia coli NA114	iECSP_1301	Escherichia coli O157:H7 str. TW14359	34	33	33	34	1	0	0.9706	97.06	0
map00030	rn00030	Pentose phosphate pathway	iECNA114_1301	Escherichia coli NA114	iECUMN_1333	Escherichia coli UMN026	34	34	34	34	0	0	1.0	100.0	1
map00030	rn00030	Pentose phosphate pathway	iECNA114_1301	Escherichia coli NA114	iECW_1372	Escherichia coli W	34	34	34	34	0	0	1.0	100.0	1
map00030	rn00030	Pentose phosphate pathway	iECNA114_1301	Escherichia coli NA114	iECs_1301	Escherichia coli O157:H7 str. Sakai	34	33	33	34	1	0	0.9706	97.06	0
map00030	rn00030	Pentose phosphate pathway	iECNA114_1301	Escherichia coli NA114	iEKO11_1354	Escherichia coli KO11FL	34	32	32	34	2	0	0.9412	94.12	0
map00030	rn00030	Pentose phosphate pathway	iECNA114_1301	Escherichia coli NA114	iETEC_1333	Escherichia coli ETEC H10407	34	34	34	34	0	0	1.0	100.0	1
map00030	rn00030	Pentose phosphate pathway	iECNA114_1301	Escherichia coli NA114	iEcDH1_1363	Escherichia coli DH1	34	34	34	34	0	0	1.0	100.0	1
map00030	rn00030	Pentose phosphate pathway	iECNA114_1301	Escherichia coli NA114	iEcE24377_1341	Escherichia coli O139:H28 str. E24377A	34	34	34	34	0	0	1.0	100.0	1
map00030	rn00030	Pentose phosphate pathway	iECNA114_1301	Escherichia coli NA114	iEcHS_1320	Escherichia coli HS	34	34	34	34	0	0	1.0	100.0	1
map00030	rn00030	Pentose phosphate pathway	iECNA114_1301	Escherichia coli NA114	iEcSMS35_1347	Escherichia coli SMS-3-5	34	34	34	34	0	0	1.0	100.0	1
map00030	rn00030	Pentose phosphate pathway	iECNA114_1301	Escherichia coli NA114	iEcolC_1368	Escherichia coli ATCC 8739	34	34	34	34	0	0	1.0	100.0	1
map00030	rn00030	Pentose phosphate pathway	iECNA114_1301	Escherichia coli NA114	iG2583_1286	Escherichia coli O55:H7 str. CB9615	34	33	33	34	1	0	0.9706	97.06	0
map00030	rn00030	Pentose phosphate pathway	iECNA114_1301	Escherichia coli NA114	iJO1366	Escherichia coli str. K-12 substr. MG1655	34	34	34	34	0	0	1.0	100.0	1
map00030	rn00030	Pentose phosphate pathway	iECNA114_1301	Escherichia coli NA114	iJR904	Escherichia coli str. K-12 substr. MG1655	34	32	32	34	2	0	0.9412	94.12	0
map00030	rn00030	Pentose phosphate pathway	iECNA114_1301	Escherichia coli NA114	iLF82_1304	Escherichia coli LF82	34	34	34	34	0	0	1.0	100.0	1
map00030	rn00030	Pentose phosphate pathway	iECNA114_1301	Escherichia coli NA114	iML1515	Escherichia coli str. K-12 substr. MG1655	34	34	34	34	0	0	1.0	100.0	1
map00030	rn00030	Pentose phosphate pathway	iECNA114_1301	Escherichia coli NA114	iNRG857_1313	Escherichia coli O83:H1 str. NRG 857C	34	34	34	34	0	0	1.0	100.0	1
map00030	rn00030	Pentose phosphate pathway	iECNA114_1301	Escherichia coli NA114	iUMN146_1321	Escherichia coli UM146	34	34	34	34	0	0	1.0	100.0	1
map00030	rn00030	Pentose phosphate pathway	iECNA114_1301	Escherichia coli NA114	iUMNK88_1353	Escherichia coli UMNK88	34	34	34	34	0	0	1.0	100.0	1
map00030	rn00030	Pentose phosphate pathway	iECNA114_1301	Escherichia coli NA114	iUTI89_1310	Escherichia coli UTI89	34	34	34	34	0	0	1.0	100.0	1
map00030	rn00030	Pentose phosphate pathway	iECNA114_1301	Escherichia coli NA114	iWFL_1372	Escherichia coli W	34	34	34	34	0	0	1.0	100.0	1
map00030	rn00030	Pentose phosphate pathway	iECNA114_1301	Escherichia coli NA114	iY75_1357	Escherichia coli str. K-12 substr. W3110	34	34	34	34	0	0	1.0	100.0	1
map00030	rn00030	Pentose phosphate pathway	iECNA114_1301	Escherichia coli NA114	iZ_1308	Escherichia coli O157:H7 str. EDL933	34	33	33	34	1	0	0.9706	97.06	0
map00030	rn00030	Pentose phosphate pathway	iECNA114_1301	Escherichia coli NA114	ic_1306	Escherichia coli CFT073	34	34	34	34	0	0	1.0	100.0	1
map00030	rn00030	Pentose phosphate pathway	iECO103_1326	Escherichia coli O103:H2 str. 12009	iECO111_1330	Escherichia coli O111:H- str. 11128	34	34	34	34	0	0	1.0	100.0	1
map00030	rn00030	Pentose phosphate pathway	iECO103_1326	Escherichia coli O103:H2 str. 12009	iECO26_1355	Escherichia coli O26:H11 str. 11368	34	34	34	34	0	0	1.0	100.0	1
map00030	rn00030	Pentose phosphate pathway	iECO103_1326	Escherichia coli O103:H2 str. 12009	iECOK1_1307	Escherichia coli IHE3034	34	34	34	34	0	0	1.0	100.0	1
map00030	rn00030	Pentose phosphate pathway	iECO103_1326	Escherichia coli O103:H2 str. 12009	iECP_1309	Escherichia coli 536	34	34	34	34	0	0	1.0	100.0	1
map00030	rn00030	Pentose phosphate pathway	iECO103_1326	Escherichia coli O103:H2 str. 12009	iECS88_1305	Escherichia coli S88	34	34	34	34	0	0	1.0	100.0	1
map00030	rn00030	Pentose phosphate pathway	iECO103_1326	Escherichia coli O103:H2 str. 12009	iECSE_1348	Escherichia coli SE11	34	34	34	34	0	0	1.0	100.0	1
map00030	rn00030	Pentose phosphate pathway	iECO103_1326	Escherichia coli O103:H2 str. 12009	iECSF_1327	Escherichia coli SE15	34	34	34	34	0	0	1.0	100.0	1
map00030	rn00030	Pentose phosphate pathway	iECO103_1326	Escherichia coli O103:H2 str. 12009	iECSP_1301	Escherichia coli O157:H7 str. TW14359	34	33	33	34	1	0	0.9706	97.06	0
map00030	rn00030	Pentose phosphate pathway	iECO103_1326	Escherichia coli O103:H2 str. 12009	iECUMN_1333	Escherichia coli UMN026	34	34	34	34	0	0	1.0	100.0	1
map00030	rn00030	Pentose phosphate pathway	iECO103_1326	Escherichia coli O103:H2 str. 12009	iECW_1372	Escherichia coli W	34	34	34	34	0	0	1.0	100.0	1
map00030	rn00030	Pentose phosphate pathway	iECO103_1326	Escherichia coli O103:H2 str. 12009	iECs_1301	Escherichia coli O157:H7 str. Sakai	34	33	33	34	1	0	0.9706	97.06	0
map00030	rn00030	Pentose phosphate pathway	iECO103_1326	Escherichia coli O103:H2 str. 12009	iEKO11_1354	Escherichia coli KO11FL	34	32	32	34	2	0	0.9412	94.12	0
map00030	rn00030	Pentose phosphate pathway	iECO103_1326	Escherichia coli O103:H2 str. 12009	iETEC_1333	Escherichia coli ETEC H10407	34	34	34	34	0	0	1.0	100.0	1
map00030	rn00030	Pentose phosphate pathway	iECO103_1326	Escherichia coli O103:H2 str. 12009	iEcDH1_1363	Escherichia coli DH1	34	34	34	34	0	0	1.0	100.0	1
map00030	rn00030	Pentose phosphate pathway	iECO103_1326	Escherichia coli O103:H2 str. 12009	iEcE24377_1341	Escherichia coli O139:H28 str. E24377A	34	34	34	34	0	0	1.0	100.0	1
map00030	rn00030	Pentose phosphate pathway	iECO103_1326	Escherichia coli O103:H2 str. 12009	iEcHS_1320	Escherichia coli HS	34	34	34	34	0	0	1.0	100.0	1
map00030	rn00030	Pentose phosphate pathway	iECO103_1326	Escherichia coli O103:H2 str. 12009	iEcSMS35_1347	Escherichia coli SMS-3-5	34	34	34	34	0	0	1.0	100.0	1
map00030	rn00030	Pentose phosphate pathway	iECO103_1326	Escherichia coli O103:H2 str. 12009	iEcolC_1368	Escherichia coli ATCC 8739	34	34	34	34	0	0	1.0	100.0	1
map00030	rn00030	Pentose phosphate pathway	iECO103_1326	Escherichia coli O103:H2 str. 12009	iG2583_1286	Escherichia coli O55:H7 str. CB9615	34	33	33	34	1	0	0.9706	97.06	0
map00030	rn00030	Pentose phosphate pathway	iECO103_1326	Escherichia coli O103:H2 str. 12009	iJO1366	Escherichia coli str. K-12 substr. MG1655	34	34	34	34	0	0	1.0	100.0	1
map00030	rn00030	Pentose phosphate pathway	iECO103_1326	Escherichia coli O103:H2 str. 12009	iJR904	Escherichia coli str. K-12 substr. MG1655	34	32	32	34	2	0	0.9412	94.12	0
map00030	rn00030	Pentose phosphate pathway	iECO103_1326	Escherichia coli O103:H2 str. 12009	iLF82_1304	Escherichia coli LF82	34	34	34	34	0	0	1.0	100.0	1
map00030	rn00030	Pentose phosphate pathway	iECO103_1326	Escherichia coli O103:H2 str. 12009	iML1515	Escherichia coli str. K-12 substr. MG1655	34	34	34	34	0	0	1.0	100.0	1
map00030	rn00030	Pentose phosphate pathway	iECO103_1326	Escherichia coli O103:H2 str. 12009	iNRG857_1313	Escherichia coli O83:H1 str. NRG 857C	34	34	34	34	0	0	1.0	100.0	1
map00030	rn00030	Pentose phosphate pathway	iECO103_1326	Escherichia coli O103:H2 str. 12009	iUMN146_1321	Escherichia coli UM146	34	34	34	34	0	0	1.0	100.0	1
map00030	rn00030	Pentose phosphate pathway	iECO103_1326	Escherichia coli O103:H2 str. 12009	iUMNK88_1353	Escherichia coli UMNK88	34	34	34	34	0	0	1.0	100.0	1
map00030	rn00030	Pentose phosphate pathway	iECO103_1326	Escherichia coli O103:H2 str. 12009	iUTI89_1310	Escherichia coli UTI89	34	34	34	34	0	0	1.0	100.0	1
map00030	rn00030	Pentose phosphate pathway	iECO103_1326	Escherichia coli O103:H2 str. 12009	iWFL_1372	Escherichia coli W	34	34	34	34	0	0	1.0	100.0	1
map00030	rn00030	Pentose phosphate pathway	iECO103_1326	Escherichia coli O103:H2 str. 12009	iY75_1357	Escherichia coli str. K-12 substr. W3110	34	34	34	34	0	0	1.0	100.0	1
map00030	rn00030	Pentose phosphate pathway	iECO103_1326	Escherichia coli O103:H2 str. 12009	iZ_1308	Escherichia coli O157:H7 str. EDL933	34	33	33	34	1	0	0.9706	97.06	0
map00030	rn00030	Pentose phosphate pathway	iECO103_1326	Escherichia coli O103:H2 str. 12009	ic_1306	Escherichia coli CFT073	34	34	34	34	0	0	1.0	100.0	1
map00030	rn00030	Pentose phosphate pathway	iECO111_1330	Escherichia coli O111:H- str. 11128	iECO26_1355	Escherichia coli O26:H11 str. 11368	34	34	34	34	0	0	1.0	100.0	1
map00030	rn00030	Pentose phosphate pathway	iECO111_1330	Escherichia coli O111:H- str. 11128	iECOK1_1307	Escherichia coli IHE3034	34	34	34	34	0	0	1.0	100.0	1
map00030	rn00030	Pentose phosphate pathway	iECO111_1330	Escherichia coli O111:H- str. 11128	iECP_1309	Escherichia coli 536	34	34	34	34	0	0	1.0	100.0	1
map00030	rn00030	Pentose phosphate pathway	iECO111_1330	Escherichia coli O111:H- str. 11128	iECS88_1305	Escherichia coli S88	34	34	34	34	0	0	1.0	100.0	1
map00030	rn00030	Pentose phosphate pathway	iECO111_1330	Escherichia coli O111:H- str. 11128	iECSE_1348	Escherichia coli SE11	34	34	34	34	0	0	1.0	100.0	1
map00030	rn00030	Pentose phosphate pathway	iECO111_1330	Escherichia coli O111:H- str. 11128	iECSF_1327	Escherichia coli SE15	34	34	34	34	0	0	1.0	100.0	1
map00030	rn00030	Pentose phosphate pathway	iECO111_1330	Escherichia coli O111:H- str. 11128	iECSP_1301	Escherichia coli O157:H7 str. TW14359	34	33	33	34	1	0	0.9706	97.06	0
map00030	rn00030	Pentose phosphate pathway	iECO111_1330	Escherichia coli O111:H- str. 11128	iECUMN_1333	Escherichia coli UMN026	34	34	34	34	0	0	1.0	100.0	1
map00030	rn00030	Pentose phosphate pathway	iECO111_1330	Escherichia coli O111:H- str. 11128	iECW_1372	Escherichia coli W	34	34	34	34	0	0	1.0	100.0	1
map00030	rn00030	Pentose phosphate pathway	iECO111_1330	Escherichia coli O111:H- str. 11128	iECs_1301	Escherichia coli O157:H7 str. Sakai	34	33	33	34	1	0	0.9706	97.06	0
map00030	rn00030	Pentose phosphate pathway	iECO111_1330	Escherichia coli O111:H- str. 11128	iEKO11_1354	Escherichia coli KO11FL	34	32	32	34	2	0	0.9412	94.12	0
map00030	rn00030	Pentose phosphate pathway	iECO111_1330	Escherichia coli O111:H- str. 11128	iETEC_1333	Escherichia coli ETEC H10407	34	34	34	34	0	0	1.0	100.0	1
map00030	rn00030	Pentose phosphate pathway	iECO111_1330	Escherichia coli O111:H- str. 11128	iEcDH1_1363	Escherichia coli DH1	34	34	34	34	0	0	1.0	100.0	1
map00030	rn00030	Pentose phosphate pathway	iECO111_1330	Escherichia coli O111:H- str. 11128	iEcE24377_1341	Escherichia coli O139:H28 str. E24377A	34	34	34	34	0	0	1.0	100.0	1
map00030	rn00030	Pentose phosphate pathway	iECO111_1330	Escherichia coli O111:H- str. 11128	iEcHS_1320	Escherichia coli HS	34	34	34	34	0	0	1.0	100.0	1
map00030	rn00030	Pentose phosphate pathway	iECO111_1330	Escherichia coli O111:H- str. 11128	iEcSMS35_1347	Escherichia coli SMS-3-5	34	34	34	34	0	0	1.0	100.0	1
map00030	rn00030	Pentose phosphate pathway	iECO111_1330	Escherichia coli O111:H- str. 11128	iEcolC_1368	Escherichia coli ATCC 8739	34	34	34	34	0	0	1.0	100.0	1
map00030	rn00030	Pentose phosphate pathway	iECO111_1330	Escherichia coli O111:H- str. 11128	iG2583_1286	Escherichia coli O55:H7 str. CB9615	34	33	33	34	1	0	0.9706	97.06	0
map00030	rn00030	Pentose phosphate pathway	iECO111_1330	Escherichia coli O111:H- str. 11128	iJO1366	Escherichia coli str. K-12 substr. MG1655	34	34	34	34	0	0	1.0	100.0	1
map00030	rn00030	Pentose phosphate pathway	iECO111_1330	Escherichia coli O111:H- str. 11128	iJR904	Escherichia coli str. K-12 substr. MG1655	34	32	32	34	2	0	0.9412	94.12	0
map00030	rn00030	Pentose phosphate pathway	iECO111_1330	Escherichia coli O111:H- str. 11128	iLF82_1304	Escherichia coli LF82	34	34	34	34	0	0	1.0	100.0	1
map00030	rn00030	Pentose phosphate pathway	iECO111_1330	Escherichia coli O111:H- str. 11128	iML1515	Escherichia coli str. K-12 substr. MG1655	34	34	34	34	0	0	1.0	100.0	1
map00030	rn00030	Pentose phosphate pathway	iECO111_1330	Escherichia coli O111:H- str. 11128	iNRG857_1313	Escherichia coli O83:H1 str. NRG 857C	34	34	34	34	0	0	1.0	100.0	1
map00030	rn00030	Pentose phosphate pathway	iECO111_1330	Escherichia coli O111:H- str. 11128	iUMN146_1321	Escherichia coli UM146	34	34	34	34	0	0	1.0	100.0	1
map00030	rn00030	Pentose phosphate pathway	iECO111_1330	Escherichia coli O111:H- str. 11128	iUMNK88_1353	Escherichia coli UMNK88	34	34	34	34	0	0	1.0	100.0	1
map00030	rn00030	Pentose phosphate pathway	iECO111_1330	Escherichia coli O111:H- str. 11128	iUTI89_1310	Escherichia coli UTI89	34	34	34	34	0	0	1.0	100.0	1
map00030	rn00030	Pentose phosphate pathway	iECO111_1330	Escherichia coli O111:H- str. 11128	iWFL_1372	Escherichia coli W	34	34	34	34	0	0	1.0	100.0	1
map00030	rn00030	Pentose phosphate pathway	iECO111_1330	Escherichia coli O111:H- str. 11128	iY75_1357	Escherichia coli str. K-12 substr. W3110	34	34	34	34	0	0	1.0	100.0	1
map00030	rn00030	Pentose phosphate pathway	iECO111_1330	Escherichia coli O111:H- str. 11128	iZ_1308	Escherichia coli O157:H7 str. EDL933	34	33	33	34	1	0	0.9706	97.06	0
map00030	rn00030	Pentose phosphate pathway	iECO111_1330	Escherichia coli O111:H- str. 11128	ic_1306	Escherichia coli CFT073	34	34	34	34	0	0	1.0	100.0	1
map00030	rn00030	Pentose phosphate pathway	iECO26_1355	Escherichia coli O26:H11 str. 11368	iECOK1_1307	Escherichia coli IHE3034	34	34	34	34	0	0	1.0	100.0	1
map00030	rn00030	Pentose phosphate pathway	iECO26_1355	Escherichia coli O26:H11 str. 11368	iECP_1309	Escherichia coli 536	34	34	34	34	0	0	1.0	100.0	1
map00030	rn00030	Pentose phosphate pathway	iECO26_1355	Escherichia coli O26:H11 str. 11368	iECS88_1305	Escherichia coli S88	34	34	34	34	0	0	1.0	100.0	1
map00030	rn00030	Pentose phosphate pathway	iECO26_1355	Escherichia coli O26:H11 str. 11368	iECSE_1348	Escherichia coli SE11	34	34	34	34	0	0	1.0	100.0	1
map00030	rn00030	Pentose phosphate pathway	iECO26_1355	Escherichia coli O26:H11 str. 11368	iECSF_1327	Escherichia coli SE15	34	34	34	34	0	0	1.0	100.0	1
map00030	rn00030	Pentose phosphate pathway	iECO26_1355	Escherichia coli O26:H11 str. 11368	iECSP_1301	Escherichia coli O157:H7 str. TW14359	34	33	33	34	1	0	0.9706	97.06	0
map00030	rn00030	Pentose phosphate pathway	iECO26_1355	Escherichia coli O26:H11 str. 11368	iECUMN_1333	Escherichia coli UMN026	34	34	34	34	0	0	1.0	100.0	1
map00030	rn00030	Pentose phosphate pathway	iECO26_1355	Escherichia coli O26:H11 str. 11368	iECW_1372	Escherichia coli W	34	34	34	34	0	0	1.0	100.0	1
map00030	rn00030	Pentose phosphate pathway	iECO26_1355	Escherichia coli O26:H11 str. 11368	iECs_1301	Escherichia coli O157:H7 str. Sakai	34	33	33	34	1	0	0.9706	97.06	0
map00030	rn00030	Pentose phosphate pathway	iECO26_1355	Escherichia coli O26:H11 str. 11368	iEKO11_1354	Escherichia coli KO11FL	34	32	32	34	2	0	0.9412	94.12	0
map00030	rn00030	Pentose phosphate pathway	iECO26_1355	Escherichia coli O26:H11 str. 11368	iETEC_1333	Escherichia coli ETEC H10407	34	34	34	34	0	0	1.0	100.0	1
map00030	rn00030	Pentose phosphate pathway	iECO26_1355	Escherichia coli O26:H11 str. 11368	iEcDH1_1363	Escherichia coli DH1	34	34	34	34	0	0	1.0	100.0	1
map00030	rn00030	Pentose phosphate pathway	iECO26_1355	Escherichia coli O26:H11 str. 11368	iEcE24377_1341	Escherichia coli O139:H28 str. E24377A	34	34	34	34	0	0	1.0	100.0	1
map00030	rn00030	Pentose phosphate pathway	iECO26_1355	Escherichia coli O26:H11 str. 11368	iEcHS_1320	Escherichia coli HS	34	34	34	34	0	0	1.0	100.0	1
map00030	rn00030	Pentose phosphate pathway	iECO26_1355	Escherichia coli O26:H11 str. 11368	iEcSMS35_1347	Escherichia coli SMS-3-5	34	34	34	34	0	0	1.0	100.0	1
map00030	rn00030	Pentose phosphate pathway	iECO26_1355	Escherichia coli O26:H11 str. 11368	iEcolC_1368	Escherichia coli ATCC 8739	34	34	34	34	0	0	1.0	100.0	1
map00030	rn00030	Pentose phosphate pathway	iECO26_1355	Escherichia coli O26:H11 str. 11368	iG2583_1286	Escherichia coli O55:H7 str. CB9615	34	33	33	34	1	0	0.9706	97.06	0
map00030	rn00030	Pentose phosphate pathway	iECO26_1355	Escherichia coli O26:H11 str. 11368	iJO1366	Escherichia coli str. K-12 substr. MG1655	34	34	34	34	0	0	1.0	100.0	1
map00030	rn00030	Pentose phosphate pathway	iECO26_1355	Escherichia coli O26:H11 str. 11368	iJR904	Escherichia coli str. K-12 substr. MG1655	34	32	32	34	2	0	0.9412	94.12	0
map00030	rn00030	Pentose phosphate pathway	iECO26_1355	Escherichia coli O26:H11 str. 11368	iLF82_1304	Escherichia coli LF82	34	34	34	34	0	0	1.0	100.0	1
map00030	rn00030	Pentose phosphate pathway	iECO26_1355	Escherichia coli O26:H11 str. 11368	iML1515	Escherichia coli str. K-12 substr. MG1655	34	34	34	34	0	0	1.0	100.0	1
map00030	rn00030	Pentose phosphate pathway	iECO26_1355	Escherichia coli O26:H11 str. 11368	iNRG857_1313	Escherichia coli O83:H1 str. NRG 857C	34	34	34	34	0	0	1.0	100.0	1
map00030	rn00030	Pentose phosphate pathway	iECO26_1355	Escherichia coli O26:H11 str. 11368	iUMN146_1321	Escherichia coli UM146	34	34	34	34	0	0	1.0	100.0	1
map00030	rn00030	Pentose phosphate pathway	iECO26_1355	Escherichia coli O26:H11 str. 11368	iUMNK88_1353	Escherichia coli UMNK88	34	34	34	34	0	0	1.0	100.0	1
map00030	rn00030	Pentose phosphate pathway	iECO26_1355	Escherichia coli O26:H11 str. 11368	iUTI89_1310	Escherichia coli UTI89	34	34	34	34	0	0	1.0	100.0	1
map00030	rn00030	Pentose phosphate pathway	iECO26_1355	Escherichia coli O26:H11 str. 11368	iWFL_1372	Escherichia coli W	34	34	34	34	0	0	1.0	100.0	1
map00030	rn00030	Pentose phosphate pathway	iECO26_1355	Escherichia coli O26:H11 str. 11368	iY75_1357	Escherichia coli str. K-12 substr. W3110	34	34	34	34	0	0	1.0	100.0	1
map00030	rn00030	Pentose phosphate pathway	iECO26_1355	Escherichia coli O26:H11 str. 11368	iZ_1308	Escherichia coli O157:H7 str. EDL933	34	33	33	34	1	0	0.9706	97.06	0
map00030	rn00030	Pentose phosphate pathway	iECO26_1355	Escherichia coli O26:H11 str. 11368	ic_1306	Escherichia coli CFT073	34	34	34	34	0	0	1.0	100.0	1
map00030	rn00030	Pentose phosphate pathway	iECOK1_1307	Escherichia coli IHE3034	iECP_1309	Escherichia coli 536	34	34	34	34	0	0	1.0	100.0	1
map00030	rn00030	Pentose phosphate pathway	iECOK1_1307	Escherichia coli IHE3034	iECS88_1305	Escherichia coli S88	34	34	34	34	0	0	1.0	100.0	1
map00030	rn00030	Pentose phosphate pathway	iECOK1_1307	Escherichia coli IHE3034	iECSE_1348	Escherichia coli SE11	34	34	34	34	0	0	1.0	100.0	1
map00030	rn00030	Pentose phosphate pathway	iECOK1_1307	Escherichia coli IHE3034	iECSF_1327	Escherichia coli SE15	34	34	34	34	0	0	1.0	100.0	1
map00030	rn00030	Pentose phosphate pathway	iECOK1_1307	Escherichia coli IHE3034	iECSP_1301	Escherichia coli O157:H7 str. TW14359	34	33	33	34	1	0	0.9706	97.06	0
map00030	rn00030	Pentose phosphate pathway	iECOK1_1307	Escherichia coli IHE3034	iECUMN_1333	Escherichia coli UMN026	34	34	34	34	0	0	1.0	100.0	1
map00030	rn00030	Pentose phosphate pathway	iECOK1_1307	Escherichia coli IHE3034	iECW_1372	Escherichia coli W	34	34	34	34	0	0	1.0	100.0	1
map00030	rn00030	Pentose phosphate pathway	iECOK1_1307	Escherichia coli IHE3034	iECs_1301	Escherichia coli O157:H7 str. Sakai	34	33	33	34	1	0	0.9706	97.06	0
map00030	rn00030	Pentose phosphate pathway	iECOK1_1307	Escherichia coli IHE3034	iEKO11_1354	Escherichia coli KO11FL	34	32	32	34	2	0	0.9412	94.12	0
map00030	rn00030	Pentose phosphate pathway	iECOK1_1307	Escherichia coli IHE3034	iETEC_1333	Escherichia coli ETEC H10407	34	34	34	34	0	0	1.0	100.0	1
map00030	rn00030	Pentose phosphate pathway	iECOK1_1307	Escherichia coli IHE3034	iEcDH1_1363	Escherichia coli DH1	34	34	34	34	0	0	1.0	100.0	1
map00030	rn00030	Pentose phosphate pathway	iECOK1_1307	Escherichia coli IHE3034	iEcE24377_1341	Escherichia coli O139:H28 str. E24377A	34	34	34	34	0	0	1.0	100.0	1
map00030	rn00030	Pentose phosphate pathway	iECOK1_1307	Escherichia coli IHE3034	iEcHS_1320	Escherichia coli HS	34	34	34	34	0	0	1.0	100.0	1
map00030	rn00030	Pentose phosphate pathway	iECOK1_1307	Escherichia coli IHE3034	iEcSMS35_1347	Escherichia coli SMS-3-5	34	34	34	34	0	0	1.0	100.0	1
map00030	rn00030	Pentose phosphate pathway	iECOK1_1307	Escherichia coli IHE3034	iEcolC_1368	Escherichia coli ATCC 8739	34	34	34	34	0	0	1.0	100.0	1
map00030	rn00030	Pentose phosphate pathway	iECOK1_1307	Escherichia coli IHE3034	iG2583_1286	Escherichia coli O55:H7 str. CB9615	34	33	33	34	1	0	0.9706	97.06	0
map00030	rn00030	Pentose phosphate pathway	iECOK1_1307	Escherichia coli IHE3034	iJO1366	Escherichia coli str. K-12 substr. MG1655	34	34	34	34	0	0	1.0	100.0	1
map00030	rn00030	Pentose phosphate pathway	iECOK1_1307	Escherichia coli IHE3034	iJR904	Escherichia coli str. K-12 substr. MG1655	34	32	32	34	2	0	0.9412	94.12	0
map00030	rn00030	Pentose phosphate pathway	iECOK1_1307	Escherichia coli IHE3034	iLF82_1304	Escherichia coli LF82	34	34	34	34	0	0	1.0	100.0	1
map00030	rn00030	Pentose phosphate pathway	iECOK1_1307	Escherichia coli IHE3034	iML1515	Escherichia coli str. K-12 substr. MG1655	34	34	34	34	0	0	1.0	100.0	1
map00030	rn00030	Pentose phosphate pathway	iECOK1_1307	Escherichia coli IHE3034	iNRG857_1313	Escherichia coli O83:H1 str. NRG 857C	34	34	34	34	0	0	1.0	100.0	1
map00030	rn00030	Pentose phosphate pathway	iECOK1_1307	Escherichia coli IHE3034	iUMN146_1321	Escherichia coli UM146	34	34	34	34	0	0	1.0	100.0	1
map00030	rn00030	Pentose phosphate pathway	iECOK1_1307	Escherichia coli IHE3034	iUMNK88_1353	Escherichia coli UMNK88	34	34	34	34	0	0	1.0	100.0	1
map00030	rn00030	Pentose phosphate pathway	iECOK1_1307	Escherichia coli IHE3034	iUTI89_1310	Escherichia coli UTI89	34	34	34	34	0	0	1.0	100.0	1
map00030	rn00030	Pentose phosphate pathway	iECOK1_1307	Escherichia coli IHE3034	iWFL_1372	Escherichia coli W	34	34	34	34	0	0	1.0	100.0	1
map00030	rn00030	Pentose phosphate pathway	iECOK1_1307	Escherichia coli IHE3034	iY75_1357	Escherichia coli str. K-12 substr. W3110	34	34	34	34	0	0	1.0	100.0	1
map00030	rn00030	Pentose phosphate pathway	iECOK1_1307	Escherichia coli IHE3034	iZ_1308	Escherichia coli O157:H7 str. EDL933	34	33	33	34	1	0	0.9706	97.06	0
map00030	rn00030	Pentose phosphate pathway	iECOK1_1307	Escherichia coli IHE3034	ic_1306	Escherichia coli CFT073	34	34	34	34	0	0	1.0	100.0	1
map00030	rn00030	Pentose phosphate pathway	iECP_1309	Escherichia coli 536	iECS88_1305	Escherichia coli S88	34	34	34	34	0	0	1.0	100.0	1
map00030	rn00030	Pentose phosphate pathway	iECP_1309	Escherichia coli 536	iECSE_1348	Escherichia coli SE11	34	34	34	34	0	0	1.0	100.0	1
map00030	rn00030	Pentose phosphate pathway	iECP_1309	Escherichia coli 536	iECSF_1327	Escherichia coli SE15	34	34	34	34	0	0	1.0	100.0	1
map00030	rn00030	Pentose phosphate pathway	iECP_1309	Escherichia coli 536	iECSP_1301	Escherichia coli O157:H7 str. TW14359	34	33	33	34	1	0	0.9706	97.06	0
map00030	rn00030	Pentose phosphate pathway	iECP_1309	Escherichia coli 536	iECUMN_1333	Escherichia coli UMN026	34	34	34	34	0	0	1.0	100.0	1
map00030	rn00030	Pentose phosphate pathway	iECP_1309	Escherichia coli 536	iECW_1372	Escherichia coli W	34	34	34	34	0	0	1.0	100.0	1
map00030	rn00030	Pentose phosphate pathway	iECP_1309	Escherichia coli 536	iECs_1301	Escherichia coli O157:H7 str. Sakai	34	33	33	34	1	0	0.9706	97.06	0
map00030	rn00030	Pentose phosphate pathway	iECP_1309	Escherichia coli 536	iEKO11_1354	Escherichia coli KO11FL	34	32	32	34	2	0	0.9412	94.12	0
map00030	rn00030	Pentose phosphate pathway	iECP_1309	Escherichia coli 536	iETEC_1333	Escherichia coli ETEC H10407	34	34	34	34	0	0	1.0	100.0	1
map00030	rn00030	Pentose phosphate pathway	iECP_1309	Escherichia coli 536	iEcDH1_1363	Escherichia coli DH1	34	34	34	34	0	0	1.0	100.0	1
map00030	rn00030	Pentose phosphate pathway	iECP_1309	Escherichia coli 536	iEcE24377_1341	Escherichia coli O139:H28 str. E24377A	34	34	34	34	0	0	1.0	100.0	1
map00030	rn00030	Pentose phosphate pathway	iECP_1309	Escherichia coli 536	iEcHS_1320	Escherichia coli HS	34	34	34	34	0	0	1.0	100.0	1
map00030	rn00030	Pentose phosphate pathway	iECP_1309	Escherichia coli 536	iEcSMS35_1347	Escherichia coli SMS-3-5	34	34	34	34	0	0	1.0	100.0	1
map00030	rn00030	Pentose phosphate pathway	iECP_1309	Escherichia coli 536	iEcolC_1368	Escherichia coli ATCC 8739	34	34	34	34	0	0	1.0	100.0	1
map00030	rn00030	Pentose phosphate pathway	iECP_1309	Escherichia coli 536	iG2583_1286	Escherichia coli O55:H7 str. CB9615	34	33	33	34	1	0	0.9706	97.06	0
map00030	rn00030	Pentose phosphate pathway	iECP_1309	Escherichia coli 536	iJO1366	Escherichia coli str. K-12 substr. MG1655	34	34	34	34	0	0	1.0	100.0	1
map00030	rn00030	Pentose phosphate pathway	iECP_1309	Escherichia coli 536	iJR904	Escherichia coli str. K-12 substr. MG1655	34	32	32	34	2	0	0.9412	94.12	0
map00030	rn00030	Pentose phosphate pathway	iECP_1309	Escherichia coli 536	iLF82_1304	Escherichia coli LF82	34	34	34	34	0	0	1.0	100.0	1
map00030	rn00030	Pentose phosphate pathway	iECP_1309	Escherichia coli 536	iML1515	Escherichia coli str. K-12 substr. MG1655	34	34	34	34	0	0	1.0	100.0	1
map00030	rn00030	Pentose phosphate pathway	iECP_1309	Escherichia coli 536	iNRG857_1313	Escherichia coli O83:H1 str. NRG 857C	34	34	34	34	0	0	1.0	100.0	1
map00030	rn00030	Pentose phosphate pathway	iECP_1309	Escherichia coli 536	iUMN146_1321	Escherichia coli UM146	34	34	34	34	0	0	1.0	100.0	1
map00030	rn00030	Pentose phosphate pathway	iECP_1309	Escherichia coli 536	iUMNK88_1353	Escherichia coli UMNK88	34	34	34	34	0	0	1.0	100.0	1
map00030	rn00030	Pentose phosphate pathway	iECP_1309	Escherichia coli 536	iUTI89_1310	Escherichia coli UTI89	34	34	34	34	0	0	1.0	100.0	1
map00030	rn00030	Pentose phosphate pathway	iECP_1309	Escherichia coli 536	iWFL_1372	Escherichia coli W	34	34	34	34	0	0	1.0	100.0	1
map00030	rn00030	Pentose phosphate pathway	iECP_1309	Escherichia coli 536	iY75_1357	Escherichia coli str. K-12 substr. W3110	34	34	34	34	0	0	1.0	100.0	1
map00030	rn00030	Pentose phosphate pathway	iECP_1309	Escherichia coli 536	iZ_1308	Escherichia coli O157:H7 str. EDL933	34	33	33	34	1	0	0.9706	97.06	0
map00030	rn00030	Pentose phosphate pathway	iECP_1309	Escherichia coli 536	ic_1306	Escherichia coli CFT073	34	34	34	34	0	0	1.0	100.0	1
map00030	rn00030	Pentose phosphate pathway	iECS88_1305	Escherichia coli S88	iECSE_1348	Escherichia coli SE11	34	34	34	34	0	0	1.0	100.0	1
map00030	rn00030	Pentose phosphate pathway	iECS88_1305	Escherichia coli S88	iECSF_1327	Escherichia coli SE15	34	34	34	34	0	0	1.0	100.0	1
map00030	rn00030	Pentose phosphate pathway	iECS88_1305	Escherichia coli S88	iECSP_1301	Escherichia coli O157:H7 str. TW14359	34	33	33	34	1	0	0.9706	97.06	0
map00030	rn00030	Pentose phosphate pathway	iECS88_1305	Escherichia coli S88	iECUMN_1333	Escherichia coli UMN026	34	34	34	34	0	0	1.0	100.0	1
map00030	rn00030	Pentose phosphate pathway	iECS88_1305	Escherichia coli S88	iECW_1372	Escherichia coli W	34	34	34	34	0	0	1.0	100.0	1
map00030	rn00030	Pentose phosphate pathway	iECS88_1305	Escherichia coli S88	iECs_1301	Escherichia coli O157:H7 str. Sakai	34	33	33	34	1	0	0.9706	97.06	0
map00030	rn00030	Pentose phosphate pathway	iECS88_1305	Escherichia coli S88	iEKO11_1354	Escherichia coli KO11FL	34	32	32	34	2	0	0.9412	94.12	0
map00030	rn00030	Pentose phosphate pathway	iECS88_1305	Escherichia coli S88	iETEC_1333	Escherichia coli ETEC H10407	34	34	34	34	0	0	1.0	100.0	1
map00030	rn00030	Pentose phosphate pathway	iECS88_1305	Escherichia coli S88	iEcDH1_1363	Escherichia coli DH1	34	34	34	34	0	0	1.0	100.0	1
map00030	rn00030	Pentose phosphate pathway	iECS88_1305	Escherichia coli S88	iEcE24377_1341	Escherichia coli O139:H28 str. E24377A	34	34	34	34	0	0	1.0	100.0	1
map00030	rn00030	Pentose phosphate pathway	iECS88_1305	Escherichia coli S88	iEcHS_1320	Escherichia coli HS	34	34	34	34	0	0	1.0	100.0	1
map00030	rn00030	Pentose phosphate pathway	iECS88_1305	Escherichia coli S88	iEcSMS35_1347	Escherichia coli SMS-3-5	34	34	34	34	0	0	1.0	100.0	1
map00030	rn00030	Pentose phosphate pathway	iECS88_1305	Escherichia coli S88	iEcolC_1368	Escherichia coli ATCC 8739	34	34	34	34	0	0	1.0	100.0	1
map00030	rn00030	Pentose phosphate pathway	iECS88_1305	Escherichia coli S88	iG2583_1286	Escherichia coli O55:H7 str. CB9615	34	33	33	34	1	0	0.9706	97.06	0
map00030	rn00030	Pentose phosphate pathway	iECS88_1305	Escherichia coli S88	iJO1366	Escherichia coli str. K-12 substr. MG1655	34	34	34	34	0	0	1.0	100.0	1
map00030	rn00030	Pentose phosphate pathway	iECS88_1305	Escherichia coli S88	iJR904	Escherichia coli str. K-12 substr. MG1655	34	32	32	34	2	0	0.9412	94.12	0
map00030	rn00030	Pentose phosphate pathway	iECS88_1305	Escherichia coli S88	iLF82_1304	Escherichia coli LF82	34	34	34	34	0	0	1.0	100.0	1
map00030	rn00030	Pentose phosphate pathway	iECS88_1305	Escherichia coli S88	iML1515	Escherichia coli str. K-12 substr. MG1655	34	34	34	34	0	0	1.0	100.0	1
map00030	rn00030	Pentose phosphate pathway	iECS88_1305	Escherichia coli S88	iNRG857_1313	Escherichia coli O83:H1 str. NRG 857C	34	34	34	34	0	0	1.0	100.0	1
map00030	rn00030	Pentose phosphate pathway	iECS88_1305	Escherichia coli S88	iUMN146_1321	Escherichia coli UM146	34	34	34	34	0	0	1.0	100.0	1
map00030	rn00030	Pentose phosphate pathway	iECS88_1305	Escherichia coli S88	iUMNK88_1353	Escherichia coli UMNK88	34	34	34	34	0	0	1.0	100.0	1
map00030	rn00030	Pentose phosphate pathway	iECS88_1305	Escherichia coli S88	iUTI89_1310	Escherichia coli UTI89	34	34	34	34	0	0	1.0	100.0	1
map00030	rn00030	Pentose phosphate pathway	iECS88_1305	Escherichia coli S88	iWFL_1372	Escherichia coli W	34	34	34	34	0	0	1.0	100.0	1
map00030	rn00030	Pentose phosphate pathway	iECS88_1305	Escherichia coli S88	iY75_1357	Escherichia coli str. K-12 substr. W3110	34	34	34	34	0	0	1.0	100.0	1
map00030	rn00030	Pentose phosphate pathway	iECS88_1305	Escherichia coli S88	iZ_1308	Escherichia coli O157:H7 str. EDL933	34	33	33	34	1	0	0.9706	97.06	0
map00030	rn00030	Pentose phosphate pathway	iECS88_1305	Escherichia coli S88	ic_1306	Escherichia coli CFT073	34	34	34	34	0	0	1.0	100.0	1
map00030	rn00030	Pentose phosphate pathway	iECSE_1348	Escherichia coli SE11	iECSF_1327	Escherichia coli SE15	34	34	34	34	0	0	1.0	100.0	1
map00030	rn00030	Pentose phosphate pathway	iECSE_1348	Escherichia coli SE11	iECSP_1301	Escherichia coli O157:H7 str. TW14359	34	33	33	34	1	0	0.9706	97.06	0
map00030	rn00030	Pentose phosphate pathway	iECSE_1348	Escherichia coli SE11	iECUMN_1333	Escherichia coli UMN026	34	34	34	34	0	0	1.0	100.0	1
map00030	rn00030	Pentose phosphate pathway	iECSE_1348	Escherichia coli SE11	iECW_1372	Escherichia coli W	34	34	34	34	0	0	1.0	100.0	1
map00030	rn00030	Pentose phosphate pathway	iECSE_1348	Escherichia coli SE11	iECs_1301	Escherichia coli O157:H7 str. Sakai	34	33	33	34	1	0	0.9706	97.06	0
map00030	rn00030	Pentose phosphate pathway	iECSE_1348	Escherichia coli SE11	iEKO11_1354	Escherichia coli KO11FL	34	32	32	34	2	0	0.9412	94.12	0
map00030	rn00030	Pentose phosphate pathway	iECSE_1348	Escherichia coli SE11	iETEC_1333	Escherichia coli ETEC H10407	34	34	34	34	0	0	1.0	100.0	1
map00030	rn00030	Pentose phosphate pathway	iECSE_1348	Escherichia coli SE11	iEcDH1_1363	Escherichia coli DH1	34	34	34	34	0	0	1.0	100.0	1
map00030	rn00030	Pentose phosphate pathway	iECSE_1348	Escherichia coli SE11	iEcE24377_1341	Escherichia coli O139:H28 str. E24377A	34	34	34	34	0	0	1.0	100.0	1
map00030	rn00030	Pentose phosphate pathway	iECSE_1348	Escherichia coli SE11	iEcHS_1320	Escherichia coli HS	34	34	34	34	0	0	1.0	100.0	1
map00030	rn00030	Pentose phosphate pathway	iECSE_1348	Escherichia coli SE11	iEcSMS35_1347	Escherichia coli SMS-3-5	34	34	34	34	0	0	1.0	100.0	1
map00030	rn00030	Pentose phosphate pathway	iECSE_1348	Escherichia coli SE11	iEcolC_1368	Escherichia coli ATCC 8739	34	34	34	34	0	0	1.0	100.0	1
map00030	rn00030	Pentose phosphate pathway	iECSE_1348	Escherichia coli SE11	iG2583_1286	Escherichia coli O55:H7 str. CB9615	34	33	33	34	1	0	0.9706	97.06	0
map00030	rn00030	Pentose phosphate pathway	iECSE_1348	Escherichia coli SE11	iJO1366	Escherichia coli str. K-12 substr. MG1655	34	34	34	34	0	0	1.0	100.0	1
map00030	rn00030	Pentose phosphate pathway	iECSE_1348	Escherichia coli SE11	iJR904	Escherichia coli str. K-12 substr. MG1655	34	32	32	34	2	0	0.9412	94.12	0
map00030	rn00030	Pentose phosphate pathway	iECSE_1348	Escherichia coli SE11	iLF82_1304	Escherichia coli LF82	34	34	34	34	0	0	1.0	100.0	1
map00030	rn00030	Pentose phosphate pathway	iECSE_1348	Escherichia coli SE11	iML1515	Escherichia coli str. K-12 substr. MG1655	34	34	34	34	0	0	1.0	100.0	1
map00030	rn00030	Pentose phosphate pathway	iECSE_1348	Escherichia coli SE11	iNRG857_1313	Escherichia coli O83:H1 str. NRG 857C	34	34	34	34	0	0	1.0	100.0	1
map00030	rn00030	Pentose phosphate pathway	iECSE_1348	Escherichia coli SE11	iUMN146_1321	Escherichia coli UM146	34	34	34	34	0	0	1.0	100.0	1
map00030	rn00030	Pentose phosphate pathway	iECSE_1348	Escherichia coli SE11	iUMNK88_1353	Escherichia coli UMNK88	34	34	34	34	0	0	1.0	100.0	1
map00030	rn00030	Pentose phosphate pathway	iECSE_1348	Escherichia coli SE11	iUTI89_1310	Escherichia coli UTI89	34	34	34	34	0	0	1.0	100.0	1
map00030	rn00030	Pentose phosphate pathway	iECSE_1348	Escherichia coli SE11	iWFL_1372	Escherichia coli W	34	34	34	34	0	0	1.0	100.0	1
map00030	rn00030	Pentose phosphate pathway	iECSE_1348	Escherichia coli SE11	iY75_1357	Escherichia coli str. K-12 substr. W3110	34	34	34	34	0	0	1.0	100.0	1
map00030	rn00030	Pentose phosphate pathway	iECSE_1348	Escherichia coli SE11	iZ_1308	Escherichia coli O157:H7 str. EDL933	34	33	33	34	1	0	0.9706	97.06	0
map00030	rn00030	Pentose phosphate pathway	iECSE_1348	Escherichia coli SE11	ic_1306	Escherichia coli CFT073	34	34	34	34	0	0	1.0	100.0	1
map00030	rn00030	Pentose phosphate pathway	iECSF_1327	Escherichia coli SE15	iECSP_1301	Escherichia coli O157:H7 str. TW14359	34	33	33	34	1	0	0.9706	97.06	0
map00030	rn00030	Pentose phosphate pathway	iECSF_1327	Escherichia coli SE15	iECUMN_1333	Escherichia coli UMN026	34	34	34	34	0	0	1.0	100.0	1
map00030	rn00030	Pentose phosphate pathway	iECSF_1327	Escherichia coli SE15	iECW_1372	Escherichia coli W	34	34	34	34	0	0	1.0	100.0	1
map00030	rn00030	Pentose phosphate pathway	iECSF_1327	Escherichia coli SE15	iECs_1301	Escherichia coli O157:H7 str. Sakai	34	33	33	34	1	0	0.9706	97.06	0
map00030	rn00030	Pentose phosphate pathway	iECSF_1327	Escherichia coli SE15	iEKO11_1354	Escherichia coli KO11FL	34	32	32	34	2	0	0.9412	94.12	0
map00030	rn00030	Pentose phosphate pathway	iECSF_1327	Escherichia coli SE15	iETEC_1333	Escherichia coli ETEC H10407	34	34	34	34	0	0	1.0	100.0	1
map00030	rn00030	Pentose phosphate pathway	iECSF_1327	Escherichia coli SE15	iEcDH1_1363	Escherichia coli DH1	34	34	34	34	0	0	1.0	100.0	1
map00030	rn00030	Pentose phosphate pathway	iECSF_1327	Escherichia coli SE15	iEcE24377_1341	Escherichia coli O139:H28 str. E24377A	34	34	34	34	0	0	1.0	100.0	1
map00030	rn00030	Pentose phosphate pathway	iECSF_1327	Escherichia coli SE15	iEcHS_1320	Escherichia coli HS	34	34	34	34	0	0	1.0	100.0	1
map00030	rn00030	Pentose phosphate pathway	iECSF_1327	Escherichia coli SE15	iEcSMS35_1347	Escherichia coli SMS-3-5	34	34	34	34	0	0	1.0	100.0	1
map00030	rn00030	Pentose phosphate pathway	iECSF_1327	Escherichia coli SE15	iEcolC_1368	Escherichia coli ATCC 8739	34	34	34	34	0	0	1.0	100.0	1
map00030	rn00030	Pentose phosphate pathway	iECSF_1327	Escherichia coli SE15	iG2583_1286	Escherichia coli O55:H7 str. CB9615	34	33	33	34	1	0	0.9706	97.06	0
map00030	rn00030	Pentose phosphate pathway	iECSF_1327	Escherichia coli SE15	iJO1366	Escherichia coli str. K-12 substr. MG1655	34	34	34	34	0	0	1.0	100.0	1
map00030	rn00030	Pentose phosphate pathway	iECSF_1327	Escherichia coli SE15	iJR904	Escherichia coli str. K-12 substr. MG1655	34	32	32	34	2	0	0.9412	94.12	0
map00030	rn00030	Pentose phosphate pathway	iECSF_1327	Escherichia coli SE15	iLF82_1304	Escherichia coli LF82	34	34	34	34	0	0	1.0	100.0	1
map00030	rn00030	Pentose phosphate pathway	iECSF_1327	Escherichia coli SE15	iML1515	Escherichia coli str. K-12 substr. MG1655	34	34	34	34	0	0	1.0	100.0	1
map00030	rn00030	Pentose phosphate pathway	iECSF_1327	Escherichia coli SE15	iNRG857_1313	Escherichia coli O83:H1 str. NRG 857C	34	34	34	34	0	0	1.0	100.0	1
map00030	rn00030	Pentose phosphate pathway	iECSF_1327	Escherichia coli SE15	iUMN146_1321	Escherichia coli UM146	34	34	34	34	0	0	1.0	100.0	1
map00030	rn00030	Pentose phosphate pathway	iECSF_1327	Escherichia coli SE15	iUMNK88_1353	Escherichia coli UMNK88	34	34	34	34	0	0	1.0	100.0	1
map00030	rn00030	Pentose phosphate pathway	iECSF_1327	Escherichia coli SE15	iUTI89_1310	Escherichia coli UTI89	34	34	34	34	0	0	1.0	100.0	1
map00030	rn00030	Pentose phosphate pathway	iECSF_1327	Escherichia coli SE15	iWFL_1372	Escherichia coli W	34	34	34	34	0	0	1.0	100.0	1
map00030	rn00030	Pentose phosphate pathway	iECSF_1327	Escherichia coli SE15	iY75_1357	Escherichia coli str. K-12 substr. W3110	34	34	34	34	0	0	1.0	100.0	1
map00030	rn00030	Pentose phosphate pathway	iECSF_1327	Escherichia coli SE15	iZ_1308	Escherichia coli O157:H7 str. EDL933	34	33	33	34	1	0	0.9706	97.06	0
map00030	rn00030	Pentose phosphate pathway	iECSF_1327	Escherichia coli SE15	ic_1306	Escherichia coli CFT073	34	34	34	34	0	0	1.0	100.0	1
map00030	rn00030	Pentose phosphate pathway	iECSP_1301	Escherichia coli O157:H7 str. TW14359	iECUMN_1333	Escherichia coli UMN026	33	34	33	34	0	1	0.9706	97.06	0
map00030	rn00030	Pentose phosphate pathway	iECSP_1301	Escherichia coli O157:H7 str. TW14359	iECW_1372	Escherichia coli W	33	34	33	34	0	1	0.9706	97.06	0
map00030	rn00030	Pentose phosphate pathway	iECSP_1301	Escherichia coli O157:H7 str. TW14359	iECs_1301	Escherichia coli O157:H7 str. Sakai	33	33	33	33	0	0	1.0	100.0	1
map00030	rn00030	Pentose phosphate pathway	iECSP_1301	Escherichia coli O157:H7 str. TW14359	iEKO11_1354	Escherichia coli KO11FL	33	32	31	34	2	1	0.9118	91.18	0
map00030	rn00030	Pentose phosphate pathway	iECSP_1301	Escherichia coli O157:H7 str. TW14359	iETEC_1333	Escherichia coli ETEC H10407	33	34	33	34	0	1	0.9706	97.06	0
map00030	rn00030	Pentose phosphate pathway	iECSP_1301	Escherichia coli O157:H7 str. TW14359	iEcDH1_1363	Escherichia coli DH1	33	34	33	34	0	1	0.9706	97.06	0
map00030	rn00030	Pentose phosphate pathway	iECSP_1301	Escherichia coli O157:H7 str. TW14359	iEcE24377_1341	Escherichia coli O139:H28 str. E24377A	33	34	33	34	0	1	0.9706	97.06	0
map00030	rn00030	Pentose phosphate pathway	iECSP_1301	Escherichia coli O157:H7 str. TW14359	iEcHS_1320	Escherichia coli HS	33	34	33	34	0	1	0.9706	97.06	0
map00030	rn00030	Pentose phosphate pathway	iECSP_1301	Escherichia coli O157:H7 str. TW14359	iEcSMS35_1347	Escherichia coli SMS-3-5	33	34	33	34	0	1	0.9706	97.06	0
map00030	rn00030	Pentose phosphate pathway	iECSP_1301	Escherichia coli O157:H7 str. TW14359	iEcolC_1368	Escherichia coli ATCC 8739	33	34	33	34	0	1	0.9706	97.06	0
map00030	rn00030	Pentose phosphate pathway	iECSP_1301	Escherichia coli O157:H7 str. TW14359	iG2583_1286	Escherichia coli O55:H7 str. CB9615	33	33	33	33	0	0	1.0	100.0	1
map00030	rn00030	Pentose phosphate pathway	iECSP_1301	Escherichia coli O157:H7 str. TW14359	iJO1366	Escherichia coli str. K-12 substr. MG1655	33	34	33	34	0	1	0.9706	97.06	0
map00030	rn00030	Pentose phosphate pathway	iECSP_1301	Escherichia coli O157:H7 str. TW14359	iJR904	Escherichia coli str. K-12 substr. MG1655	33	32	31	34	2	1	0.9118	91.18	0
map00030	rn00030	Pentose phosphate pathway	iECSP_1301	Escherichia coli O157:H7 str. TW14359	iLF82_1304	Escherichia coli LF82	33	34	33	34	0	1	0.9706	97.06	0
map00030	rn00030	Pentose phosphate pathway	iECSP_1301	Escherichia coli O157:H7 str. TW14359	iML1515	Escherichia coli str. K-12 substr. MG1655	33	34	33	34	0	1	0.9706	97.06	0
map00030	rn00030	Pentose phosphate pathway	iECSP_1301	Escherichia coli O157:H7 str. TW14359	iNRG857_1313	Escherichia coli O83:H1 str. NRG 857C	33	34	33	34	0	1	0.9706	97.06	0
map00030	rn00030	Pentose phosphate pathway	iECSP_1301	Escherichia coli O157:H7 str. TW14359	iUMN146_1321	Escherichia coli UM146	33	34	33	34	0	1	0.9706	97.06	0
map00030	rn00030	Pentose phosphate pathway	iECSP_1301	Escherichia coli O157:H7 str. TW14359	iUMNK88_1353	Escherichia coli UMNK88	33	34	33	34	0	1	0.9706	97.06	0
map00030	rn00030	Pentose phosphate pathway	iECSP_1301	Escherichia coli O157:H7 str. TW14359	iUTI89_1310	Escherichia coli UTI89	33	34	33	34	0	1	0.9706	97.06	0
map00030	rn00030	Pentose phosphate pathway	iECSP_1301	Escherichia coli O157:H7 str. TW14359	iWFL_1372	Escherichia coli W	33	34	33	34	0	1	0.9706	97.06	0
map00030	rn00030	Pentose phosphate pathway	iECSP_1301	Escherichia coli O157:H7 str. TW14359	iY75_1357	Escherichia coli str. K-12 substr. W3110	33	34	33	34	0	1	0.9706	97.06	0
map00030	rn00030	Pentose phosphate pathway	iECSP_1301	Escherichia coli O157:H7 str. TW14359	iZ_1308	Escherichia coli O157:H7 str. EDL933	33	33	33	33	0	0	1.0	100.0	1
map00030	rn00030	Pentose phosphate pathway	iECSP_1301	Escherichia coli O157:H7 str. TW14359	ic_1306	Escherichia coli CFT073	33	34	33	34	0	1	0.9706	97.06	0
map00030	rn00030	Pentose phosphate pathway	iECUMN_1333	Escherichia coli UMN026	iECW_1372	Escherichia coli W	34	34	34	34	0	0	1.0	100.0	1
map00030	rn00030	Pentose phosphate pathway	iECUMN_1333	Escherichia coli UMN026	iECs_1301	Escherichia coli O157:H7 str. Sakai	34	33	33	34	1	0	0.9706	97.06	0
map00030	rn00030	Pentose phosphate pathway	iECUMN_1333	Escherichia coli UMN026	iEKO11_1354	Escherichia coli KO11FL	34	32	32	34	2	0	0.9412	94.12	0
map00030	rn00030	Pentose phosphate pathway	iECUMN_1333	Escherichia coli UMN026	iETEC_1333	Escherichia coli ETEC H10407	34	34	34	34	0	0	1.0	100.0	1
map00030	rn00030	Pentose phosphate pathway	iECUMN_1333	Escherichia coli UMN026	iEcDH1_1363	Escherichia coli DH1	34	34	34	34	0	0	1.0	100.0	1
map00030	rn00030	Pentose phosphate pathway	iECUMN_1333	Escherichia coli UMN026	iEcE24377_1341	Escherichia coli O139:H28 str. E24377A	34	34	34	34	0	0	1.0	100.0	1
map00030	rn00030	Pentose phosphate pathway	iECUMN_1333	Escherichia coli UMN026	iEcHS_1320	Escherichia coli HS	34	34	34	34	0	0	1.0	100.0	1
map00030	rn00030	Pentose phosphate pathway	iECUMN_1333	Escherichia coli UMN026	iEcSMS35_1347	Escherichia coli SMS-3-5	34	34	34	34	0	0	1.0	100.0	1
map00030	rn00030	Pentose phosphate pathway	iECUMN_1333	Escherichia coli UMN026	iEcolC_1368	Escherichia coli ATCC 8739	34	34	34	34	0	0	1.0	100.0	1
map00030	rn00030	Pentose phosphate pathway	iECUMN_1333	Escherichia coli UMN026	iG2583_1286	Escherichia coli O55:H7 str. CB9615	34	33	33	34	1	0	0.9706	97.06	0
map00030	rn00030	Pentose phosphate pathway	iECUMN_1333	Escherichia coli UMN026	iJO1366	Escherichia coli str. K-12 substr. MG1655	34	34	34	34	0	0	1.0	100.0	1
map00030	rn00030	Pentose phosphate pathway	iECUMN_1333	Escherichia coli UMN026	iJR904	Escherichia coli str. K-12 substr. MG1655	34	32	32	34	2	0	0.9412	94.12	0
map00030	rn00030	Pentose phosphate pathway	iECUMN_1333	Escherichia coli UMN026	iLF82_1304	Escherichia coli LF82	34	34	34	34	0	0	1.0	100.0	1
map00030	rn00030	Pentose phosphate pathway	iECUMN_1333	Escherichia coli UMN026	iML1515	Escherichia coli str. K-12 substr. MG1655	34	34	34	34	0	0	1.0	100.0	1
map00030	rn00030	Pentose phosphate pathway	iECUMN_1333	Escherichia coli UMN026	iNRG857_1313	Escherichia coli O83:H1 str. NRG 857C	34	34	34	34	0	0	1.0	100.0	1
map00030	rn00030	Pentose phosphate pathway	iECUMN_1333	Escherichia coli UMN026	iUMN146_1321	Escherichia coli UM146	34	34	34	34	0	0	1.0	100.0	1
map00030	rn00030	Pentose phosphate pathway	iECUMN_1333	Escherichia coli UMN026	iUMNK88_1353	Escherichia coli UMNK88	34	34	34	34	0	0	1.0	100.0	1
map00030	rn00030	Pentose phosphate pathway	iECUMN_1333	Escherichia coli UMN026	iUTI89_1310	Escherichia coli UTI89	34	34	34	34	0	0	1.0	100.0	1
map00030	rn00030	Pentose phosphate pathway	iECUMN_1333	Escherichia coli UMN026	iWFL_1372	Escherichia coli W	34	34	34	34	0	0	1.0	100.0	1
map00030	rn00030	Pentose phosphate pathway	iECUMN_1333	Escherichia coli UMN026	iY75_1357	Escherichia coli str. K-12 substr. W3110	34	34	34	34	0	0	1.0	100.0	1
map00030	rn00030	Pentose phosphate pathway	iECUMN_1333	Escherichia coli UMN026	iZ_1308	Escherichia coli O157:H7 str. EDL933	34	33	33	34	1	0	0.9706	97.06	0
map00030	rn00030	Pentose phosphate pathway	iECUMN_1333	Escherichia coli UMN026	ic_1306	Escherichia coli CFT073	34	34	34	34	0	0	1.0	100.0	1
map00030	rn00030	Pentose phosphate pathway	iECW_1372	Escherichia coli W	iECs_1301	Escherichia coli O157:H7 str. Sakai	34	33	33	34	1	0	0.9706	97.06	0
map00030	rn00030	Pentose phosphate pathway	iECW_1372	Escherichia coli W	iEKO11_1354	Escherichia coli KO11FL	34	32	32	34	2	0	0.9412	94.12	0
map00030	rn00030	Pentose phosphate pathway	iECW_1372	Escherichia coli W	iETEC_1333	Escherichia coli ETEC H10407	34	34	34	34	0	0	1.0	100.0	1
map00030	rn00030	Pentose phosphate pathway	iECW_1372	Escherichia coli W	iEcDH1_1363	Escherichia coli DH1	34	34	34	34	0	0	1.0	100.0	1
map00030	rn00030	Pentose phosphate pathway	iECW_1372	Escherichia coli W	iEcE24377_1341	Escherichia coli O139:H28 str. E24377A	34	34	34	34	0	0	1.0	100.0	1
map00030	rn00030	Pentose phosphate pathway	iECW_1372	Escherichia coli W	iEcHS_1320	Escherichia coli HS	34	34	34	34	0	0	1.0	100.0	1
map00030	rn00030	Pentose phosphate pathway	iECW_1372	Escherichia coli W	iEcSMS35_1347	Escherichia coli SMS-3-5	34	34	34	34	0	0	1.0	100.0	1
map00030	rn00030	Pentose phosphate pathway	iECW_1372	Escherichia coli W	iEcolC_1368	Escherichia coli ATCC 8739	34	34	34	34	0	0	1.0	100.0	1
map00030	rn00030	Pentose phosphate pathway	iECW_1372	Escherichia coli W	iG2583_1286	Escherichia coli O55:H7 str. CB9615	34	33	33	34	1	0	0.9706	97.06	0
map00030	rn00030	Pentose phosphate pathway	iECW_1372	Escherichia coli W	iJO1366	Escherichia coli str. K-12 substr. MG1655	34	34	34	34	0	0	1.0	100.0	1
map00030	rn00030	Pentose phosphate pathway	iECW_1372	Escherichia coli W	iJR904	Escherichia coli str. K-12 substr. MG1655	34	32	32	34	2	0	0.9412	94.12	0
map00030	rn00030	Pentose phosphate pathway	iECW_1372	Escherichia coli W	iLF82_1304	Escherichia coli LF82	34	34	34	34	0	0	1.0	100.0	1
map00030	rn00030	Pentose phosphate pathway	iECW_1372	Escherichia coli W	iML1515	Escherichia coli str. K-12 substr. MG1655	34	34	34	34	0	0	1.0	100.0	1
map00030	rn00030	Pentose phosphate pathway	iECW_1372	Escherichia coli W	iNRG857_1313	Escherichia coli O83:H1 str. NRG 857C	34	34	34	34	0	0	1.0	100.0	1
map00030	rn00030	Pentose phosphate pathway	iECW_1372	Escherichia coli W	iUMN146_1321	Escherichia coli UM146	34	34	34	34	0	0	1.0	100.0	1
map00030	rn00030	Pentose phosphate pathway	iECW_1372	Escherichia coli W	iUMNK88_1353	Escherichia coli UMNK88	34	34	34	34	0	0	1.0	100.0	1
map00030	rn00030	Pentose phosphate pathway	iECW_1372	Escherichia coli W	iUTI89_1310	Escherichia coli UTI89	34	34	34	34	0	0	1.0	100.0	1
map00030	rn00030	Pentose phosphate pathway	iECW_1372	Escherichia coli W	iWFL_1372	Escherichia coli W	34	34	34	34	0	0	1.0	100.0	1
map00030	rn00030	Pentose phosphate pathway	iECW_1372	Escherichia coli W	iY75_1357	Escherichia coli str. K-12 substr. W3110	34	34	34	34	0	0	1.0	100.0	1
map00030	rn00030	Pentose phosphate pathway	iECW_1372	Escherichia coli W	iZ_1308	Escherichia coli O157:H7 str. EDL933	34	33	33	34	1	0	0.9706	97.06	0
map00030	rn00030	Pentose phosphate pathway	iECW_1372	Escherichia coli W	ic_1306	Escherichia coli CFT073	34	34	34	34	0	0	1.0	100.0	1
map00030	rn00030	Pentose phosphate pathway	iECs_1301	Escherichia coli O157:H7 str. Sakai	iEKO11_1354	Escherichia coli KO11FL	33	32	31	34	2	1	0.9118	91.18	0
map00030	rn00030	Pentose phosphate pathway	iECs_1301	Escherichia coli O157:H7 str. Sakai	iETEC_1333	Escherichia coli ETEC H10407	33	34	33	34	0	1	0.9706	97.06	0
map00030	rn00030	Pentose phosphate pathway	iECs_1301	Escherichia coli O157:H7 str. Sakai	iEcDH1_1363	Escherichia coli DH1	33	34	33	34	0	1	0.9706	97.06	0
map00030	rn00030	Pentose phosphate pathway	iECs_1301	Escherichia coli O157:H7 str. Sakai	iEcE24377_1341	Escherichia coli O139:H28 str. E24377A	33	34	33	34	0	1	0.9706	97.06	0
map00030	rn00030	Pentose phosphate pathway	iECs_1301	Escherichia coli O157:H7 str. Sakai	iEcHS_1320	Escherichia coli HS	33	34	33	34	0	1	0.9706	97.06	0
map00030	rn00030	Pentose phosphate pathway	iECs_1301	Escherichia coli O157:H7 str. Sakai	iEcSMS35_1347	Escherichia coli SMS-3-5	33	34	33	34	0	1	0.9706	97.06	0
map00030	rn00030	Pentose phosphate pathway	iECs_1301	Escherichia coli O157:H7 str. Sakai	iEcolC_1368	Escherichia coli ATCC 8739	33	34	33	34	0	1	0.9706	97.06	0
map00030	rn00030	Pentose phosphate pathway	iECs_1301	Escherichia coli O157:H7 str. Sakai	iG2583_1286	Escherichia coli O55:H7 str. CB9615	33	33	33	33	0	0	1.0	100.0	1
map00030	rn00030	Pentose phosphate pathway	iECs_1301	Escherichia coli O157:H7 str. Sakai	iJO1366	Escherichia coli str. K-12 substr. MG1655	33	34	33	34	0	1	0.9706	97.06	0
map00030	rn00030	Pentose phosphate pathway	iECs_1301	Escherichia coli O157:H7 str. Sakai	iJR904	Escherichia coli str. K-12 substr. MG1655	33	32	31	34	2	1	0.9118	91.18	0
map00030	rn00030	Pentose phosphate pathway	iECs_1301	Escherichia coli O157:H7 str. Sakai	iLF82_1304	Escherichia coli LF82	33	34	33	34	0	1	0.9706	97.06	0
map00030	rn00030	Pentose phosphate pathway	iECs_1301	Escherichia coli O157:H7 str. Sakai	iML1515	Escherichia coli str. K-12 substr. MG1655	33	34	33	34	0	1	0.9706	97.06	0
map00030	rn00030	Pentose phosphate pathway	iECs_1301	Escherichia coli O157:H7 str. Sakai	iNRG857_1313	Escherichia coli O83:H1 str. NRG 857C	33	34	33	34	0	1	0.9706	97.06	0
map00030	rn00030	Pentose phosphate pathway	iECs_1301	Escherichia coli O157:H7 str. Sakai	iUMN146_1321	Escherichia coli UM146	33	34	33	34	0	1	0.9706	97.06	0
map00030	rn00030	Pentose phosphate pathway	iECs_1301	Escherichia coli O157:H7 str. Sakai	iUMNK88_1353	Escherichia coli UMNK88	33	34	33	34	0	1	0.9706	97.06	0
map00030	rn00030	Pentose phosphate pathway	iECs_1301	Escherichia coli O157:H7 str. Sakai	iUTI89_1310	Escherichia coli UTI89	33	34	33	34	0	1	0.9706	97.06	0
map00030	rn00030	Pentose phosphate pathway	iECs_1301	Escherichia coli O157:H7 str. Sakai	iWFL_1372	Escherichia coli W	33	34	33	34	0	1	0.9706	97.06	0
map00030	rn00030	Pentose phosphate pathway	iECs_1301	Escherichia coli O157:H7 str. Sakai	iY75_1357	Escherichia coli str. K-12 substr. W3110	33	34	33	34	0	1	0.9706	97.06	0
map00030	rn00030	Pentose phosphate pathway	iECs_1301	Escherichia coli O157:H7 str. Sakai	iZ_1308	Escherichia coli O157:H7 str. EDL933	33	33	33	33	0	0	1.0	100.0	1
map00030	rn00030	Pentose phosphate pathway	iECs_1301	Escherichia coli O157:H7 str. Sakai	ic_1306	Escherichia coli CFT073	33	34	33	34	0	1	0.9706	97.06	0
map00030	rn00030	Pentose phosphate pathway	iEKO11_1354	Escherichia coli KO11FL	iETEC_1333	Escherichia coli ETEC H10407	32	34	32	34	0	2	0.9412	94.12	0
map00030	rn00030	Pentose phosphate pathway	iEKO11_1354	Escherichia coli KO11FL	iEcDH1_1363	Escherichia coli DH1	32	34	32	34	0	2	0.9412	94.12	0
map00030	rn00030	Pentose phosphate pathway	iEKO11_1354	Escherichia coli KO11FL	iEcE24377_1341	Escherichia coli O139:H28 str. E24377A	32	34	32	34	0	2	0.9412	94.12	0
map00030	rn00030	Pentose phosphate pathway	iEKO11_1354	Escherichia coli KO11FL	iEcHS_1320	Escherichia coli HS	32	34	32	34	0	2	0.9412	94.12	0
map00030	rn00030	Pentose phosphate pathway	iEKO11_1354	Escherichia coli KO11FL	iEcSMS35_1347	Escherichia coli SMS-3-5	32	34	32	34	0	2	0.9412	94.12	0
map00030	rn00030	Pentose phosphate pathway	iEKO11_1354	Escherichia coli KO11FL	iEcolC_1368	Escherichia coli ATCC 8739	32	34	32	34	0	2	0.9412	94.12	0
map00030	rn00030	Pentose phosphate pathway	iEKO11_1354	Escherichia coli KO11FL	iG2583_1286	Escherichia coli O55:H7 str. CB9615	32	33	31	34	1	2	0.9118	91.18	0
map00030	rn00030	Pentose phosphate pathway	iEKO11_1354	Escherichia coli KO11FL	iJO1366	Escherichia coli str. K-12 substr. MG1655	32	34	32	34	0	2	0.9412	94.12	0
map00030	rn00030	Pentose phosphate pathway	iEKO11_1354	Escherichia coli KO11FL	iJR904	Escherichia coli str. K-12 substr. MG1655	32	32	30	34	2	2	0.8824	88.24	0
map00030	rn00030	Pentose phosphate pathway	iEKO11_1354	Escherichia coli KO11FL	iLF82_1304	Escherichia coli LF82	32	34	32	34	0	2	0.9412	94.12	0
map00030	rn00030	Pentose phosphate pathway	iEKO11_1354	Escherichia coli KO11FL	iML1515	Escherichia coli str. K-12 substr. MG1655	32	34	32	34	0	2	0.9412	94.12	0
map00030	rn00030	Pentose phosphate pathway	iEKO11_1354	Escherichia coli KO11FL	iNRG857_1313	Escherichia coli O83:H1 str. NRG 857C	32	34	32	34	0	2	0.9412	94.12	0
map00030	rn00030	Pentose phosphate pathway	iEKO11_1354	Escherichia coli KO11FL	iUMN146_1321	Escherichia coli UM146	32	34	32	34	0	2	0.9412	94.12	0
map00030	rn00030	Pentose phosphate pathway	iEKO11_1354	Escherichia coli KO11FL	iUMNK88_1353	Escherichia coli UMNK88	32	34	32	34	0	2	0.9412	94.12	0
map00030	rn00030	Pentose phosphate pathway	iEKO11_1354	Escherichia coli KO11FL	iUTI89_1310	Escherichia coli UTI89	32	34	32	34	0	2	0.9412	94.12	0
map00030	rn00030	Pentose phosphate pathway	iEKO11_1354	Escherichia coli KO11FL	iWFL_1372	Escherichia coli W	32	34	32	34	0	2	0.9412	94.12	0
map00030	rn00030	Pentose phosphate pathway	iEKO11_1354	Escherichia coli KO11FL	iY75_1357	Escherichia coli str. K-12 substr. W3110	32	34	32	34	0	2	0.9412	94.12	0
map00030	rn00030	Pentose phosphate pathway	iEKO11_1354	Escherichia coli KO11FL	iZ_1308	Escherichia coli O157:H7 str. EDL933	32	33	31	34	1	2	0.9118	91.18	0
map00030	rn00030	Pentose phosphate pathway	iEKO11_1354	Escherichia coli KO11FL	ic_1306	Escherichia coli CFT073	32	34	32	34	0	2	0.9412	94.12	0
map00030	rn00030	Pentose phosphate pathway	iETEC_1333	Escherichia coli ETEC H10407	iEcDH1_1363	Escherichia coli DH1	34	34	34	34	0	0	1.0	100.0	1
map00030	rn00030	Pentose phosphate pathway	iETEC_1333	Escherichia coli ETEC H10407	iEcE24377_1341	Escherichia coli O139:H28 str. E24377A	34	34	34	34	0	0	1.0	100.0	1
map00030	rn00030	Pentose phosphate pathway	iETEC_1333	Escherichia coli ETEC H10407	iEcHS_1320	Escherichia coli HS	34	34	34	34	0	0	1.0	100.0	1
map00030	rn00030	Pentose phosphate pathway	iETEC_1333	Escherichia coli ETEC H10407	iEcSMS35_1347	Escherichia coli SMS-3-5	34	34	34	34	0	0	1.0	100.0	1
map00030	rn00030	Pentose phosphate pathway	iETEC_1333	Escherichia coli ETEC H10407	iEcolC_1368	Escherichia coli ATCC 8739	34	34	34	34	0	0	1.0	100.0	1
map00030	rn00030	Pentose phosphate pathway	iETEC_1333	Escherichia coli ETEC H10407	iG2583_1286	Escherichia coli O55:H7 str. CB9615	34	33	33	34	1	0	0.9706	97.06	0
map00030	rn00030	Pentose phosphate pathway	iETEC_1333	Escherichia coli ETEC H10407	iJO1366	Escherichia coli str. K-12 substr. MG1655	34	34	34	34	0	0	1.0	100.0	1
map00030	rn00030	Pentose phosphate pathway	iETEC_1333	Escherichia coli ETEC H10407	iJR904	Escherichia coli str. K-12 substr. MG1655	34	32	32	34	2	0	0.9412	94.12	0
map00030	rn00030	Pentose phosphate pathway	iETEC_1333	Escherichia coli ETEC H10407	iLF82_1304	Escherichia coli LF82	34	34	34	34	0	0	1.0	100.0	1
map00030	rn00030	Pentose phosphate pathway	iETEC_1333	Escherichia coli ETEC H10407	iML1515	Escherichia coli str. K-12 substr. MG1655	34	34	34	34	0	0	1.0	100.0	1
map00030	rn00030	Pentose phosphate pathway	iETEC_1333	Escherichia coli ETEC H10407	iNRG857_1313	Escherichia coli O83:H1 str. NRG 857C	34	34	34	34	0	0	1.0	100.0	1
map00030	rn00030	Pentose phosphate pathway	iETEC_1333	Escherichia coli ETEC H10407	iUMN146_1321	Escherichia coli UM146	34	34	34	34	0	0	1.0	100.0	1
map00030	rn00030	Pentose phosphate pathway	iETEC_1333	Escherichia coli ETEC H10407	iUMNK88_1353	Escherichia coli UMNK88	34	34	34	34	0	0	1.0	100.0	1
map00030	rn00030	Pentose phosphate pathway	iETEC_1333	Escherichia coli ETEC H10407	iUTI89_1310	Escherichia coli UTI89	34	34	34	34	0	0	1.0	100.0	1
map00030	rn00030	Pentose phosphate pathway	iETEC_1333	Escherichia coli ETEC H10407	iWFL_1372	Escherichia coli W	34	34	34	34	0	0	1.0	100.0	1
map00030	rn00030	Pentose phosphate pathway	iETEC_1333	Escherichia coli ETEC H10407	iY75_1357	Escherichia coli str. K-12 substr. W3110	34	34	34	34	0	0	1.0	100.0	1
map00030	rn00030	Pentose phosphate pathway	iETEC_1333	Escherichia coli ETEC H10407	iZ_1308	Escherichia coli O157:H7 str. EDL933	34	33	33	34	1	0	0.9706	97.06	0
map00030	rn00030	Pentose phosphate pathway	iETEC_1333	Escherichia coli ETEC H10407	ic_1306	Escherichia coli CFT073	34	34	34	34	0	0	1.0	100.0	1
map00030	rn00030	Pentose phosphate pathway	iEcDH1_1363	Escherichia coli DH1	iEcE24377_1341	Escherichia coli O139:H28 str. E24377A	34	34	34	34	0	0	1.0	100.0	1
map00030	rn00030	Pentose phosphate pathway	iEcDH1_1363	Escherichia coli DH1	iEcHS_1320	Escherichia coli HS	34	34	34	34	0	0	1.0	100.0	1
map00030	rn00030	Pentose phosphate pathway	iEcDH1_1363	Escherichia coli DH1	iEcSMS35_1347	Escherichia coli SMS-3-5	34	34	34	34	0	0	1.0	100.0	1
map00030	rn00030	Pentose phosphate pathway	iEcDH1_1363	Escherichia coli DH1	iEcolC_1368	Escherichia coli ATCC 8739	34	34	34	34	0	0	1.0	100.0	1
map00030	rn00030	Pentose phosphate pathway	iEcDH1_1363	Escherichia coli DH1	iG2583_1286	Escherichia coli O55:H7 str. CB9615	34	33	33	34	1	0	0.9706	97.06	0
map00030	rn00030	Pentose phosphate pathway	iEcDH1_1363	Escherichia coli DH1	iJO1366	Escherichia coli str. K-12 substr. MG1655	34	34	34	34	0	0	1.0	100.0	1
map00030	rn00030	Pentose phosphate pathway	iEcDH1_1363	Escherichia coli DH1	iJR904	Escherichia coli str. K-12 substr. MG1655	34	32	32	34	2	0	0.9412	94.12	0
map00030	rn00030	Pentose phosphate pathway	iEcDH1_1363	Escherichia coli DH1	iLF82_1304	Escherichia coli LF82	34	34	34	34	0	0	1.0	100.0	1
map00030	rn00030	Pentose phosphate pathway	iEcDH1_1363	Escherichia coli DH1	iML1515	Escherichia coli str. K-12 substr. MG1655	34	34	34	34	0	0	1.0	100.0	1
map00030	rn00030	Pentose phosphate pathway	iEcDH1_1363	Escherichia coli DH1	iNRG857_1313	Escherichia coli O83:H1 str. NRG 857C	34	34	34	34	0	0	1.0	100.0	1
map00030	rn00030	Pentose phosphate pathway	iEcDH1_1363	Escherichia coli DH1	iUMN146_1321	Escherichia coli UM146	34	34	34	34	0	0	1.0	100.0	1
map00030	rn00030	Pentose phosphate pathway	iEcDH1_1363	Escherichia coli DH1	iUMNK88_1353	Escherichia coli UMNK88	34	34	34	34	0	0	1.0	100.0	1
map00030	rn00030	Pentose phosphate pathway	iEcDH1_1363	Escherichia coli DH1	iUTI89_1310	Escherichia coli UTI89	34	34	34	34	0	0	1.0	100.0	1
map00030	rn00030	Pentose phosphate pathway	iEcDH1_1363	Escherichia coli DH1	iWFL_1372	Escherichia coli W	34	34	34	34	0	0	1.0	100.0	1
map00030	rn00030	Pentose phosphate pathway	iEcDH1_1363	Escherichia coli DH1	iY75_1357	Escherichia coli str. K-12 substr. W3110	34	34	34	34	0	0	1.0	100.0	1
map00030	rn00030	Pentose phosphate pathway	iEcDH1_1363	Escherichia coli DH1	iZ_1308	Escherichia coli O157:H7 str. EDL933	34	33	33	34	1	0	0.9706	97.06	0
map00030	rn00030	Pentose phosphate pathway	iEcDH1_1363	Escherichia coli DH1	ic_1306	Escherichia coli CFT073	34	34	34	34	0	0	1.0	100.0	1
map00030	rn00030	Pentose phosphate pathway	iEcE24377_1341	Escherichia coli O139:H28 str. E24377A	iEcHS_1320	Escherichia coli HS	34	34	34	34	0	0	1.0	100.0	1
map00030	rn00030	Pentose phosphate pathway	iEcE24377_1341	Escherichia coli O139:H28 str. E24377A	iEcSMS35_1347	Escherichia coli SMS-3-5	34	34	34	34	0	0	1.0	100.0	1
map00030	rn00030	Pentose phosphate pathway	iEcE24377_1341	Escherichia coli O139:H28 str. E24377A	iEcolC_1368	Escherichia coli ATCC 8739	34	34	34	34	0	0	1.0	100.0	1
map00030	rn00030	Pentose phosphate pathway	iEcE24377_1341	Escherichia coli O139:H28 str. E24377A	iG2583_1286	Escherichia coli O55:H7 str. CB9615	34	33	33	34	1	0	0.9706	97.06	0
map00030	rn00030	Pentose phosphate pathway	iEcE24377_1341	Escherichia coli O139:H28 str. E24377A	iJO1366	Escherichia coli str. K-12 substr. MG1655	34	34	34	34	0	0	1.0	100.0	1
map00030	rn00030	Pentose phosphate pathway	iEcE24377_1341	Escherichia coli O139:H28 str. E24377A	iJR904	Escherichia coli str. K-12 substr. MG1655	34	32	32	34	2	0	0.9412	94.12	0
map00030	rn00030	Pentose phosphate pathway	iEcE24377_1341	Escherichia coli O139:H28 str. E24377A	iLF82_1304	Escherichia coli LF82	34	34	34	34	0	0	1.0	100.0	1
map00030	rn00030	Pentose phosphate pathway	iEcE24377_1341	Escherichia coli O139:H28 str. E24377A	iML1515	Escherichia coli str. K-12 substr. MG1655	34	34	34	34	0	0	1.0	100.0	1
map00030	rn00030	Pentose phosphate pathway	iEcE24377_1341	Escherichia coli O139:H28 str. E24377A	iNRG857_1313	Escherichia coli O83:H1 str. NRG 857C	34	34	34	34	0	0	1.0	100.0	1
map00030	rn00030	Pentose phosphate pathway	iEcE24377_1341	Escherichia coli O139:H28 str. E24377A	iUMN146_1321	Escherichia coli UM146	34	34	34	34	0	0	1.0	100.0	1
map00030	rn00030	Pentose phosphate pathway	iEcE24377_1341	Escherichia coli O139:H28 str. E24377A	iUMNK88_1353	Escherichia coli UMNK88	34	34	34	34	0	0	1.0	100.0	1
map00030	rn00030	Pentose phosphate pathway	iEcE24377_1341	Escherichia coli O139:H28 str. E24377A	iUTI89_1310	Escherichia coli UTI89	34	34	34	34	0	0	1.0	100.0	1
map00030	rn00030	Pentose phosphate pathway	iEcE24377_1341	Escherichia coli O139:H28 str. E24377A	iWFL_1372	Escherichia coli W	34	34	34	34	0	0	1.0	100.0	1
map00030	rn00030	Pentose phosphate pathway	iEcE24377_1341	Escherichia coli O139:H28 str. E24377A	iY75_1357	Escherichia coli str. K-12 substr. W3110	34	34	34	34	0	0	1.0	100.0	1
map00030	rn00030	Pentose phosphate pathway	iEcE24377_1341	Escherichia coli O139:H28 str. E24377A	iZ_1308	Escherichia coli O157:H7 str. EDL933	34	33	33	34	1	0	0.9706	97.06	0
map00030	rn00030	Pentose phosphate pathway	iEcE24377_1341	Escherichia coli O139:H28 str. E24377A	ic_1306	Escherichia coli CFT073	34	34	34	34	0	0	1.0	100.0	1
map00030	rn00030	Pentose phosphate pathway	iEcHS_1320	Escherichia coli HS	iEcSMS35_1347	Escherichia coli SMS-3-5	34	34	34	34	0	0	1.0	100.0	1
map00030	rn00030	Pentose phosphate pathway	iEcHS_1320	Escherichia coli HS	iEcolC_1368	Escherichia coli ATCC 8739	34	34	34	34	0	0	1.0	100.0	1
map00030	rn00030	Pentose phosphate pathway	iEcHS_1320	Escherichia coli HS	iG2583_1286	Escherichia coli O55:H7 str. CB9615	34	33	33	34	1	0	0.9706	97.06	0
map00030	rn00030	Pentose phosphate pathway	iEcHS_1320	Escherichia coli HS	iJO1366	Escherichia coli str. K-12 substr. MG1655	34	34	34	34	0	0	1.0	100.0	1
map00030	rn00030	Pentose phosphate pathway	iEcHS_1320	Escherichia coli HS	iJR904	Escherichia coli str. K-12 substr. MG1655	34	32	32	34	2	0	0.9412	94.12	0
map00030	rn00030	Pentose phosphate pathway	iEcHS_1320	Escherichia coli HS	iLF82_1304	Escherichia coli LF82	34	34	34	34	0	0	1.0	100.0	1
map00030	rn00030	Pentose phosphate pathway	iEcHS_1320	Escherichia coli HS	iML1515	Escherichia coli str. K-12 substr. MG1655	34	34	34	34	0	0	1.0	100.0	1
map00030	rn00030	Pentose phosphate pathway	iEcHS_1320	Escherichia coli HS	iNRG857_1313	Escherichia coli O83:H1 str. NRG 857C	34	34	34	34	0	0	1.0	100.0	1
map00030	rn00030	Pentose phosphate pathway	iEcHS_1320	Escherichia coli HS	iUMN146_1321	Escherichia coli UM146	34	34	34	34	0	0	1.0	100.0	1
map00030	rn00030	Pentose phosphate pathway	iEcHS_1320	Escherichia coli HS	iUMNK88_1353	Escherichia coli UMNK88	34	34	34	34	0	0	1.0	100.0	1
map00030	rn00030	Pentose phosphate pathway	iEcHS_1320	Escherichia coli HS	iUTI89_1310	Escherichia coli UTI89	34	34	34	34	0	0	1.0	100.0	1
map00030	rn00030	Pentose phosphate pathway	iEcHS_1320	Escherichia coli HS	iWFL_1372	Escherichia coli W	34	34	34	34	0	0	1.0	100.0	1
map00030	rn00030	Pentose phosphate pathway	iEcHS_1320	Escherichia coli HS	iY75_1357	Escherichia coli str. K-12 substr. W3110	34	34	34	34	0	0	1.0	100.0	1
map00030	rn00030	Pentose phosphate pathway	iEcHS_1320	Escherichia coli HS	iZ_1308	Escherichia coli O157:H7 str. EDL933	34	33	33	34	1	0	0.9706	97.06	0
map00030	rn00030	Pentose phosphate pathway	iEcHS_1320	Escherichia coli HS	ic_1306	Escherichia coli CFT073	34	34	34	34	0	0	1.0	100.0	1
map00030	rn00030	Pentose phosphate pathway	iEcSMS35_1347	Escherichia coli SMS-3-5	iEcolC_1368	Escherichia coli ATCC 8739	34	34	34	34	0	0	1.0	100.0	1
map00030	rn00030	Pentose phosphate pathway	iEcSMS35_1347	Escherichia coli SMS-3-5	iG2583_1286	Escherichia coli O55:H7 str. CB9615	34	33	33	34	1	0	0.9706	97.06	0
map00030	rn00030	Pentose phosphate pathway	iEcSMS35_1347	Escherichia coli SMS-3-5	iJO1366	Escherichia coli str. K-12 substr. MG1655	34	34	34	34	0	0	1.0	100.0	1
map00030	rn00030	Pentose phosphate pathway	iEcSMS35_1347	Escherichia coli SMS-3-5	iJR904	Escherichia coli str. K-12 substr. MG1655	34	32	32	34	2	0	0.9412	94.12	0
map00030	rn00030	Pentose phosphate pathway	iEcSMS35_1347	Escherichia coli SMS-3-5	iLF82_1304	Escherichia coli LF82	34	34	34	34	0	0	1.0	100.0	1
map00030	rn00030	Pentose phosphate pathway	iEcSMS35_1347	Escherichia coli SMS-3-5	iML1515	Escherichia coli str. K-12 substr. MG1655	34	34	34	34	0	0	1.0	100.0	1
map00030	rn00030	Pentose phosphate pathway	iEcSMS35_1347	Escherichia coli SMS-3-5	iNRG857_1313	Escherichia coli O83:H1 str. NRG 857C	34	34	34	34	0	0	1.0	100.0	1
map00030	rn00030	Pentose phosphate pathway	iEcSMS35_1347	Escherichia coli SMS-3-5	iUMN146_1321	Escherichia coli UM146	34	34	34	34	0	0	1.0	100.0	1
map00030	rn00030	Pentose phosphate pathway	iEcSMS35_1347	Escherichia coli SMS-3-5	iUMNK88_1353	Escherichia coli UMNK88	34	34	34	34	0	0	1.0	100.0	1
map00030	rn00030	Pentose phosphate pathway	iEcSMS35_1347	Escherichia coli SMS-3-5	iUTI89_1310	Escherichia coli UTI89	34	34	34	34	0	0	1.0	100.0	1
map00030	rn00030	Pentose phosphate pathway	iEcSMS35_1347	Escherichia coli SMS-3-5	iWFL_1372	Escherichia coli W	34	34	34	34	0	0	1.0	100.0	1
map00030	rn00030	Pentose phosphate pathway	iEcSMS35_1347	Escherichia coli SMS-3-5	iY75_1357	Escherichia coli str. K-12 substr. W3110	34	34	34	34	0	0	1.0	100.0	1
map00030	rn00030	Pentose phosphate pathway	iEcSMS35_1347	Escherichia coli SMS-3-5	iZ_1308	Escherichia coli O157:H7 str. EDL933	34	33	33	34	1	0	0.9706	97.06	0
map00030	rn00030	Pentose phosphate pathway	iEcSMS35_1347	Escherichia coli SMS-3-5	ic_1306	Escherichia coli CFT073	34	34	34	34	0	0	1.0	100.0	1
map00030	rn00030	Pentose phosphate pathway	iEcolC_1368	Escherichia coli ATCC 8739	iG2583_1286	Escherichia coli O55:H7 str. CB9615	34	33	33	34	1	0	0.9706	97.06	0
map00030	rn00030	Pentose phosphate pathway	iEcolC_1368	Escherichia coli ATCC 8739	iJO1366	Escherichia coli str. K-12 substr. MG1655	34	34	34	34	0	0	1.0	100.0	1
map00030	rn00030	Pentose phosphate pathway	iEcolC_1368	Escherichia coli ATCC 8739	iJR904	Escherichia coli str. K-12 substr. MG1655	34	32	32	34	2	0	0.9412	94.12	0
map00030	rn00030	Pentose phosphate pathway	iEcolC_1368	Escherichia coli ATCC 8739	iLF82_1304	Escherichia coli LF82	34	34	34	34	0	0	1.0	100.0	1
map00030	rn00030	Pentose phosphate pathway	iEcolC_1368	Escherichia coli ATCC 8739	iML1515	Escherichia coli str. K-12 substr. MG1655	34	34	34	34	0	0	1.0	100.0	1
map00030	rn00030	Pentose phosphate pathway	iEcolC_1368	Escherichia coli ATCC 8739	iNRG857_1313	Escherichia coli O83:H1 str. NRG 857C	34	34	34	34	0	0	1.0	100.0	1
map00030	rn00030	Pentose phosphate pathway	iEcolC_1368	Escherichia coli ATCC 8739	iUMN146_1321	Escherichia coli UM146	34	34	34	34	0	0	1.0	100.0	1
map00030	rn00030	Pentose phosphate pathway	iEcolC_1368	Escherichia coli ATCC 8739	iUMNK88_1353	Escherichia coli UMNK88	34	34	34	34	0	0	1.0	100.0	1
map00030	rn00030	Pentose phosphate pathway	iEcolC_1368	Escherichia coli ATCC 8739	iUTI89_1310	Escherichia coli UTI89	34	34	34	34	0	0	1.0	100.0	1
map00030	rn00030	Pentose phosphate pathway	iEcolC_1368	Escherichia coli ATCC 8739	iWFL_1372	Escherichia coli W	34	34	34	34	0	0	1.0	100.0	1
map00030	rn00030	Pentose phosphate pathway	iEcolC_1368	Escherichia coli ATCC 8739	iY75_1357	Escherichia coli str. K-12 substr. W3110	34	34	34	34	0	0	1.0	100.0	1
map00030	rn00030	Pentose phosphate pathway	iEcolC_1368	Escherichia coli ATCC 8739	iZ_1308	Escherichia coli O157:H7 str. EDL933	34	33	33	34	1	0	0.9706	97.06	0
map00030	rn00030	Pentose phosphate pathway	iEcolC_1368	Escherichia coli ATCC 8739	ic_1306	Escherichia coli CFT073	34	34	34	34	0	0	1.0	100.0	1
map00030	rn00030	Pentose phosphate pathway	iG2583_1286	Escherichia coli O55:H7 str. CB9615	iJO1366	Escherichia coli str. K-12 substr. MG1655	33	34	33	34	0	1	0.9706	97.06	0
map00030	rn00030	Pentose phosphate pathway	iG2583_1286	Escherichia coli O55:H7 str. CB9615	iJR904	Escherichia coli str. K-12 substr. MG1655	33	32	31	34	2	1	0.9118	91.18	0
map00030	rn00030	Pentose phosphate pathway	iG2583_1286	Escherichia coli O55:H7 str. CB9615	iLF82_1304	Escherichia coli LF82	33	34	33	34	0	1	0.9706	97.06	0
map00030	rn00030	Pentose phosphate pathway	iG2583_1286	Escherichia coli O55:H7 str. CB9615	iML1515	Escherichia coli str. K-12 substr. MG1655	33	34	33	34	0	1	0.9706	97.06	0
map00030	rn00030	Pentose phosphate pathway	iG2583_1286	Escherichia coli O55:H7 str. CB9615	iNRG857_1313	Escherichia coli O83:H1 str. NRG 857C	33	34	33	34	0	1	0.9706	97.06	0
map00030	rn00030	Pentose phosphate pathway	iG2583_1286	Escherichia coli O55:H7 str. CB9615	iUMN146_1321	Escherichia coli UM146	33	34	33	34	0	1	0.9706	97.06	0
map00030	rn00030	Pentose phosphate pathway	iG2583_1286	Escherichia coli O55:H7 str. CB9615	iUMNK88_1353	Escherichia coli UMNK88	33	34	33	34	0	1	0.9706	97.06	0
map00030	rn00030	Pentose phosphate pathway	iG2583_1286	Escherichia coli O55:H7 str. CB9615	iUTI89_1310	Escherichia coli UTI89	33	34	33	34	0	1	0.9706	97.06	0
map00030	rn00030	Pentose phosphate pathway	iG2583_1286	Escherichia coli O55:H7 str. CB9615	iWFL_1372	Escherichia coli W	33	34	33	34	0	1	0.9706	97.06	0
map00030	rn00030	Pentose phosphate pathway	iG2583_1286	Escherichia coli O55:H7 str. CB9615	iY75_1357	Escherichia coli str. K-12 substr. W3110	33	34	33	34	0	1	0.9706	97.06	0
map00030	rn00030	Pentose phosphate pathway	iG2583_1286	Escherichia coli O55:H7 str. CB9615	iZ_1308	Escherichia coli O157:H7 str. EDL933	33	33	33	33	0	0	1.0	100.0	1
map00030	rn00030	Pentose phosphate pathway	iG2583_1286	Escherichia coli O55:H7 str. CB9615	ic_1306	Escherichia coli CFT073	33	34	33	34	0	1	0.9706	97.06	0
map00030	rn00030	Pentose phosphate pathway	iJO1366	Escherichia coli str. K-12 substr. MG1655	iJR904	Escherichia coli str. K-12 substr. MG1655	34	32	32	34	2	0	0.9412	94.12	0
map00030	rn00030	Pentose phosphate pathway	iJO1366	Escherichia coli str. K-12 substr. MG1655	iLF82_1304	Escherichia coli LF82	34	34	34	34	0	0	1.0	100.0	1
map00030	rn00030	Pentose phosphate pathway	iJO1366	Escherichia coli str. K-12 substr. MG1655	iML1515	Escherichia coli str. K-12 substr. MG1655	34	34	34	34	0	0	1.0	100.0	1
map00030	rn00030	Pentose phosphate pathway	iJO1366	Escherichia coli str. K-12 substr. MG1655	iNRG857_1313	Escherichia coli O83:H1 str. NRG 857C	34	34	34	34	0	0	1.0	100.0	1
map00030	rn00030	Pentose phosphate pathway	iJO1366	Escherichia coli str. K-12 substr. MG1655	iUMN146_1321	Escherichia coli UM146	34	34	34	34	0	0	1.0	100.0	1
map00030	rn00030	Pentose phosphate pathway	iJO1366	Escherichia coli str. K-12 substr. MG1655	iUMNK88_1353	Escherichia coli UMNK88	34	34	34	34	0	0	1.0	100.0	1
map00030	rn00030	Pentose phosphate pathway	iJO1366	Escherichia coli str. K-12 substr. MG1655	iUTI89_1310	Escherichia coli UTI89	34	34	34	34	0	0	1.0	100.0	1
map00030	rn00030	Pentose phosphate pathway	iJO1366	Escherichia coli str. K-12 substr. MG1655	iWFL_1372	Escherichia coli W	34	34	34	34	0	0	1.0	100.0	1
map00030	rn00030	Pentose phosphate pathway	iJO1366	Escherichia coli str. K-12 substr. MG1655	iY75_1357	Escherichia coli str. K-12 substr. W3110	34	34	34	34	0	0	1.0	100.0	1
map00030	rn00030	Pentose phosphate pathway	iJO1366	Escherichia coli str. K-12 substr. MG1655	iZ_1308	Escherichia coli O157:H7 str. EDL933	34	33	33	34	1	0	0.9706	97.06	0
map00030	rn00030	Pentose phosphate pathway	iJO1366	Escherichia coli str. K-12 substr. MG1655	ic_1306	Escherichia coli CFT073	34	34	34	34	0	0	1.0	100.0	1
map00030	rn00030	Pentose phosphate pathway	iJR904	Escherichia coli str. K-12 substr. MG1655	iLF82_1304	Escherichia coli LF82	32	34	32	34	0	2	0.9412	94.12	0
map00030	rn00030	Pentose phosphate pathway	iJR904	Escherichia coli str. K-12 substr. MG1655	iML1515	Escherichia coli str. K-12 substr. MG1655	32	34	32	34	0	2	0.9412	94.12	0
map00030	rn00030	Pentose phosphate pathway	iJR904	Escherichia coli str. K-12 substr. MG1655	iNRG857_1313	Escherichia coli O83:H1 str. NRG 857C	32	34	32	34	0	2	0.9412	94.12	0
map00030	rn00030	Pentose phosphate pathway	iJR904	Escherichia coli str. K-12 substr. MG1655	iUMN146_1321	Escherichia coli UM146	32	34	32	34	0	2	0.9412	94.12	0
map00030	rn00030	Pentose phosphate pathway	iJR904	Escherichia coli str. K-12 substr. MG1655	iUMNK88_1353	Escherichia coli UMNK88	32	34	32	34	0	2	0.9412	94.12	0
map00030	rn00030	Pentose phosphate pathway	iJR904	Escherichia coli str. K-12 substr. MG1655	iUTI89_1310	Escherichia coli UTI89	32	34	32	34	0	2	0.9412	94.12	0
map00030	rn00030	Pentose phosphate pathway	iJR904	Escherichia coli str. K-12 substr. MG1655	iWFL_1372	Escherichia coli W	32	34	32	34	0	2	0.9412	94.12	0
map00030	rn00030	Pentose phosphate pathway	iJR904	Escherichia coli str. K-12 substr. MG1655	iY75_1357	Escherichia coli str. K-12 substr. W3110	32	34	32	34	0	2	0.9412	94.12	0
map00030	rn00030	Pentose phosphate pathway	iJR904	Escherichia coli str. K-12 substr. MG1655	iZ_1308	Escherichia coli O157:H7 str. EDL933	32	33	31	34	1	2	0.9118	91.18	0
map00030	rn00030	Pentose phosphate pathway	iJR904	Escherichia coli str. K-12 substr. MG1655	ic_1306	Escherichia coli CFT073	32	34	32	34	0	2	0.9412	94.12	0
map00030	rn00030	Pentose phosphate pathway	iLF82_1304	Escherichia coli LF82	iML1515	Escherichia coli str. K-12 substr. MG1655	34	34	34	34	0	0	1.0	100.0	1
map00030	rn00030	Pentose phosphate pathway	iLF82_1304	Escherichia coli LF82	iNRG857_1313	Escherichia coli O83:H1 str. NRG 857C	34	34	34	34	0	0	1.0	100.0	1
map00030	rn00030	Pentose phosphate pathway	iLF82_1304	Escherichia coli LF82	iUMN146_1321	Escherichia coli UM146	34	34	34	34	0	0	1.0	100.0	1
map00030	rn00030	Pentose phosphate pathway	iLF82_1304	Escherichia coli LF82	iUMNK88_1353	Escherichia coli UMNK88	34	34	34	34	0	0	1.0	100.0	1
map00030	rn00030	Pentose phosphate pathway	iLF82_1304	Escherichia coli LF82	iUTI89_1310	Escherichia coli UTI89	34	34	34	34	0	0	1.0	100.0	1
map00030	rn00030	Pentose phosphate pathway	iLF82_1304	Escherichia coli LF82	iWFL_1372	Escherichia coli W	34	34	34	34	0	0	1.0	100.0	1
map00030	rn00030	Pentose phosphate pathway	iLF82_1304	Escherichia coli LF82	iY75_1357	Escherichia coli str. K-12 substr. W3110	34	34	34	34	0	0	1.0	100.0	1
map00030	rn00030	Pentose phosphate pathway	iLF82_1304	Escherichia coli LF82	iZ_1308	Escherichia coli O157:H7 str. EDL933	34	33	33	34	1	0	0.9706	97.06	0
map00030	rn00030	Pentose phosphate pathway	iLF82_1304	Escherichia coli LF82	ic_1306	Escherichia coli CFT073	34	34	34	34	0	0	1.0	100.0	1
map00030	rn00030	Pentose phosphate pathway	iML1515	Escherichia coli str. K-12 substr. MG1655	iNRG857_1313	Escherichia coli O83:H1 str. NRG 857C	34	34	34	34	0	0	1.0	100.0	1
map00030	rn00030	Pentose phosphate pathway	iML1515	Escherichia coli str. K-12 substr. MG1655	iUMN146_1321	Escherichia coli UM146	34	34	34	34	0	0	1.0	100.0	1
map00030	rn00030	Pentose phosphate pathway	iML1515	Escherichia coli str. K-12 substr. MG1655	iUMNK88_1353	Escherichia coli UMNK88	34	34	34	34	0	0	1.0	100.0	1
map00030	rn00030	Pentose phosphate pathway	iML1515	Escherichia coli str. K-12 substr. MG1655	iUTI89_1310	Escherichia coli UTI89	34	34	34	34	0	0	1.0	100.0	1
map00030	rn00030	Pentose phosphate pathway	iML1515	Escherichia coli str. K-12 substr. MG1655	iWFL_1372	Escherichia coli W	34	34	34	34	0	0	1.0	100.0	1
map00030	rn00030	Pentose phosphate pathway	iML1515	Escherichia coli str. K-12 substr. MG1655	iY75_1357	Escherichia coli str. K-12 substr. W3110	34	34	34	34	0	0	1.0	100.0	1
map00030	rn00030	Pentose phosphate pathway	iML1515	Escherichia coli str. K-12 substr. MG1655	iZ_1308	Escherichia coli O157:H7 str. EDL933	34	33	33	34	1	0	0.9706	97.06	0
map00030	rn00030	Pentose phosphate pathway	iML1515	Escherichia coli str. K-12 substr. MG1655	ic_1306	Escherichia coli CFT073	34	34	34	34	0	0	1.0	100.0	1
map00030	rn00030	Pentose phosphate pathway	iNRG857_1313	Escherichia coli O83:H1 str. NRG 857C	iUMN146_1321	Escherichia coli UM146	34	34	34	34	0	0	1.0	100.0	1
map00030	rn00030	Pentose phosphate pathway	iNRG857_1313	Escherichia coli O83:H1 str. NRG 857C	iUMNK88_1353	Escherichia coli UMNK88	34	34	34	34	0	0	1.0	100.0	1
map00030	rn00030	Pentose phosphate pathway	iNRG857_1313	Escherichia coli O83:H1 str. NRG 857C	iUTI89_1310	Escherichia coli UTI89	34	34	34	34	0	0	1.0	100.0	1
map00030	rn00030	Pentose phosphate pathway	iNRG857_1313	Escherichia coli O83:H1 str. NRG 857C	iWFL_1372	Escherichia coli W	34	34	34	34	0	0	1.0	100.0	1
map00030	rn00030	Pentose phosphate pathway	iNRG857_1313	Escherichia coli O83:H1 str. NRG 857C	iY75_1357	Escherichia coli str. K-12 substr. W3110	34	34	34	34	0	0	1.0	100.0	1
map00030	rn00030	Pentose phosphate pathway	iNRG857_1313	Escherichia coli O83:H1 str. NRG 857C	iZ_1308	Escherichia coli O157:H7 str. EDL933	34	33	33	34	1	0	0.9706	97.06	0
map00030	rn00030	Pentose phosphate pathway	iNRG857_1313	Escherichia coli O83:H1 str. NRG 857C	ic_1306	Escherichia coli CFT073	34	34	34	34	0	0	1.0	100.0	1
map00030	rn00030	Pentose phosphate pathway	iUMN146_1321	Escherichia coli UM146	iUMNK88_1353	Escherichia coli UMNK88	34	34	34	34	0	0	1.0	100.0	1
map00030	rn00030	Pentose phosphate pathway	iUMN146_1321	Escherichia coli UM146	iUTI89_1310	Escherichia coli UTI89	34	34	34	34	0	0	1.0	100.0	1
map00030	rn00030	Pentose phosphate pathway	iUMN146_1321	Escherichia coli UM146	iWFL_1372	Escherichia coli W	34	34	34	34	0	0	1.0	100.0	1
map00030	rn00030	Pentose phosphate pathway	iUMN146_1321	Escherichia coli UM146	iY75_1357	Escherichia coli str. K-12 substr. W3110	34	34	34	34	0	0	1.0	100.0	1
map00030	rn00030	Pentose phosphate pathway	iUMN146_1321	Escherichia coli UM146	iZ_1308	Escherichia coli O157:H7 str. EDL933	34	33	33	34	1	0	0.9706	97.06	0
map00030	rn00030	Pentose phosphate pathway	iUMN146_1321	Escherichia coli UM146	ic_1306	Escherichia coli CFT073	34	34	34	34	0	0	1.0	100.0	1
map00030	rn00030	Pentose phosphate pathway	iUMNK88_1353	Escherichia coli UMNK88	iUTI89_1310	Escherichia coli UTI89	34	34	34	34	0	0	1.0	100.0	1
map00030	rn00030	Pentose phosphate pathway	iUMNK88_1353	Escherichia coli UMNK88	iWFL_1372	Escherichia coli W	34	34	34	34	0	0	1.0	100.0	1
map00030	rn00030	Pentose phosphate pathway	iUMNK88_1353	Escherichia coli UMNK88	iY75_1357	Escherichia coli str. K-12 substr. W3110	34	34	34	34	0	0	1.0	100.0	1
map00030	rn00030	Pentose phosphate pathway	iUMNK88_1353	Escherichia coli UMNK88	iZ_1308	Escherichia coli O157:H7 str. EDL933	34	33	33	34	1	0	0.9706	97.06	0
map00030	rn00030	Pentose phosphate pathway	iUMNK88_1353	Escherichia coli UMNK88	ic_1306	Escherichia coli CFT073	34	34	34	34	0	0	1.0	100.0	1
map00030	rn00030	Pentose phosphate pathway	iUTI89_1310	Escherichia coli UTI89	iWFL_1372	Escherichia coli W	34	34	34	34	0	0	1.0	100.0	1
map00030	rn00030	Pentose phosphate pathway	iUTI89_1310	Escherichia coli UTI89	iY75_1357	Escherichia coli str. K-12 substr. W3110	34	34	34	34	0	0	1.0	100.0	1
map00030	rn00030	Pentose phosphate pathway	iUTI89_1310	Escherichia coli UTI89	iZ_1308	Escherichia coli O157:H7 str. EDL933	34	33	33	34	1	0	0.9706	97.06	0
map00030	rn00030	Pentose phosphate pathway	iUTI89_1310	Escherichia coli UTI89	ic_1306	Escherichia coli CFT073	34	34	34	34	0	0	1.0	100.0	1
map00030	rn00030	Pentose phosphate pathway	iWFL_1372	Escherichia coli W	iY75_1357	Escherichia coli str. K-12 substr. W3110	34	34	34	34	0	0	1.0	100.0	1
map00030	rn00030	Pentose phosphate pathway	iWFL_1372	Escherichia coli W	iZ_1308	Escherichia coli O157:H7 str. EDL933	34	33	33	34	1	0	0.9706	97.06	0
map00030	rn00030	Pentose phosphate pathway	iWFL_1372	Escherichia coli W	ic_1306	Escherichia coli CFT073	34	34	34	34	0	0	1.0	100.0	1
map00030	rn00030	Pentose phosphate pathway	iY75_1357	Escherichia coli str. K-12 substr. W3110	iZ_1308	Escherichia coli O157:H7 str. EDL933	34	33	33	34	1	0	0.9706	97.06	0
map00030	rn00030	Pentose phosphate pathway	iY75_1357	Escherichia coli str. K-12 substr. W3110	ic_1306	Escherichia coli CFT073	34	34	34	34	0	0	1.0	100.0	1
map00030	rn00030	Pentose phosphate pathway	iZ_1308	Escherichia coli O157:H7 str. EDL933	ic_1306	Escherichia coli CFT073	33	34	33	34	0	1	0.9706	97.06	0
map00680	rn00680	Methane metabolism / C1 metabolism	iAF1260	Escherichia coli str. K-12 substr. MG1655	iAF1260b	Escherichia coli str. K-12 substr. MG1655	31	31	31	31	0	0	1.0	100.0	1
map00680	rn00680	Methane metabolism / C1 metabolism	iAF1260	Escherichia coli str. K-12 substr. MG1655	iAPECO1_1312	Escherichia coli APEC O1	31	32	31	32	0	1	0.9688	96.88	0
map00680	rn00680	Methane metabolism / C1 metabolism	iAF1260	Escherichia coli str. K-12 substr. MG1655	iB21_1397	Escherichia coli BL21(DE3)	31	32	31	32	0	1	0.9688	96.88	0
map00680	rn00680	Methane metabolism / C1 metabolism	iAF1260	Escherichia coli str. K-12 substr. MG1655	iBWG_1329	Escherichia coli BW2952	31	32	31	32	0	1	0.9688	96.88	0
map00680	rn00680	Methane metabolism / C1 metabolism	iAF1260	Escherichia coli str. K-12 substr. MG1655	iE2348C_1286	Escherichia coli O127:H6 str. E2348/69	31	32	31	32	0	1	0.9688	96.88	0
map00680	rn00680	Methane metabolism / C1 metabolism	iAF1260	Escherichia coli str. K-12 substr. MG1655	iEC042_1314	Escherichia coli 042	31	32	31	32	0	1	0.9688	96.88	0
map00680	rn00680	Methane metabolism / C1 metabolism	iAF1260	Escherichia coli str. K-12 substr. MG1655	iEC1344_C	Escherichia coli C	31	31	31	31	0	0	1.0	100.0	1
map00680	rn00680	Methane metabolism / C1 metabolism	iAF1260	Escherichia coli str. K-12 substr. MG1655	iEC1349_Crooks	Escherichia coli ATCC 8739	31	32	31	32	0	1	0.9688	96.88	0
map00680	rn00680	Methane metabolism / C1 metabolism	iAF1260	Escherichia coli str. K-12 substr. MG1655	iEC1356_Bl21DE3	Escherichia coli BL21(DE3)	31	31	31	31	0	0	1.0	100.0	1
map00680	rn00680	Methane metabolism / C1 metabolism	iAF1260	Escherichia coli str. K-12 substr. MG1655	iEC1364_W	Escherichia coli W	31	31	31	31	0	0	1.0	100.0	1
map00680	rn00680	Methane metabolism / C1 metabolism	iAF1260	Escherichia coli str. K-12 substr. MG1655	iEC1368_DH5a	Escherichia coli DH5[alpha]	31	31	31	31	0	0	1.0	100.0	1
map00680	rn00680	Methane metabolism / C1 metabolism	iAF1260	Escherichia coli str. K-12 substr. MG1655	iEC1372_W3110	Escherichia coli str. K-12 substr. W3110	31	31	31	31	0	0	1.0	100.0	1
map00680	rn00680	Methane metabolism / C1 metabolism	iAF1260	Escherichia coli str. K-12 substr. MG1655	iEC55989_1330	Escherichia coli 55989	31	32	31	32	0	1	0.9688	96.88	0
map00680	rn00680	Methane metabolism / C1 metabolism	iAF1260	Escherichia coli str. K-12 substr. MG1655	iECABU_c1320	Escherichia coli ABU 83972	31	32	31	32	0	1	0.9688	96.88	0
map00680	rn00680	Methane metabolism / C1 metabolism	iAF1260	Escherichia coli str. K-12 substr. MG1655	iECBD_1354	Escherichia coli 'BL21-Gold(DE3)pLysS AG'	31	32	31	32	0	1	0.9688	96.88	0
map00680	rn00680	Methane metabolism / C1 metabolism	iAF1260	Escherichia coli str. K-12 substr. MG1655	iECB_1328	Escherichia coli B str. REL606	31	32	31	32	0	1	0.9688	96.88	0
map00680	rn00680	Methane metabolism / C1 metabolism	iAF1260	Escherichia coli str. K-12 substr. MG1655	iECDH10B_1368	Escherichia coli str. K-12 substr. DH10B	31	32	31	32	0	1	0.9688	96.88	0
map00680	rn00680	Methane metabolism / C1 metabolism	iAF1260	Escherichia coli str. K-12 substr. MG1655	iECDH1ME8569_1439	Escherichia coli DH1	31	32	31	32	0	1	0.9688	96.88	0
map00680	rn00680	Methane metabolism / C1 metabolism	iAF1260	Escherichia coli str. K-12 substr. MG1655	iECD_1391	Escherichia coli BL21(DE3)	31	32	31	32	0	1	0.9688	96.88	0
map00680	rn00680	Methane metabolism / C1 metabolism	iAF1260	Escherichia coli str. K-12 substr. MG1655	iECED1_1282	Escherichia coli ED1a	31	32	31	32	0	1	0.9688	96.88	0
map00680	rn00680	Methane metabolism / C1 metabolism	iAF1260	Escherichia coli str. K-12 substr. MG1655	iECH74115_1262	Escherichia coli O157:H7 str. EC4115	31	31	30	32	1	1	0.9375	93.75	0
map00680	rn00680	Methane metabolism / C1 metabolism	iAF1260	Escherichia coli str. K-12 substr. MG1655	iECIAI1_1343	Escherichia coli IAI1	31	32	31	32	0	1	0.9688	96.88	0
map00680	rn00680	Methane metabolism / C1 metabolism	iAF1260	Escherichia coli str. K-12 substr. MG1655	iECIAI39_1322	Escherichia coli IAI39	31	32	31	32	0	1	0.9688	96.88	0
map00680	rn00680	Methane metabolism / C1 metabolism	iAF1260	Escherichia coli str. K-12 substr. MG1655	iECNA114_1301	Escherichia coli NA114	31	32	31	32	0	1	0.9688	96.88	0
map00680	rn00680	Methane metabolism / C1 metabolism	iAF1260	Escherichia coli str. K-12 substr. MG1655	iECO103_1326	Escherichia coli O103:H2 str. 12009	31	32	31	32	0	1	0.9688	96.88	0
map00680	rn00680	Methane metabolism / C1 metabolism	iAF1260	Escherichia coli str. K-12 substr. MG1655	iECO111_1330	Escherichia coli O111:H- str. 11128	31	32	31	32	0	1	0.9688	96.88	0
map00680	rn00680	Methane metabolism / C1 metabolism	iAF1260	Escherichia coli str. K-12 substr. MG1655	iECO26_1355	Escherichia coli O26:H11 str. 11368	31	32	31	32	0	1	0.9688	96.88	0
map00680	rn00680	Methane metabolism / C1 metabolism	iAF1260	Escherichia coli str. K-12 substr. MG1655	iECOK1_1307	Escherichia coli IHE3034	31	32	31	32	0	1	0.9688	96.88	0
map00680	rn00680	Methane metabolism / C1 metabolism	iAF1260	Escherichia coli str. K-12 substr. MG1655	iECP_1309	Escherichia coli 536	31	32	31	32	0	1	0.9688	96.88	0
map00680	rn00680	Methane metabolism / C1 metabolism	iAF1260	Escherichia coli str. K-12 substr. MG1655	iECS88_1305	Escherichia coli S88	31	32	31	32	0	1	0.9688	96.88	0
map00680	rn00680	Methane metabolism / C1 metabolism	iAF1260	Escherichia coli str. K-12 substr. MG1655	iECSE_1348	Escherichia coli SE11	31	32	31	32	0	1	0.9688	96.88	0
map00680	rn00680	Methane metabolism / C1 metabolism	iAF1260	Escherichia coli str. K-12 substr. MG1655	iECSF_1327	Escherichia coli SE15	31	32	31	32	0	1	0.9688	96.88	0
map00680	rn00680	Methane metabolism / C1 metabolism	iAF1260	Escherichia coli str. K-12 substr. MG1655	iECSP_1301	Escherichia coli O157:H7 str. TW14359	31	32	31	32	0	1	0.9688	96.88	0
map00680	rn00680	Methane metabolism / C1 metabolism	iAF1260	Escherichia coli str. K-12 substr. MG1655	iECUMN_1333	Escherichia coli UMN026	31	32	31	32	0	1	0.9688	96.88	0
map00680	rn00680	Methane metabolism / C1 metabolism	iAF1260	Escherichia coli str. K-12 substr. MG1655	iECW_1372	Escherichia coli W	31	32	31	32	0	1	0.9688	96.88	0
map00680	rn00680	Methane metabolism / C1 metabolism	iAF1260	Escherichia coli str. K-12 substr. MG1655	iECs_1301	Escherichia coli O157:H7 str. Sakai	31	32	31	32	0	1	0.9688	96.88	0
map00680	rn00680	Methane metabolism / C1 metabolism	iAF1260	Escherichia coli str. K-12 substr. MG1655	iEKO11_1354	Escherichia coli KO11FL	31	32	31	32	0	1	0.9688	96.88	0
map00680	rn00680	Methane metabolism / C1 metabolism	iAF1260	Escherichia coli str. K-12 substr. MG1655	iETEC_1333	Escherichia coli ETEC H10407	31	32	31	32	0	1	0.9688	96.88	0
map00680	rn00680	Methane metabolism / C1 metabolism	iAF1260	Escherichia coli str. K-12 substr. MG1655	iEcDH1_1363	Escherichia coli DH1	31	32	31	32	0	1	0.9688	96.88	0
map00680	rn00680	Methane metabolism / C1 metabolism	iAF1260	Escherichia coli str. K-12 substr. MG1655	iEcE24377_1341	Escherichia coli O139:H28 str. E24377A	31	32	31	32	0	1	0.9688	96.88	0
map00680	rn00680	Methane metabolism / C1 metabolism	iAF1260	Escherichia coli str. K-12 substr. MG1655	iEcHS_1320	Escherichia coli HS	31	32	31	32	0	1	0.9688	96.88	0
map00680	rn00680	Methane metabolism / C1 metabolism	iAF1260	Escherichia coli str. K-12 substr. MG1655	iEcSMS35_1347	Escherichia coli SMS-3-5	31	32	31	32	0	1	0.9688	96.88	0
map00680	rn00680	Methane metabolism / C1 metabolism	iAF1260	Escherichia coli str. K-12 substr. MG1655	iEcolC_1368	Escherichia coli ATCC 8739	31	32	31	32	0	1	0.9688	96.88	0
map00680	rn00680	Methane metabolism / C1 metabolism	iAF1260	Escherichia coli str. K-12 substr. MG1655	iG2583_1286	Escherichia coli O55:H7 str. CB9615	31	31	30	32	1	1	0.9375	93.75	0
map00680	rn00680	Methane metabolism / C1 metabolism	iAF1260	Escherichia coli str. K-12 substr. MG1655	iJO1366	Escherichia coli str. K-12 substr. MG1655	31	31	31	31	0	0	1.0	100.0	1
map00680	rn00680	Methane metabolism / C1 metabolism	iAF1260	Escherichia coli str. K-12 substr. MG1655	iJR904	Escherichia coli str. K-12 substr. MG1655	31	28	28	31	3	0	0.9032	90.32	0
map00680	rn00680	Methane metabolism / C1 metabolism	iAF1260	Escherichia coli str. K-12 substr. MG1655	iLF82_1304	Escherichia coli LF82	31	32	31	32	0	1	0.9688	96.88	0
map00680	rn00680	Methane metabolism / C1 metabolism	iAF1260	Escherichia coli str. K-12 substr. MG1655	iML1515	Escherichia coli str. K-12 substr. MG1655	31	31	31	31	0	0	1.0	100.0	1
map00680	rn00680	Methane metabolism / C1 metabolism	iAF1260	Escherichia coli str. K-12 substr. MG1655	iNRG857_1313	Escherichia coli O83:H1 str. NRG 857C	31	32	31	32	0	1	0.9688	96.88	0
map00680	rn00680	Methane metabolism / C1 metabolism	iAF1260	Escherichia coli str. K-12 substr. MG1655	iUMN146_1321	Escherichia coli UM146	31	32	31	32	0	1	0.9688	96.88	0
map00680	rn00680	Methane metabolism / C1 metabolism	iAF1260	Escherichia coli str. K-12 substr. MG1655	iUMNK88_1353	Escherichia coli UMNK88	31	32	31	32	0	1	0.9688	96.88	0
map00680	rn00680	Methane metabolism / C1 metabolism	iAF1260	Escherichia coli str. K-12 substr. MG1655	iUTI89_1310	Escherichia coli UTI89	31	32	31	32	0	1	0.9688	96.88	0
map00680	rn00680	Methane metabolism / C1 metabolism	iAF1260	Escherichia coli str. K-12 substr. MG1655	iWFL_1372	Escherichia coli W	31	32	31	32	0	1	0.9688	96.88	0
map00680	rn00680	Methane metabolism / C1 metabolism	iAF1260	Escherichia coli str. K-12 substr. MG1655	iY75_1357	Escherichia coli str. K-12 substr. W3110	31	32	31	32	0	1	0.9688	96.88	0
map00680	rn00680	Methane metabolism / C1 metabolism	iAF1260	Escherichia coli str. K-12 substr. MG1655	iZ_1308	Escherichia coli O157:H7 str. EDL933	31	32	31	32	0	1	0.9688	96.88	0
map00680	rn00680	Methane metabolism / C1 metabolism	iAF1260	Escherichia coli str. K-12 substr. MG1655	ic_1306	Escherichia coli CFT073	31	32	31	32	0	1	0.9688	96.88	0
map00680	rn00680	Methane metabolism / C1 metabolism	iAF1260b	Escherichia coli str. K-12 substr. MG1655	iAPECO1_1312	Escherichia coli APEC O1	31	32	31	32	0	1	0.9688	96.88	0
map00680	rn00680	Methane metabolism / C1 metabolism	iAF1260b	Escherichia coli str. K-12 substr. MG1655	iB21_1397	Escherichia coli BL21(DE3)	31	32	31	32	0	1	0.9688	96.88	0
map00680	rn00680	Methane metabolism / C1 metabolism	iAF1260b	Escherichia coli str. K-12 substr. MG1655	iBWG_1329	Escherichia coli BW2952	31	32	31	32	0	1	0.9688	96.88	0
map00680	rn00680	Methane metabolism / C1 metabolism	iAF1260b	Escherichia coli str. K-12 substr. MG1655	iE2348C_1286	Escherichia coli O127:H6 str. E2348/69	31	32	31	32	0	1	0.9688	96.88	0
map00680	rn00680	Methane metabolism / C1 metabolism	iAF1260b	Escherichia coli str. K-12 substr. MG1655	iEC042_1314	Escherichia coli 042	31	32	31	32	0	1	0.9688	96.88	0
map00680	rn00680	Methane metabolism / C1 metabolism	iAF1260b	Escherichia coli str. K-12 substr. MG1655	iEC1344_C	Escherichia coli C	31	31	31	31	0	0	1.0	100.0	1
map00680	rn00680	Methane metabolism / C1 metabolism	iAF1260b	Escherichia coli str. K-12 substr. MG1655	iEC1349_Crooks	Escherichia coli ATCC 8739	31	32	31	32	0	1	0.9688	96.88	0
map00680	rn00680	Methane metabolism / C1 metabolism	iAF1260b	Escherichia coli str. K-12 substr. MG1655	iEC1356_Bl21DE3	Escherichia coli BL21(DE3)	31	31	31	31	0	0	1.0	100.0	1
map00680	rn00680	Methane metabolism / C1 metabolism	iAF1260b	Escherichia coli str. K-12 substr. MG1655	iEC1364_W	Escherichia coli W	31	31	31	31	0	0	1.0	100.0	1
map00680	rn00680	Methane metabolism / C1 metabolism	iAF1260b	Escherichia coli str. K-12 substr. MG1655	iEC1368_DH5a	Escherichia coli DH5[alpha]	31	31	31	31	0	0	1.0	100.0	1
map00680	rn00680	Methane metabolism / C1 metabolism	iAF1260b	Escherichia coli str. K-12 substr. MG1655	iEC1372_W3110	Escherichia coli str. K-12 substr. W3110	31	31	31	31	0	0	1.0	100.0	1
map00680	rn00680	Methane metabolism / C1 metabolism	iAF1260b	Escherichia coli str. K-12 substr. MG1655	iEC55989_1330	Escherichia coli 55989	31	32	31	32	0	1	0.9688	96.88	0
map00680	rn00680	Methane metabolism / C1 metabolism	iAF1260b	Escherichia coli str. K-12 substr. MG1655	iECABU_c1320	Escherichia coli ABU 83972	31	32	31	32	0	1	0.9688	96.88	0
map00680	rn00680	Methane metabolism / C1 metabolism	iAF1260b	Escherichia coli str. K-12 substr. MG1655	iECBD_1354	Escherichia coli 'BL21-Gold(DE3)pLysS AG'	31	32	31	32	0	1	0.9688	96.88	0
map00680	rn00680	Methane metabolism / C1 metabolism	iAF1260b	Escherichia coli str. K-12 substr. MG1655	iECB_1328	Escherichia coli B str. REL606	31	32	31	32	0	1	0.9688	96.88	0
map00680	rn00680	Methane metabolism / C1 metabolism	iAF1260b	Escherichia coli str. K-12 substr. MG1655	iECDH10B_1368	Escherichia coli str. K-12 substr. DH10B	31	32	31	32	0	1	0.9688	96.88	0
map00680	rn00680	Methane metabolism / C1 metabolism	iAF1260b	Escherichia coli str. K-12 substr. MG1655	iECDH1ME8569_1439	Escherichia coli DH1	31	32	31	32	0	1	0.9688	96.88	0
map00680	rn00680	Methane metabolism / C1 metabolism	iAF1260b	Escherichia coli str. K-12 substr. MG1655	iECD_1391	Escherichia coli BL21(DE3)	31	32	31	32	0	1	0.9688	96.88	0
map00680	rn00680	Methane metabolism / C1 metabolism	iAF1260b	Escherichia coli str. K-12 substr. MG1655	iECED1_1282	Escherichia coli ED1a	31	32	31	32	0	1	0.9688	96.88	0
map00680	rn00680	Methane metabolism / C1 metabolism	iAF1260b	Escherichia coli str. K-12 substr. MG1655	iECH74115_1262	Escherichia coli O157:H7 str. EC4115	31	31	30	32	1	1	0.9375	93.75	0
map00680	rn00680	Methane metabolism / C1 metabolism	iAF1260b	Escherichia coli str. K-12 substr. MG1655	iECIAI1_1343	Escherichia coli IAI1	31	32	31	32	0	1	0.9688	96.88	0
map00680	rn00680	Methane metabolism / C1 metabolism	iAF1260b	Escherichia coli str. K-12 substr. MG1655	iECIAI39_1322	Escherichia coli IAI39	31	32	31	32	0	1	0.9688	96.88	0
map00680	rn00680	Methane metabolism / C1 metabolism	iAF1260b	Escherichia coli str. K-12 substr. MG1655	iECNA114_1301	Escherichia coli NA114	31	32	31	32	0	1	0.9688	96.88	0
map00680	rn00680	Methane metabolism / C1 metabolism	iAF1260b	Escherichia coli str. K-12 substr. MG1655	iECO103_1326	Escherichia coli O103:H2 str. 12009	31	32	31	32	0	1	0.9688	96.88	0
map00680	rn00680	Methane metabolism / C1 metabolism	iAF1260b	Escherichia coli str. K-12 substr. MG1655	iECO111_1330	Escherichia coli O111:H- str. 11128	31	32	31	32	0	1	0.9688	96.88	0
map00680	rn00680	Methane metabolism / C1 metabolism	iAF1260b	Escherichia coli str. K-12 substr. MG1655	iECO26_1355	Escherichia coli O26:H11 str. 11368	31	32	31	32	0	1	0.9688	96.88	0
map00680	rn00680	Methane metabolism / C1 metabolism	iAF1260b	Escherichia coli str. K-12 substr. MG1655	iECOK1_1307	Escherichia coli IHE3034	31	32	31	32	0	1	0.9688	96.88	0
map00680	rn00680	Methane metabolism / C1 metabolism	iAF1260b	Escherichia coli str. K-12 substr. MG1655	iECP_1309	Escherichia coli 536	31	32	31	32	0	1	0.9688	96.88	0
map00680	rn00680	Methane metabolism / C1 metabolism	iAF1260b	Escherichia coli str. K-12 substr. MG1655	iECS88_1305	Escherichia coli S88	31	32	31	32	0	1	0.9688	96.88	0
map00680	rn00680	Methane metabolism / C1 metabolism	iAF1260b	Escherichia coli str. K-12 substr. MG1655	iECSE_1348	Escherichia coli SE11	31	32	31	32	0	1	0.9688	96.88	0
map00680	rn00680	Methane metabolism / C1 metabolism	iAF1260b	Escherichia coli str. K-12 substr. MG1655	iECSF_1327	Escherichia coli SE15	31	32	31	32	0	1	0.9688	96.88	0
map00680	rn00680	Methane metabolism / C1 metabolism	iAF1260b	Escherichia coli str. K-12 substr. MG1655	iECSP_1301	Escherichia coli O157:H7 str. TW14359	31	32	31	32	0	1	0.9688	96.88	0
map00680	rn00680	Methane metabolism / C1 metabolism	iAF1260b	Escherichia coli str. K-12 substr. MG1655	iECUMN_1333	Escherichia coli UMN026	31	32	31	32	0	1	0.9688	96.88	0
map00680	rn00680	Methane metabolism / C1 metabolism	iAF1260b	Escherichia coli str. K-12 substr. MG1655	iECW_1372	Escherichia coli W	31	32	31	32	0	1	0.9688	96.88	0
map00680	rn00680	Methane metabolism / C1 metabolism	iAF1260b	Escherichia coli str. K-12 substr. MG1655	iECs_1301	Escherichia coli O157:H7 str. Sakai	31	32	31	32	0	1	0.9688	96.88	0
map00680	rn00680	Methane metabolism / C1 metabolism	iAF1260b	Escherichia coli str. K-12 substr. MG1655	iEKO11_1354	Escherichia coli KO11FL	31	32	31	32	0	1	0.9688	96.88	0
map00680	rn00680	Methane metabolism / C1 metabolism	iAF1260b	Escherichia coli str. K-12 substr. MG1655	iETEC_1333	Escherichia coli ETEC H10407	31	32	31	32	0	1	0.9688	96.88	0
map00680	rn00680	Methane metabolism / C1 metabolism	iAF1260b	Escherichia coli str. K-12 substr. MG1655	iEcDH1_1363	Escherichia coli DH1	31	32	31	32	0	1	0.9688	96.88	0
map00680	rn00680	Methane metabolism / C1 metabolism	iAF1260b	Escherichia coli str. K-12 substr. MG1655	iEcE24377_1341	Escherichia coli O139:H28 str. E24377A	31	32	31	32	0	1	0.9688	96.88	0
map00680	rn00680	Methane metabolism / C1 metabolism	iAF1260b	Escherichia coli str. K-12 substr. MG1655	iEcHS_1320	Escherichia coli HS	31	32	31	32	0	1	0.9688	96.88	0
map00680	rn00680	Methane metabolism / C1 metabolism	iAF1260b	Escherichia coli str. K-12 substr. MG1655	iEcSMS35_1347	Escherichia coli SMS-3-5	31	32	31	32	0	1	0.9688	96.88	0
map00680	rn00680	Methane metabolism / C1 metabolism	iAF1260b	Escherichia coli str. K-12 substr. MG1655	iEcolC_1368	Escherichia coli ATCC 8739	31	32	31	32	0	1	0.9688	96.88	0
map00680	rn00680	Methane metabolism / C1 metabolism	iAF1260b	Escherichia coli str. K-12 substr. MG1655	iG2583_1286	Escherichia coli O55:H7 str. CB9615	31	31	30	32	1	1	0.9375	93.75	0
map00680	rn00680	Methane metabolism / C1 metabolism	iAF1260b	Escherichia coli str. K-12 substr. MG1655	iJO1366	Escherichia coli str. K-12 substr. MG1655	31	31	31	31	0	0	1.0	100.0	1
map00680	rn00680	Methane metabolism / C1 metabolism	iAF1260b	Escherichia coli str. K-12 substr. MG1655	iJR904	Escherichia coli str. K-12 substr. MG1655	31	28	28	31	3	0	0.9032	90.32	0
map00680	rn00680	Methane metabolism / C1 metabolism	iAF1260b	Escherichia coli str. K-12 substr. MG1655	iLF82_1304	Escherichia coli LF82	31	32	31	32	0	1	0.9688	96.88	0
map00680	rn00680	Methane metabolism / C1 metabolism	iAF1260b	Escherichia coli str. K-12 substr. MG1655	iML1515	Escherichia coli str. K-12 substr. MG1655	31	31	31	31	0	0	1.0	100.0	1
map00680	rn00680	Methane metabolism / C1 metabolism	iAF1260b	Escherichia coli str. K-12 substr. MG1655	iNRG857_1313	Escherichia coli O83:H1 str. NRG 857C	31	32	31	32	0	1	0.9688	96.88	0
map00680	rn00680	Methane metabolism / C1 metabolism	iAF1260b	Escherichia coli str. K-12 substr. MG1655	iUMN146_1321	Escherichia coli UM146	31	32	31	32	0	1	0.9688	96.88	0
map00680	rn00680	Methane metabolism / C1 metabolism	iAF1260b	Escherichia coli str. K-12 substr. MG1655	iUMNK88_1353	Escherichia coli UMNK88	31	32	31	32	0	1	0.9688	96.88	0
map00680	rn00680	Methane metabolism / C1 metabolism	iAF1260b	Escherichia coli str. K-12 substr. MG1655	iUTI89_1310	Escherichia coli UTI89	31	32	31	32	0	1	0.9688	96.88	0
map00680	rn00680	Methane metabolism / C1 metabolism	iAF1260b	Escherichia coli str. K-12 substr. MG1655	iWFL_1372	Escherichia coli W	31	32	31	32	0	1	0.9688	96.88	0
map00680	rn00680	Methane metabolism / C1 metabolism	iAF1260b	Escherichia coli str. K-12 substr. MG1655	iY75_1357	Escherichia coli str. K-12 substr. W3110	31	32	31	32	0	1	0.9688	96.88	0
map00680	rn00680	Methane metabolism / C1 metabolism	iAF1260b	Escherichia coli str. K-12 substr. MG1655	iZ_1308	Escherichia coli O157:H7 str. EDL933	31	32	31	32	0	1	0.9688	96.88	0
map00680	rn00680	Methane metabolism / C1 metabolism	iAF1260b	Escherichia coli str. K-12 substr. MG1655	ic_1306	Escherichia coli CFT073	31	32	31	32	0	1	0.9688	96.88	0
map00680	rn00680	Methane metabolism / C1 metabolism	iAPECO1_1312	Escherichia coli APEC O1	iB21_1397	Escherichia coli BL21(DE3)	32	32	32	32	0	0	1.0	100.0	1
map00680	rn00680	Methane metabolism / C1 metabolism	iAPECO1_1312	Escherichia coli APEC O1	iBWG_1329	Escherichia coli BW2952	32	32	32	32	0	0	1.0	100.0	1
map00680	rn00680	Methane metabolism / C1 metabolism	iAPECO1_1312	Escherichia coli APEC O1	iE2348C_1286	Escherichia coli O127:H6 str. E2348/69	32	32	32	32	0	0	1.0	100.0	1
map00680	rn00680	Methane metabolism / C1 metabolism	iAPECO1_1312	Escherichia coli APEC O1	iEC042_1314	Escherichia coli 042	32	32	32	32	0	0	1.0	100.0	1
map00680	rn00680	Methane metabolism / C1 metabolism	iAPECO1_1312	Escherichia coli APEC O1	iEC1344_C	Escherichia coli C	32	31	31	32	1	0	0.9688	96.88	0
map00680	rn00680	Methane metabolism / C1 metabolism	iAPECO1_1312	Escherichia coli APEC O1	iEC1349_Crooks	Escherichia coli ATCC 8739	32	32	31	33	1	1	0.9394	93.94	0
map00680	rn00680	Methane metabolism / C1 metabolism	iAPECO1_1312	Escherichia coli APEC O1	iEC1356_Bl21DE3	Escherichia coli BL21(DE3)	32	31	31	32	1	0	0.9688	96.88	0
map00680	rn00680	Methane metabolism / C1 metabolism	iAPECO1_1312	Escherichia coli APEC O1	iEC1364_W	Escherichia coli W	32	31	31	32	1	0	0.9688	96.88	0
map00680	rn00680	Methane metabolism / C1 metabolism	iAPECO1_1312	Escherichia coli APEC O1	iEC1368_DH5a	Escherichia coli DH5[alpha]	32	31	31	32	1	0	0.9688	96.88	0
map00680	rn00680	Methane metabolism / C1 metabolism	iAPECO1_1312	Escherichia coli APEC O1	iEC1372_W3110	Escherichia coli str. K-12 substr. W3110	32	31	31	32	1	0	0.9688	96.88	0
map00680	rn00680	Methane metabolism / C1 metabolism	iAPECO1_1312	Escherichia coli APEC O1	iEC55989_1330	Escherichia coli 55989	32	32	32	32	0	0	1.0	100.0	1
map00680	rn00680	Methane metabolism / C1 metabolism	iAPECO1_1312	Escherichia coli APEC O1	iECABU_c1320	Escherichia coli ABU 83972	32	32	32	32	0	0	1.0	100.0	1
map00680	rn00680	Methane metabolism / C1 metabolism	iAPECO1_1312	Escherichia coli APEC O1	iECBD_1354	Escherichia coli 'BL21-Gold(DE3)pLysS AG'	32	32	32	32	0	0	1.0	100.0	1
map00680	rn00680	Methane metabolism / C1 metabolism	iAPECO1_1312	Escherichia coli APEC O1	iECB_1328	Escherichia coli B str. REL606	32	32	32	32	0	0	1.0	100.0	1
map00680	rn00680	Methane metabolism / C1 metabolism	iAPECO1_1312	Escherichia coli APEC O1	iECDH10B_1368	Escherichia coli str. K-12 substr. DH10B	32	32	32	32	0	0	1.0	100.0	1
map00680	rn00680	Methane metabolism / C1 metabolism	iAPECO1_1312	Escherichia coli APEC O1	iECDH1ME8569_1439	Escherichia coli DH1	32	32	32	32	0	0	1.0	100.0	1
map00680	rn00680	Methane metabolism / C1 metabolism	iAPECO1_1312	Escherichia coli APEC O1	iECD_1391	Escherichia coli BL21(DE3)	32	32	32	32	0	0	1.0	100.0	1
map00680	rn00680	Methane metabolism / C1 metabolism	iAPECO1_1312	Escherichia coli APEC O1	iECED1_1282	Escherichia coli ED1a	32	32	32	32	0	0	1.0	100.0	1
map00680	rn00680	Methane metabolism / C1 metabolism	iAPECO1_1312	Escherichia coli APEC O1	iECH74115_1262	Escherichia coli O157:H7 str. EC4115	32	31	31	32	1	0	0.9688	96.88	0
map00680	rn00680	Methane metabolism / C1 metabolism	iAPECO1_1312	Escherichia coli APEC O1	iECIAI1_1343	Escherichia coli IAI1	32	32	32	32	0	0	1.0	100.0	1
map00680	rn00680	Methane metabolism / C1 metabolism	iAPECO1_1312	Escherichia coli APEC O1	iECIAI39_1322	Escherichia coli IAI39	32	32	32	32	0	0	1.0	100.0	1
map00680	rn00680	Methane metabolism / C1 metabolism	iAPECO1_1312	Escherichia coli APEC O1	iECNA114_1301	Escherichia coli NA114	32	32	32	32	0	0	1.0	100.0	1
map00680	rn00680	Methane metabolism / C1 metabolism	iAPECO1_1312	Escherichia coli APEC O1	iECO103_1326	Escherichia coli O103:H2 str. 12009	32	32	32	32	0	0	1.0	100.0	1
map00680	rn00680	Methane metabolism / C1 metabolism	iAPECO1_1312	Escherichia coli APEC O1	iECO111_1330	Escherichia coli O111:H- str. 11128	32	32	32	32	0	0	1.0	100.0	1
map00680	rn00680	Methane metabolism / C1 metabolism	iAPECO1_1312	Escherichia coli APEC O1	iECO26_1355	Escherichia coli O26:H11 str. 11368	32	32	32	32	0	0	1.0	100.0	1
map00680	rn00680	Methane metabolism / C1 metabolism	iAPECO1_1312	Escherichia coli APEC O1	iECOK1_1307	Escherichia coli IHE3034	32	32	32	32	0	0	1.0	100.0	1
map00680	rn00680	Methane metabolism / C1 metabolism	iAPECO1_1312	Escherichia coli APEC O1	iECP_1309	Escherichia coli 536	32	32	32	32	0	0	1.0	100.0	1
map00680	rn00680	Methane metabolism / C1 metabolism	iAPECO1_1312	Escherichia coli APEC O1	iECS88_1305	Escherichia coli S88	32	32	32	32	0	0	1.0	100.0	1
map00680	rn00680	Methane metabolism / C1 metabolism	iAPECO1_1312	Escherichia coli APEC O1	iECSE_1348	Escherichia coli SE11	32	32	32	32	0	0	1.0	100.0	1
map00680	rn00680	Methane metabolism / C1 metabolism	iAPECO1_1312	Escherichia coli APEC O1	iECSF_1327	Escherichia coli SE15	32	32	32	32	0	0	1.0	100.0	1
map00680	rn00680	Methane metabolism / C1 metabolism	iAPECO1_1312	Escherichia coli APEC O1	iECSP_1301	Escherichia coli O157:H7 str. TW14359	32	32	32	32	0	0	1.0	100.0	1
map00680	rn00680	Methane metabolism / C1 metabolism	iAPECO1_1312	Escherichia coli APEC O1	iECUMN_1333	Escherichia coli UMN026	32	32	32	32	0	0	1.0	100.0	1
map00680	rn00680	Methane metabolism / C1 metabolism	iAPECO1_1312	Escherichia coli APEC O1	iECW_1372	Escherichia coli W	32	32	32	32	0	0	1.0	100.0	1
map00680	rn00680	Methane metabolism / C1 metabolism	iAPECO1_1312	Escherichia coli APEC O1	iECs_1301	Escherichia coli O157:H7 str. Sakai	32	32	32	32	0	0	1.0	100.0	1
map00680	rn00680	Methane metabolism / C1 metabolism	iAPECO1_1312	Escherichia coli APEC O1	iEKO11_1354	Escherichia coli KO11FL	32	32	32	32	0	0	1.0	100.0	1
map00680	rn00680	Methane metabolism / C1 metabolism	iAPECO1_1312	Escherichia coli APEC O1	iETEC_1333	Escherichia coli ETEC H10407	32	32	32	32	0	0	1.0	100.0	1
map00680	rn00680	Methane metabolism / C1 metabolism	iAPECO1_1312	Escherichia coli APEC O1	iEcDH1_1363	Escherichia coli DH1	32	32	32	32	0	0	1.0	100.0	1
map00680	rn00680	Methane metabolism / C1 metabolism	iAPECO1_1312	Escherichia coli APEC O1	iEcE24377_1341	Escherichia coli O139:H28 str. E24377A	32	32	32	32	0	0	1.0	100.0	1
map00680	rn00680	Methane metabolism / C1 metabolism	iAPECO1_1312	Escherichia coli APEC O1	iEcHS_1320	Escherichia coli HS	32	32	32	32	0	0	1.0	100.0	1
map00680	rn00680	Methane metabolism / C1 metabolism	iAPECO1_1312	Escherichia coli APEC O1	iEcSMS35_1347	Escherichia coli SMS-3-5	32	32	32	32	0	0	1.0	100.0	1
map00680	rn00680	Methane metabolism / C1 metabolism	iAPECO1_1312	Escherichia coli APEC O1	iEcolC_1368	Escherichia coli ATCC 8739	32	32	32	32	0	0	1.0	100.0	1
map00680	rn00680	Methane metabolism / C1 metabolism	iAPECO1_1312	Escherichia coli APEC O1	iG2583_1286	Escherichia coli O55:H7 str. CB9615	32	31	31	32	1	0	0.9688	96.88	0
map00680	rn00680	Methane metabolism / C1 metabolism	iAPECO1_1312	Escherichia coli APEC O1	iJO1366	Escherichia coli str. K-12 substr. MG1655	32	31	31	32	1	0	0.9688	96.88	0
map00680	rn00680	Methane metabolism / C1 metabolism	iAPECO1_1312	Escherichia coli APEC O1	iJR904	Escherichia coli str. K-12 substr. MG1655	32	28	28	32	4	0	0.875	87.5	0
map00680	rn00680	Methane metabolism / C1 metabolism	iAPECO1_1312	Escherichia coli APEC O1	iLF82_1304	Escherichia coli LF82	32	32	32	32	0	0	1.0	100.0	1
map00680	rn00680	Methane metabolism / C1 metabolism	iAPECO1_1312	Escherichia coli APEC O1	iML1515	Escherichia coli str. K-12 substr. MG1655	32	31	31	32	1	0	0.9688	96.88	0
map00680	rn00680	Methane metabolism / C1 metabolism	iAPECO1_1312	Escherichia coli APEC O1	iNRG857_1313	Escherichia coli O83:H1 str. NRG 857C	32	32	32	32	0	0	1.0	100.0	1
map00680	rn00680	Methane metabolism / C1 metabolism	iAPECO1_1312	Escherichia coli APEC O1	iUMN146_1321	Escherichia coli UM146	32	32	32	32	0	0	1.0	100.0	1
map00680	rn00680	Methane metabolism / C1 metabolism	iAPECO1_1312	Escherichia coli APEC O1	iUMNK88_1353	Escherichia coli UMNK88	32	32	32	32	0	0	1.0	100.0	1
map00680	rn00680	Methane metabolism / C1 metabolism	iAPECO1_1312	Escherichia coli APEC O1	iUTI89_1310	Escherichia coli UTI89	32	32	32	32	0	0	1.0	100.0	1
map00680	rn00680	Methane metabolism / C1 metabolism	iAPECO1_1312	Escherichia coli APEC O1	iWFL_1372	Escherichia coli W	32	32	32	32	0	0	1.0	100.0	1
map00680	rn00680	Methane metabolism / C1 metabolism	iAPECO1_1312	Escherichia coli APEC O1	iY75_1357	Escherichia coli str. K-12 substr. W3110	32	32	32	32	0	0	1.0	100.0	1
map00680	rn00680	Methane metabolism / C1 metabolism	iAPECO1_1312	Escherichia coli APEC O1	iZ_1308	Escherichia coli O157:H7 str. EDL933	32	32	32	32	0	0	1.0	100.0	1
map00680	rn00680	Methane metabolism / C1 metabolism	iAPECO1_1312	Escherichia coli APEC O1	ic_1306	Escherichia coli CFT073	32	32	32	32	0	0	1.0	100.0	1
map00680	rn00680	Methane metabolism / C1 metabolism	iB21_1397	Escherichia coli BL21(DE3)	iBWG_1329	Escherichia coli BW2952	32	32	32	32	0	0	1.0	100.0	1
map00680	rn00680	Methane metabolism / C1 metabolism	iB21_1397	Escherichia coli BL21(DE3)	iE2348C_1286	Escherichia coli O127:H6 str. E2348/69	32	32	32	32	0	0	1.0	100.0	1
map00680	rn00680	Methane metabolism / C1 metabolism	iB21_1397	Escherichia coli BL21(DE3)	iEC042_1314	Escherichia coli 042	32	32	32	32	0	0	1.0	100.0	1
map00680	rn00680	Methane metabolism / C1 metabolism	iB21_1397	Escherichia coli BL21(DE3)	iEC1344_C	Escherichia coli C	32	31	31	32	1	0	0.9688	96.88	0
map00680	rn00680	Methane metabolism / C1 metabolism	iB21_1397	Escherichia coli BL21(DE3)	iEC1349_Crooks	Escherichia coli ATCC 8739	32	32	31	33	1	1	0.9394	93.94	0
map00680	rn00680	Methane metabolism / C1 metabolism	iB21_1397	Escherichia coli BL21(DE3)	iEC1356_Bl21DE3	Escherichia coli BL21(DE3)	32	31	31	32	1	0	0.9688	96.88	0
map00680	rn00680	Methane metabolism / C1 metabolism	iB21_1397	Escherichia coli BL21(DE3)	iEC1364_W	Escherichia coli W	32	31	31	32	1	0	0.9688	96.88	0
map00680	rn00680	Methane metabolism / C1 metabolism	iB21_1397	Escherichia coli BL21(DE3)	iEC1368_DH5a	Escherichia coli DH5[alpha]	32	31	31	32	1	0	0.9688	96.88	0
map00680	rn00680	Methane metabolism / C1 metabolism	iB21_1397	Escherichia coli BL21(DE3)	iEC1372_W3110	Escherichia coli str. K-12 substr. W3110	32	31	31	32	1	0	0.9688	96.88	0
map00680	rn00680	Methane metabolism / C1 metabolism	iB21_1397	Escherichia coli BL21(DE3)	iEC55989_1330	Escherichia coli 55989	32	32	32	32	0	0	1.0	100.0	1
map00680	rn00680	Methane metabolism / C1 metabolism	iB21_1397	Escherichia coli BL21(DE3)	iECABU_c1320	Escherichia coli ABU 83972	32	32	32	32	0	0	1.0	100.0	1
map00680	rn00680	Methane metabolism / C1 metabolism	iB21_1397	Escherichia coli BL21(DE3)	iECBD_1354	Escherichia coli 'BL21-Gold(DE3)pLysS AG'	32	32	32	32	0	0	1.0	100.0	1
map00680	rn00680	Methane metabolism / C1 metabolism	iB21_1397	Escherichia coli BL21(DE3)	iECB_1328	Escherichia coli B str. REL606	32	32	32	32	0	0	1.0	100.0	1
map00680	rn00680	Methane metabolism / C1 metabolism	iB21_1397	Escherichia coli BL21(DE3)	iECDH10B_1368	Escherichia coli str. K-12 substr. DH10B	32	32	32	32	0	0	1.0	100.0	1
map00680	rn00680	Methane metabolism / C1 metabolism	iB21_1397	Escherichia coli BL21(DE3)	iECDH1ME8569_1439	Escherichia coli DH1	32	32	32	32	0	0	1.0	100.0	1
map00680	rn00680	Methane metabolism / C1 metabolism	iB21_1397	Escherichia coli BL21(DE3)	iECD_1391	Escherichia coli BL21(DE3)	32	32	32	32	0	0	1.0	100.0	1
map00680	rn00680	Methane metabolism / C1 metabolism	iB21_1397	Escherichia coli BL21(DE3)	iECED1_1282	Escherichia coli ED1a	32	32	32	32	0	0	1.0	100.0	1
map00680	rn00680	Methane metabolism / C1 metabolism	iB21_1397	Escherichia coli BL21(DE3)	iECH74115_1262	Escherichia coli O157:H7 str. EC4115	32	31	31	32	1	0	0.9688	96.88	0
map00680	rn00680	Methane metabolism / C1 metabolism	iB21_1397	Escherichia coli BL21(DE3)	iECIAI1_1343	Escherichia coli IAI1	32	32	32	32	0	0	1.0	100.0	1
map00680	rn00680	Methane metabolism / C1 metabolism	iB21_1397	Escherichia coli BL21(DE3)	iECIAI39_1322	Escherichia coli IAI39	32	32	32	32	0	0	1.0	100.0	1
map00680	rn00680	Methane metabolism / C1 metabolism	iB21_1397	Escherichia coli BL21(DE3)	iECNA114_1301	Escherichia coli NA114	32	32	32	32	0	0	1.0	100.0	1
map00680	rn00680	Methane metabolism / C1 metabolism	iB21_1397	Escherichia coli BL21(DE3)	iECO103_1326	Escherichia coli O103:H2 str. 12009	32	32	32	32	0	0	1.0	100.0	1
map00680	rn00680	Methane metabolism / C1 metabolism	iB21_1397	Escherichia coli BL21(DE3)	iECO111_1330	Escherichia coli O111:H- str. 11128	32	32	32	32	0	0	1.0	100.0	1
map00680	rn00680	Methane metabolism / C1 metabolism	iB21_1397	Escherichia coli BL21(DE3)	iECO26_1355	Escherichia coli O26:H11 str. 11368	32	32	32	32	0	0	1.0	100.0	1
map00680	rn00680	Methane metabolism / C1 metabolism	iB21_1397	Escherichia coli BL21(DE3)	iECOK1_1307	Escherichia coli IHE3034	32	32	32	32	0	0	1.0	100.0	1
map00680	rn00680	Methane metabolism / C1 metabolism	iB21_1397	Escherichia coli BL21(DE3)	iECP_1309	Escherichia coli 536	32	32	32	32	0	0	1.0	100.0	1
map00680	rn00680	Methane metabolism / C1 metabolism	iB21_1397	Escherichia coli BL21(DE3)	iECS88_1305	Escherichia coli S88	32	32	32	32	0	0	1.0	100.0	1
map00680	rn00680	Methane metabolism / C1 metabolism	iB21_1397	Escherichia coli BL21(DE3)	iECSE_1348	Escherichia coli SE11	32	32	32	32	0	0	1.0	100.0	1
map00680	rn00680	Methane metabolism / C1 metabolism	iB21_1397	Escherichia coli BL21(DE3)	iECSF_1327	Escherichia coli SE15	32	32	32	32	0	0	1.0	100.0	1
map00680	rn00680	Methane metabolism / C1 metabolism	iB21_1397	Escherichia coli BL21(DE3)	iECSP_1301	Escherichia coli O157:H7 str. TW14359	32	32	32	32	0	0	1.0	100.0	1
map00680	rn00680	Methane metabolism / C1 metabolism	iB21_1397	Escherichia coli BL21(DE3)	iECUMN_1333	Escherichia coli UMN026	32	32	32	32	0	0	1.0	100.0	1
map00680	rn00680	Methane metabolism / C1 metabolism	iB21_1397	Escherichia coli BL21(DE3)	iECW_1372	Escherichia coli W	32	32	32	32	0	0	1.0	100.0	1
map00680	rn00680	Methane metabolism / C1 metabolism	iB21_1397	Escherichia coli BL21(DE3)	iECs_1301	Escherichia coli O157:H7 str. Sakai	32	32	32	32	0	0	1.0	100.0	1
map00680	rn00680	Methane metabolism / C1 metabolism	iB21_1397	Escherichia coli BL21(DE3)	iEKO11_1354	Escherichia coli KO11FL	32	32	32	32	0	0	1.0	100.0	1
map00680	rn00680	Methane metabolism / C1 metabolism	iB21_1397	Escherichia coli BL21(DE3)	iETEC_1333	Escherichia coli ETEC H10407	32	32	32	32	0	0	1.0	100.0	1
map00680	rn00680	Methane metabolism / C1 metabolism	iB21_1397	Escherichia coli BL21(DE3)	iEcDH1_1363	Escherichia coli DH1	32	32	32	32	0	0	1.0	100.0	1
map00680	rn00680	Methane metabolism / C1 metabolism	iB21_1397	Escherichia coli BL21(DE3)	iEcE24377_1341	Escherichia coli O139:H28 str. E24377A	32	32	32	32	0	0	1.0	100.0	1
map00680	rn00680	Methane metabolism / C1 metabolism	iB21_1397	Escherichia coli BL21(DE3)	iEcHS_1320	Escherichia coli HS	32	32	32	32	0	0	1.0	100.0	1
map00680	rn00680	Methane metabolism / C1 metabolism	iB21_1397	Escherichia coli BL21(DE3)	iEcSMS35_1347	Escherichia coli SMS-3-5	32	32	32	32	0	0	1.0	100.0	1
map00680	rn00680	Methane metabolism / C1 metabolism	iB21_1397	Escherichia coli BL21(DE3)	iEcolC_1368	Escherichia coli ATCC 8739	32	32	32	32	0	0	1.0	100.0	1
map00680	rn00680	Methane metabolism / C1 metabolism	iB21_1397	Escherichia coli BL21(DE3)	iG2583_1286	Escherichia coli O55:H7 str. CB9615	32	31	31	32	1	0	0.9688	96.88	0
map00680	rn00680	Methane metabolism / C1 metabolism	iB21_1397	Escherichia coli BL21(DE3)	iJO1366	Escherichia coli str. K-12 substr. MG1655	32	31	31	32	1	0	0.9688	96.88	0
map00680	rn00680	Methane metabolism / C1 metabolism	iB21_1397	Escherichia coli BL21(DE3)	iJR904	Escherichia coli str. K-12 substr. MG1655	32	28	28	32	4	0	0.875	87.5	0
map00680	rn00680	Methane metabolism / C1 metabolism	iB21_1397	Escherichia coli BL21(DE3)	iLF82_1304	Escherichia coli LF82	32	32	32	32	0	0	1.0	100.0	1
map00680	rn00680	Methane metabolism / C1 metabolism	iB21_1397	Escherichia coli BL21(DE3)	iML1515	Escherichia coli str. K-12 substr. MG1655	32	31	31	32	1	0	0.9688	96.88	0
map00680	rn00680	Methane metabolism / C1 metabolism	iB21_1397	Escherichia coli BL21(DE3)	iNRG857_1313	Escherichia coli O83:H1 str. NRG 857C	32	32	32	32	0	0	1.0	100.0	1
map00680	rn00680	Methane metabolism / C1 metabolism	iB21_1397	Escherichia coli BL21(DE3)	iUMN146_1321	Escherichia coli UM146	32	32	32	32	0	0	1.0	100.0	1
map00680	rn00680	Methane metabolism / C1 metabolism	iB21_1397	Escherichia coli BL21(DE3)	iUMNK88_1353	Escherichia coli UMNK88	32	32	32	32	0	0	1.0	100.0	1
map00680	rn00680	Methane metabolism / C1 metabolism	iB21_1397	Escherichia coli BL21(DE3)	iUTI89_1310	Escherichia coli UTI89	32	32	32	32	0	0	1.0	100.0	1
map00680	rn00680	Methane metabolism / C1 metabolism	iB21_1397	Escherichia coli BL21(DE3)	iWFL_1372	Escherichia coli W	32	32	32	32	0	0	1.0	100.0	1
map00680	rn00680	Methane metabolism / C1 metabolism	iB21_1397	Escherichia coli BL21(DE3)	iY75_1357	Escherichia coli str. K-12 substr. W3110	32	32	32	32	0	0	1.0	100.0	1
map00680	rn00680	Methane metabolism / C1 metabolism	iB21_1397	Escherichia coli BL21(DE3)	iZ_1308	Escherichia coli O157:H7 str. EDL933	32	32	32	32	0	0	1.0	100.0	1
map00680	rn00680	Methane metabolism / C1 metabolism	iB21_1397	Escherichia coli BL21(DE3)	ic_1306	Escherichia coli CFT073	32	32	32	32	0	0	1.0	100.0	1
map00680	rn00680	Methane metabolism / C1 metabolism	iBWG_1329	Escherichia coli BW2952	iE2348C_1286	Escherichia coli O127:H6 str. E2348/69	32	32	32	32	0	0	1.0	100.0	1
map00680	rn00680	Methane metabolism / C1 metabolism	iBWG_1329	Escherichia coli BW2952	iEC042_1314	Escherichia coli 042	32	32	32	32	0	0	1.0	100.0	1
map00680	rn00680	Methane metabolism / C1 metabolism	iBWG_1329	Escherichia coli BW2952	iEC1344_C	Escherichia coli C	32	31	31	32	1	0	0.9688	96.88	0
map00680	rn00680	Methane metabolism / C1 metabolism	iBWG_1329	Escherichia coli BW2952	iEC1349_Crooks	Escherichia coli ATCC 8739	32	32	31	33	1	1	0.9394	93.94	0
map00680	rn00680	Methane metabolism / C1 metabolism	iBWG_1329	Escherichia coli BW2952	iEC1356_Bl21DE3	Escherichia coli BL21(DE3)	32	31	31	32	1	0	0.9688	96.88	0
map00680	rn00680	Methane metabolism / C1 metabolism	iBWG_1329	Escherichia coli BW2952	iEC1364_W	Escherichia coli W	32	31	31	32	1	0	0.9688	96.88	0
map00680	rn00680	Methane metabolism / C1 metabolism	iBWG_1329	Escherichia coli BW2952	iEC1368_DH5a	Escherichia coli DH5[alpha]	32	31	31	32	1	0	0.9688	96.88	0
map00680	rn00680	Methane metabolism / C1 metabolism	iBWG_1329	Escherichia coli BW2952	iEC1372_W3110	Escherichia coli str. K-12 substr. W3110	32	31	31	32	1	0	0.9688	96.88	0
map00680	rn00680	Methane metabolism / C1 metabolism	iBWG_1329	Escherichia coli BW2952	iEC55989_1330	Escherichia coli 55989	32	32	32	32	0	0	1.0	100.0	1
map00680	rn00680	Methane metabolism / C1 metabolism	iBWG_1329	Escherichia coli BW2952	iECABU_c1320	Escherichia coli ABU 83972	32	32	32	32	0	0	1.0	100.0	1
map00680	rn00680	Methane metabolism / C1 metabolism	iBWG_1329	Escherichia coli BW2952	iECBD_1354	Escherichia coli 'BL21-Gold(DE3)pLysS AG'	32	32	32	32	0	0	1.0	100.0	1
map00680	rn00680	Methane metabolism / C1 metabolism	iBWG_1329	Escherichia coli BW2952	iECB_1328	Escherichia coli B str. REL606	32	32	32	32	0	0	1.0	100.0	1
map00680	rn00680	Methane metabolism / C1 metabolism	iBWG_1329	Escherichia coli BW2952	iECDH10B_1368	Escherichia coli str. K-12 substr. DH10B	32	32	32	32	0	0	1.0	100.0	1
map00680	rn00680	Methane metabolism / C1 metabolism	iBWG_1329	Escherichia coli BW2952	iECDH1ME8569_1439	Escherichia coli DH1	32	32	32	32	0	0	1.0	100.0	1
map00680	rn00680	Methane metabolism / C1 metabolism	iBWG_1329	Escherichia coli BW2952	iECD_1391	Escherichia coli BL21(DE3)	32	32	32	32	0	0	1.0	100.0	1
map00680	rn00680	Methane metabolism / C1 metabolism	iBWG_1329	Escherichia coli BW2952	iECED1_1282	Escherichia coli ED1a	32	32	32	32	0	0	1.0	100.0	1
map00680	rn00680	Methane metabolism / C1 metabolism	iBWG_1329	Escherichia coli BW2952	iECH74115_1262	Escherichia coli O157:H7 str. EC4115	32	31	31	32	1	0	0.9688	96.88	0
map00680	rn00680	Methane metabolism / C1 metabolism	iBWG_1329	Escherichia coli BW2952	iECIAI1_1343	Escherichia coli IAI1	32	32	32	32	0	0	1.0	100.0	1
map00680	rn00680	Methane metabolism / C1 metabolism	iBWG_1329	Escherichia coli BW2952	iECIAI39_1322	Escherichia coli IAI39	32	32	32	32	0	0	1.0	100.0	1
map00680	rn00680	Methane metabolism / C1 metabolism	iBWG_1329	Escherichia coli BW2952	iECNA114_1301	Escherichia coli NA114	32	32	32	32	0	0	1.0	100.0	1
map00680	rn00680	Methane metabolism / C1 metabolism	iBWG_1329	Escherichia coli BW2952	iECO103_1326	Escherichia coli O103:H2 str. 12009	32	32	32	32	0	0	1.0	100.0	1
map00680	rn00680	Methane metabolism / C1 metabolism	iBWG_1329	Escherichia coli BW2952	iECO111_1330	Escherichia coli O111:H- str. 11128	32	32	32	32	0	0	1.0	100.0	1
map00680	rn00680	Methane metabolism / C1 metabolism	iBWG_1329	Escherichia coli BW2952	iECO26_1355	Escherichia coli O26:H11 str. 11368	32	32	32	32	0	0	1.0	100.0	1
map00680	rn00680	Methane metabolism / C1 metabolism	iBWG_1329	Escherichia coli BW2952	iECOK1_1307	Escherichia coli IHE3034	32	32	32	32	0	0	1.0	100.0	1
map00680	rn00680	Methane metabolism / C1 metabolism	iBWG_1329	Escherichia coli BW2952	iECP_1309	Escherichia coli 536	32	32	32	32	0	0	1.0	100.0	1
map00680	rn00680	Methane metabolism / C1 metabolism	iBWG_1329	Escherichia coli BW2952	iECS88_1305	Escherichia coli S88	32	32	32	32	0	0	1.0	100.0	1
map00680	rn00680	Methane metabolism / C1 metabolism	iBWG_1329	Escherichia coli BW2952	iECSE_1348	Escherichia coli SE11	32	32	32	32	0	0	1.0	100.0	1
map00680	rn00680	Methane metabolism / C1 metabolism	iBWG_1329	Escherichia coli BW2952	iECSF_1327	Escherichia coli SE15	32	32	32	32	0	0	1.0	100.0	1
map00680	rn00680	Methane metabolism / C1 metabolism	iBWG_1329	Escherichia coli BW2952	iECSP_1301	Escherichia coli O157:H7 str. TW14359	32	32	32	32	0	0	1.0	100.0	1
map00680	rn00680	Methane metabolism / C1 metabolism	iBWG_1329	Escherichia coli BW2952	iECUMN_1333	Escherichia coli UMN026	32	32	32	32	0	0	1.0	100.0	1
map00680	rn00680	Methane metabolism / C1 metabolism	iBWG_1329	Escherichia coli BW2952	iECW_1372	Escherichia coli W	32	32	32	32	0	0	1.0	100.0	1
map00680	rn00680	Methane metabolism / C1 metabolism	iBWG_1329	Escherichia coli BW2952	iECs_1301	Escherichia coli O157:H7 str. Sakai	32	32	32	32	0	0	1.0	100.0	1
map00680	rn00680	Methane metabolism / C1 metabolism	iBWG_1329	Escherichia coli BW2952	iEKO11_1354	Escherichia coli KO11FL	32	32	32	32	0	0	1.0	100.0	1
map00680	rn00680	Methane metabolism / C1 metabolism	iBWG_1329	Escherichia coli BW2952	iETEC_1333	Escherichia coli ETEC H10407	32	32	32	32	0	0	1.0	100.0	1
map00680	rn00680	Methane metabolism / C1 metabolism	iBWG_1329	Escherichia coli BW2952	iEcDH1_1363	Escherichia coli DH1	32	32	32	32	0	0	1.0	100.0	1
map00680	rn00680	Methane metabolism / C1 metabolism	iBWG_1329	Escherichia coli BW2952	iEcE24377_1341	Escherichia coli O139:H28 str. E24377A	32	32	32	32	0	0	1.0	100.0	1
map00680	rn00680	Methane metabolism / C1 metabolism	iBWG_1329	Escherichia coli BW2952	iEcHS_1320	Escherichia coli HS	32	32	32	32	0	0	1.0	100.0	1
map00680	rn00680	Methane metabolism / C1 metabolism	iBWG_1329	Escherichia coli BW2952	iEcSMS35_1347	Escherichia coli SMS-3-5	32	32	32	32	0	0	1.0	100.0	1
map00680	rn00680	Methane metabolism / C1 metabolism	iBWG_1329	Escherichia coli BW2952	iEcolC_1368	Escherichia coli ATCC 8739	32	32	32	32	0	0	1.0	100.0	1
map00680	rn00680	Methane metabolism / C1 metabolism	iBWG_1329	Escherichia coli BW2952	iG2583_1286	Escherichia coli O55:H7 str. CB9615	32	31	31	32	1	0	0.9688	96.88	0
map00680	rn00680	Methane metabolism / C1 metabolism	iBWG_1329	Escherichia coli BW2952	iJO1366	Escherichia coli str. K-12 substr. MG1655	32	31	31	32	1	0	0.9688	96.88	0
map00680	rn00680	Methane metabolism / C1 metabolism	iBWG_1329	Escherichia coli BW2952	iJR904	Escherichia coli str. K-12 substr. MG1655	32	28	28	32	4	0	0.875	87.5	0
map00680	rn00680	Methane metabolism / C1 metabolism	iBWG_1329	Escherichia coli BW2952	iLF82_1304	Escherichia coli LF82	32	32	32	32	0	0	1.0	100.0	1
map00680	rn00680	Methane metabolism / C1 metabolism	iBWG_1329	Escherichia coli BW2952	iML1515	Escherichia coli str. K-12 substr. MG1655	32	31	31	32	1	0	0.9688	96.88	0
map00680	rn00680	Methane metabolism / C1 metabolism	iBWG_1329	Escherichia coli BW2952	iNRG857_1313	Escherichia coli O83:H1 str. NRG 857C	32	32	32	32	0	0	1.0	100.0	1
map00680	rn00680	Methane metabolism / C1 metabolism	iBWG_1329	Escherichia coli BW2952	iUMN146_1321	Escherichia coli UM146	32	32	32	32	0	0	1.0	100.0	1
map00680	rn00680	Methane metabolism / C1 metabolism	iBWG_1329	Escherichia coli BW2952	iUMNK88_1353	Escherichia coli UMNK88	32	32	32	32	0	0	1.0	100.0	1
map00680	rn00680	Methane metabolism / C1 metabolism	iBWG_1329	Escherichia coli BW2952	iUTI89_1310	Escherichia coli UTI89	32	32	32	32	0	0	1.0	100.0	1
map00680	rn00680	Methane metabolism / C1 metabolism	iBWG_1329	Escherichia coli BW2952	iWFL_1372	Escherichia coli W	32	32	32	32	0	0	1.0	100.0	1
map00680	rn00680	Methane metabolism / C1 metabolism	iBWG_1329	Escherichia coli BW2952	iY75_1357	Escherichia coli str. K-12 substr. W3110	32	32	32	32	0	0	1.0	100.0	1
map00680	rn00680	Methane metabolism / C1 metabolism	iBWG_1329	Escherichia coli BW2952	iZ_1308	Escherichia coli O157:H7 str. EDL933	32	32	32	32	0	0	1.0	100.0	1
map00680	rn00680	Methane metabolism / C1 metabolism	iBWG_1329	Escherichia coli BW2952	ic_1306	Escherichia coli CFT073	32	32	32	32	0	0	1.0	100.0	1
map00680	rn00680	Methane metabolism / C1 metabolism	iE2348C_1286	Escherichia coli O127:H6 str. E2348/69	iEC042_1314	Escherichia coli 042	32	32	32	32	0	0	1.0	100.0	1
map00680	rn00680	Methane metabolism / C1 metabolism	iE2348C_1286	Escherichia coli O127:H6 str. E2348/69	iEC1344_C	Escherichia coli C	32	31	31	32	1	0	0.9688	96.88	0
map00680	rn00680	Methane metabolism / C1 metabolism	iE2348C_1286	Escherichia coli O127:H6 str. E2348/69	iEC1349_Crooks	Escherichia coli ATCC 8739	32	32	31	33	1	1	0.9394	93.94	0
map00680	rn00680	Methane metabolism / C1 metabolism	iE2348C_1286	Escherichia coli O127:H6 str. E2348/69	iEC1356_Bl21DE3	Escherichia coli BL21(DE3)	32	31	31	32	1	0	0.9688	96.88	0
map00680	rn00680	Methane metabolism / C1 metabolism	iE2348C_1286	Escherichia coli O127:H6 str. E2348/69	iEC1364_W	Escherichia coli W	32	31	31	32	1	0	0.9688	96.88	0
map00680	rn00680	Methane metabolism / C1 metabolism	iE2348C_1286	Escherichia coli O127:H6 str. E2348/69	iEC1368_DH5a	Escherichia coli DH5[alpha]	32	31	31	32	1	0	0.9688	96.88	0
map00680	rn00680	Methane metabolism / C1 metabolism	iE2348C_1286	Escherichia coli O127:H6 str. E2348/69	iEC1372_W3110	Escherichia coli str. K-12 substr. W3110	32	31	31	32	1	0	0.9688	96.88	0
map00680	rn00680	Methane metabolism / C1 metabolism	iE2348C_1286	Escherichia coli O127:H6 str. E2348/69	iEC55989_1330	Escherichia coli 55989	32	32	32	32	0	0	1.0	100.0	1
map00680	rn00680	Methane metabolism / C1 metabolism	iE2348C_1286	Escherichia coli O127:H6 str. E2348/69	iECABU_c1320	Escherichia coli ABU 83972	32	32	32	32	0	0	1.0	100.0	1
map00680	rn00680	Methane metabolism / C1 metabolism	iE2348C_1286	Escherichia coli O127:H6 str. E2348/69	iECBD_1354	Escherichia coli 'BL21-Gold(DE3)pLysS AG'	32	32	32	32	0	0	1.0	100.0	1
map00680	rn00680	Methane metabolism / C1 metabolism	iE2348C_1286	Escherichia coli O127:H6 str. E2348/69	iECB_1328	Escherichia coli B str. REL606	32	32	32	32	0	0	1.0	100.0	1
map00680	rn00680	Methane metabolism / C1 metabolism	iE2348C_1286	Escherichia coli O127:H6 str. E2348/69	iECDH10B_1368	Escherichia coli str. K-12 substr. DH10B	32	32	32	32	0	0	1.0	100.0	1
map00680	rn00680	Methane metabolism / C1 metabolism	iE2348C_1286	Escherichia coli O127:H6 str. E2348/69	iECDH1ME8569_1439	Escherichia coli DH1	32	32	32	32	0	0	1.0	100.0	1
map00680	rn00680	Methane metabolism / C1 metabolism	iE2348C_1286	Escherichia coli O127:H6 str. E2348/69	iECD_1391	Escherichia coli BL21(DE3)	32	32	32	32	0	0	1.0	100.0	1
map00680	rn00680	Methane metabolism / C1 metabolism	iE2348C_1286	Escherichia coli O127:H6 str. E2348/69	iECED1_1282	Escherichia coli ED1a	32	32	32	32	0	0	1.0	100.0	1
map00680	rn00680	Methane metabolism / C1 metabolism	iE2348C_1286	Escherichia coli O127:H6 str. E2348/69	iECH74115_1262	Escherichia coli O157:H7 str. EC4115	32	31	31	32	1	0	0.9688	96.88	0
map00680	rn00680	Methane metabolism / C1 metabolism	iE2348C_1286	Escherichia coli O127:H6 str. E2348/69	iECIAI1_1343	Escherichia coli IAI1	32	32	32	32	0	0	1.0	100.0	1
map00680	rn00680	Methane metabolism / C1 metabolism	iE2348C_1286	Escherichia coli O127:H6 str. E2348/69	iECIAI39_1322	Escherichia coli IAI39	32	32	32	32	0	0	1.0	100.0	1
map00680	rn00680	Methane metabolism / C1 metabolism	iE2348C_1286	Escherichia coli O127:H6 str. E2348/69	iECNA114_1301	Escherichia coli NA114	32	32	32	32	0	0	1.0	100.0	1
map00680	rn00680	Methane metabolism / C1 metabolism	iE2348C_1286	Escherichia coli O127:H6 str. E2348/69	iECO103_1326	Escherichia coli O103:H2 str. 12009	32	32	32	32	0	0	1.0	100.0	1
map00680	rn00680	Methane metabolism / C1 metabolism	iE2348C_1286	Escherichia coli O127:H6 str. E2348/69	iECO111_1330	Escherichia coli O111:H- str. 11128	32	32	32	32	0	0	1.0	100.0	1
map00680	rn00680	Methane metabolism / C1 metabolism	iE2348C_1286	Escherichia coli O127:H6 str. E2348/69	iECO26_1355	Escherichia coli O26:H11 str. 11368	32	32	32	32	0	0	1.0	100.0	1
map00680	rn00680	Methane metabolism / C1 metabolism	iE2348C_1286	Escherichia coli O127:H6 str. E2348/69	iECOK1_1307	Escherichia coli IHE3034	32	32	32	32	0	0	1.0	100.0	1
map00680	rn00680	Methane metabolism / C1 metabolism	iE2348C_1286	Escherichia coli O127:H6 str. E2348/69	iECP_1309	Escherichia coli 536	32	32	32	32	0	0	1.0	100.0	1
map00680	rn00680	Methane metabolism / C1 metabolism	iE2348C_1286	Escherichia coli O127:H6 str. E2348/69	iECS88_1305	Escherichia coli S88	32	32	32	32	0	0	1.0	100.0	1
map00680	rn00680	Methane metabolism / C1 metabolism	iE2348C_1286	Escherichia coli O127:H6 str. E2348/69	iECSE_1348	Escherichia coli SE11	32	32	32	32	0	0	1.0	100.0	1
map00680	rn00680	Methane metabolism / C1 metabolism	iE2348C_1286	Escherichia coli O127:H6 str. E2348/69	iECSF_1327	Escherichia coli SE15	32	32	32	32	0	0	1.0	100.0	1
map00680	rn00680	Methane metabolism / C1 metabolism	iE2348C_1286	Escherichia coli O127:H6 str. E2348/69	iECSP_1301	Escherichia coli O157:H7 str. TW14359	32	32	32	32	0	0	1.0	100.0	1
map00680	rn00680	Methane metabolism / C1 metabolism	iE2348C_1286	Escherichia coli O127:H6 str. E2348/69	iECUMN_1333	Escherichia coli UMN026	32	32	32	32	0	0	1.0	100.0	1
map00680	rn00680	Methane metabolism / C1 metabolism	iE2348C_1286	Escherichia coli O127:H6 str. E2348/69	iECW_1372	Escherichia coli W	32	32	32	32	0	0	1.0	100.0	1
map00680	rn00680	Methane metabolism / C1 metabolism	iE2348C_1286	Escherichia coli O127:H6 str. E2348/69	iECs_1301	Escherichia coli O157:H7 str. Sakai	32	32	32	32	0	0	1.0	100.0	1
map00680	rn00680	Methane metabolism / C1 metabolism	iE2348C_1286	Escherichia coli O127:H6 str. E2348/69	iEKO11_1354	Escherichia coli KO11FL	32	32	32	32	0	0	1.0	100.0	1
map00680	rn00680	Methane metabolism / C1 metabolism	iE2348C_1286	Escherichia coli O127:H6 str. E2348/69	iETEC_1333	Escherichia coli ETEC H10407	32	32	32	32	0	0	1.0	100.0	1
map00680	rn00680	Methane metabolism / C1 metabolism	iE2348C_1286	Escherichia coli O127:H6 str. E2348/69	iEcDH1_1363	Escherichia coli DH1	32	32	32	32	0	0	1.0	100.0	1
map00680	rn00680	Methane metabolism / C1 metabolism	iE2348C_1286	Escherichia coli O127:H6 str. E2348/69	iEcE24377_1341	Escherichia coli O139:H28 str. E24377A	32	32	32	32	0	0	1.0	100.0	1
map00680	rn00680	Methane metabolism / C1 metabolism	iE2348C_1286	Escherichia coli O127:H6 str. E2348/69	iEcHS_1320	Escherichia coli HS	32	32	32	32	0	0	1.0	100.0	1
map00680	rn00680	Methane metabolism / C1 metabolism	iE2348C_1286	Escherichia coli O127:H6 str. E2348/69	iEcSMS35_1347	Escherichia coli SMS-3-5	32	32	32	32	0	0	1.0	100.0	1
map00680	rn00680	Methane metabolism / C1 metabolism	iE2348C_1286	Escherichia coli O127:H6 str. E2348/69	iEcolC_1368	Escherichia coli ATCC 8739	32	32	32	32	0	0	1.0	100.0	1
map00680	rn00680	Methane metabolism / C1 metabolism	iE2348C_1286	Escherichia coli O127:H6 str. E2348/69	iG2583_1286	Escherichia coli O55:H7 str. CB9615	32	31	31	32	1	0	0.9688	96.88	0
map00680	rn00680	Methane metabolism / C1 metabolism	iE2348C_1286	Escherichia coli O127:H6 str. E2348/69	iJO1366	Escherichia coli str. K-12 substr. MG1655	32	31	31	32	1	0	0.9688	96.88	0
map00680	rn00680	Methane metabolism / C1 metabolism	iE2348C_1286	Escherichia coli O127:H6 str. E2348/69	iJR904	Escherichia coli str. K-12 substr. MG1655	32	28	28	32	4	0	0.875	87.5	0
map00680	rn00680	Methane metabolism / C1 metabolism	iE2348C_1286	Escherichia coli O127:H6 str. E2348/69	iLF82_1304	Escherichia coli LF82	32	32	32	32	0	0	1.0	100.0	1
map00680	rn00680	Methane metabolism / C1 metabolism	iE2348C_1286	Escherichia coli O127:H6 str. E2348/69	iML1515	Escherichia coli str. K-12 substr. MG1655	32	31	31	32	1	0	0.9688	96.88	0
map00680	rn00680	Methane metabolism / C1 metabolism	iE2348C_1286	Escherichia coli O127:H6 str. E2348/69	iNRG857_1313	Escherichia coli O83:H1 str. NRG 857C	32	32	32	32	0	0	1.0	100.0	1
map00680	rn00680	Methane metabolism / C1 metabolism	iE2348C_1286	Escherichia coli O127:H6 str. E2348/69	iUMN146_1321	Escherichia coli UM146	32	32	32	32	0	0	1.0	100.0	1
map00680	rn00680	Methane metabolism / C1 metabolism	iE2348C_1286	Escherichia coli O127:H6 str. E2348/69	iUMNK88_1353	Escherichia coli UMNK88	32	32	32	32	0	0	1.0	100.0	1
map00680	rn00680	Methane metabolism / C1 metabolism	iE2348C_1286	Escherichia coli O127:H6 str. E2348/69	iUTI89_1310	Escherichia coli UTI89	32	32	32	32	0	0	1.0	100.0	1
map00680	rn00680	Methane metabolism / C1 metabolism	iE2348C_1286	Escherichia coli O127:H6 str. E2348/69	iWFL_1372	Escherichia coli W	32	32	32	32	0	0	1.0	100.0	1
map00680	rn00680	Methane metabolism / C1 metabolism	iE2348C_1286	Escherichia coli O127:H6 str. E2348/69	iY75_1357	Escherichia coli str. K-12 substr. W3110	32	32	32	32	0	0	1.0	100.0	1
map00680	rn00680	Methane metabolism / C1 metabolism	iE2348C_1286	Escherichia coli O127:H6 str. E2348/69	iZ_1308	Escherichia coli O157:H7 str. EDL933	32	32	32	32	0	0	1.0	100.0	1
map00680	rn00680	Methane metabolism / C1 metabolism	iE2348C_1286	Escherichia coli O127:H6 str. E2348/69	ic_1306	Escherichia coli CFT073	32	32	32	32	0	0	1.0	100.0	1
map00680	rn00680	Methane metabolism / C1 metabolism	iEC042_1314	Escherichia coli 042	iEC1344_C	Escherichia coli C	32	31	31	32	1	0	0.9688	96.88	0
map00680	rn00680	Methane metabolism / C1 metabolism	iEC042_1314	Escherichia coli 042	iEC1349_Crooks	Escherichia coli ATCC 8739	32	32	31	33	1	1	0.9394	93.94	0
map00680	rn00680	Methane metabolism / C1 metabolism	iEC042_1314	Escherichia coli 042	iEC1356_Bl21DE3	Escherichia coli BL21(DE3)	32	31	31	32	1	0	0.9688	96.88	0
map00680	rn00680	Methane metabolism / C1 metabolism	iEC042_1314	Escherichia coli 042	iEC1364_W	Escherichia coli W	32	31	31	32	1	0	0.9688	96.88	0
map00680	rn00680	Methane metabolism / C1 metabolism	iEC042_1314	Escherichia coli 042	iEC1368_DH5a	Escherichia coli DH5[alpha]	32	31	31	32	1	0	0.9688	96.88	0
map00680	rn00680	Methane metabolism / C1 metabolism	iEC042_1314	Escherichia coli 042	iEC1372_W3110	Escherichia coli str. K-12 substr. W3110	32	31	31	32	1	0	0.9688	96.88	0
map00680	rn00680	Methane metabolism / C1 metabolism	iEC042_1314	Escherichia coli 042	iEC55989_1330	Escherichia coli 55989	32	32	32	32	0	0	1.0	100.0	1
map00680	rn00680	Methane metabolism / C1 metabolism	iEC042_1314	Escherichia coli 042	iECABU_c1320	Escherichia coli ABU 83972	32	32	32	32	0	0	1.0	100.0	1
map00680	rn00680	Methane metabolism / C1 metabolism	iEC042_1314	Escherichia coli 042	iECBD_1354	Escherichia coli 'BL21-Gold(DE3)pLysS AG'	32	32	32	32	0	0	1.0	100.0	1
map00680	rn00680	Methane metabolism / C1 metabolism	iEC042_1314	Escherichia coli 042	iECB_1328	Escherichia coli B str. REL606	32	32	32	32	0	0	1.0	100.0	1
map00680	rn00680	Methane metabolism / C1 metabolism	iEC042_1314	Escherichia coli 042	iECDH10B_1368	Escherichia coli str. K-12 substr. DH10B	32	32	32	32	0	0	1.0	100.0	1
map00680	rn00680	Methane metabolism / C1 metabolism	iEC042_1314	Escherichia coli 042	iECDH1ME8569_1439	Escherichia coli DH1	32	32	32	32	0	0	1.0	100.0	1
map00680	rn00680	Methane metabolism / C1 metabolism	iEC042_1314	Escherichia coli 042	iECD_1391	Escherichia coli BL21(DE3)	32	32	32	32	0	0	1.0	100.0	1
map00680	rn00680	Methane metabolism / C1 metabolism	iEC042_1314	Escherichia coli 042	iECED1_1282	Escherichia coli ED1a	32	32	32	32	0	0	1.0	100.0	1
map00680	rn00680	Methane metabolism / C1 metabolism	iEC042_1314	Escherichia coli 042	iECH74115_1262	Escherichia coli O157:H7 str. EC4115	32	31	31	32	1	0	0.9688	96.88	0
map00680	rn00680	Methane metabolism / C1 metabolism	iEC042_1314	Escherichia coli 042	iECIAI1_1343	Escherichia coli IAI1	32	32	32	32	0	0	1.0	100.0	1
map00680	rn00680	Methane metabolism / C1 metabolism	iEC042_1314	Escherichia coli 042	iECIAI39_1322	Escherichia coli IAI39	32	32	32	32	0	0	1.0	100.0	1
map00680	rn00680	Methane metabolism / C1 metabolism	iEC042_1314	Escherichia coli 042	iECNA114_1301	Escherichia coli NA114	32	32	32	32	0	0	1.0	100.0	1
map00680	rn00680	Methane metabolism / C1 metabolism	iEC042_1314	Escherichia coli 042	iECO103_1326	Escherichia coli O103:H2 str. 12009	32	32	32	32	0	0	1.0	100.0	1
map00680	rn00680	Methane metabolism / C1 metabolism	iEC042_1314	Escherichia coli 042	iECO111_1330	Escherichia coli O111:H- str. 11128	32	32	32	32	0	0	1.0	100.0	1
map00680	rn00680	Methane metabolism / C1 metabolism	iEC042_1314	Escherichia coli 042	iECO26_1355	Escherichia coli O26:H11 str. 11368	32	32	32	32	0	0	1.0	100.0	1
map00680	rn00680	Methane metabolism / C1 metabolism	iEC042_1314	Escherichia coli 042	iECOK1_1307	Escherichia coli IHE3034	32	32	32	32	0	0	1.0	100.0	1
map00680	rn00680	Methane metabolism / C1 metabolism	iEC042_1314	Escherichia coli 042	iECP_1309	Escherichia coli 536	32	32	32	32	0	0	1.0	100.0	1
map00680	rn00680	Methane metabolism / C1 metabolism	iEC042_1314	Escherichia coli 042	iECS88_1305	Escherichia coli S88	32	32	32	32	0	0	1.0	100.0	1
map00680	rn00680	Methane metabolism / C1 metabolism	iEC042_1314	Escherichia coli 042	iECSE_1348	Escherichia coli SE11	32	32	32	32	0	0	1.0	100.0	1
map00680	rn00680	Methane metabolism / C1 metabolism	iEC042_1314	Escherichia coli 042	iECSF_1327	Escherichia coli SE15	32	32	32	32	0	0	1.0	100.0	1
map00680	rn00680	Methane metabolism / C1 metabolism	iEC042_1314	Escherichia coli 042	iECSP_1301	Escherichia coli O157:H7 str. TW14359	32	32	32	32	0	0	1.0	100.0	1
map00680	rn00680	Methane metabolism / C1 metabolism	iEC042_1314	Escherichia coli 042	iECUMN_1333	Escherichia coli UMN026	32	32	32	32	0	0	1.0	100.0	1
map00680	rn00680	Methane metabolism / C1 metabolism	iEC042_1314	Escherichia coli 042	iECW_1372	Escherichia coli W	32	32	32	32	0	0	1.0	100.0	1
map00680	rn00680	Methane metabolism / C1 metabolism	iEC042_1314	Escherichia coli 042	iECs_1301	Escherichia coli O157:H7 str. Sakai	32	32	32	32	0	0	1.0	100.0	1
map00680	rn00680	Methane metabolism / C1 metabolism	iEC042_1314	Escherichia coli 042	iEKO11_1354	Escherichia coli KO11FL	32	32	32	32	0	0	1.0	100.0	1
map00680	rn00680	Methane metabolism / C1 metabolism	iEC042_1314	Escherichia coli 042	iETEC_1333	Escherichia coli ETEC H10407	32	32	32	32	0	0	1.0	100.0	1
map00680	rn00680	Methane metabolism / C1 metabolism	iEC042_1314	Escherichia coli 042	iEcDH1_1363	Escherichia coli DH1	32	32	32	32	0	0	1.0	100.0	1
map00680	rn00680	Methane metabolism / C1 metabolism	iEC042_1314	Escherichia coli 042	iEcE24377_1341	Escherichia coli O139:H28 str. E24377A	32	32	32	32	0	0	1.0	100.0	1
map00680	rn00680	Methane metabolism / C1 metabolism	iEC042_1314	Escherichia coli 042	iEcHS_1320	Escherichia coli HS	32	32	32	32	0	0	1.0	100.0	1
map00680	rn00680	Methane metabolism / C1 metabolism	iEC042_1314	Escherichia coli 042	iEcSMS35_1347	Escherichia coli SMS-3-5	32	32	32	32	0	0	1.0	100.0	1
map00680	rn00680	Methane metabolism / C1 metabolism	iEC042_1314	Escherichia coli 042	iEcolC_1368	Escherichia coli ATCC 8739	32	32	32	32	0	0	1.0	100.0	1
map00680	rn00680	Methane metabolism / C1 metabolism	iEC042_1314	Escherichia coli 042	iG2583_1286	Escherichia coli O55:H7 str. CB9615	32	31	31	32	1	0	0.9688	96.88	0
map00680	rn00680	Methane metabolism / C1 metabolism	iEC042_1314	Escherichia coli 042	iJO1366	Escherichia coli str. K-12 substr. MG1655	32	31	31	32	1	0	0.9688	96.88	0
map00680	rn00680	Methane metabolism / C1 metabolism	iEC042_1314	Escherichia coli 042	iJR904	Escherichia coli str. K-12 substr. MG1655	32	28	28	32	4	0	0.875	87.5	0
map00680	rn00680	Methane metabolism / C1 metabolism	iEC042_1314	Escherichia coli 042	iLF82_1304	Escherichia coli LF82	32	32	32	32	0	0	1.0	100.0	1
map00680	rn00680	Methane metabolism / C1 metabolism	iEC042_1314	Escherichia coli 042	iML1515	Escherichia coli str. K-12 substr. MG1655	32	31	31	32	1	0	0.9688	96.88	0
map00680	rn00680	Methane metabolism / C1 metabolism	iEC042_1314	Escherichia coli 042	iNRG857_1313	Escherichia coli O83:H1 str. NRG 857C	32	32	32	32	0	0	1.0	100.0	1
map00680	rn00680	Methane metabolism / C1 metabolism	iEC042_1314	Escherichia coli 042	iUMN146_1321	Escherichia coli UM146	32	32	32	32	0	0	1.0	100.0	1
map00680	rn00680	Methane metabolism / C1 metabolism	iEC042_1314	Escherichia coli 042	iUMNK88_1353	Escherichia coli UMNK88	32	32	32	32	0	0	1.0	100.0	1
map00680	rn00680	Methane metabolism / C1 metabolism	iEC042_1314	Escherichia coli 042	iUTI89_1310	Escherichia coli UTI89	32	32	32	32	0	0	1.0	100.0	1
map00680	rn00680	Methane metabolism / C1 metabolism	iEC042_1314	Escherichia coli 042	iWFL_1372	Escherichia coli W	32	32	32	32	0	0	1.0	100.0	1
map00680	rn00680	Methane metabolism / C1 metabolism	iEC042_1314	Escherichia coli 042	iY75_1357	Escherichia coli str. K-12 substr. W3110	32	32	32	32	0	0	1.0	100.0	1
map00680	rn00680	Methane metabolism / C1 metabolism	iEC042_1314	Escherichia coli 042	iZ_1308	Escherichia coli O157:H7 str. EDL933	32	32	32	32	0	0	1.0	100.0	1
map00680	rn00680	Methane metabolism / C1 metabolism	iEC042_1314	Escherichia coli 042	ic_1306	Escherichia coli CFT073	32	32	32	32	0	0	1.0	100.0	1
map00680	rn00680	Methane metabolism / C1 metabolism	iEC1344_C	Escherichia coli C	iEC1349_Crooks	Escherichia coli ATCC 8739	31	32	31	32	0	1	0.9688	96.88	0
map00680	rn00680	Methane metabolism / C1 metabolism	iEC1344_C	Escherichia coli C	iEC1356_Bl21DE3	Escherichia coli BL21(DE3)	31	31	31	31	0	0	1.0	100.0	1
map00680	rn00680	Methane metabolism / C1 metabolism	iEC1344_C	Escherichia coli C	iEC1364_W	Escherichia coli W	31	31	31	31	0	0	1.0	100.0	1
map00680	rn00680	Methane metabolism / C1 metabolism	iEC1344_C	Escherichia coli C	iEC1368_DH5a	Escherichia coli DH5[alpha]	31	31	31	31	0	0	1.0	100.0	1
map00680	rn00680	Methane metabolism / C1 metabolism	iEC1344_C	Escherichia coli C	iEC1372_W3110	Escherichia coli str. K-12 substr. W3110	31	31	31	31	0	0	1.0	100.0	1
map00680	rn00680	Methane metabolism / C1 metabolism	iEC1344_C	Escherichia coli C	iEC55989_1330	Escherichia coli 55989	31	32	31	32	0	1	0.9688	96.88	0
map00680	rn00680	Methane metabolism / C1 metabolism	iEC1344_C	Escherichia coli C	iECABU_c1320	Escherichia coli ABU 83972	31	32	31	32	0	1	0.9688	96.88	0
map00680	rn00680	Methane metabolism / C1 metabolism	iEC1344_C	Escherichia coli C	iECBD_1354	Escherichia coli 'BL21-Gold(DE3)pLysS AG'	31	32	31	32	0	1	0.9688	96.88	0
map00680	rn00680	Methane metabolism / C1 metabolism	iEC1344_C	Escherichia coli C	iECB_1328	Escherichia coli B str. REL606	31	32	31	32	0	1	0.9688	96.88	0
map00680	rn00680	Methane metabolism / C1 metabolism	iEC1344_C	Escherichia coli C	iECDH10B_1368	Escherichia coli str. K-12 substr. DH10B	31	32	31	32	0	1	0.9688	96.88	0
map00680	rn00680	Methane metabolism / C1 metabolism	iEC1344_C	Escherichia coli C	iECDH1ME8569_1439	Escherichia coli DH1	31	32	31	32	0	1	0.9688	96.88	0
map00680	rn00680	Methane metabolism / C1 metabolism	iEC1344_C	Escherichia coli C	iECD_1391	Escherichia coli BL21(DE3)	31	32	31	32	0	1	0.9688	96.88	0
map00680	rn00680	Methane metabolism / C1 metabolism	iEC1344_C	Escherichia coli C	iECED1_1282	Escherichia coli ED1a	31	32	31	32	0	1	0.9688	96.88	0
map00680	rn00680	Methane metabolism / C1 metabolism	iEC1344_C	Escherichia coli C	iECH74115_1262	Escherichia coli O157:H7 str. EC4115	31	31	30	32	1	1	0.9375	93.75	0
map00680	rn00680	Methane metabolism / C1 metabolism	iEC1344_C	Escherichia coli C	iECIAI1_1343	Escherichia coli IAI1	31	32	31	32	0	1	0.9688	96.88	0
map00680	rn00680	Methane metabolism / C1 metabolism	iEC1344_C	Escherichia coli C	iECIAI39_1322	Escherichia coli IAI39	31	32	31	32	0	1	0.9688	96.88	0
map00680	rn00680	Methane metabolism / C1 metabolism	iEC1344_C	Escherichia coli C	iECNA114_1301	Escherichia coli NA114	31	32	31	32	0	1	0.9688	96.88	0
map00680	rn00680	Methane metabolism / C1 metabolism	iEC1344_C	Escherichia coli C	iECO103_1326	Escherichia coli O103:H2 str. 12009	31	32	31	32	0	1	0.9688	96.88	0
map00680	rn00680	Methane metabolism / C1 metabolism	iEC1344_C	Escherichia coli C	iECO111_1330	Escherichia coli O111:H- str. 11128	31	32	31	32	0	1	0.9688	96.88	0
map00680	rn00680	Methane metabolism / C1 metabolism	iEC1344_C	Escherichia coli C	iECO26_1355	Escherichia coli O26:H11 str. 11368	31	32	31	32	0	1	0.9688	96.88	0
map00680	rn00680	Methane metabolism / C1 metabolism	iEC1344_C	Escherichia coli C	iECOK1_1307	Escherichia coli IHE3034	31	32	31	32	0	1	0.9688	96.88	0
map00680	rn00680	Methane metabolism / C1 metabolism	iEC1344_C	Escherichia coli C	iECP_1309	Escherichia coli 536	31	32	31	32	0	1	0.9688	96.88	0
map00680	rn00680	Methane metabolism / C1 metabolism	iEC1344_C	Escherichia coli C	iECS88_1305	Escherichia coli S88	31	32	31	32	0	1	0.9688	96.88	0
map00680	rn00680	Methane metabolism / C1 metabolism	iEC1344_C	Escherichia coli C	iECSE_1348	Escherichia coli SE11	31	32	31	32	0	1	0.9688	96.88	0
map00680	rn00680	Methane metabolism / C1 metabolism	iEC1344_C	Escherichia coli C	iECSF_1327	Escherichia coli SE15	31	32	31	32	0	1	0.9688	96.88	0
map00680	rn00680	Methane metabolism / C1 metabolism	iEC1344_C	Escherichia coli C	iECSP_1301	Escherichia coli O157:H7 str. TW14359	31	32	31	32	0	1	0.9688	96.88	0
map00680	rn00680	Methane metabolism / C1 metabolism	iEC1344_C	Escherichia coli C	iECUMN_1333	Escherichia coli UMN026	31	32	31	32	0	1	0.9688	96.88	0
map00680	rn00680	Methane metabolism / C1 metabolism	iEC1344_C	Escherichia coli C	iECW_1372	Escherichia coli W	31	32	31	32	0	1	0.9688	96.88	0
map00680	rn00680	Methane metabolism / C1 metabolism	iEC1344_C	Escherichia coli C	iECs_1301	Escherichia coli O157:H7 str. Sakai	31	32	31	32	0	1	0.9688	96.88	0
map00680	rn00680	Methane metabolism / C1 metabolism	iEC1344_C	Escherichia coli C	iEKO11_1354	Escherichia coli KO11FL	31	32	31	32	0	1	0.9688	96.88	0
map00680	rn00680	Methane metabolism / C1 metabolism	iEC1344_C	Escherichia coli C	iETEC_1333	Escherichia coli ETEC H10407	31	32	31	32	0	1	0.9688	96.88	0
map00680	rn00680	Methane metabolism / C1 metabolism	iEC1344_C	Escherichia coli C	iEcDH1_1363	Escherichia coli DH1	31	32	31	32	0	1	0.9688	96.88	0
map00680	rn00680	Methane metabolism / C1 metabolism	iEC1344_C	Escherichia coli C	iEcE24377_1341	Escherichia coli O139:H28 str. E24377A	31	32	31	32	0	1	0.9688	96.88	0
map00680	rn00680	Methane metabolism / C1 metabolism	iEC1344_C	Escherichia coli C	iEcHS_1320	Escherichia coli HS	31	32	31	32	0	1	0.9688	96.88	0
map00680	rn00680	Methane metabolism / C1 metabolism	iEC1344_C	Escherichia coli C	iEcSMS35_1347	Escherichia coli SMS-3-5	31	32	31	32	0	1	0.9688	96.88	0
map00680	rn00680	Methane metabolism / C1 metabolism	iEC1344_C	Escherichia coli C	iEcolC_1368	Escherichia coli ATCC 8739	31	32	31	32	0	1	0.9688	96.88	0
map00680	rn00680	Methane metabolism / C1 metabolism	iEC1344_C	Escherichia coli C	iG2583_1286	Escherichia coli O55:H7 str. CB9615	31	31	30	32	1	1	0.9375	93.75	0
map00680	rn00680	Methane metabolism / C1 metabolism	iEC1344_C	Escherichia coli C	iJO1366	Escherichia coli str. K-12 substr. MG1655	31	31	31	31	0	0	1.0	100.0	1
map00680	rn00680	Methane metabolism / C1 metabolism	iEC1344_C	Escherichia coli C	iJR904	Escherichia coli str. K-12 substr. MG1655	31	28	28	31	3	0	0.9032	90.32	0
map00680	rn00680	Methane metabolism / C1 metabolism	iEC1344_C	Escherichia coli C	iLF82_1304	Escherichia coli LF82	31	32	31	32	0	1	0.9688	96.88	0
map00680	rn00680	Methane metabolism / C1 metabolism	iEC1344_C	Escherichia coli C	iML1515	Escherichia coli str. K-12 substr. MG1655	31	31	31	31	0	0	1.0	100.0	1
map00680	rn00680	Methane metabolism / C1 metabolism	iEC1344_C	Escherichia coli C	iNRG857_1313	Escherichia coli O83:H1 str. NRG 857C	31	32	31	32	0	1	0.9688	96.88	0
map00680	rn00680	Methane metabolism / C1 metabolism	iEC1344_C	Escherichia coli C	iUMN146_1321	Escherichia coli UM146	31	32	31	32	0	1	0.9688	96.88	0
map00680	rn00680	Methane metabolism / C1 metabolism	iEC1344_C	Escherichia coli C	iUMNK88_1353	Escherichia coli UMNK88	31	32	31	32	0	1	0.9688	96.88	0
map00680	rn00680	Methane metabolism / C1 metabolism	iEC1344_C	Escherichia coli C	iUTI89_1310	Escherichia coli UTI89	31	32	31	32	0	1	0.9688	96.88	0
map00680	rn00680	Methane metabolism / C1 metabolism	iEC1344_C	Escherichia coli C	iWFL_1372	Escherichia coli W	31	32	31	32	0	1	0.9688	96.88	0
map00680	rn00680	Methane metabolism / C1 metabolism	iEC1344_C	Escherichia coli C	iY75_1357	Escherichia coli str. K-12 substr. W3110	31	32	31	32	0	1	0.9688	96.88	0
map00680	rn00680	Methane metabolism / C1 metabolism	iEC1344_C	Escherichia coli C	iZ_1308	Escherichia coli O157:H7 str. EDL933	31	32	31	32	0	1	0.9688	96.88	0
map00680	rn00680	Methane metabolism / C1 metabolism	iEC1344_C	Escherichia coli C	ic_1306	Escherichia coli CFT073	31	32	31	32	0	1	0.9688	96.88	0
map00680	rn00680	Methane metabolism / C1 metabolism	iEC1349_Crooks	Escherichia coli ATCC 8739	iEC1356_Bl21DE3	Escherichia coli BL21(DE3)	32	31	31	32	1	0	0.9688	96.88	0
map00680	rn00680	Methane metabolism / C1 metabolism	iEC1349_Crooks	Escherichia coli ATCC 8739	iEC1364_W	Escherichia coli W	32	31	31	32	1	0	0.9688	96.88	0
map00680	rn00680	Methane metabolism / C1 metabolism	iEC1349_Crooks	Escherichia coli ATCC 8739	iEC1368_DH5a	Escherichia coli DH5[alpha]	32	31	31	32	1	0	0.9688	96.88	0
map00680	rn00680	Methane metabolism / C1 metabolism	iEC1349_Crooks	Escherichia coli ATCC 8739	iEC1372_W3110	Escherichia coli str. K-12 substr. W3110	32	31	31	32	1	0	0.9688	96.88	0
map00680	rn00680	Methane metabolism / C1 metabolism	iEC1349_Crooks	Escherichia coli ATCC 8739	iEC55989_1330	Escherichia coli 55989	32	32	31	33	1	1	0.9394	93.94	0
map00680	rn00680	Methane metabolism / C1 metabolism	iEC1349_Crooks	Escherichia coli ATCC 8739	iECABU_c1320	Escherichia coli ABU 83972	32	32	31	33	1	1	0.9394	93.94	0
map00680	rn00680	Methane metabolism / C1 metabolism	iEC1349_Crooks	Escherichia coli ATCC 8739	iECBD_1354	Escherichia coli 'BL21-Gold(DE3)pLysS AG'	32	32	31	33	1	1	0.9394	93.94	0
map00680	rn00680	Methane metabolism / C1 metabolism	iEC1349_Crooks	Escherichia coli ATCC 8739	iECB_1328	Escherichia coli B str. REL606	32	32	31	33	1	1	0.9394	93.94	0
map00680	rn00680	Methane metabolism / C1 metabolism	iEC1349_Crooks	Escherichia coli ATCC 8739	iECDH10B_1368	Escherichia coli str. K-12 substr. DH10B	32	32	31	33	1	1	0.9394	93.94	0
map00680	rn00680	Methane metabolism / C1 metabolism	iEC1349_Crooks	Escherichia coli ATCC 8739	iECDH1ME8569_1439	Escherichia coli DH1	32	32	31	33	1	1	0.9394	93.94	0
map00680	rn00680	Methane metabolism / C1 metabolism	iEC1349_Crooks	Escherichia coli ATCC 8739	iECD_1391	Escherichia coli BL21(DE3)	32	32	31	33	1	1	0.9394	93.94	0
map00680	rn00680	Methane metabolism / C1 metabolism	iEC1349_Crooks	Escherichia coli ATCC 8739	iECED1_1282	Escherichia coli ED1a	32	32	31	33	1	1	0.9394	93.94	0
map00680	rn00680	Methane metabolism / C1 metabolism	iEC1349_Crooks	Escherichia coli ATCC 8739	iECH74115_1262	Escherichia coli O157:H7 str. EC4115	32	31	30	33	2	1	0.9091	90.91	0
map00680	rn00680	Methane metabolism / C1 metabolism	iEC1349_Crooks	Escherichia coli ATCC 8739	iECIAI1_1343	Escherichia coli IAI1	32	32	31	33	1	1	0.9394	93.94	0
map00680	rn00680	Methane metabolism / C1 metabolism	iEC1349_Crooks	Escherichia coli ATCC 8739	iECIAI39_1322	Escherichia coli IAI39	32	32	31	33	1	1	0.9394	93.94	0
map00680	rn00680	Methane metabolism / C1 metabolism	iEC1349_Crooks	Escherichia coli ATCC 8739	iECNA114_1301	Escherichia coli NA114	32	32	31	33	1	1	0.9394	93.94	0
map00680	rn00680	Methane metabolism / C1 metabolism	iEC1349_Crooks	Escherichia coli ATCC 8739	iECO103_1326	Escherichia coli O103:H2 str. 12009	32	32	31	33	1	1	0.9394	93.94	0
map00680	rn00680	Methane metabolism / C1 metabolism	iEC1349_Crooks	Escherichia coli ATCC 8739	iECO111_1330	Escherichia coli O111:H- str. 11128	32	32	31	33	1	1	0.9394	93.94	0
map00680	rn00680	Methane metabolism / C1 metabolism	iEC1349_Crooks	Escherichia coli ATCC 8739	iECO26_1355	Escherichia coli O26:H11 str. 11368	32	32	31	33	1	1	0.9394	93.94	0
map00680	rn00680	Methane metabolism / C1 metabolism	iEC1349_Crooks	Escherichia coli ATCC 8739	iECOK1_1307	Escherichia coli IHE3034	32	32	31	33	1	1	0.9394	93.94	0
map00680	rn00680	Methane metabolism / C1 metabolism	iEC1349_Crooks	Escherichia coli ATCC 8739	iECP_1309	Escherichia coli 536	32	32	31	33	1	1	0.9394	93.94	0
map00680	rn00680	Methane metabolism / C1 metabolism	iEC1349_Crooks	Escherichia coli ATCC 8739	iECS88_1305	Escherichia coli S88	32	32	31	33	1	1	0.9394	93.94	0
map00680	rn00680	Methane metabolism / C1 metabolism	iEC1349_Crooks	Escherichia coli ATCC 8739	iECSE_1348	Escherichia coli SE11	32	32	31	33	1	1	0.9394	93.94	0
map00680	rn00680	Methane metabolism / C1 metabolism	iEC1349_Crooks	Escherichia coli ATCC 8739	iECSF_1327	Escherichia coli SE15	32	32	31	33	1	1	0.9394	93.94	0
map00680	rn00680	Methane metabolism / C1 metabolism	iEC1349_Crooks	Escherichia coli ATCC 8739	iECSP_1301	Escherichia coli O157:H7 str. TW14359	32	32	31	33	1	1	0.9394	93.94	0
map00680	rn00680	Methane metabolism / C1 metabolism	iEC1349_Crooks	Escherichia coli ATCC 8739	iECUMN_1333	Escherichia coli UMN026	32	32	31	33	1	1	0.9394	93.94	0
map00680	rn00680	Methane metabolism / C1 metabolism	iEC1349_Crooks	Escherichia coli ATCC 8739	iECW_1372	Escherichia coli W	32	32	31	33	1	1	0.9394	93.94	0
map00680	rn00680	Methane metabolism / C1 metabolism	iEC1349_Crooks	Escherichia coli ATCC 8739	iECs_1301	Escherichia coli O157:H7 str. Sakai	32	32	31	33	1	1	0.9394	93.94	0
map00680	rn00680	Methane metabolism / C1 metabolism	iEC1349_Crooks	Escherichia coli ATCC 8739	iEKO11_1354	Escherichia coli KO11FL	32	32	31	33	1	1	0.9394	93.94	0
map00680	rn00680	Methane metabolism / C1 metabolism	iEC1349_Crooks	Escherichia coli ATCC 8739	iETEC_1333	Escherichia coli ETEC H10407	32	32	31	33	1	1	0.9394	93.94	0
map00680	rn00680	Methane metabolism / C1 metabolism	iEC1349_Crooks	Escherichia coli ATCC 8739	iEcDH1_1363	Escherichia coli DH1	32	32	31	33	1	1	0.9394	93.94	0
map00680	rn00680	Methane metabolism / C1 metabolism	iEC1349_Crooks	Escherichia coli ATCC 8739	iEcE24377_1341	Escherichia coli O139:H28 str. E24377A	32	32	31	33	1	1	0.9394	93.94	0
map00680	rn00680	Methane metabolism / C1 metabolism	iEC1349_Crooks	Escherichia coli ATCC 8739	iEcHS_1320	Escherichia coli HS	32	32	31	33	1	1	0.9394	93.94	0
map00680	rn00680	Methane metabolism / C1 metabolism	iEC1349_Crooks	Escherichia coli ATCC 8739	iEcSMS35_1347	Escherichia coli SMS-3-5	32	32	31	33	1	1	0.9394	93.94	0
map00680	rn00680	Methane metabolism / C1 metabolism	iEC1349_Crooks	Escherichia coli ATCC 8739	iEcolC_1368	Escherichia coli ATCC 8739	32	32	31	33	1	1	0.9394	93.94	0
map00680	rn00680	Methane metabolism / C1 metabolism	iEC1349_Crooks	Escherichia coli ATCC 8739	iG2583_1286	Escherichia coli O55:H7 str. CB9615	32	31	30	33	2	1	0.9091	90.91	0
map00680	rn00680	Methane metabolism / C1 metabolism	iEC1349_Crooks	Escherichia coli ATCC 8739	iJO1366	Escherichia coli str. K-12 substr. MG1655	32	31	31	32	1	0	0.9688	96.88	0
map00680	rn00680	Methane metabolism / C1 metabolism	iEC1349_Crooks	Escherichia coli ATCC 8739	iJR904	Escherichia coli str. K-12 substr. MG1655	32	28	28	32	4	0	0.875	87.5	0
map00680	rn00680	Methane metabolism / C1 metabolism	iEC1349_Crooks	Escherichia coli ATCC 8739	iLF82_1304	Escherichia coli LF82	32	32	31	33	1	1	0.9394	93.94	0
map00680	rn00680	Methane metabolism / C1 metabolism	iEC1349_Crooks	Escherichia coli ATCC 8739	iML1515	Escherichia coli str. K-12 substr. MG1655	32	31	31	32	1	0	0.9688	96.88	0
map00680	rn00680	Methane metabolism / C1 metabolism	iEC1349_Crooks	Escherichia coli ATCC 8739	iNRG857_1313	Escherichia coli O83:H1 str. NRG 857C	32	32	31	33	1	1	0.9394	93.94	0
map00680	rn00680	Methane metabolism / C1 metabolism	iEC1349_Crooks	Escherichia coli ATCC 8739	iUMN146_1321	Escherichia coli UM146	32	32	31	33	1	1	0.9394	93.94	0
map00680	rn00680	Methane metabolism / C1 metabolism	iEC1349_Crooks	Escherichia coli ATCC 8739	iUMNK88_1353	Escherichia coli UMNK88	32	32	31	33	1	1	0.9394	93.94	0
map00680	rn00680	Methane metabolism / C1 metabolism	iEC1349_Crooks	Escherichia coli ATCC 8739	iUTI89_1310	Escherichia coli UTI89	32	32	31	33	1	1	0.9394	93.94	0
map00680	rn00680	Methane metabolism / C1 metabolism	iEC1349_Crooks	Escherichia coli ATCC 8739	iWFL_1372	Escherichia coli W	32	32	31	33	1	1	0.9394	93.94	0
map00680	rn00680	Methane metabolism / C1 metabolism	iEC1349_Crooks	Escherichia coli ATCC 8739	iY75_1357	Escherichia coli str. K-12 substr. W3110	32	32	31	33	1	1	0.9394	93.94	0
map00680	rn00680	Methane metabolism / C1 metabolism	iEC1349_Crooks	Escherichia coli ATCC 8739	iZ_1308	Escherichia coli O157:H7 str. EDL933	32	32	31	33	1	1	0.9394	93.94	0
map00680	rn00680	Methane metabolism / C1 metabolism	iEC1349_Crooks	Escherichia coli ATCC 8739	ic_1306	Escherichia coli CFT073	32	32	31	33	1	1	0.9394	93.94	0
map00680	rn00680	Methane metabolism / C1 metabolism	iEC1356_Bl21DE3	Escherichia coli BL21(DE3)	iEC1364_W	Escherichia coli W	31	31	31	31	0	0	1.0	100.0	1
map00680	rn00680	Methane metabolism / C1 metabolism	iEC1356_Bl21DE3	Escherichia coli BL21(DE3)	iEC1368_DH5a	Escherichia coli DH5[alpha]	31	31	31	31	0	0	1.0	100.0	1
map00680	rn00680	Methane metabolism / C1 metabolism	iEC1356_Bl21DE3	Escherichia coli BL21(DE3)	iEC1372_W3110	Escherichia coli str. K-12 substr. W3110	31	31	31	31	0	0	1.0	100.0	1
map00680	rn00680	Methane metabolism / C1 metabolism	iEC1356_Bl21DE3	Escherichia coli BL21(DE3)	iEC55989_1330	Escherichia coli 55989	31	32	31	32	0	1	0.9688	96.88	0
map00680	rn00680	Methane metabolism / C1 metabolism	iEC1356_Bl21DE3	Escherichia coli BL21(DE3)	iECABU_c1320	Escherichia coli ABU 83972	31	32	31	32	0	1	0.9688	96.88	0
map00680	rn00680	Methane metabolism / C1 metabolism	iEC1356_Bl21DE3	Escherichia coli BL21(DE3)	iECBD_1354	Escherichia coli 'BL21-Gold(DE3)pLysS AG'	31	32	31	32	0	1	0.9688	96.88	0
map00680	rn00680	Methane metabolism / C1 metabolism	iEC1356_Bl21DE3	Escherichia coli BL21(DE3)	iECB_1328	Escherichia coli B str. REL606	31	32	31	32	0	1	0.9688	96.88	0
map00680	rn00680	Methane metabolism / C1 metabolism	iEC1356_Bl21DE3	Escherichia coli BL21(DE3)	iECDH10B_1368	Escherichia coli str. K-12 substr. DH10B	31	32	31	32	0	1	0.9688	96.88	0
map00680	rn00680	Methane metabolism / C1 metabolism	iEC1356_Bl21DE3	Escherichia coli BL21(DE3)	iECDH1ME8569_1439	Escherichia coli DH1	31	32	31	32	0	1	0.9688	96.88	0
map00680	rn00680	Methane metabolism / C1 metabolism	iEC1356_Bl21DE3	Escherichia coli BL21(DE3)	iECD_1391	Escherichia coli BL21(DE3)	31	32	31	32	0	1	0.9688	96.88	0
map00680	rn00680	Methane metabolism / C1 metabolism	iEC1356_Bl21DE3	Escherichia coli BL21(DE3)	iECED1_1282	Escherichia coli ED1a	31	32	31	32	0	1	0.9688	96.88	0
map00680	rn00680	Methane metabolism / C1 metabolism	iEC1356_Bl21DE3	Escherichia coli BL21(DE3)	iECH74115_1262	Escherichia coli O157:H7 str. EC4115	31	31	30	32	1	1	0.9375	93.75	0
map00680	rn00680	Methane metabolism / C1 metabolism	iEC1356_Bl21DE3	Escherichia coli BL21(DE3)	iECIAI1_1343	Escherichia coli IAI1	31	32	31	32	0	1	0.9688	96.88	0
map00680	rn00680	Methane metabolism / C1 metabolism	iEC1356_Bl21DE3	Escherichia coli BL21(DE3)	iECIAI39_1322	Escherichia coli IAI39	31	32	31	32	0	1	0.9688	96.88	0
map00680	rn00680	Methane metabolism / C1 metabolism	iEC1356_Bl21DE3	Escherichia coli BL21(DE3)	iECNA114_1301	Escherichia coli NA114	31	32	31	32	0	1	0.9688	96.88	0
map00680	rn00680	Methane metabolism / C1 metabolism	iEC1356_Bl21DE3	Escherichia coli BL21(DE3)	iECO103_1326	Escherichia coli O103:H2 str. 12009	31	32	31	32	0	1	0.9688	96.88	0
map00680	rn00680	Methane metabolism / C1 metabolism	iEC1356_Bl21DE3	Escherichia coli BL21(DE3)	iECO111_1330	Escherichia coli O111:H- str. 11128	31	32	31	32	0	1	0.9688	96.88	0
map00680	rn00680	Methane metabolism / C1 metabolism	iEC1356_Bl21DE3	Escherichia coli BL21(DE3)	iECO26_1355	Escherichia coli O26:H11 str. 11368	31	32	31	32	0	1	0.9688	96.88	0
map00680	rn00680	Methane metabolism / C1 metabolism	iEC1356_Bl21DE3	Escherichia coli BL21(DE3)	iECOK1_1307	Escherichia coli IHE3034	31	32	31	32	0	1	0.9688	96.88	0
map00680	rn00680	Methane metabolism / C1 metabolism	iEC1356_Bl21DE3	Escherichia coli BL21(DE3)	iECP_1309	Escherichia coli 536	31	32	31	32	0	1	0.9688	96.88	0
map00680	rn00680	Methane metabolism / C1 metabolism	iEC1356_Bl21DE3	Escherichia coli BL21(DE3)	iECS88_1305	Escherichia coli S88	31	32	31	32	0	1	0.9688	96.88	0
map00680	rn00680	Methane metabolism / C1 metabolism	iEC1356_Bl21DE3	Escherichia coli BL21(DE3)	iECSE_1348	Escherichia coli SE11	31	32	31	32	0	1	0.9688	96.88	0
map00680	rn00680	Methane metabolism / C1 metabolism	iEC1356_Bl21DE3	Escherichia coli BL21(DE3)	iECSF_1327	Escherichia coli SE15	31	32	31	32	0	1	0.9688	96.88	0
map00680	rn00680	Methane metabolism / C1 metabolism	iEC1356_Bl21DE3	Escherichia coli BL21(DE3)	iECSP_1301	Escherichia coli O157:H7 str. TW14359	31	32	31	32	0	1	0.9688	96.88	0
map00680	rn00680	Methane metabolism / C1 metabolism	iEC1356_Bl21DE3	Escherichia coli BL21(DE3)	iECUMN_1333	Escherichia coli UMN026	31	32	31	32	0	1	0.9688	96.88	0
map00680	rn00680	Methane metabolism / C1 metabolism	iEC1356_Bl21DE3	Escherichia coli BL21(DE3)	iECW_1372	Escherichia coli W	31	32	31	32	0	1	0.9688	96.88	0
map00680	rn00680	Methane metabolism / C1 metabolism	iEC1356_Bl21DE3	Escherichia coli BL21(DE3)	iECs_1301	Escherichia coli O157:H7 str. Sakai	31	32	31	32	0	1	0.9688	96.88	0
map00680	rn00680	Methane metabolism / C1 metabolism	iEC1356_Bl21DE3	Escherichia coli BL21(DE3)	iEKO11_1354	Escherichia coli KO11FL	31	32	31	32	0	1	0.9688	96.88	0
map00680	rn00680	Methane metabolism / C1 metabolism	iEC1356_Bl21DE3	Escherichia coli BL21(DE3)	iETEC_1333	Escherichia coli ETEC H10407	31	32	31	32	0	1	0.9688	96.88	0
map00680	rn00680	Methane metabolism / C1 metabolism	iEC1356_Bl21DE3	Escherichia coli BL21(DE3)	iEcDH1_1363	Escherichia coli DH1	31	32	31	32	0	1	0.9688	96.88	0
map00680	rn00680	Methane metabolism / C1 metabolism	iEC1356_Bl21DE3	Escherichia coli BL21(DE3)	iEcE24377_1341	Escherichia coli O139:H28 str. E24377A	31	32	31	32	0	1	0.9688	96.88	0
map00680	rn00680	Methane metabolism / C1 metabolism	iEC1356_Bl21DE3	Escherichia coli BL21(DE3)	iEcHS_1320	Escherichia coli HS	31	32	31	32	0	1	0.9688	96.88	0
map00680	rn00680	Methane metabolism / C1 metabolism	iEC1356_Bl21DE3	Escherichia coli BL21(DE3)	iEcSMS35_1347	Escherichia coli SMS-3-5	31	32	31	32	0	1	0.9688	96.88	0
map00680	rn00680	Methane metabolism / C1 metabolism	iEC1356_Bl21DE3	Escherichia coli BL21(DE3)	iEcolC_1368	Escherichia coli ATCC 8739	31	32	31	32	0	1	0.9688	96.88	0
map00680	rn00680	Methane metabolism / C1 metabolism	iEC1356_Bl21DE3	Escherichia coli BL21(DE3)	iG2583_1286	Escherichia coli O55:H7 str. CB9615	31	31	30	32	1	1	0.9375	93.75	0
map00680	rn00680	Methane metabolism / C1 metabolism	iEC1356_Bl21DE3	Escherichia coli BL21(DE3)	iJO1366	Escherichia coli str. K-12 substr. MG1655	31	31	31	31	0	0	1.0	100.0	1
map00680	rn00680	Methane metabolism / C1 metabolism	iEC1356_Bl21DE3	Escherichia coli BL21(DE3)	iJR904	Escherichia coli str. K-12 substr. MG1655	31	28	28	31	3	0	0.9032	90.32	0
map00680	rn00680	Methane metabolism / C1 metabolism	iEC1356_Bl21DE3	Escherichia coli BL21(DE3)	iLF82_1304	Escherichia coli LF82	31	32	31	32	0	1	0.9688	96.88	0
map00680	rn00680	Methane metabolism / C1 metabolism	iEC1356_Bl21DE3	Escherichia coli BL21(DE3)	iML1515	Escherichia coli str. K-12 substr. MG1655	31	31	31	31	0	0	1.0	100.0	1
map00680	rn00680	Methane metabolism / C1 metabolism	iEC1356_Bl21DE3	Escherichia coli BL21(DE3)	iNRG857_1313	Escherichia coli O83:H1 str. NRG 857C	31	32	31	32	0	1	0.9688	96.88	0
map00680	rn00680	Methane metabolism / C1 metabolism	iEC1356_Bl21DE3	Escherichia coli BL21(DE3)	iUMN146_1321	Escherichia coli UM146	31	32	31	32	0	1	0.9688	96.88	0
map00680	rn00680	Methane metabolism / C1 metabolism	iEC1356_Bl21DE3	Escherichia coli BL21(DE3)	iUMNK88_1353	Escherichia coli UMNK88	31	32	31	32	0	1	0.9688	96.88	0
map00680	rn00680	Methane metabolism / C1 metabolism	iEC1356_Bl21DE3	Escherichia coli BL21(DE3)	iUTI89_1310	Escherichia coli UTI89	31	32	31	32	0	1	0.9688	96.88	0
map00680	rn00680	Methane metabolism / C1 metabolism	iEC1356_Bl21DE3	Escherichia coli BL21(DE3)	iWFL_1372	Escherichia coli W	31	32	31	32	0	1	0.9688	96.88	0
map00680	rn00680	Methane metabolism / C1 metabolism	iEC1356_Bl21DE3	Escherichia coli BL21(DE3)	iY75_1357	Escherichia coli str. K-12 substr. W3110	31	32	31	32	0	1	0.9688	96.88	0
map00680	rn00680	Methane metabolism / C1 metabolism	iEC1356_Bl21DE3	Escherichia coli BL21(DE3)	iZ_1308	Escherichia coli O157:H7 str. EDL933	31	32	31	32	0	1	0.9688	96.88	0
map00680	rn00680	Methane metabolism / C1 metabolism	iEC1356_Bl21DE3	Escherichia coli BL21(DE3)	ic_1306	Escherichia coli CFT073	31	32	31	32	0	1	0.9688	96.88	0
map00680	rn00680	Methane metabolism / C1 metabolism	iEC1364_W	Escherichia coli W	iEC1368_DH5a	Escherichia coli DH5[alpha]	31	31	31	31	0	0	1.0	100.0	1
map00680	rn00680	Methane metabolism / C1 metabolism	iEC1364_W	Escherichia coli W	iEC1372_W3110	Escherichia coli str. K-12 substr. W3110	31	31	31	31	0	0	1.0	100.0	1
map00680	rn00680	Methane metabolism / C1 metabolism	iEC1364_W	Escherichia coli W	iEC55989_1330	Escherichia coli 55989	31	32	31	32	0	1	0.9688	96.88	0
map00680	rn00680	Methane metabolism / C1 metabolism	iEC1364_W	Escherichia coli W	iECABU_c1320	Escherichia coli ABU 83972	31	32	31	32	0	1	0.9688	96.88	0
map00680	rn00680	Methane metabolism / C1 metabolism	iEC1364_W	Escherichia coli W	iECBD_1354	Escherichia coli 'BL21-Gold(DE3)pLysS AG'	31	32	31	32	0	1	0.9688	96.88	0
map00680	rn00680	Methane metabolism / C1 metabolism	iEC1364_W	Escherichia coli W	iECB_1328	Escherichia coli B str. REL606	31	32	31	32	0	1	0.9688	96.88	0
map00680	rn00680	Methane metabolism / C1 metabolism	iEC1364_W	Escherichia coli W	iECDH10B_1368	Escherichia coli str. K-12 substr. DH10B	31	32	31	32	0	1	0.9688	96.88	0
map00680	rn00680	Methane metabolism / C1 metabolism	iEC1364_W	Escherichia coli W	iECDH1ME8569_1439	Escherichia coli DH1	31	32	31	32	0	1	0.9688	96.88	0
map00680	rn00680	Methane metabolism / C1 metabolism	iEC1364_W	Escherichia coli W	iECD_1391	Escherichia coli BL21(DE3)	31	32	31	32	0	1	0.9688	96.88	0
map00680	rn00680	Methane metabolism / C1 metabolism	iEC1364_W	Escherichia coli W	iECED1_1282	Escherichia coli ED1a	31	32	31	32	0	1	0.9688	96.88	0
map00680	rn00680	Methane metabolism / C1 metabolism	iEC1364_W	Escherichia coli W	iECH74115_1262	Escherichia coli O157:H7 str. EC4115	31	31	30	32	1	1	0.9375	93.75	0
map00680	rn00680	Methane metabolism / C1 metabolism	iEC1364_W	Escherichia coli W	iECIAI1_1343	Escherichia coli IAI1	31	32	31	32	0	1	0.9688	96.88	0
map00680	rn00680	Methane metabolism / C1 metabolism	iEC1364_W	Escherichia coli W	iECIAI39_1322	Escherichia coli IAI39	31	32	31	32	0	1	0.9688	96.88	0
map00680	rn00680	Methane metabolism / C1 metabolism	iEC1364_W	Escherichia coli W	iECNA114_1301	Escherichia coli NA114	31	32	31	32	0	1	0.9688	96.88	0
map00680	rn00680	Methane metabolism / C1 metabolism	iEC1364_W	Escherichia coli W	iECO103_1326	Escherichia coli O103:H2 str. 12009	31	32	31	32	0	1	0.9688	96.88	0
map00680	rn00680	Methane metabolism / C1 metabolism	iEC1364_W	Escherichia coli W	iECO111_1330	Escherichia coli O111:H- str. 11128	31	32	31	32	0	1	0.9688	96.88	0
map00680	rn00680	Methane metabolism / C1 metabolism	iEC1364_W	Escherichia coli W	iECO26_1355	Escherichia coli O26:H11 str. 11368	31	32	31	32	0	1	0.9688	96.88	0
map00680	rn00680	Methane metabolism / C1 metabolism	iEC1364_W	Escherichia coli W	iECOK1_1307	Escherichia coli IHE3034	31	32	31	32	0	1	0.9688	96.88	0
map00680	rn00680	Methane metabolism / C1 metabolism	iEC1364_W	Escherichia coli W	iECP_1309	Escherichia coli 536	31	32	31	32	0	1	0.9688	96.88	0
map00680	rn00680	Methane metabolism / C1 metabolism	iEC1364_W	Escherichia coli W	iECS88_1305	Escherichia coli S88	31	32	31	32	0	1	0.9688	96.88	0
map00680	rn00680	Methane metabolism / C1 metabolism	iEC1364_W	Escherichia coli W	iECSE_1348	Escherichia coli SE11	31	32	31	32	0	1	0.9688	96.88	0
map00680	rn00680	Methane metabolism / C1 metabolism	iEC1364_W	Escherichia coli W	iECSF_1327	Escherichia coli SE15	31	32	31	32	0	1	0.9688	96.88	0
map00680	rn00680	Methane metabolism / C1 metabolism	iEC1364_W	Escherichia coli W	iECSP_1301	Escherichia coli O157:H7 str. TW14359	31	32	31	32	0	1	0.9688	96.88	0
map00680	rn00680	Methane metabolism / C1 metabolism	iEC1364_W	Escherichia coli W	iECUMN_1333	Escherichia coli UMN026	31	32	31	32	0	1	0.9688	96.88	0
map00680	rn00680	Methane metabolism / C1 metabolism	iEC1364_W	Escherichia coli W	iECW_1372	Escherichia coli W	31	32	31	32	0	1	0.9688	96.88	0
map00680	rn00680	Methane metabolism / C1 metabolism	iEC1364_W	Escherichia coli W	iECs_1301	Escherichia coli O157:H7 str. Sakai	31	32	31	32	0	1	0.9688	96.88	0
map00680	rn00680	Methane metabolism / C1 metabolism	iEC1364_W	Escherichia coli W	iEKO11_1354	Escherichia coli KO11FL	31	32	31	32	0	1	0.9688	96.88	0
map00680	rn00680	Methane metabolism / C1 metabolism	iEC1364_W	Escherichia coli W	iETEC_1333	Escherichia coli ETEC H10407	31	32	31	32	0	1	0.9688	96.88	0
map00680	rn00680	Methane metabolism / C1 metabolism	iEC1364_W	Escherichia coli W	iEcDH1_1363	Escherichia coli DH1	31	32	31	32	0	1	0.9688	96.88	0
map00680	rn00680	Methane metabolism / C1 metabolism	iEC1364_W	Escherichia coli W	iEcE24377_1341	Escherichia coli O139:H28 str. E24377A	31	32	31	32	0	1	0.9688	96.88	0
map00680	rn00680	Methane metabolism / C1 metabolism	iEC1364_W	Escherichia coli W	iEcHS_1320	Escherichia coli HS	31	32	31	32	0	1	0.9688	96.88	0
map00680	rn00680	Methane metabolism / C1 metabolism	iEC1364_W	Escherichia coli W	iEcSMS35_1347	Escherichia coli SMS-3-5	31	32	31	32	0	1	0.9688	96.88	0
map00680	rn00680	Methane metabolism / C1 metabolism	iEC1364_W	Escherichia coli W	iEcolC_1368	Escherichia coli ATCC 8739	31	32	31	32	0	1	0.9688	96.88	0
map00680	rn00680	Methane metabolism / C1 metabolism	iEC1364_W	Escherichia coli W	iG2583_1286	Escherichia coli O55:H7 str. CB9615	31	31	30	32	1	1	0.9375	93.75	0
map00680	rn00680	Methane metabolism / C1 metabolism	iEC1364_W	Escherichia coli W	iJO1366	Escherichia coli str. K-12 substr. MG1655	31	31	31	31	0	0	1.0	100.0	1
map00680	rn00680	Methane metabolism / C1 metabolism	iEC1364_W	Escherichia coli W	iJR904	Escherichia coli str. K-12 substr. MG1655	31	28	28	31	3	0	0.9032	90.32	0
map00680	rn00680	Methane metabolism / C1 metabolism	iEC1364_W	Escherichia coli W	iLF82_1304	Escherichia coli LF82	31	32	31	32	0	1	0.9688	96.88	0
map00680	rn00680	Methane metabolism / C1 metabolism	iEC1364_W	Escherichia coli W	iML1515	Escherichia coli str. K-12 substr. MG1655	31	31	31	31	0	0	1.0	100.0	1
map00680	rn00680	Methane metabolism / C1 metabolism	iEC1364_W	Escherichia coli W	iNRG857_1313	Escherichia coli O83:H1 str. NRG 857C	31	32	31	32	0	1	0.9688	96.88	0
map00680	rn00680	Methane metabolism / C1 metabolism	iEC1364_W	Escherichia coli W	iUMN146_1321	Escherichia coli UM146	31	32	31	32	0	1	0.9688	96.88	0
map00680	rn00680	Methane metabolism / C1 metabolism	iEC1364_W	Escherichia coli W	iUMNK88_1353	Escherichia coli UMNK88	31	32	31	32	0	1	0.9688	96.88	0
map00680	rn00680	Methane metabolism / C1 metabolism	iEC1364_W	Escherichia coli W	iUTI89_1310	Escherichia coli UTI89	31	32	31	32	0	1	0.9688	96.88	0
map00680	rn00680	Methane metabolism / C1 metabolism	iEC1364_W	Escherichia coli W	iWFL_1372	Escherichia coli W	31	32	31	32	0	1	0.9688	96.88	0
map00680	rn00680	Methane metabolism / C1 metabolism	iEC1364_W	Escherichia coli W	iY75_1357	Escherichia coli str. K-12 substr. W3110	31	32	31	32	0	1	0.9688	96.88	0
map00680	rn00680	Methane metabolism / C1 metabolism	iEC1364_W	Escherichia coli W	iZ_1308	Escherichia coli O157:H7 str. EDL933	31	32	31	32	0	1	0.9688	96.88	0
map00680	rn00680	Methane metabolism / C1 metabolism	iEC1364_W	Escherichia coli W	ic_1306	Escherichia coli CFT073	31	32	31	32	0	1	0.9688	96.88	0
map00680	rn00680	Methane metabolism / C1 metabolism	iEC1368_DH5a	Escherichia coli DH5[alpha]	iEC1372_W3110	Escherichia coli str. K-12 substr. W3110	31	31	31	31	0	0	1.0	100.0	1
map00680	rn00680	Methane metabolism / C1 metabolism	iEC1368_DH5a	Escherichia coli DH5[alpha]	iEC55989_1330	Escherichia coli 55989	31	32	31	32	0	1	0.9688	96.88	0
map00680	rn00680	Methane metabolism / C1 metabolism	iEC1368_DH5a	Escherichia coli DH5[alpha]	iECABU_c1320	Escherichia coli ABU 83972	31	32	31	32	0	1	0.9688	96.88	0
map00680	rn00680	Methane metabolism / C1 metabolism	iEC1368_DH5a	Escherichia coli DH5[alpha]	iECBD_1354	Escherichia coli 'BL21-Gold(DE3)pLysS AG'	31	32	31	32	0	1	0.9688	96.88	0
map00680	rn00680	Methane metabolism / C1 metabolism	iEC1368_DH5a	Escherichia coli DH5[alpha]	iECB_1328	Escherichia coli B str. REL606	31	32	31	32	0	1	0.9688	96.88	0
map00680	rn00680	Methane metabolism / C1 metabolism	iEC1368_DH5a	Escherichia coli DH5[alpha]	iECDH10B_1368	Escherichia coli str. K-12 substr. DH10B	31	32	31	32	0	1	0.9688	96.88	0
map00680	rn00680	Methane metabolism / C1 metabolism	iEC1368_DH5a	Escherichia coli DH5[alpha]	iECDH1ME8569_1439	Escherichia coli DH1	31	32	31	32	0	1	0.9688	96.88	0
map00680	rn00680	Methane metabolism / C1 metabolism	iEC1368_DH5a	Escherichia coli DH5[alpha]	iECD_1391	Escherichia coli BL21(DE3)	31	32	31	32	0	1	0.9688	96.88	0
map00680	rn00680	Methane metabolism / C1 metabolism	iEC1368_DH5a	Escherichia coli DH5[alpha]	iECED1_1282	Escherichia coli ED1a	31	32	31	32	0	1	0.9688	96.88	0
map00680	rn00680	Methane metabolism / C1 metabolism	iEC1368_DH5a	Escherichia coli DH5[alpha]	iECH74115_1262	Escherichia coli O157:H7 str. EC4115	31	31	30	32	1	1	0.9375	93.75	0
map00680	rn00680	Methane metabolism / C1 metabolism	iEC1368_DH5a	Escherichia coli DH5[alpha]	iECIAI1_1343	Escherichia coli IAI1	31	32	31	32	0	1	0.9688	96.88	0
map00680	rn00680	Methane metabolism / C1 metabolism	iEC1368_DH5a	Escherichia coli DH5[alpha]	iECIAI39_1322	Escherichia coli IAI39	31	32	31	32	0	1	0.9688	96.88	0
map00680	rn00680	Methane metabolism / C1 metabolism	iEC1368_DH5a	Escherichia coli DH5[alpha]	iECNA114_1301	Escherichia coli NA114	31	32	31	32	0	1	0.9688	96.88	0
map00680	rn00680	Methane metabolism / C1 metabolism	iEC1368_DH5a	Escherichia coli DH5[alpha]	iECO103_1326	Escherichia coli O103:H2 str. 12009	31	32	31	32	0	1	0.9688	96.88	0
map00680	rn00680	Methane metabolism / C1 metabolism	iEC1368_DH5a	Escherichia coli DH5[alpha]	iECO111_1330	Escherichia coli O111:H- str. 11128	31	32	31	32	0	1	0.9688	96.88	0
map00680	rn00680	Methane metabolism / C1 metabolism	iEC1368_DH5a	Escherichia coli DH5[alpha]	iECO26_1355	Escherichia coli O26:H11 str. 11368	31	32	31	32	0	1	0.9688	96.88	0
map00680	rn00680	Methane metabolism / C1 metabolism	iEC1368_DH5a	Escherichia coli DH5[alpha]	iECOK1_1307	Escherichia coli IHE3034	31	32	31	32	0	1	0.9688	96.88	0
map00680	rn00680	Methane metabolism / C1 metabolism	iEC1368_DH5a	Escherichia coli DH5[alpha]	iECP_1309	Escherichia coli 536	31	32	31	32	0	1	0.9688	96.88	0
map00680	rn00680	Methane metabolism / C1 metabolism	iEC1368_DH5a	Escherichia coli DH5[alpha]	iECS88_1305	Escherichia coli S88	31	32	31	32	0	1	0.9688	96.88	0
map00680	rn00680	Methane metabolism / C1 metabolism	iEC1368_DH5a	Escherichia coli DH5[alpha]	iECSE_1348	Escherichia coli SE11	31	32	31	32	0	1	0.9688	96.88	0
map00680	rn00680	Methane metabolism / C1 metabolism	iEC1368_DH5a	Escherichia coli DH5[alpha]	iECSF_1327	Escherichia coli SE15	31	32	31	32	0	1	0.9688	96.88	0
map00680	rn00680	Methane metabolism / C1 metabolism	iEC1368_DH5a	Escherichia coli DH5[alpha]	iECSP_1301	Escherichia coli O157:H7 str. TW14359	31	32	31	32	0	1	0.9688	96.88	0
map00680	rn00680	Methane metabolism / C1 metabolism	iEC1368_DH5a	Escherichia coli DH5[alpha]	iECUMN_1333	Escherichia coli UMN026	31	32	31	32	0	1	0.9688	96.88	0
map00680	rn00680	Methane metabolism / C1 metabolism	iEC1368_DH5a	Escherichia coli DH5[alpha]	iECW_1372	Escherichia coli W	31	32	31	32	0	1	0.9688	96.88	0
map00680	rn00680	Methane metabolism / C1 metabolism	iEC1368_DH5a	Escherichia coli DH5[alpha]	iECs_1301	Escherichia coli O157:H7 str. Sakai	31	32	31	32	0	1	0.9688	96.88	0
map00680	rn00680	Methane metabolism / C1 metabolism	iEC1368_DH5a	Escherichia coli DH5[alpha]	iEKO11_1354	Escherichia coli KO11FL	31	32	31	32	0	1	0.9688	96.88	0
map00680	rn00680	Methane metabolism / C1 metabolism	iEC1368_DH5a	Escherichia coli DH5[alpha]	iETEC_1333	Escherichia coli ETEC H10407	31	32	31	32	0	1	0.9688	96.88	0
map00680	rn00680	Methane metabolism / C1 metabolism	iEC1368_DH5a	Escherichia coli DH5[alpha]	iEcDH1_1363	Escherichia coli DH1	31	32	31	32	0	1	0.9688	96.88	0
map00680	rn00680	Methane metabolism / C1 metabolism	iEC1368_DH5a	Escherichia coli DH5[alpha]	iEcE24377_1341	Escherichia coli O139:H28 str. E24377A	31	32	31	32	0	1	0.9688	96.88	0
map00680	rn00680	Methane metabolism / C1 metabolism	iEC1368_DH5a	Escherichia coli DH5[alpha]	iEcHS_1320	Escherichia coli HS	31	32	31	32	0	1	0.9688	96.88	0
map00680	rn00680	Methane metabolism / C1 metabolism	iEC1368_DH5a	Escherichia coli DH5[alpha]	iEcSMS35_1347	Escherichia coli SMS-3-5	31	32	31	32	0	1	0.9688	96.88	0
map00680	rn00680	Methane metabolism / C1 metabolism	iEC1368_DH5a	Escherichia coli DH5[alpha]	iEcolC_1368	Escherichia coli ATCC 8739	31	32	31	32	0	1	0.9688	96.88	0
map00680	rn00680	Methane metabolism / C1 metabolism	iEC1368_DH5a	Escherichia coli DH5[alpha]	iG2583_1286	Escherichia coli O55:H7 str. CB9615	31	31	30	32	1	1	0.9375	93.75	0
map00680	rn00680	Methane metabolism / C1 metabolism	iEC1368_DH5a	Escherichia coli DH5[alpha]	iJO1366	Escherichia coli str. K-12 substr. MG1655	31	31	31	31	0	0	1.0	100.0	1
map00680	rn00680	Methane metabolism / C1 metabolism	iEC1368_DH5a	Escherichia coli DH5[alpha]	iJR904	Escherichia coli str. K-12 substr. MG1655	31	28	28	31	3	0	0.9032	90.32	0
map00680	rn00680	Methane metabolism / C1 metabolism	iEC1368_DH5a	Escherichia coli DH5[alpha]	iLF82_1304	Escherichia coli LF82	31	32	31	32	0	1	0.9688	96.88	0
map00680	rn00680	Methane metabolism / C1 metabolism	iEC1368_DH5a	Escherichia coli DH5[alpha]	iML1515	Escherichia coli str. K-12 substr. MG1655	31	31	31	31	0	0	1.0	100.0	1
map00680	rn00680	Methane metabolism / C1 metabolism	iEC1368_DH5a	Escherichia coli DH5[alpha]	iNRG857_1313	Escherichia coli O83:H1 str. NRG 857C	31	32	31	32	0	1	0.9688	96.88	0
map00680	rn00680	Methane metabolism / C1 metabolism	iEC1368_DH5a	Escherichia coli DH5[alpha]	iUMN146_1321	Escherichia coli UM146	31	32	31	32	0	1	0.9688	96.88	0
map00680	rn00680	Methane metabolism / C1 metabolism	iEC1368_DH5a	Escherichia coli DH5[alpha]	iUMNK88_1353	Escherichia coli UMNK88	31	32	31	32	0	1	0.9688	96.88	0
map00680	rn00680	Methane metabolism / C1 metabolism	iEC1368_DH5a	Escherichia coli DH5[alpha]	iUTI89_1310	Escherichia coli UTI89	31	32	31	32	0	1	0.9688	96.88	0
map00680	rn00680	Methane metabolism / C1 metabolism	iEC1368_DH5a	Escherichia coli DH5[alpha]	iWFL_1372	Escherichia coli W	31	32	31	32	0	1	0.9688	96.88	0
map00680	rn00680	Methane metabolism / C1 metabolism	iEC1368_DH5a	Escherichia coli DH5[alpha]	iY75_1357	Escherichia coli str. K-12 substr. W3110	31	32	31	32	0	1	0.9688	96.88	0
map00680	rn00680	Methane metabolism / C1 metabolism	iEC1368_DH5a	Escherichia coli DH5[alpha]	iZ_1308	Escherichia coli O157:H7 str. EDL933	31	32	31	32	0	1	0.9688	96.88	0
map00680	rn00680	Methane metabolism / C1 metabolism	iEC1368_DH5a	Escherichia coli DH5[alpha]	ic_1306	Escherichia coli CFT073	31	32	31	32	0	1	0.9688	96.88	0
map00680	rn00680	Methane metabolism / C1 metabolism	iEC1372_W3110	Escherichia coli str. K-12 substr. W3110	iEC55989_1330	Escherichia coli 55989	31	32	31	32	0	1	0.9688	96.88	0
map00680	rn00680	Methane metabolism / C1 metabolism	iEC1372_W3110	Escherichia coli str. K-12 substr. W3110	iECABU_c1320	Escherichia coli ABU 83972	31	32	31	32	0	1	0.9688	96.88	0
map00680	rn00680	Methane metabolism / C1 metabolism	iEC1372_W3110	Escherichia coli str. K-12 substr. W3110	iECBD_1354	Escherichia coli 'BL21-Gold(DE3)pLysS AG'	31	32	31	32	0	1	0.9688	96.88	0
map00680	rn00680	Methane metabolism / C1 metabolism	iEC1372_W3110	Escherichia coli str. K-12 substr. W3110	iECB_1328	Escherichia coli B str. REL606	31	32	31	32	0	1	0.9688	96.88	0
map00680	rn00680	Methane metabolism / C1 metabolism	iEC1372_W3110	Escherichia coli str. K-12 substr. W3110	iECDH10B_1368	Escherichia coli str. K-12 substr. DH10B	31	32	31	32	0	1	0.9688	96.88	0
map00680	rn00680	Methane metabolism / C1 metabolism	iEC1372_W3110	Escherichia coli str. K-12 substr. W3110	iECDH1ME8569_1439	Escherichia coli DH1	31	32	31	32	0	1	0.9688	96.88	0
map00680	rn00680	Methane metabolism / C1 metabolism	iEC1372_W3110	Escherichia coli str. K-12 substr. W3110	iECD_1391	Escherichia coli BL21(DE3)	31	32	31	32	0	1	0.9688	96.88	0
map00680	rn00680	Methane metabolism / C1 metabolism	iEC1372_W3110	Escherichia coli str. K-12 substr. W3110	iECED1_1282	Escherichia coli ED1a	31	32	31	32	0	1	0.9688	96.88	0
map00680	rn00680	Methane metabolism / C1 metabolism	iEC1372_W3110	Escherichia coli str. K-12 substr. W3110	iECH74115_1262	Escherichia coli O157:H7 str. EC4115	31	31	30	32	1	1	0.9375	93.75	0
map00680	rn00680	Methane metabolism / C1 metabolism	iEC1372_W3110	Escherichia coli str. K-12 substr. W3110	iECIAI1_1343	Escherichia coli IAI1	31	32	31	32	0	1	0.9688	96.88	0
map00680	rn00680	Methane metabolism / C1 metabolism	iEC1372_W3110	Escherichia coli str. K-12 substr. W3110	iECIAI39_1322	Escherichia coli IAI39	31	32	31	32	0	1	0.9688	96.88	0
map00680	rn00680	Methane metabolism / C1 metabolism	iEC1372_W3110	Escherichia coli str. K-12 substr. W3110	iECNA114_1301	Escherichia coli NA114	31	32	31	32	0	1	0.9688	96.88	0
map00680	rn00680	Methane metabolism / C1 metabolism	iEC1372_W3110	Escherichia coli str. K-12 substr. W3110	iECO103_1326	Escherichia coli O103:H2 str. 12009	31	32	31	32	0	1	0.9688	96.88	0
map00680	rn00680	Methane metabolism / C1 metabolism	iEC1372_W3110	Escherichia coli str. K-12 substr. W3110	iECO111_1330	Escherichia coli O111:H- str. 11128	31	32	31	32	0	1	0.9688	96.88	0
map00680	rn00680	Methane metabolism / C1 metabolism	iEC1372_W3110	Escherichia coli str. K-12 substr. W3110	iECO26_1355	Escherichia coli O26:H11 str. 11368	31	32	31	32	0	1	0.9688	96.88	0
map00680	rn00680	Methane metabolism / C1 metabolism	iEC1372_W3110	Escherichia coli str. K-12 substr. W3110	iECOK1_1307	Escherichia coli IHE3034	31	32	31	32	0	1	0.9688	96.88	0
map00680	rn00680	Methane metabolism / C1 metabolism	iEC1372_W3110	Escherichia coli str. K-12 substr. W3110	iECP_1309	Escherichia coli 536	31	32	31	32	0	1	0.9688	96.88	0
map00680	rn00680	Methane metabolism / C1 metabolism	iEC1372_W3110	Escherichia coli str. K-12 substr. W3110	iECS88_1305	Escherichia coli S88	31	32	31	32	0	1	0.9688	96.88	0
map00680	rn00680	Methane metabolism / C1 metabolism	iEC1372_W3110	Escherichia coli str. K-12 substr. W3110	iECSE_1348	Escherichia coli SE11	31	32	31	32	0	1	0.9688	96.88	0
map00680	rn00680	Methane metabolism / C1 metabolism	iEC1372_W3110	Escherichia coli str. K-12 substr. W3110	iECSF_1327	Escherichia coli SE15	31	32	31	32	0	1	0.9688	96.88	0
map00680	rn00680	Methane metabolism / C1 metabolism	iEC1372_W3110	Escherichia coli str. K-12 substr. W3110	iECSP_1301	Escherichia coli O157:H7 str. TW14359	31	32	31	32	0	1	0.9688	96.88	0
map00680	rn00680	Methane metabolism / C1 metabolism	iEC1372_W3110	Escherichia coli str. K-12 substr. W3110	iECUMN_1333	Escherichia coli UMN026	31	32	31	32	0	1	0.9688	96.88	0
map00680	rn00680	Methane metabolism / C1 metabolism	iEC1372_W3110	Escherichia coli str. K-12 substr. W3110	iECW_1372	Escherichia coli W	31	32	31	32	0	1	0.9688	96.88	0
map00680	rn00680	Methane metabolism / C1 metabolism	iEC1372_W3110	Escherichia coli str. K-12 substr. W3110	iECs_1301	Escherichia coli O157:H7 str. Sakai	31	32	31	32	0	1	0.9688	96.88	0
map00680	rn00680	Methane metabolism / C1 metabolism	iEC1372_W3110	Escherichia coli str. K-12 substr. W3110	iEKO11_1354	Escherichia coli KO11FL	31	32	31	32	0	1	0.9688	96.88	0
map00680	rn00680	Methane metabolism / C1 metabolism	iEC1372_W3110	Escherichia coli str. K-12 substr. W3110	iETEC_1333	Escherichia coli ETEC H10407	31	32	31	32	0	1	0.9688	96.88	0
map00680	rn00680	Methane metabolism / C1 metabolism	iEC1372_W3110	Escherichia coli str. K-12 substr. W3110	iEcDH1_1363	Escherichia coli DH1	31	32	31	32	0	1	0.9688	96.88	0
map00680	rn00680	Methane metabolism / C1 metabolism	iEC1372_W3110	Escherichia coli str. K-12 substr. W3110	iEcE24377_1341	Escherichia coli O139:H28 str. E24377A	31	32	31	32	0	1	0.9688	96.88	0
map00680	rn00680	Methane metabolism / C1 metabolism	iEC1372_W3110	Escherichia coli str. K-12 substr. W3110	iEcHS_1320	Escherichia coli HS	31	32	31	32	0	1	0.9688	96.88	0
map00680	rn00680	Methane metabolism / C1 metabolism	iEC1372_W3110	Escherichia coli str. K-12 substr. W3110	iEcSMS35_1347	Escherichia coli SMS-3-5	31	32	31	32	0	1	0.9688	96.88	0
map00680	rn00680	Methane metabolism / C1 metabolism	iEC1372_W3110	Escherichia coli str. K-12 substr. W3110	iEcolC_1368	Escherichia coli ATCC 8739	31	32	31	32	0	1	0.9688	96.88	0
map00680	rn00680	Methane metabolism / C1 metabolism	iEC1372_W3110	Escherichia coli str. K-12 substr. W3110	iG2583_1286	Escherichia coli O55:H7 str. CB9615	31	31	30	32	1	1	0.9375	93.75	0
map00680	rn00680	Methane metabolism / C1 metabolism	iEC1372_W3110	Escherichia coli str. K-12 substr. W3110	iJO1366	Escherichia coli str. K-12 substr. MG1655	31	31	31	31	0	0	1.0	100.0	1
map00680	rn00680	Methane metabolism / C1 metabolism	iEC1372_W3110	Escherichia coli str. K-12 substr. W3110	iJR904	Escherichia coli str. K-12 substr. MG1655	31	28	28	31	3	0	0.9032	90.32	0
map00680	rn00680	Methane metabolism / C1 metabolism	iEC1372_W3110	Escherichia coli str. K-12 substr. W3110	iLF82_1304	Escherichia coli LF82	31	32	31	32	0	1	0.9688	96.88	0
map00680	rn00680	Methane metabolism / C1 metabolism	iEC1372_W3110	Escherichia coli str. K-12 substr. W3110	iML1515	Escherichia coli str. K-12 substr. MG1655	31	31	31	31	0	0	1.0	100.0	1
map00680	rn00680	Methane metabolism / C1 metabolism	iEC1372_W3110	Escherichia coli str. K-12 substr. W3110	iNRG857_1313	Escherichia coli O83:H1 str. NRG 857C	31	32	31	32	0	1	0.9688	96.88	0
map00680	rn00680	Methane metabolism / C1 metabolism	iEC1372_W3110	Escherichia coli str. K-12 substr. W3110	iUMN146_1321	Escherichia coli UM146	31	32	31	32	0	1	0.9688	96.88	0
map00680	rn00680	Methane metabolism / C1 metabolism	iEC1372_W3110	Escherichia coli str. K-12 substr. W3110	iUMNK88_1353	Escherichia coli UMNK88	31	32	31	32	0	1	0.9688	96.88	0
map00680	rn00680	Methane metabolism / C1 metabolism	iEC1372_W3110	Escherichia coli str. K-12 substr. W3110	iUTI89_1310	Escherichia coli UTI89	31	32	31	32	0	1	0.9688	96.88	0
map00680	rn00680	Methane metabolism / C1 metabolism	iEC1372_W3110	Escherichia coli str. K-12 substr. W3110	iWFL_1372	Escherichia coli W	31	32	31	32	0	1	0.9688	96.88	0
map00680	rn00680	Methane metabolism / C1 metabolism	iEC1372_W3110	Escherichia coli str. K-12 substr. W3110	iY75_1357	Escherichia coli str. K-12 substr. W3110	31	32	31	32	0	1	0.9688	96.88	0
map00680	rn00680	Methane metabolism / C1 metabolism	iEC1372_W3110	Escherichia coli str. K-12 substr. W3110	iZ_1308	Escherichia coli O157:H7 str. EDL933	31	32	31	32	0	1	0.9688	96.88	0
map00680	rn00680	Methane metabolism / C1 metabolism	iEC1372_W3110	Escherichia coli str. K-12 substr. W3110	ic_1306	Escherichia coli CFT073	31	32	31	32	0	1	0.9688	96.88	0
map00680	rn00680	Methane metabolism / C1 metabolism	iEC55989_1330	Escherichia coli 55989	iECABU_c1320	Escherichia coli ABU 83972	32	32	32	32	0	0	1.0	100.0	1
map00680	rn00680	Methane metabolism / C1 metabolism	iEC55989_1330	Escherichia coli 55989	iECBD_1354	Escherichia coli 'BL21-Gold(DE3)pLysS AG'	32	32	32	32	0	0	1.0	100.0	1
map00680	rn00680	Methane metabolism / C1 metabolism	iEC55989_1330	Escherichia coli 55989	iECB_1328	Escherichia coli B str. REL606	32	32	32	32	0	0	1.0	100.0	1
map00680	rn00680	Methane metabolism / C1 metabolism	iEC55989_1330	Escherichia coli 55989	iECDH10B_1368	Escherichia coli str. K-12 substr. DH10B	32	32	32	32	0	0	1.0	100.0	1
map00680	rn00680	Methane metabolism / C1 metabolism	iEC55989_1330	Escherichia coli 55989	iECDH1ME8569_1439	Escherichia coli DH1	32	32	32	32	0	0	1.0	100.0	1
map00680	rn00680	Methane metabolism / C1 metabolism	iEC55989_1330	Escherichia coli 55989	iECD_1391	Escherichia coli BL21(DE3)	32	32	32	32	0	0	1.0	100.0	1
map00680	rn00680	Methane metabolism / C1 metabolism	iEC55989_1330	Escherichia coli 55989	iECED1_1282	Escherichia coli ED1a	32	32	32	32	0	0	1.0	100.0	1
map00680	rn00680	Methane metabolism / C1 metabolism	iEC55989_1330	Escherichia coli 55989	iECH74115_1262	Escherichia coli O157:H7 str. EC4115	32	31	31	32	1	0	0.9688	96.88	0
map00680	rn00680	Methane metabolism / C1 metabolism	iEC55989_1330	Escherichia coli 55989	iECIAI1_1343	Escherichia coli IAI1	32	32	32	32	0	0	1.0	100.0	1
map00680	rn00680	Methane metabolism / C1 metabolism	iEC55989_1330	Escherichia coli 55989	iECIAI39_1322	Escherichia coli IAI39	32	32	32	32	0	0	1.0	100.0	1
map00680	rn00680	Methane metabolism / C1 metabolism	iEC55989_1330	Escherichia coli 55989	iECNA114_1301	Escherichia coli NA114	32	32	32	32	0	0	1.0	100.0	1
map00680	rn00680	Methane metabolism / C1 metabolism	iEC55989_1330	Escherichia coli 55989	iECO103_1326	Escherichia coli O103:H2 str. 12009	32	32	32	32	0	0	1.0	100.0	1
map00680	rn00680	Methane metabolism / C1 metabolism	iEC55989_1330	Escherichia coli 55989	iECO111_1330	Escherichia coli O111:H- str. 11128	32	32	32	32	0	0	1.0	100.0	1
map00680	rn00680	Methane metabolism / C1 metabolism	iEC55989_1330	Escherichia coli 55989	iECO26_1355	Escherichia coli O26:H11 str. 11368	32	32	32	32	0	0	1.0	100.0	1
map00680	rn00680	Methane metabolism / C1 metabolism	iEC55989_1330	Escherichia coli 55989	iECOK1_1307	Escherichia coli IHE3034	32	32	32	32	0	0	1.0	100.0	1
map00680	rn00680	Methane metabolism / C1 metabolism	iEC55989_1330	Escherichia coli 55989	iECP_1309	Escherichia coli 536	32	32	32	32	0	0	1.0	100.0	1
map00680	rn00680	Methane metabolism / C1 metabolism	iEC55989_1330	Escherichia coli 55989	iECS88_1305	Escherichia coli S88	32	32	32	32	0	0	1.0	100.0	1
map00680	rn00680	Methane metabolism / C1 metabolism	iEC55989_1330	Escherichia coli 55989	iECSE_1348	Escherichia coli SE11	32	32	32	32	0	0	1.0	100.0	1
map00680	rn00680	Methane metabolism / C1 metabolism	iEC55989_1330	Escherichia coli 55989	iECSF_1327	Escherichia coli SE15	32	32	32	32	0	0	1.0	100.0	1
map00680	rn00680	Methane metabolism / C1 metabolism	iEC55989_1330	Escherichia coli 55989	iECSP_1301	Escherichia coli O157:H7 str. TW14359	32	32	32	32	0	0	1.0	100.0	1
map00680	rn00680	Methane metabolism / C1 metabolism	iEC55989_1330	Escherichia coli 55989	iECUMN_1333	Escherichia coli UMN026	32	32	32	32	0	0	1.0	100.0	1
map00680	rn00680	Methane metabolism / C1 metabolism	iEC55989_1330	Escherichia coli 55989	iECW_1372	Escherichia coli W	32	32	32	32	0	0	1.0	100.0	1
map00680	rn00680	Methane metabolism / C1 metabolism	iEC55989_1330	Escherichia coli 55989	iECs_1301	Escherichia coli O157:H7 str. Sakai	32	32	32	32	0	0	1.0	100.0	1
map00680	rn00680	Methane metabolism / C1 metabolism	iEC55989_1330	Escherichia coli 55989	iEKO11_1354	Escherichia coli KO11FL	32	32	32	32	0	0	1.0	100.0	1
map00680	rn00680	Methane metabolism / C1 metabolism	iEC55989_1330	Escherichia coli 55989	iETEC_1333	Escherichia coli ETEC H10407	32	32	32	32	0	0	1.0	100.0	1
map00680	rn00680	Methane metabolism / C1 metabolism	iEC55989_1330	Escherichia coli 55989	iEcDH1_1363	Escherichia coli DH1	32	32	32	32	0	0	1.0	100.0	1
map00680	rn00680	Methane metabolism / C1 metabolism	iEC55989_1330	Escherichia coli 55989	iEcE24377_1341	Escherichia coli O139:H28 str. E24377A	32	32	32	32	0	0	1.0	100.0	1
map00680	rn00680	Methane metabolism / C1 metabolism	iEC55989_1330	Escherichia coli 55989	iEcHS_1320	Escherichia coli HS	32	32	32	32	0	0	1.0	100.0	1
map00680	rn00680	Methane metabolism / C1 metabolism	iEC55989_1330	Escherichia coli 55989	iEcSMS35_1347	Escherichia coli SMS-3-5	32	32	32	32	0	0	1.0	100.0	1
map00680	rn00680	Methane metabolism / C1 metabolism	iEC55989_1330	Escherichia coli 55989	iEcolC_1368	Escherichia coli ATCC 8739	32	32	32	32	0	0	1.0	100.0	1
map00680	rn00680	Methane metabolism / C1 metabolism	iEC55989_1330	Escherichia coli 55989	iG2583_1286	Escherichia coli O55:H7 str. CB9615	32	31	31	32	1	0	0.9688	96.88	0
map00680	rn00680	Methane metabolism / C1 metabolism	iEC55989_1330	Escherichia coli 55989	iJO1366	Escherichia coli str. K-12 substr. MG1655	32	31	31	32	1	0	0.9688	96.88	0
map00680	rn00680	Methane metabolism / C1 metabolism	iEC55989_1330	Escherichia coli 55989	iJR904	Escherichia coli str. K-12 substr. MG1655	32	28	28	32	4	0	0.875	87.5	0
map00680	rn00680	Methane metabolism / C1 metabolism	iEC55989_1330	Escherichia coli 55989	iLF82_1304	Escherichia coli LF82	32	32	32	32	0	0	1.0	100.0	1
map00680	rn00680	Methane metabolism / C1 metabolism	iEC55989_1330	Escherichia coli 55989	iML1515	Escherichia coli str. K-12 substr. MG1655	32	31	31	32	1	0	0.9688	96.88	0
map00680	rn00680	Methane metabolism / C1 metabolism	iEC55989_1330	Escherichia coli 55989	iNRG857_1313	Escherichia coli O83:H1 str. NRG 857C	32	32	32	32	0	0	1.0	100.0	1
map00680	rn00680	Methane metabolism / C1 metabolism	iEC55989_1330	Escherichia coli 55989	iUMN146_1321	Escherichia coli UM146	32	32	32	32	0	0	1.0	100.0	1
map00680	rn00680	Methane metabolism / C1 metabolism	iEC55989_1330	Escherichia coli 55989	iUMNK88_1353	Escherichia coli UMNK88	32	32	32	32	0	0	1.0	100.0	1
map00680	rn00680	Methane metabolism / C1 metabolism	iEC55989_1330	Escherichia coli 55989	iUTI89_1310	Escherichia coli UTI89	32	32	32	32	0	0	1.0	100.0	1
map00680	rn00680	Methane metabolism / C1 metabolism	iEC55989_1330	Escherichia coli 55989	iWFL_1372	Escherichia coli W	32	32	32	32	0	0	1.0	100.0	1
map00680	rn00680	Methane metabolism / C1 metabolism	iEC55989_1330	Escherichia coli 55989	iY75_1357	Escherichia coli str. K-12 substr. W3110	32	32	32	32	0	0	1.0	100.0	1
map00680	rn00680	Methane metabolism / C1 metabolism	iEC55989_1330	Escherichia coli 55989	iZ_1308	Escherichia coli O157:H7 str. EDL933	32	32	32	32	0	0	1.0	100.0	1
map00680	rn00680	Methane metabolism / C1 metabolism	iEC55989_1330	Escherichia coli 55989	ic_1306	Escherichia coli CFT073	32	32	32	32	0	0	1.0	100.0	1
map00680	rn00680	Methane metabolism / C1 metabolism	iECABU_c1320	Escherichia coli ABU 83972	iECBD_1354	Escherichia coli 'BL21-Gold(DE3)pLysS AG'	32	32	32	32	0	0	1.0	100.0	1
map00680	rn00680	Methane metabolism / C1 metabolism	iECABU_c1320	Escherichia coli ABU 83972	iECB_1328	Escherichia coli B str. REL606	32	32	32	32	0	0	1.0	100.0	1
map00680	rn00680	Methane metabolism / C1 metabolism	iECABU_c1320	Escherichia coli ABU 83972	iECDH10B_1368	Escherichia coli str. K-12 substr. DH10B	32	32	32	32	0	0	1.0	100.0	1
map00680	rn00680	Methane metabolism / C1 metabolism	iECABU_c1320	Escherichia coli ABU 83972	iECDH1ME8569_1439	Escherichia coli DH1	32	32	32	32	0	0	1.0	100.0	1
map00680	rn00680	Methane metabolism / C1 metabolism	iECABU_c1320	Escherichia coli ABU 83972	iECD_1391	Escherichia coli BL21(DE3)	32	32	32	32	0	0	1.0	100.0	1
map00680	rn00680	Methane metabolism / C1 metabolism	iECABU_c1320	Escherichia coli ABU 83972	iECED1_1282	Escherichia coli ED1a	32	32	32	32	0	0	1.0	100.0	1
map00680	rn00680	Methane metabolism / C1 metabolism	iECABU_c1320	Escherichia coli ABU 83972	iECH74115_1262	Escherichia coli O157:H7 str. EC4115	32	31	31	32	1	0	0.9688	96.88	0
map00680	rn00680	Methane metabolism / C1 metabolism	iECABU_c1320	Escherichia coli ABU 83972	iECIAI1_1343	Escherichia coli IAI1	32	32	32	32	0	0	1.0	100.0	1
map00680	rn00680	Methane metabolism / C1 metabolism	iECABU_c1320	Escherichia coli ABU 83972	iECIAI39_1322	Escherichia coli IAI39	32	32	32	32	0	0	1.0	100.0	1
map00680	rn00680	Methane metabolism / C1 metabolism	iECABU_c1320	Escherichia coli ABU 83972	iECNA114_1301	Escherichia coli NA114	32	32	32	32	0	0	1.0	100.0	1
map00680	rn00680	Methane metabolism / C1 metabolism	iECABU_c1320	Escherichia coli ABU 83972	iECO103_1326	Escherichia coli O103:H2 str. 12009	32	32	32	32	0	0	1.0	100.0	1
map00680	rn00680	Methane metabolism / C1 metabolism	iECABU_c1320	Escherichia coli ABU 83972	iECO111_1330	Escherichia coli O111:H- str. 11128	32	32	32	32	0	0	1.0	100.0	1
map00680	rn00680	Methane metabolism / C1 metabolism	iECABU_c1320	Escherichia coli ABU 83972	iECO26_1355	Escherichia coli O26:H11 str. 11368	32	32	32	32	0	0	1.0	100.0	1
map00680	rn00680	Methane metabolism / C1 metabolism	iECABU_c1320	Escherichia coli ABU 83972	iECOK1_1307	Escherichia coli IHE3034	32	32	32	32	0	0	1.0	100.0	1
map00680	rn00680	Methane metabolism / C1 metabolism	iECABU_c1320	Escherichia coli ABU 83972	iECP_1309	Escherichia coli 536	32	32	32	32	0	0	1.0	100.0	1
map00680	rn00680	Methane metabolism / C1 metabolism	iECABU_c1320	Escherichia coli ABU 83972	iECS88_1305	Escherichia coli S88	32	32	32	32	0	0	1.0	100.0	1
map00680	rn00680	Methane metabolism / C1 metabolism	iECABU_c1320	Escherichia coli ABU 83972	iECSE_1348	Escherichia coli SE11	32	32	32	32	0	0	1.0	100.0	1
map00680	rn00680	Methane metabolism / C1 metabolism	iECABU_c1320	Escherichia coli ABU 83972	iECSF_1327	Escherichia coli SE15	32	32	32	32	0	0	1.0	100.0	1
map00680	rn00680	Methane metabolism / C1 metabolism	iECABU_c1320	Escherichia coli ABU 83972	iECSP_1301	Escherichia coli O157:H7 str. TW14359	32	32	32	32	0	0	1.0	100.0	1
map00680	rn00680	Methane metabolism / C1 metabolism	iECABU_c1320	Escherichia coli ABU 83972	iECUMN_1333	Escherichia coli UMN026	32	32	32	32	0	0	1.0	100.0	1
map00680	rn00680	Methane metabolism / C1 metabolism	iECABU_c1320	Escherichia coli ABU 83972	iECW_1372	Escherichia coli W	32	32	32	32	0	0	1.0	100.0	1
map00680	rn00680	Methane metabolism / C1 metabolism	iECABU_c1320	Escherichia coli ABU 83972	iECs_1301	Escherichia coli O157:H7 str. Sakai	32	32	32	32	0	0	1.0	100.0	1
map00680	rn00680	Methane metabolism / C1 metabolism	iECABU_c1320	Escherichia coli ABU 83972	iEKO11_1354	Escherichia coli KO11FL	32	32	32	32	0	0	1.0	100.0	1
map00680	rn00680	Methane metabolism / C1 metabolism	iECABU_c1320	Escherichia coli ABU 83972	iETEC_1333	Escherichia coli ETEC H10407	32	32	32	32	0	0	1.0	100.0	1
map00680	rn00680	Methane metabolism / C1 metabolism	iECABU_c1320	Escherichia coli ABU 83972	iEcDH1_1363	Escherichia coli DH1	32	32	32	32	0	0	1.0	100.0	1
map00680	rn00680	Methane metabolism / C1 metabolism	iECABU_c1320	Escherichia coli ABU 83972	iEcE24377_1341	Escherichia coli O139:H28 str. E24377A	32	32	32	32	0	0	1.0	100.0	1
map00680	rn00680	Methane metabolism / C1 metabolism	iECABU_c1320	Escherichia coli ABU 83972	iEcHS_1320	Escherichia coli HS	32	32	32	32	0	0	1.0	100.0	1
map00680	rn00680	Methane metabolism / C1 metabolism	iECABU_c1320	Escherichia coli ABU 83972	iEcSMS35_1347	Escherichia coli SMS-3-5	32	32	32	32	0	0	1.0	100.0	1
map00680	rn00680	Methane metabolism / C1 metabolism	iECABU_c1320	Escherichia coli ABU 83972	iEcolC_1368	Escherichia coli ATCC 8739	32	32	32	32	0	0	1.0	100.0	1
map00680	rn00680	Methane metabolism / C1 metabolism	iECABU_c1320	Escherichia coli ABU 83972	iG2583_1286	Escherichia coli O55:H7 str. CB9615	32	31	31	32	1	0	0.9688	96.88	0
map00680	rn00680	Methane metabolism / C1 metabolism	iECABU_c1320	Escherichia coli ABU 83972	iJO1366	Escherichia coli str. K-12 substr. MG1655	32	31	31	32	1	0	0.9688	96.88	0
map00680	rn00680	Methane metabolism / C1 metabolism	iECABU_c1320	Escherichia coli ABU 83972	iJR904	Escherichia coli str. K-12 substr. MG1655	32	28	28	32	4	0	0.875	87.5	0
map00680	rn00680	Methane metabolism / C1 metabolism	iECABU_c1320	Escherichia coli ABU 83972	iLF82_1304	Escherichia coli LF82	32	32	32	32	0	0	1.0	100.0	1
map00680	rn00680	Methane metabolism / C1 metabolism	iECABU_c1320	Escherichia coli ABU 83972	iML1515	Escherichia coli str. K-12 substr. MG1655	32	31	31	32	1	0	0.9688	96.88	0
map00680	rn00680	Methane metabolism / C1 metabolism	iECABU_c1320	Escherichia coli ABU 83972	iNRG857_1313	Escherichia coli O83:H1 str. NRG 857C	32	32	32	32	0	0	1.0	100.0	1
map00680	rn00680	Methane metabolism / C1 metabolism	iECABU_c1320	Escherichia coli ABU 83972	iUMN146_1321	Escherichia coli UM146	32	32	32	32	0	0	1.0	100.0	1
map00680	rn00680	Methane metabolism / C1 metabolism	iECABU_c1320	Escherichia coli ABU 83972	iUMNK88_1353	Escherichia coli UMNK88	32	32	32	32	0	0	1.0	100.0	1
map00680	rn00680	Methane metabolism / C1 metabolism	iECABU_c1320	Escherichia coli ABU 83972	iUTI89_1310	Escherichia coli UTI89	32	32	32	32	0	0	1.0	100.0	1
map00680	rn00680	Methane metabolism / C1 metabolism	iECABU_c1320	Escherichia coli ABU 83972	iWFL_1372	Escherichia coli W	32	32	32	32	0	0	1.0	100.0	1
map00680	rn00680	Methane metabolism / C1 metabolism	iECABU_c1320	Escherichia coli ABU 83972	iY75_1357	Escherichia coli str. K-12 substr. W3110	32	32	32	32	0	0	1.0	100.0	1
map00680	rn00680	Methane metabolism / C1 metabolism	iECABU_c1320	Escherichia coli ABU 83972	iZ_1308	Escherichia coli O157:H7 str. EDL933	32	32	32	32	0	0	1.0	100.0	1
map00680	rn00680	Methane metabolism / C1 metabolism	iECABU_c1320	Escherichia coli ABU 83972	ic_1306	Escherichia coli CFT073	32	32	32	32	0	0	1.0	100.0	1
map00680	rn00680	Methane metabolism / C1 metabolism	iECBD_1354	Escherichia coli 'BL21-Gold(DE3)pLysS AG'	iECB_1328	Escherichia coli B str. REL606	32	32	32	32	0	0	1.0	100.0	1
map00680	rn00680	Methane metabolism / C1 metabolism	iECBD_1354	Escherichia coli 'BL21-Gold(DE3)pLysS AG'	iECDH10B_1368	Escherichia coli str. K-12 substr. DH10B	32	32	32	32	0	0	1.0	100.0	1
map00680	rn00680	Methane metabolism / C1 metabolism	iECBD_1354	Escherichia coli 'BL21-Gold(DE3)pLysS AG'	iECDH1ME8569_1439	Escherichia coli DH1	32	32	32	32	0	0	1.0	100.0	1
map00680	rn00680	Methane metabolism / C1 metabolism	iECBD_1354	Escherichia coli 'BL21-Gold(DE3)pLysS AG'	iECD_1391	Escherichia coli BL21(DE3)	32	32	32	32	0	0	1.0	100.0	1
map00680	rn00680	Methane metabolism / C1 metabolism	iECBD_1354	Escherichia coli 'BL21-Gold(DE3)pLysS AG'	iECED1_1282	Escherichia coli ED1a	32	32	32	32	0	0	1.0	100.0	1
map00680	rn00680	Methane metabolism / C1 metabolism	iECBD_1354	Escherichia coli 'BL21-Gold(DE3)pLysS AG'	iECH74115_1262	Escherichia coli O157:H7 str. EC4115	32	31	31	32	1	0	0.9688	96.88	0
map00680	rn00680	Methane metabolism / C1 metabolism	iECBD_1354	Escherichia coli 'BL21-Gold(DE3)pLysS AG'	iECIAI1_1343	Escherichia coli IAI1	32	32	32	32	0	0	1.0	100.0	1
map00680	rn00680	Methane metabolism / C1 metabolism	iECBD_1354	Escherichia coli 'BL21-Gold(DE3)pLysS AG'	iECIAI39_1322	Escherichia coli IAI39	32	32	32	32	0	0	1.0	100.0	1
map00680	rn00680	Methane metabolism / C1 metabolism	iECBD_1354	Escherichia coli 'BL21-Gold(DE3)pLysS AG'	iECNA114_1301	Escherichia coli NA114	32	32	32	32	0	0	1.0	100.0	1
map00680	rn00680	Methane metabolism / C1 metabolism	iECBD_1354	Escherichia coli 'BL21-Gold(DE3)pLysS AG'	iECO103_1326	Escherichia coli O103:H2 str. 12009	32	32	32	32	0	0	1.0	100.0	1
map00680	rn00680	Methane metabolism / C1 metabolism	iECBD_1354	Escherichia coli 'BL21-Gold(DE3)pLysS AG'	iECO111_1330	Escherichia coli O111:H- str. 11128	32	32	32	32	0	0	1.0	100.0	1
map00680	rn00680	Methane metabolism / C1 metabolism	iECBD_1354	Escherichia coli 'BL21-Gold(DE3)pLysS AG'	iECO26_1355	Escherichia coli O26:H11 str. 11368	32	32	32	32	0	0	1.0	100.0	1
map00680	rn00680	Methane metabolism / C1 metabolism	iECBD_1354	Escherichia coli 'BL21-Gold(DE3)pLysS AG'	iECOK1_1307	Escherichia coli IHE3034	32	32	32	32	0	0	1.0	100.0	1
map00680	rn00680	Methane metabolism / C1 metabolism	iECBD_1354	Escherichia coli 'BL21-Gold(DE3)pLysS AG'	iECP_1309	Escherichia coli 536	32	32	32	32	0	0	1.0	100.0	1
map00680	rn00680	Methane metabolism / C1 metabolism	iECBD_1354	Escherichia coli 'BL21-Gold(DE3)pLysS AG'	iECS88_1305	Escherichia coli S88	32	32	32	32	0	0	1.0	100.0	1
map00680	rn00680	Methane metabolism / C1 metabolism	iECBD_1354	Escherichia coli 'BL21-Gold(DE3)pLysS AG'	iECSE_1348	Escherichia coli SE11	32	32	32	32	0	0	1.0	100.0	1
map00680	rn00680	Methane metabolism / C1 metabolism	iECBD_1354	Escherichia coli 'BL21-Gold(DE3)pLysS AG'	iECSF_1327	Escherichia coli SE15	32	32	32	32	0	0	1.0	100.0	1
map00680	rn00680	Methane metabolism / C1 metabolism	iECBD_1354	Escherichia coli 'BL21-Gold(DE3)pLysS AG'	iECSP_1301	Escherichia coli O157:H7 str. TW14359	32	32	32	32	0	0	1.0	100.0	1
map00680	rn00680	Methane metabolism / C1 metabolism	iECBD_1354	Escherichia coli 'BL21-Gold(DE3)pLysS AG'	iECUMN_1333	Escherichia coli UMN026	32	32	32	32	0	0	1.0	100.0	1
map00680	rn00680	Methane metabolism / C1 metabolism	iECBD_1354	Escherichia coli 'BL21-Gold(DE3)pLysS AG'	iECW_1372	Escherichia coli W	32	32	32	32	0	0	1.0	100.0	1
map00680	rn00680	Methane metabolism / C1 metabolism	iECBD_1354	Escherichia coli 'BL21-Gold(DE3)pLysS AG'	iECs_1301	Escherichia coli O157:H7 str. Sakai	32	32	32	32	0	0	1.0	100.0	1
map00680	rn00680	Methane metabolism / C1 metabolism	iECBD_1354	Escherichia coli 'BL21-Gold(DE3)pLysS AG'	iEKO11_1354	Escherichia coli KO11FL	32	32	32	32	0	0	1.0	100.0	1
map00680	rn00680	Methane metabolism / C1 metabolism	iECBD_1354	Escherichia coli 'BL21-Gold(DE3)pLysS AG'	iETEC_1333	Escherichia coli ETEC H10407	32	32	32	32	0	0	1.0	100.0	1
map00680	rn00680	Methane metabolism / C1 metabolism	iECBD_1354	Escherichia coli 'BL21-Gold(DE3)pLysS AG'	iEcDH1_1363	Escherichia coli DH1	32	32	32	32	0	0	1.0	100.0	1
map00680	rn00680	Methane metabolism / C1 metabolism	iECBD_1354	Escherichia coli 'BL21-Gold(DE3)pLysS AG'	iEcE24377_1341	Escherichia coli O139:H28 str. E24377A	32	32	32	32	0	0	1.0	100.0	1
map00680	rn00680	Methane metabolism / C1 metabolism	iECBD_1354	Escherichia coli 'BL21-Gold(DE3)pLysS AG'	iEcHS_1320	Escherichia coli HS	32	32	32	32	0	0	1.0	100.0	1
map00680	rn00680	Methane metabolism / C1 metabolism	iECBD_1354	Escherichia coli 'BL21-Gold(DE3)pLysS AG'	iEcSMS35_1347	Escherichia coli SMS-3-5	32	32	32	32	0	0	1.0	100.0	1
map00680	rn00680	Methane metabolism / C1 metabolism	iECBD_1354	Escherichia coli 'BL21-Gold(DE3)pLysS AG'	iEcolC_1368	Escherichia coli ATCC 8739	32	32	32	32	0	0	1.0	100.0	1
map00680	rn00680	Methane metabolism / C1 metabolism	iECBD_1354	Escherichia coli 'BL21-Gold(DE3)pLysS AG'	iG2583_1286	Escherichia coli O55:H7 str. CB9615	32	31	31	32	1	0	0.9688	96.88	0
map00680	rn00680	Methane metabolism / C1 metabolism	iECBD_1354	Escherichia coli 'BL21-Gold(DE3)pLysS AG'	iJO1366	Escherichia coli str. K-12 substr. MG1655	32	31	31	32	1	0	0.9688	96.88	0
map00680	rn00680	Methane metabolism / C1 metabolism	iECBD_1354	Escherichia coli 'BL21-Gold(DE3)pLysS AG'	iJR904	Escherichia coli str. K-12 substr. MG1655	32	28	28	32	4	0	0.875	87.5	0
map00680	rn00680	Methane metabolism / C1 metabolism	iECBD_1354	Escherichia coli 'BL21-Gold(DE3)pLysS AG'	iLF82_1304	Escherichia coli LF82	32	32	32	32	0	0	1.0	100.0	1
map00680	rn00680	Methane metabolism / C1 metabolism	iECBD_1354	Escherichia coli 'BL21-Gold(DE3)pLysS AG'	iML1515	Escherichia coli str. K-12 substr. MG1655	32	31	31	32	1	0	0.9688	96.88	0
map00680	rn00680	Methane metabolism / C1 metabolism	iECBD_1354	Escherichia coli 'BL21-Gold(DE3)pLysS AG'	iNRG857_1313	Escherichia coli O83:H1 str. NRG 857C	32	32	32	32	0	0	1.0	100.0	1
map00680	rn00680	Methane metabolism / C1 metabolism	iECBD_1354	Escherichia coli 'BL21-Gold(DE3)pLysS AG'	iUMN146_1321	Escherichia coli UM146	32	32	32	32	0	0	1.0	100.0	1
map00680	rn00680	Methane metabolism / C1 metabolism	iECBD_1354	Escherichia coli 'BL21-Gold(DE3)pLysS AG'	iUMNK88_1353	Escherichia coli UMNK88	32	32	32	32	0	0	1.0	100.0	1
map00680	rn00680	Methane metabolism / C1 metabolism	iECBD_1354	Escherichia coli 'BL21-Gold(DE3)pLysS AG'	iUTI89_1310	Escherichia coli UTI89	32	32	32	32	0	0	1.0	100.0	1
map00680	rn00680	Methane metabolism / C1 metabolism	iECBD_1354	Escherichia coli 'BL21-Gold(DE3)pLysS AG'	iWFL_1372	Escherichia coli W	32	32	32	32	0	0	1.0	100.0	1
map00680	rn00680	Methane metabolism / C1 metabolism	iECBD_1354	Escherichia coli 'BL21-Gold(DE3)pLysS AG'	iY75_1357	Escherichia coli str. K-12 substr. W3110	32	32	32	32	0	0	1.0	100.0	1
map00680	rn00680	Methane metabolism / C1 metabolism	iECBD_1354	Escherichia coli 'BL21-Gold(DE3)pLysS AG'	iZ_1308	Escherichia coli O157:H7 str. EDL933	32	32	32	32	0	0	1.0	100.0	1
map00680	rn00680	Methane metabolism / C1 metabolism	iECBD_1354	Escherichia coli 'BL21-Gold(DE3)pLysS AG'	ic_1306	Escherichia coli CFT073	32	32	32	32	0	0	1.0	100.0	1
map00680	rn00680	Methane metabolism / C1 metabolism	iECB_1328	Escherichia coli B str. REL606	iECDH10B_1368	Escherichia coli str. K-12 substr. DH10B	32	32	32	32	0	0	1.0	100.0	1
map00680	rn00680	Methane metabolism / C1 metabolism	iECB_1328	Escherichia coli B str. REL606	iECDH1ME8569_1439	Escherichia coli DH1	32	32	32	32	0	0	1.0	100.0	1
map00680	rn00680	Methane metabolism / C1 metabolism	iECB_1328	Escherichia coli B str. REL606	iECD_1391	Escherichia coli BL21(DE3)	32	32	32	32	0	0	1.0	100.0	1
map00680	rn00680	Methane metabolism / C1 metabolism	iECB_1328	Escherichia coli B str. REL606	iECED1_1282	Escherichia coli ED1a	32	32	32	32	0	0	1.0	100.0	1
map00680	rn00680	Methane metabolism / C1 metabolism	iECB_1328	Escherichia coli B str. REL606	iECH74115_1262	Escherichia coli O157:H7 str. EC4115	32	31	31	32	1	0	0.9688	96.88	0
map00680	rn00680	Methane metabolism / C1 metabolism	iECB_1328	Escherichia coli B str. REL606	iECIAI1_1343	Escherichia coli IAI1	32	32	32	32	0	0	1.0	100.0	1
map00680	rn00680	Methane metabolism / C1 metabolism	iECB_1328	Escherichia coli B str. REL606	iECIAI39_1322	Escherichia coli IAI39	32	32	32	32	0	0	1.0	100.0	1
map00680	rn00680	Methane metabolism / C1 metabolism	iECB_1328	Escherichia coli B str. REL606	iECNA114_1301	Escherichia coli NA114	32	32	32	32	0	0	1.0	100.0	1
map00680	rn00680	Methane metabolism / C1 metabolism	iECB_1328	Escherichia coli B str. REL606	iECO103_1326	Escherichia coli O103:H2 str. 12009	32	32	32	32	0	0	1.0	100.0	1
map00680	rn00680	Methane metabolism / C1 metabolism	iECB_1328	Escherichia coli B str. REL606	iECO111_1330	Escherichia coli O111:H- str. 11128	32	32	32	32	0	0	1.0	100.0	1
map00680	rn00680	Methane metabolism / C1 metabolism	iECB_1328	Escherichia coli B str. REL606	iECO26_1355	Escherichia coli O26:H11 str. 11368	32	32	32	32	0	0	1.0	100.0	1
map00680	rn00680	Methane metabolism / C1 metabolism	iECB_1328	Escherichia coli B str. REL606	iECOK1_1307	Escherichia coli IHE3034	32	32	32	32	0	0	1.0	100.0	1
map00680	rn00680	Methane metabolism / C1 metabolism	iECB_1328	Escherichia coli B str. REL606	iECP_1309	Escherichia coli 536	32	32	32	32	0	0	1.0	100.0	1
map00680	rn00680	Methane metabolism / C1 metabolism	iECB_1328	Escherichia coli B str. REL606	iECS88_1305	Escherichia coli S88	32	32	32	32	0	0	1.0	100.0	1
map00680	rn00680	Methane metabolism / C1 metabolism	iECB_1328	Escherichia coli B str. REL606	iECSE_1348	Escherichia coli SE11	32	32	32	32	0	0	1.0	100.0	1
map00680	rn00680	Methane metabolism / C1 metabolism	iECB_1328	Escherichia coli B str. REL606	iECSF_1327	Escherichia coli SE15	32	32	32	32	0	0	1.0	100.0	1
map00680	rn00680	Methane metabolism / C1 metabolism	iECB_1328	Escherichia coli B str. REL606	iECSP_1301	Escherichia coli O157:H7 str. TW14359	32	32	32	32	0	0	1.0	100.0	1
map00680	rn00680	Methane metabolism / C1 metabolism	iECB_1328	Escherichia coli B str. REL606	iECUMN_1333	Escherichia coli UMN026	32	32	32	32	0	0	1.0	100.0	1
map00680	rn00680	Methane metabolism / C1 metabolism	iECB_1328	Escherichia coli B str. REL606	iECW_1372	Escherichia coli W	32	32	32	32	0	0	1.0	100.0	1
map00680	rn00680	Methane metabolism / C1 metabolism	iECB_1328	Escherichia coli B str. REL606	iECs_1301	Escherichia coli O157:H7 str. Sakai	32	32	32	32	0	0	1.0	100.0	1
map00680	rn00680	Methane metabolism / C1 metabolism	iECB_1328	Escherichia coli B str. REL606	iEKO11_1354	Escherichia coli KO11FL	32	32	32	32	0	0	1.0	100.0	1
map00680	rn00680	Methane metabolism / C1 metabolism	iECB_1328	Escherichia coli B str. REL606	iETEC_1333	Escherichia coli ETEC H10407	32	32	32	32	0	0	1.0	100.0	1
map00680	rn00680	Methane metabolism / C1 metabolism	iECB_1328	Escherichia coli B str. REL606	iEcDH1_1363	Escherichia coli DH1	32	32	32	32	0	0	1.0	100.0	1
map00680	rn00680	Methane metabolism / C1 metabolism	iECB_1328	Escherichia coli B str. REL606	iEcE24377_1341	Escherichia coli O139:H28 str. E24377A	32	32	32	32	0	0	1.0	100.0	1
map00680	rn00680	Methane metabolism / C1 metabolism	iECB_1328	Escherichia coli B str. REL606	iEcHS_1320	Escherichia coli HS	32	32	32	32	0	0	1.0	100.0	1
map00680	rn00680	Methane metabolism / C1 metabolism	iECB_1328	Escherichia coli B str. REL606	iEcSMS35_1347	Escherichia coli SMS-3-5	32	32	32	32	0	0	1.0	100.0	1
map00680	rn00680	Methane metabolism / C1 metabolism	iECB_1328	Escherichia coli B str. REL606	iEcolC_1368	Escherichia coli ATCC 8739	32	32	32	32	0	0	1.0	100.0	1
map00680	rn00680	Methane metabolism / C1 metabolism	iECB_1328	Escherichia coli B str. REL606	iG2583_1286	Escherichia coli O55:H7 str. CB9615	32	31	31	32	1	0	0.9688	96.88	0
map00680	rn00680	Methane metabolism / C1 metabolism	iECB_1328	Escherichia coli B str. REL606	iJO1366	Escherichia coli str. K-12 substr. MG1655	32	31	31	32	1	0	0.9688	96.88	0
map00680	rn00680	Methane metabolism / C1 metabolism	iECB_1328	Escherichia coli B str. REL606	iJR904	Escherichia coli str. K-12 substr. MG1655	32	28	28	32	4	0	0.875	87.5	0
map00680	rn00680	Methane metabolism / C1 metabolism	iECB_1328	Escherichia coli B str. REL606	iLF82_1304	Escherichia coli LF82	32	32	32	32	0	0	1.0	100.0	1
map00680	rn00680	Methane metabolism / C1 metabolism	iECB_1328	Escherichia coli B str. REL606	iML1515	Escherichia coli str. K-12 substr. MG1655	32	31	31	32	1	0	0.9688	96.88	0
map00680	rn00680	Methane metabolism / C1 metabolism	iECB_1328	Escherichia coli B str. REL606	iNRG857_1313	Escherichia coli O83:H1 str. NRG 857C	32	32	32	32	0	0	1.0	100.0	1
map00680	rn00680	Methane metabolism / C1 metabolism	iECB_1328	Escherichia coli B str. REL606	iUMN146_1321	Escherichia coli UM146	32	32	32	32	0	0	1.0	100.0	1
map00680	rn00680	Methane metabolism / C1 metabolism	iECB_1328	Escherichia coli B str. REL606	iUMNK88_1353	Escherichia coli UMNK88	32	32	32	32	0	0	1.0	100.0	1
map00680	rn00680	Methane metabolism / C1 metabolism	iECB_1328	Escherichia coli B str. REL606	iUTI89_1310	Escherichia coli UTI89	32	32	32	32	0	0	1.0	100.0	1
map00680	rn00680	Methane metabolism / C1 metabolism	iECB_1328	Escherichia coli B str. REL606	iWFL_1372	Escherichia coli W	32	32	32	32	0	0	1.0	100.0	1
map00680	rn00680	Methane metabolism / C1 metabolism	iECB_1328	Escherichia coli B str. REL606	iY75_1357	Escherichia coli str. K-12 substr. W3110	32	32	32	32	0	0	1.0	100.0	1
map00680	rn00680	Methane metabolism / C1 metabolism	iECB_1328	Escherichia coli B str. REL606	iZ_1308	Escherichia coli O157:H7 str. EDL933	32	32	32	32	0	0	1.0	100.0	1
map00680	rn00680	Methane metabolism / C1 metabolism	iECB_1328	Escherichia coli B str. REL606	ic_1306	Escherichia coli CFT073	32	32	32	32	0	0	1.0	100.0	1
map00680	rn00680	Methane metabolism / C1 metabolism	iECDH10B_1368	Escherichia coli str. K-12 substr. DH10B	iECDH1ME8569_1439	Escherichia coli DH1	32	32	32	32	0	0	1.0	100.0	1
map00680	rn00680	Methane metabolism / C1 metabolism	iECDH10B_1368	Escherichia coli str. K-12 substr. DH10B	iECD_1391	Escherichia coli BL21(DE3)	32	32	32	32	0	0	1.0	100.0	1
map00680	rn00680	Methane metabolism / C1 metabolism	iECDH10B_1368	Escherichia coli str. K-12 substr. DH10B	iECED1_1282	Escherichia coli ED1a	32	32	32	32	0	0	1.0	100.0	1
map00680	rn00680	Methane metabolism / C1 metabolism	iECDH10B_1368	Escherichia coli str. K-12 substr. DH10B	iECH74115_1262	Escherichia coli O157:H7 str. EC4115	32	31	31	32	1	0	0.9688	96.88	0
map00680	rn00680	Methane metabolism / C1 metabolism	iECDH10B_1368	Escherichia coli str. K-12 substr. DH10B	iECIAI1_1343	Escherichia coli IAI1	32	32	32	32	0	0	1.0	100.0	1
map00680	rn00680	Methane metabolism / C1 metabolism	iECDH10B_1368	Escherichia coli str. K-12 substr. DH10B	iECIAI39_1322	Escherichia coli IAI39	32	32	32	32	0	0	1.0	100.0	1
map00680	rn00680	Methane metabolism / C1 metabolism	iECDH10B_1368	Escherichia coli str. K-12 substr. DH10B	iECNA114_1301	Escherichia coli NA114	32	32	32	32	0	0	1.0	100.0	1
map00680	rn00680	Methane metabolism / C1 metabolism	iECDH10B_1368	Escherichia coli str. K-12 substr. DH10B	iECO103_1326	Escherichia coli O103:H2 str. 12009	32	32	32	32	0	0	1.0	100.0	1
map00680	rn00680	Methane metabolism / C1 metabolism	iECDH10B_1368	Escherichia coli str. K-12 substr. DH10B	iECO111_1330	Escherichia coli O111:H- str. 11128	32	32	32	32	0	0	1.0	100.0	1
map00680	rn00680	Methane metabolism / C1 metabolism	iECDH10B_1368	Escherichia coli str. K-12 substr. DH10B	iECO26_1355	Escherichia coli O26:H11 str. 11368	32	32	32	32	0	0	1.0	100.0	1
map00680	rn00680	Methane metabolism / C1 metabolism	iECDH10B_1368	Escherichia coli str. K-12 substr. DH10B	iECOK1_1307	Escherichia coli IHE3034	32	32	32	32	0	0	1.0	100.0	1
map00680	rn00680	Methane metabolism / C1 metabolism	iECDH10B_1368	Escherichia coli str. K-12 substr. DH10B	iECP_1309	Escherichia coli 536	32	32	32	32	0	0	1.0	100.0	1
map00680	rn00680	Methane metabolism / C1 metabolism	iECDH10B_1368	Escherichia coli str. K-12 substr. DH10B	iECS88_1305	Escherichia coli S88	32	32	32	32	0	0	1.0	100.0	1
map00680	rn00680	Methane metabolism / C1 metabolism	iECDH10B_1368	Escherichia coli str. K-12 substr. DH10B	iECSE_1348	Escherichia coli SE11	32	32	32	32	0	0	1.0	100.0	1
map00680	rn00680	Methane metabolism / C1 metabolism	iECDH10B_1368	Escherichia coli str. K-12 substr. DH10B	iECSF_1327	Escherichia coli SE15	32	32	32	32	0	0	1.0	100.0	1
map00680	rn00680	Methane metabolism / C1 metabolism	iECDH10B_1368	Escherichia coli str. K-12 substr. DH10B	iECSP_1301	Escherichia coli O157:H7 str. TW14359	32	32	32	32	0	0	1.0	100.0	1
map00680	rn00680	Methane metabolism / C1 metabolism	iECDH10B_1368	Escherichia coli str. K-12 substr. DH10B	iECUMN_1333	Escherichia coli UMN026	32	32	32	32	0	0	1.0	100.0	1
map00680	rn00680	Methane metabolism / C1 metabolism	iECDH10B_1368	Escherichia coli str. K-12 substr. DH10B	iECW_1372	Escherichia coli W	32	32	32	32	0	0	1.0	100.0	1
map00680	rn00680	Methane metabolism / C1 metabolism	iECDH10B_1368	Escherichia coli str. K-12 substr. DH10B	iECs_1301	Escherichia coli O157:H7 str. Sakai	32	32	32	32	0	0	1.0	100.0	1
map00680	rn00680	Methane metabolism / C1 metabolism	iECDH10B_1368	Escherichia coli str. K-12 substr. DH10B	iEKO11_1354	Escherichia coli KO11FL	32	32	32	32	0	0	1.0	100.0	1
map00680	rn00680	Methane metabolism / C1 metabolism	iECDH10B_1368	Escherichia coli str. K-12 substr. DH10B	iETEC_1333	Escherichia coli ETEC H10407	32	32	32	32	0	0	1.0	100.0	1
map00680	rn00680	Methane metabolism / C1 metabolism	iECDH10B_1368	Escherichia coli str. K-12 substr. DH10B	iEcDH1_1363	Escherichia coli DH1	32	32	32	32	0	0	1.0	100.0	1
map00680	rn00680	Methane metabolism / C1 metabolism	iECDH10B_1368	Escherichia coli str. K-12 substr. DH10B	iEcE24377_1341	Escherichia coli O139:H28 str. E24377A	32	32	32	32	0	0	1.0	100.0	1
map00680	rn00680	Methane metabolism / C1 metabolism	iECDH10B_1368	Escherichia coli str. K-12 substr. DH10B	iEcHS_1320	Escherichia coli HS	32	32	32	32	0	0	1.0	100.0	1
map00680	rn00680	Methane metabolism / C1 metabolism	iECDH10B_1368	Escherichia coli str. K-12 substr. DH10B	iEcSMS35_1347	Escherichia coli SMS-3-5	32	32	32	32	0	0	1.0	100.0	1
map00680	rn00680	Methane metabolism / C1 metabolism	iECDH10B_1368	Escherichia coli str. K-12 substr. DH10B	iEcolC_1368	Escherichia coli ATCC 8739	32	32	32	32	0	0	1.0	100.0	1
map00680	rn00680	Methane metabolism / C1 metabolism	iECDH10B_1368	Escherichia coli str. K-12 substr. DH10B	iG2583_1286	Escherichia coli O55:H7 str. CB9615	32	31	31	32	1	0	0.9688	96.88	0
map00680	rn00680	Methane metabolism / C1 metabolism	iECDH10B_1368	Escherichia coli str. K-12 substr. DH10B	iJO1366	Escherichia coli str. K-12 substr. MG1655	32	31	31	32	1	0	0.9688	96.88	0
map00680	rn00680	Methane metabolism / C1 metabolism	iECDH10B_1368	Escherichia coli str. K-12 substr. DH10B	iJR904	Escherichia coli str. K-12 substr. MG1655	32	28	28	32	4	0	0.875	87.5	0
map00680	rn00680	Methane metabolism / C1 metabolism	iECDH10B_1368	Escherichia coli str. K-12 substr. DH10B	iLF82_1304	Escherichia coli LF82	32	32	32	32	0	0	1.0	100.0	1
map00680	rn00680	Methane metabolism / C1 metabolism	iECDH10B_1368	Escherichia coli str. K-12 substr. DH10B	iML1515	Escherichia coli str. K-12 substr. MG1655	32	31	31	32	1	0	0.9688	96.88	0
map00680	rn00680	Methane metabolism / C1 metabolism	iECDH10B_1368	Escherichia coli str. K-12 substr. DH10B	iNRG857_1313	Escherichia coli O83:H1 str. NRG 857C	32	32	32	32	0	0	1.0	100.0	1
map00680	rn00680	Methane metabolism / C1 metabolism	iECDH10B_1368	Escherichia coli str. K-12 substr. DH10B	iUMN146_1321	Escherichia coli UM146	32	32	32	32	0	0	1.0	100.0	1
map00680	rn00680	Methane metabolism / C1 metabolism	iECDH10B_1368	Escherichia coli str. K-12 substr. DH10B	iUMNK88_1353	Escherichia coli UMNK88	32	32	32	32	0	0	1.0	100.0	1
map00680	rn00680	Methane metabolism / C1 metabolism	iECDH10B_1368	Escherichia coli str. K-12 substr. DH10B	iUTI89_1310	Escherichia coli UTI89	32	32	32	32	0	0	1.0	100.0	1
map00680	rn00680	Methane metabolism / C1 metabolism	iECDH10B_1368	Escherichia coli str. K-12 substr. DH10B	iWFL_1372	Escherichia coli W	32	32	32	32	0	0	1.0	100.0	1
map00680	rn00680	Methane metabolism / C1 metabolism	iECDH10B_1368	Escherichia coli str. K-12 substr. DH10B	iY75_1357	Escherichia coli str. K-12 substr. W3110	32	32	32	32	0	0	1.0	100.0	1
map00680	rn00680	Methane metabolism / C1 metabolism	iECDH10B_1368	Escherichia coli str. K-12 substr. DH10B	iZ_1308	Escherichia coli O157:H7 str. EDL933	32	32	32	32	0	0	1.0	100.0	1
map00680	rn00680	Methane metabolism / C1 metabolism	iECDH10B_1368	Escherichia coli str. K-12 substr. DH10B	ic_1306	Escherichia coli CFT073	32	32	32	32	0	0	1.0	100.0	1
map00680	rn00680	Methane metabolism / C1 metabolism	iECDH1ME8569_1439	Escherichia coli DH1	iECD_1391	Escherichia coli BL21(DE3)	32	32	32	32	0	0	1.0	100.0	1
map00680	rn00680	Methane metabolism / C1 metabolism	iECDH1ME8569_1439	Escherichia coli DH1	iECED1_1282	Escherichia coli ED1a	32	32	32	32	0	0	1.0	100.0	1
map00680	rn00680	Methane metabolism / C1 metabolism	iECDH1ME8569_1439	Escherichia coli DH1	iECH74115_1262	Escherichia coli O157:H7 str. EC4115	32	31	31	32	1	0	0.9688	96.88	0
map00680	rn00680	Methane metabolism / C1 metabolism	iECDH1ME8569_1439	Escherichia coli DH1	iECIAI1_1343	Escherichia coli IAI1	32	32	32	32	0	0	1.0	100.0	1
map00680	rn00680	Methane metabolism / C1 metabolism	iECDH1ME8569_1439	Escherichia coli DH1	iECIAI39_1322	Escherichia coli IAI39	32	32	32	32	0	0	1.0	100.0	1
map00680	rn00680	Methane metabolism / C1 metabolism	iECDH1ME8569_1439	Escherichia coli DH1	iECNA114_1301	Escherichia coli NA114	32	32	32	32	0	0	1.0	100.0	1
map00680	rn00680	Methane metabolism / C1 metabolism	iECDH1ME8569_1439	Escherichia coli DH1	iECO103_1326	Escherichia coli O103:H2 str. 12009	32	32	32	32	0	0	1.0	100.0	1
map00680	rn00680	Methane metabolism / C1 metabolism	iECDH1ME8569_1439	Escherichia coli DH1	iECO111_1330	Escherichia coli O111:H- str. 11128	32	32	32	32	0	0	1.0	100.0	1
map00680	rn00680	Methane metabolism / C1 metabolism	iECDH1ME8569_1439	Escherichia coli DH1	iECO26_1355	Escherichia coli O26:H11 str. 11368	32	32	32	32	0	0	1.0	100.0	1
map00680	rn00680	Methane metabolism / C1 metabolism	iECDH1ME8569_1439	Escherichia coli DH1	iECOK1_1307	Escherichia coli IHE3034	32	32	32	32	0	0	1.0	100.0	1
map00680	rn00680	Methane metabolism / C1 metabolism	iECDH1ME8569_1439	Escherichia coli DH1	iECP_1309	Escherichia coli 536	32	32	32	32	0	0	1.0	100.0	1
map00680	rn00680	Methane metabolism / C1 metabolism	iECDH1ME8569_1439	Escherichia coli DH1	iECS88_1305	Escherichia coli S88	32	32	32	32	0	0	1.0	100.0	1
map00680	rn00680	Methane metabolism / C1 metabolism	iECDH1ME8569_1439	Escherichia coli DH1	iECSE_1348	Escherichia coli SE11	32	32	32	32	0	0	1.0	100.0	1
map00680	rn00680	Methane metabolism / C1 metabolism	iECDH1ME8569_1439	Escherichia coli DH1	iECSF_1327	Escherichia coli SE15	32	32	32	32	0	0	1.0	100.0	1
map00680	rn00680	Methane metabolism / C1 metabolism	iECDH1ME8569_1439	Escherichia coli DH1	iECSP_1301	Escherichia coli O157:H7 str. TW14359	32	32	32	32	0	0	1.0	100.0	1
map00680	rn00680	Methane metabolism / C1 metabolism	iECDH1ME8569_1439	Escherichia coli DH1	iECUMN_1333	Escherichia coli UMN026	32	32	32	32	0	0	1.0	100.0	1
map00680	rn00680	Methane metabolism / C1 metabolism	iECDH1ME8569_1439	Escherichia coli DH1	iECW_1372	Escherichia coli W	32	32	32	32	0	0	1.0	100.0	1
map00680	rn00680	Methane metabolism / C1 metabolism	iECDH1ME8569_1439	Escherichia coli DH1	iECs_1301	Escherichia coli O157:H7 str. Sakai	32	32	32	32	0	0	1.0	100.0	1
map00680	rn00680	Methane metabolism / C1 metabolism	iECDH1ME8569_1439	Escherichia coli DH1	iEKO11_1354	Escherichia coli KO11FL	32	32	32	32	0	0	1.0	100.0	1
map00680	rn00680	Methane metabolism / C1 metabolism	iECDH1ME8569_1439	Escherichia coli DH1	iETEC_1333	Escherichia coli ETEC H10407	32	32	32	32	0	0	1.0	100.0	1
map00680	rn00680	Methane metabolism / C1 metabolism	iECDH1ME8569_1439	Escherichia coli DH1	iEcDH1_1363	Escherichia coli DH1	32	32	32	32	0	0	1.0	100.0	1
map00680	rn00680	Methane metabolism / C1 metabolism	iECDH1ME8569_1439	Escherichia coli DH1	iEcE24377_1341	Escherichia coli O139:H28 str. E24377A	32	32	32	32	0	0	1.0	100.0	1
map00680	rn00680	Methane metabolism / C1 metabolism	iECDH1ME8569_1439	Escherichia coli DH1	iEcHS_1320	Escherichia coli HS	32	32	32	32	0	0	1.0	100.0	1
map00680	rn00680	Methane metabolism / C1 metabolism	iECDH1ME8569_1439	Escherichia coli DH1	iEcSMS35_1347	Escherichia coli SMS-3-5	32	32	32	32	0	0	1.0	100.0	1
map00680	rn00680	Methane metabolism / C1 metabolism	iECDH1ME8569_1439	Escherichia coli DH1	iEcolC_1368	Escherichia coli ATCC 8739	32	32	32	32	0	0	1.0	100.0	1
map00680	rn00680	Methane metabolism / C1 metabolism	iECDH1ME8569_1439	Escherichia coli DH1	iG2583_1286	Escherichia coli O55:H7 str. CB9615	32	31	31	32	1	0	0.9688	96.88	0
map00680	rn00680	Methane metabolism / C1 metabolism	iECDH1ME8569_1439	Escherichia coli DH1	iJO1366	Escherichia coli str. K-12 substr. MG1655	32	31	31	32	1	0	0.9688	96.88	0
map00680	rn00680	Methane metabolism / C1 metabolism	iECDH1ME8569_1439	Escherichia coli DH1	iJR904	Escherichia coli str. K-12 substr. MG1655	32	28	28	32	4	0	0.875	87.5	0
map00680	rn00680	Methane metabolism / C1 metabolism	iECDH1ME8569_1439	Escherichia coli DH1	iLF82_1304	Escherichia coli LF82	32	32	32	32	0	0	1.0	100.0	1
map00680	rn00680	Methane metabolism / C1 metabolism	iECDH1ME8569_1439	Escherichia coli DH1	iML1515	Escherichia coli str. K-12 substr. MG1655	32	31	31	32	1	0	0.9688	96.88	0
map00680	rn00680	Methane metabolism / C1 metabolism	iECDH1ME8569_1439	Escherichia coli DH1	iNRG857_1313	Escherichia coli O83:H1 str. NRG 857C	32	32	32	32	0	0	1.0	100.0	1
map00680	rn00680	Methane metabolism / C1 metabolism	iECDH1ME8569_1439	Escherichia coli DH1	iUMN146_1321	Escherichia coli UM146	32	32	32	32	0	0	1.0	100.0	1
map00680	rn00680	Methane metabolism / C1 metabolism	iECDH1ME8569_1439	Escherichia coli DH1	iUMNK88_1353	Escherichia coli UMNK88	32	32	32	32	0	0	1.0	100.0	1
map00680	rn00680	Methane metabolism / C1 metabolism	iECDH1ME8569_1439	Escherichia coli DH1	iUTI89_1310	Escherichia coli UTI89	32	32	32	32	0	0	1.0	100.0	1
map00680	rn00680	Methane metabolism / C1 metabolism	iECDH1ME8569_1439	Escherichia coli DH1	iWFL_1372	Escherichia coli W	32	32	32	32	0	0	1.0	100.0	1
map00680	rn00680	Methane metabolism / C1 metabolism	iECDH1ME8569_1439	Escherichia coli DH1	iY75_1357	Escherichia coli str. K-12 substr. W3110	32	32	32	32	0	0	1.0	100.0	1
map00680	rn00680	Methane metabolism / C1 metabolism	iECDH1ME8569_1439	Escherichia coli DH1	iZ_1308	Escherichia coli O157:H7 str. EDL933	32	32	32	32	0	0	1.0	100.0	1
map00680	rn00680	Methane metabolism / C1 metabolism	iECDH1ME8569_1439	Escherichia coli DH1	ic_1306	Escherichia coli CFT073	32	32	32	32	0	0	1.0	100.0	1
map00680	rn00680	Methane metabolism / C1 metabolism	iECD_1391	Escherichia coli BL21(DE3)	iECED1_1282	Escherichia coli ED1a	32	32	32	32	0	0	1.0	100.0	1
map00680	rn00680	Methane metabolism / C1 metabolism	iECD_1391	Escherichia coli BL21(DE3)	iECH74115_1262	Escherichia coli O157:H7 str. EC4115	32	31	31	32	1	0	0.9688	96.88	0
map00680	rn00680	Methane metabolism / C1 metabolism	iECD_1391	Escherichia coli BL21(DE3)	iECIAI1_1343	Escherichia coli IAI1	32	32	32	32	0	0	1.0	100.0	1
map00680	rn00680	Methane metabolism / C1 metabolism	iECD_1391	Escherichia coli BL21(DE3)	iECIAI39_1322	Escherichia coli IAI39	32	32	32	32	0	0	1.0	100.0	1
map00680	rn00680	Methane metabolism / C1 metabolism	iECD_1391	Escherichia coli BL21(DE3)	iECNA114_1301	Escherichia coli NA114	32	32	32	32	0	0	1.0	100.0	1
map00680	rn00680	Methane metabolism / C1 metabolism	iECD_1391	Escherichia coli BL21(DE3)	iECO103_1326	Escherichia coli O103:H2 str. 12009	32	32	32	32	0	0	1.0	100.0	1
map00680	rn00680	Methane metabolism / C1 metabolism	iECD_1391	Escherichia coli BL21(DE3)	iECO111_1330	Escherichia coli O111:H- str. 11128	32	32	32	32	0	0	1.0	100.0	1
map00680	rn00680	Methane metabolism / C1 metabolism	iECD_1391	Escherichia coli BL21(DE3)	iECO26_1355	Escherichia coli O26:H11 str. 11368	32	32	32	32	0	0	1.0	100.0	1
map00680	rn00680	Methane metabolism / C1 metabolism	iECD_1391	Escherichia coli BL21(DE3)	iECOK1_1307	Escherichia coli IHE3034	32	32	32	32	0	0	1.0	100.0	1
map00680	rn00680	Methane metabolism / C1 metabolism	iECD_1391	Escherichia coli BL21(DE3)	iECP_1309	Escherichia coli 536	32	32	32	32	0	0	1.0	100.0	1
map00680	rn00680	Methane metabolism / C1 metabolism	iECD_1391	Escherichia coli BL21(DE3)	iECS88_1305	Escherichia coli S88	32	32	32	32	0	0	1.0	100.0	1
map00680	rn00680	Methane metabolism / C1 metabolism	iECD_1391	Escherichia coli BL21(DE3)	iECSE_1348	Escherichia coli SE11	32	32	32	32	0	0	1.0	100.0	1
map00680	rn00680	Methane metabolism / C1 metabolism	iECD_1391	Escherichia coli BL21(DE3)	iECSF_1327	Escherichia coli SE15	32	32	32	32	0	0	1.0	100.0	1
map00680	rn00680	Methane metabolism / C1 metabolism	iECD_1391	Escherichia coli BL21(DE3)	iECSP_1301	Escherichia coli O157:H7 str. TW14359	32	32	32	32	0	0	1.0	100.0	1
map00680	rn00680	Methane metabolism / C1 metabolism	iECD_1391	Escherichia coli BL21(DE3)	iECUMN_1333	Escherichia coli UMN026	32	32	32	32	0	0	1.0	100.0	1
map00680	rn00680	Methane metabolism / C1 metabolism	iECD_1391	Escherichia coli BL21(DE3)	iECW_1372	Escherichia coli W	32	32	32	32	0	0	1.0	100.0	1
map00680	rn00680	Methane metabolism / C1 metabolism	iECD_1391	Escherichia coli BL21(DE3)	iECs_1301	Escherichia coli O157:H7 str. Sakai	32	32	32	32	0	0	1.0	100.0	1
map00680	rn00680	Methane metabolism / C1 metabolism	iECD_1391	Escherichia coli BL21(DE3)	iEKO11_1354	Escherichia coli KO11FL	32	32	32	32	0	0	1.0	100.0	1
map00680	rn00680	Methane metabolism / C1 metabolism	iECD_1391	Escherichia coli BL21(DE3)	iETEC_1333	Escherichia coli ETEC H10407	32	32	32	32	0	0	1.0	100.0	1
map00680	rn00680	Methane metabolism / C1 metabolism	iECD_1391	Escherichia coli BL21(DE3)	iEcDH1_1363	Escherichia coli DH1	32	32	32	32	0	0	1.0	100.0	1
map00680	rn00680	Methane metabolism / C1 metabolism	iECD_1391	Escherichia coli BL21(DE3)	iEcE24377_1341	Escherichia coli O139:H28 str. E24377A	32	32	32	32	0	0	1.0	100.0	1
map00680	rn00680	Methane metabolism / C1 metabolism	iECD_1391	Escherichia coli BL21(DE3)	iEcHS_1320	Escherichia coli HS	32	32	32	32	0	0	1.0	100.0	1
map00680	rn00680	Methane metabolism / C1 metabolism	iECD_1391	Escherichia coli BL21(DE3)	iEcSMS35_1347	Escherichia coli SMS-3-5	32	32	32	32	0	0	1.0	100.0	1
map00680	rn00680	Methane metabolism / C1 metabolism	iECD_1391	Escherichia coli BL21(DE3)	iEcolC_1368	Escherichia coli ATCC 8739	32	32	32	32	0	0	1.0	100.0	1
map00680	rn00680	Methane metabolism / C1 metabolism	iECD_1391	Escherichia coli BL21(DE3)	iG2583_1286	Escherichia coli O55:H7 str. CB9615	32	31	31	32	1	0	0.9688	96.88	0
map00680	rn00680	Methane metabolism / C1 metabolism	iECD_1391	Escherichia coli BL21(DE3)	iJO1366	Escherichia coli str. K-12 substr. MG1655	32	31	31	32	1	0	0.9688	96.88	0
map00680	rn00680	Methane metabolism / C1 metabolism	iECD_1391	Escherichia coli BL21(DE3)	iJR904	Escherichia coli str. K-12 substr. MG1655	32	28	28	32	4	0	0.875	87.5	0
map00680	rn00680	Methane metabolism / C1 metabolism	iECD_1391	Escherichia coli BL21(DE3)	iLF82_1304	Escherichia coli LF82	32	32	32	32	0	0	1.0	100.0	1
map00680	rn00680	Methane metabolism / C1 metabolism	iECD_1391	Escherichia coli BL21(DE3)	iML1515	Escherichia coli str. K-12 substr. MG1655	32	31	31	32	1	0	0.9688	96.88	0
map00680	rn00680	Methane metabolism / C1 metabolism	iECD_1391	Escherichia coli BL21(DE3)	iNRG857_1313	Escherichia coli O83:H1 str. NRG 857C	32	32	32	32	0	0	1.0	100.0	1
map00680	rn00680	Methane metabolism / C1 metabolism	iECD_1391	Escherichia coli BL21(DE3)	iUMN146_1321	Escherichia coli UM146	32	32	32	32	0	0	1.0	100.0	1
map00680	rn00680	Methane metabolism / C1 metabolism	iECD_1391	Escherichia coli BL21(DE3)	iUMNK88_1353	Escherichia coli UMNK88	32	32	32	32	0	0	1.0	100.0	1
map00680	rn00680	Methane metabolism / C1 metabolism	iECD_1391	Escherichia coli BL21(DE3)	iUTI89_1310	Escherichia coli UTI89	32	32	32	32	0	0	1.0	100.0	1
map00680	rn00680	Methane metabolism / C1 metabolism	iECD_1391	Escherichia coli BL21(DE3)	iWFL_1372	Escherichia coli W	32	32	32	32	0	0	1.0	100.0	1
map00680	rn00680	Methane metabolism / C1 metabolism	iECD_1391	Escherichia coli BL21(DE3)	iY75_1357	Escherichia coli str. K-12 substr. W3110	32	32	32	32	0	0	1.0	100.0	1
map00680	rn00680	Methane metabolism / C1 metabolism	iECD_1391	Escherichia coli BL21(DE3)	iZ_1308	Escherichia coli O157:H7 str. EDL933	32	32	32	32	0	0	1.0	100.0	1
map00680	rn00680	Methane metabolism / C1 metabolism	iECD_1391	Escherichia coli BL21(DE3)	ic_1306	Escherichia coli CFT073	32	32	32	32	0	0	1.0	100.0	1
map00680	rn00680	Methane metabolism / C1 metabolism	iECED1_1282	Escherichia coli ED1a	iECH74115_1262	Escherichia coli O157:H7 str. EC4115	32	31	31	32	1	0	0.9688	96.88	0
map00680	rn00680	Methane metabolism / C1 metabolism	iECED1_1282	Escherichia coli ED1a	iECIAI1_1343	Escherichia coli IAI1	32	32	32	32	0	0	1.0	100.0	1
map00680	rn00680	Methane metabolism / C1 metabolism	iECED1_1282	Escherichia coli ED1a	iECIAI39_1322	Escherichia coli IAI39	32	32	32	32	0	0	1.0	100.0	1
map00680	rn00680	Methane metabolism / C1 metabolism	iECED1_1282	Escherichia coli ED1a	iECNA114_1301	Escherichia coli NA114	32	32	32	32	0	0	1.0	100.0	1
map00680	rn00680	Methane metabolism / C1 metabolism	iECED1_1282	Escherichia coli ED1a	iECO103_1326	Escherichia coli O103:H2 str. 12009	32	32	32	32	0	0	1.0	100.0	1
map00680	rn00680	Methane metabolism / C1 metabolism	iECED1_1282	Escherichia coli ED1a	iECO111_1330	Escherichia coli O111:H- str. 11128	32	32	32	32	0	0	1.0	100.0	1
map00680	rn00680	Methane metabolism / C1 metabolism	iECED1_1282	Escherichia coli ED1a	iECO26_1355	Escherichia coli O26:H11 str. 11368	32	32	32	32	0	0	1.0	100.0	1
map00680	rn00680	Methane metabolism / C1 metabolism	iECED1_1282	Escherichia coli ED1a	iECOK1_1307	Escherichia coli IHE3034	32	32	32	32	0	0	1.0	100.0	1
map00680	rn00680	Methane metabolism / C1 metabolism	iECED1_1282	Escherichia coli ED1a	iECP_1309	Escherichia coli 536	32	32	32	32	0	0	1.0	100.0	1
map00680	rn00680	Methane metabolism / C1 metabolism	iECED1_1282	Escherichia coli ED1a	iECS88_1305	Escherichia coli S88	32	32	32	32	0	0	1.0	100.0	1
map00680	rn00680	Methane metabolism / C1 metabolism	iECED1_1282	Escherichia coli ED1a	iECSE_1348	Escherichia coli SE11	32	32	32	32	0	0	1.0	100.0	1
map00680	rn00680	Methane metabolism / C1 metabolism	iECED1_1282	Escherichia coli ED1a	iECSF_1327	Escherichia coli SE15	32	32	32	32	0	0	1.0	100.0	1
map00680	rn00680	Methane metabolism / C1 metabolism	iECED1_1282	Escherichia coli ED1a	iECSP_1301	Escherichia coli O157:H7 str. TW14359	32	32	32	32	0	0	1.0	100.0	1
map00680	rn00680	Methane metabolism / C1 metabolism	iECED1_1282	Escherichia coli ED1a	iECUMN_1333	Escherichia coli UMN026	32	32	32	32	0	0	1.0	100.0	1
map00680	rn00680	Methane metabolism / C1 metabolism	iECED1_1282	Escherichia coli ED1a	iECW_1372	Escherichia coli W	32	32	32	32	0	0	1.0	100.0	1
map00680	rn00680	Methane metabolism / C1 metabolism	iECED1_1282	Escherichia coli ED1a	iECs_1301	Escherichia coli O157:H7 str. Sakai	32	32	32	32	0	0	1.0	100.0	1
map00680	rn00680	Methane metabolism / C1 metabolism	iECED1_1282	Escherichia coli ED1a	iEKO11_1354	Escherichia coli KO11FL	32	32	32	32	0	0	1.0	100.0	1
map00680	rn00680	Methane metabolism / C1 metabolism	iECED1_1282	Escherichia coli ED1a	iETEC_1333	Escherichia coli ETEC H10407	32	32	32	32	0	0	1.0	100.0	1
map00680	rn00680	Methane metabolism / C1 metabolism	iECED1_1282	Escherichia coli ED1a	iEcDH1_1363	Escherichia coli DH1	32	32	32	32	0	0	1.0	100.0	1
map00680	rn00680	Methane metabolism / C1 metabolism	iECED1_1282	Escherichia coli ED1a	iEcE24377_1341	Escherichia coli O139:H28 str. E24377A	32	32	32	32	0	0	1.0	100.0	1
map00680	rn00680	Methane metabolism / C1 metabolism	iECED1_1282	Escherichia coli ED1a	iEcHS_1320	Escherichia coli HS	32	32	32	32	0	0	1.0	100.0	1
map00680	rn00680	Methane metabolism / C1 metabolism	iECED1_1282	Escherichia coli ED1a	iEcSMS35_1347	Escherichia coli SMS-3-5	32	32	32	32	0	0	1.0	100.0	1
map00680	rn00680	Methane metabolism / C1 metabolism	iECED1_1282	Escherichia coli ED1a	iEcolC_1368	Escherichia coli ATCC 8739	32	32	32	32	0	0	1.0	100.0	1
map00680	rn00680	Methane metabolism / C1 metabolism	iECED1_1282	Escherichia coli ED1a	iG2583_1286	Escherichia coli O55:H7 str. CB9615	32	31	31	32	1	0	0.9688	96.88	0
map00680	rn00680	Methane metabolism / C1 metabolism	iECED1_1282	Escherichia coli ED1a	iJO1366	Escherichia coli str. K-12 substr. MG1655	32	31	31	32	1	0	0.9688	96.88	0
map00680	rn00680	Methane metabolism / C1 metabolism	iECED1_1282	Escherichia coli ED1a	iJR904	Escherichia coli str. K-12 substr. MG1655	32	28	28	32	4	0	0.875	87.5	0
map00680	rn00680	Methane metabolism / C1 metabolism	iECED1_1282	Escherichia coli ED1a	iLF82_1304	Escherichia coli LF82	32	32	32	32	0	0	1.0	100.0	1
map00680	rn00680	Methane metabolism / C1 metabolism	iECED1_1282	Escherichia coli ED1a	iML1515	Escherichia coli str. K-12 substr. MG1655	32	31	31	32	1	0	0.9688	96.88	0
map00680	rn00680	Methane metabolism / C1 metabolism	iECED1_1282	Escherichia coli ED1a	iNRG857_1313	Escherichia coli O83:H1 str. NRG 857C	32	32	32	32	0	0	1.0	100.0	1
map00680	rn00680	Methane metabolism / C1 metabolism	iECED1_1282	Escherichia coli ED1a	iUMN146_1321	Escherichia coli UM146	32	32	32	32	0	0	1.0	100.0	1
map00680	rn00680	Methane metabolism / C1 metabolism	iECED1_1282	Escherichia coli ED1a	iUMNK88_1353	Escherichia coli UMNK88	32	32	32	32	0	0	1.0	100.0	1
map00680	rn00680	Methane metabolism / C1 metabolism	iECED1_1282	Escherichia coli ED1a	iUTI89_1310	Escherichia coli UTI89	32	32	32	32	0	0	1.0	100.0	1
map00680	rn00680	Methane metabolism / C1 metabolism	iECED1_1282	Escherichia coli ED1a	iWFL_1372	Escherichia coli W	32	32	32	32	0	0	1.0	100.0	1
map00680	rn00680	Methane metabolism / C1 metabolism	iECED1_1282	Escherichia coli ED1a	iY75_1357	Escherichia coli str. K-12 substr. W3110	32	32	32	32	0	0	1.0	100.0	1
map00680	rn00680	Methane metabolism / C1 metabolism	iECED1_1282	Escherichia coli ED1a	iZ_1308	Escherichia coli O157:H7 str. EDL933	32	32	32	32	0	0	1.0	100.0	1
map00680	rn00680	Methane metabolism / C1 metabolism	iECED1_1282	Escherichia coli ED1a	ic_1306	Escherichia coli CFT073	32	32	32	32	0	0	1.0	100.0	1
map00680	rn00680	Methane metabolism / C1 metabolism	iECH74115_1262	Escherichia coli O157:H7 str. EC4115	iECIAI1_1343	Escherichia coli IAI1	31	32	31	32	0	1	0.9688	96.88	0
map00680	rn00680	Methane metabolism / C1 metabolism	iECH74115_1262	Escherichia coli O157:H7 str. EC4115	iECIAI39_1322	Escherichia coli IAI39	31	32	31	32	0	1	0.9688	96.88	0
map00680	rn00680	Methane metabolism / C1 metabolism	iECH74115_1262	Escherichia coli O157:H7 str. EC4115	iECNA114_1301	Escherichia coli NA114	31	32	31	32	0	1	0.9688	96.88	0
map00680	rn00680	Methane metabolism / C1 metabolism	iECH74115_1262	Escherichia coli O157:H7 str. EC4115	iECO103_1326	Escherichia coli O103:H2 str. 12009	31	32	31	32	0	1	0.9688	96.88	0
map00680	rn00680	Methane metabolism / C1 metabolism	iECH74115_1262	Escherichia coli O157:H7 str. EC4115	iECO111_1330	Escherichia coli O111:H- str. 11128	31	32	31	32	0	1	0.9688	96.88	0
map00680	rn00680	Methane metabolism / C1 metabolism	iECH74115_1262	Escherichia coli O157:H7 str. EC4115	iECO26_1355	Escherichia coli O26:H11 str. 11368	31	32	31	32	0	1	0.9688	96.88	0
map00680	rn00680	Methane metabolism / C1 metabolism	iECH74115_1262	Escherichia coli O157:H7 str. EC4115	iECOK1_1307	Escherichia coli IHE3034	31	32	31	32	0	1	0.9688	96.88	0
map00680	rn00680	Methane metabolism / C1 metabolism	iECH74115_1262	Escherichia coli O157:H7 str. EC4115	iECP_1309	Escherichia coli 536	31	32	31	32	0	1	0.9688	96.88	0
map00680	rn00680	Methane metabolism / C1 metabolism	iECH74115_1262	Escherichia coli O157:H7 str. EC4115	iECS88_1305	Escherichia coli S88	31	32	31	32	0	1	0.9688	96.88	0
map00680	rn00680	Methane metabolism / C1 metabolism	iECH74115_1262	Escherichia coli O157:H7 str. EC4115	iECSE_1348	Escherichia coli SE11	31	32	31	32	0	1	0.9688	96.88	0
map00680	rn00680	Methane metabolism / C1 metabolism	iECH74115_1262	Escherichia coli O157:H7 str. EC4115	iECSF_1327	Escherichia coli SE15	31	32	31	32	0	1	0.9688	96.88	0
map00680	rn00680	Methane metabolism / C1 metabolism	iECH74115_1262	Escherichia coli O157:H7 str. EC4115	iECSP_1301	Escherichia coli O157:H7 str. TW14359	31	32	31	32	0	1	0.9688	96.88	0
map00680	rn00680	Methane metabolism / C1 metabolism	iECH74115_1262	Escherichia coli O157:H7 str. EC4115	iECUMN_1333	Escherichia coli UMN026	31	32	31	32	0	1	0.9688	96.88	0
map00680	rn00680	Methane metabolism / C1 metabolism	iECH74115_1262	Escherichia coli O157:H7 str. EC4115	iECW_1372	Escherichia coli W	31	32	31	32	0	1	0.9688	96.88	0
map00680	rn00680	Methane metabolism / C1 metabolism	iECH74115_1262	Escherichia coli O157:H7 str. EC4115	iECs_1301	Escherichia coli O157:H7 str. Sakai	31	32	31	32	0	1	0.9688	96.88	0
map00680	rn00680	Methane metabolism / C1 metabolism	iECH74115_1262	Escherichia coli O157:H7 str. EC4115	iEKO11_1354	Escherichia coli KO11FL	31	32	31	32	0	1	0.9688	96.88	0
map00680	rn00680	Methane metabolism / C1 metabolism	iECH74115_1262	Escherichia coli O157:H7 str. EC4115	iETEC_1333	Escherichia coli ETEC H10407	31	32	31	32	0	1	0.9688	96.88	0
map00680	rn00680	Methane metabolism / C1 metabolism	iECH74115_1262	Escherichia coli O157:H7 str. EC4115	iEcDH1_1363	Escherichia coli DH1	31	32	31	32	0	1	0.9688	96.88	0
map00680	rn00680	Methane metabolism / C1 metabolism	iECH74115_1262	Escherichia coli O157:H7 str. EC4115	iEcE24377_1341	Escherichia coli O139:H28 str. E24377A	31	32	31	32	0	1	0.9688	96.88	0
map00680	rn00680	Methane metabolism / C1 metabolism	iECH74115_1262	Escherichia coli O157:H7 str. EC4115	iEcHS_1320	Escherichia coli HS	31	32	31	32	0	1	0.9688	96.88	0
map00680	rn00680	Methane metabolism / C1 metabolism	iECH74115_1262	Escherichia coli O157:H7 str. EC4115	iEcSMS35_1347	Escherichia coli SMS-3-5	31	32	31	32	0	1	0.9688	96.88	0
map00680	rn00680	Methane metabolism / C1 metabolism	iECH74115_1262	Escherichia coli O157:H7 str. EC4115	iEcolC_1368	Escherichia coli ATCC 8739	31	32	31	32	0	1	0.9688	96.88	0
map00680	rn00680	Methane metabolism / C1 metabolism	iECH74115_1262	Escherichia coli O157:H7 str. EC4115	iG2583_1286	Escherichia coli O55:H7 str. CB9615	31	31	31	31	0	0	1.0	100.0	1
map00680	rn00680	Methane metabolism / C1 metabolism	iECH74115_1262	Escherichia coli O157:H7 str. EC4115	iJO1366	Escherichia coli str. K-12 substr. MG1655	31	31	30	32	1	1	0.9375	93.75	0
map00680	rn00680	Methane metabolism / C1 metabolism	iECH74115_1262	Escherichia coli O157:H7 str. EC4115	iJR904	Escherichia coli str. K-12 substr. MG1655	31	28	27	32	4	1	0.8438	84.38	0
map00680	rn00680	Methane metabolism / C1 metabolism	iECH74115_1262	Escherichia coli O157:H7 str. EC4115	iLF82_1304	Escherichia coli LF82	31	32	31	32	0	1	0.9688	96.88	0
map00680	rn00680	Methane metabolism / C1 metabolism	iECH74115_1262	Escherichia coli O157:H7 str. EC4115	iML1515	Escherichia coli str. K-12 substr. MG1655	31	31	30	32	1	1	0.9375	93.75	0
map00680	rn00680	Methane metabolism / C1 metabolism	iECH74115_1262	Escherichia coli O157:H7 str. EC4115	iNRG857_1313	Escherichia coli O83:H1 str. NRG 857C	31	32	31	32	0	1	0.9688	96.88	0
map00680	rn00680	Methane metabolism / C1 metabolism	iECH74115_1262	Escherichia coli O157:H7 str. EC4115	iUMN146_1321	Escherichia coli UM146	31	32	31	32	0	1	0.9688	96.88	0
map00680	rn00680	Methane metabolism / C1 metabolism	iECH74115_1262	Escherichia coli O157:H7 str. EC4115	iUMNK88_1353	Escherichia coli UMNK88	31	32	31	32	0	1	0.9688	96.88	0
map00680	rn00680	Methane metabolism / C1 metabolism	iECH74115_1262	Escherichia coli O157:H7 str. EC4115	iUTI89_1310	Escherichia coli UTI89	31	32	31	32	0	1	0.9688	96.88	0
map00680	rn00680	Methane metabolism / C1 metabolism	iECH74115_1262	Escherichia coli O157:H7 str. EC4115	iWFL_1372	Escherichia coli W	31	32	31	32	0	1	0.9688	96.88	0
map00680	rn00680	Methane metabolism / C1 metabolism	iECH74115_1262	Escherichia coli O157:H7 str. EC4115	iY75_1357	Escherichia coli str. K-12 substr. W3110	31	32	31	32	0	1	0.9688	96.88	0
map00680	rn00680	Methane metabolism / C1 metabolism	iECH74115_1262	Escherichia coli O157:H7 str. EC4115	iZ_1308	Escherichia coli O157:H7 str. EDL933	31	32	31	32	0	1	0.9688	96.88	0
map00680	rn00680	Methane metabolism / C1 metabolism	iECH74115_1262	Escherichia coli O157:H7 str. EC4115	ic_1306	Escherichia coli CFT073	31	32	31	32	0	1	0.9688	96.88	0
map00680	rn00680	Methane metabolism / C1 metabolism	iECIAI1_1343	Escherichia coli IAI1	iECIAI39_1322	Escherichia coli IAI39	32	32	32	32	0	0	1.0	100.0	1
map00680	rn00680	Methane metabolism / C1 metabolism	iECIAI1_1343	Escherichia coli IAI1	iECNA114_1301	Escherichia coli NA114	32	32	32	32	0	0	1.0	100.0	1
map00680	rn00680	Methane metabolism / C1 metabolism	iECIAI1_1343	Escherichia coli IAI1	iECO103_1326	Escherichia coli O103:H2 str. 12009	32	32	32	32	0	0	1.0	100.0	1
map00680	rn00680	Methane metabolism / C1 metabolism	iECIAI1_1343	Escherichia coli IAI1	iECO111_1330	Escherichia coli O111:H- str. 11128	32	32	32	32	0	0	1.0	100.0	1
map00680	rn00680	Methane metabolism / C1 metabolism	iECIAI1_1343	Escherichia coli IAI1	iECO26_1355	Escherichia coli O26:H11 str. 11368	32	32	32	32	0	0	1.0	100.0	1
map00680	rn00680	Methane metabolism / C1 metabolism	iECIAI1_1343	Escherichia coli IAI1	iECOK1_1307	Escherichia coli IHE3034	32	32	32	32	0	0	1.0	100.0	1
map00680	rn00680	Methane metabolism / C1 metabolism	iECIAI1_1343	Escherichia coli IAI1	iECP_1309	Escherichia coli 536	32	32	32	32	0	0	1.0	100.0	1
map00680	rn00680	Methane metabolism / C1 metabolism	iECIAI1_1343	Escherichia coli IAI1	iECS88_1305	Escherichia coli S88	32	32	32	32	0	0	1.0	100.0	1
map00680	rn00680	Methane metabolism / C1 metabolism	iECIAI1_1343	Escherichia coli IAI1	iECSE_1348	Escherichia coli SE11	32	32	32	32	0	0	1.0	100.0	1
map00680	rn00680	Methane metabolism / C1 metabolism	iECIAI1_1343	Escherichia coli IAI1	iECSF_1327	Escherichia coli SE15	32	32	32	32	0	0	1.0	100.0	1
map00680	rn00680	Methane metabolism / C1 metabolism	iECIAI1_1343	Escherichia coli IAI1	iECSP_1301	Escherichia coli O157:H7 str. TW14359	32	32	32	32	0	0	1.0	100.0	1
map00680	rn00680	Methane metabolism / C1 metabolism	iECIAI1_1343	Escherichia coli IAI1	iECUMN_1333	Escherichia coli UMN026	32	32	32	32	0	0	1.0	100.0	1
map00680	rn00680	Methane metabolism / C1 metabolism	iECIAI1_1343	Escherichia coli IAI1	iECW_1372	Escherichia coli W	32	32	32	32	0	0	1.0	100.0	1
map00680	rn00680	Methane metabolism / C1 metabolism	iECIAI1_1343	Escherichia coli IAI1	iECs_1301	Escherichia coli O157:H7 str. Sakai	32	32	32	32	0	0	1.0	100.0	1
map00680	rn00680	Methane metabolism / C1 metabolism	iECIAI1_1343	Escherichia coli IAI1	iEKO11_1354	Escherichia coli KO11FL	32	32	32	32	0	0	1.0	100.0	1
map00680	rn00680	Methane metabolism / C1 metabolism	iECIAI1_1343	Escherichia coli IAI1	iETEC_1333	Escherichia coli ETEC H10407	32	32	32	32	0	0	1.0	100.0	1
map00680	rn00680	Methane metabolism / C1 metabolism	iECIAI1_1343	Escherichia coli IAI1	iEcDH1_1363	Escherichia coli DH1	32	32	32	32	0	0	1.0	100.0	1
map00680	rn00680	Methane metabolism / C1 metabolism	iECIAI1_1343	Escherichia coli IAI1	iEcE24377_1341	Escherichia coli O139:H28 str. E24377A	32	32	32	32	0	0	1.0	100.0	1
map00680	rn00680	Methane metabolism / C1 metabolism	iECIAI1_1343	Escherichia coli IAI1	iEcHS_1320	Escherichia coli HS	32	32	32	32	0	0	1.0	100.0	1
map00680	rn00680	Methane metabolism / C1 metabolism	iECIAI1_1343	Escherichia coli IAI1	iEcSMS35_1347	Escherichia coli SMS-3-5	32	32	32	32	0	0	1.0	100.0	1
map00680	rn00680	Methane metabolism / C1 metabolism	iECIAI1_1343	Escherichia coli IAI1	iEcolC_1368	Escherichia coli ATCC 8739	32	32	32	32	0	0	1.0	100.0	1
map00680	rn00680	Methane metabolism / C1 metabolism	iECIAI1_1343	Escherichia coli IAI1	iG2583_1286	Escherichia coli O55:H7 str. CB9615	32	31	31	32	1	0	0.9688	96.88	0
map00680	rn00680	Methane metabolism / C1 metabolism	iECIAI1_1343	Escherichia coli IAI1	iJO1366	Escherichia coli str. K-12 substr. MG1655	32	31	31	32	1	0	0.9688	96.88	0
map00680	rn00680	Methane metabolism / C1 metabolism	iECIAI1_1343	Escherichia coli IAI1	iJR904	Escherichia coli str. K-12 substr. MG1655	32	28	28	32	4	0	0.875	87.5	0
map00680	rn00680	Methane metabolism / C1 metabolism	iECIAI1_1343	Escherichia coli IAI1	iLF82_1304	Escherichia coli LF82	32	32	32	32	0	0	1.0	100.0	1
map00680	rn00680	Methane metabolism / C1 metabolism	iECIAI1_1343	Escherichia coli IAI1	iML1515	Escherichia coli str. K-12 substr. MG1655	32	31	31	32	1	0	0.9688	96.88	0
map00680	rn00680	Methane metabolism / C1 metabolism	iECIAI1_1343	Escherichia coli IAI1	iNRG857_1313	Escherichia coli O83:H1 str. NRG 857C	32	32	32	32	0	0	1.0	100.0	1
map00680	rn00680	Methane metabolism / C1 metabolism	iECIAI1_1343	Escherichia coli IAI1	iUMN146_1321	Escherichia coli UM146	32	32	32	32	0	0	1.0	100.0	1
map00680	rn00680	Methane metabolism / C1 metabolism	iECIAI1_1343	Escherichia coli IAI1	iUMNK88_1353	Escherichia coli UMNK88	32	32	32	32	0	0	1.0	100.0	1
map00680	rn00680	Methane metabolism / C1 metabolism	iECIAI1_1343	Escherichia coli IAI1	iUTI89_1310	Escherichia coli UTI89	32	32	32	32	0	0	1.0	100.0	1
map00680	rn00680	Methane metabolism / C1 metabolism	iECIAI1_1343	Escherichia coli IAI1	iWFL_1372	Escherichia coli W	32	32	32	32	0	0	1.0	100.0	1
map00680	rn00680	Methane metabolism / C1 metabolism	iECIAI1_1343	Escherichia coli IAI1	iY75_1357	Escherichia coli str. K-12 substr. W3110	32	32	32	32	0	0	1.0	100.0	1
map00680	rn00680	Methane metabolism / C1 metabolism	iECIAI1_1343	Escherichia coli IAI1	iZ_1308	Escherichia coli O157:H7 str. EDL933	32	32	32	32	0	0	1.0	100.0	1
map00680	rn00680	Methane metabolism / C1 metabolism	iECIAI1_1343	Escherichia coli IAI1	ic_1306	Escherichia coli CFT073	32	32	32	32	0	0	1.0	100.0	1
map00680	rn00680	Methane metabolism / C1 metabolism	iECIAI39_1322	Escherichia coli IAI39	iECNA114_1301	Escherichia coli NA114	32	32	32	32	0	0	1.0	100.0	1
map00680	rn00680	Methane metabolism / C1 metabolism	iECIAI39_1322	Escherichia coli IAI39	iECO103_1326	Escherichia coli O103:H2 str. 12009	32	32	32	32	0	0	1.0	100.0	1
map00680	rn00680	Methane metabolism / C1 metabolism	iECIAI39_1322	Escherichia coli IAI39	iECO111_1330	Escherichia coli O111:H- str. 11128	32	32	32	32	0	0	1.0	100.0	1
map00680	rn00680	Methane metabolism / C1 metabolism	iECIAI39_1322	Escherichia coli IAI39	iECO26_1355	Escherichia coli O26:H11 str. 11368	32	32	32	32	0	0	1.0	100.0	1
map00680	rn00680	Methane metabolism / C1 metabolism	iECIAI39_1322	Escherichia coli IAI39	iECOK1_1307	Escherichia coli IHE3034	32	32	32	32	0	0	1.0	100.0	1
map00680	rn00680	Methane metabolism / C1 metabolism	iECIAI39_1322	Escherichia coli IAI39	iECP_1309	Escherichia coli 536	32	32	32	32	0	0	1.0	100.0	1
map00680	rn00680	Methane metabolism / C1 metabolism	iECIAI39_1322	Escherichia coli IAI39	iECS88_1305	Escherichia coli S88	32	32	32	32	0	0	1.0	100.0	1
map00680	rn00680	Methane metabolism / C1 metabolism	iECIAI39_1322	Escherichia coli IAI39	iECSE_1348	Escherichia coli SE11	32	32	32	32	0	0	1.0	100.0	1
map00680	rn00680	Methane metabolism / C1 metabolism	iECIAI39_1322	Escherichia coli IAI39	iECSF_1327	Escherichia coli SE15	32	32	32	32	0	0	1.0	100.0	1
map00680	rn00680	Methane metabolism / C1 metabolism	iECIAI39_1322	Escherichia coli IAI39	iECSP_1301	Escherichia coli O157:H7 str. TW14359	32	32	32	32	0	0	1.0	100.0	1
map00680	rn00680	Methane metabolism / C1 metabolism	iECIAI39_1322	Escherichia coli IAI39	iECUMN_1333	Escherichia coli UMN026	32	32	32	32	0	0	1.0	100.0	1
map00680	rn00680	Methane metabolism / C1 metabolism	iECIAI39_1322	Escherichia coli IAI39	iECW_1372	Escherichia coli W	32	32	32	32	0	0	1.0	100.0	1
map00680	rn00680	Methane metabolism / C1 metabolism	iECIAI39_1322	Escherichia coli IAI39	iECs_1301	Escherichia coli O157:H7 str. Sakai	32	32	32	32	0	0	1.0	100.0	1
map00680	rn00680	Methane metabolism / C1 metabolism	iECIAI39_1322	Escherichia coli IAI39	iEKO11_1354	Escherichia coli KO11FL	32	32	32	32	0	0	1.0	100.0	1
map00680	rn00680	Methane metabolism / C1 metabolism	iECIAI39_1322	Escherichia coli IAI39	iETEC_1333	Escherichia coli ETEC H10407	32	32	32	32	0	0	1.0	100.0	1
map00680	rn00680	Methane metabolism / C1 metabolism	iECIAI39_1322	Escherichia coli IAI39	iEcDH1_1363	Escherichia coli DH1	32	32	32	32	0	0	1.0	100.0	1
map00680	rn00680	Methane metabolism / C1 metabolism	iECIAI39_1322	Escherichia coli IAI39	iEcE24377_1341	Escherichia coli O139:H28 str. E24377A	32	32	32	32	0	0	1.0	100.0	1
map00680	rn00680	Methane metabolism / C1 metabolism	iECIAI39_1322	Escherichia coli IAI39	iEcHS_1320	Escherichia coli HS	32	32	32	32	0	0	1.0	100.0	1
map00680	rn00680	Methane metabolism / C1 metabolism	iECIAI39_1322	Escherichia coli IAI39	iEcSMS35_1347	Escherichia coli SMS-3-5	32	32	32	32	0	0	1.0	100.0	1
map00680	rn00680	Methane metabolism / C1 metabolism	iECIAI39_1322	Escherichia coli IAI39	iEcolC_1368	Escherichia coli ATCC 8739	32	32	32	32	0	0	1.0	100.0	1
map00680	rn00680	Methane metabolism / C1 metabolism	iECIAI39_1322	Escherichia coli IAI39	iG2583_1286	Escherichia coli O55:H7 str. CB9615	32	31	31	32	1	0	0.9688	96.88	0
map00680	rn00680	Methane metabolism / C1 metabolism	iECIAI39_1322	Escherichia coli IAI39	iJO1366	Escherichia coli str. K-12 substr. MG1655	32	31	31	32	1	0	0.9688	96.88	0
map00680	rn00680	Methane metabolism / C1 metabolism	iECIAI39_1322	Escherichia coli IAI39	iJR904	Escherichia coli str. K-12 substr. MG1655	32	28	28	32	4	0	0.875	87.5	0
map00680	rn00680	Methane metabolism / C1 metabolism	iECIAI39_1322	Escherichia coli IAI39	iLF82_1304	Escherichia coli LF82	32	32	32	32	0	0	1.0	100.0	1
map00680	rn00680	Methane metabolism / C1 metabolism	iECIAI39_1322	Escherichia coli IAI39	iML1515	Escherichia coli str. K-12 substr. MG1655	32	31	31	32	1	0	0.9688	96.88	0
map00680	rn00680	Methane metabolism / C1 metabolism	iECIAI39_1322	Escherichia coli IAI39	iNRG857_1313	Escherichia coli O83:H1 str. NRG 857C	32	32	32	32	0	0	1.0	100.0	1
map00680	rn00680	Methane metabolism / C1 metabolism	iECIAI39_1322	Escherichia coli IAI39	iUMN146_1321	Escherichia coli UM146	32	32	32	32	0	0	1.0	100.0	1
map00680	rn00680	Methane metabolism / C1 metabolism	iECIAI39_1322	Escherichia coli IAI39	iUMNK88_1353	Escherichia coli UMNK88	32	32	32	32	0	0	1.0	100.0	1
map00680	rn00680	Methane metabolism / C1 metabolism	iECIAI39_1322	Escherichia coli IAI39	iUTI89_1310	Escherichia coli UTI89	32	32	32	32	0	0	1.0	100.0	1
map00680	rn00680	Methane metabolism / C1 metabolism	iECIAI39_1322	Escherichia coli IAI39	iWFL_1372	Escherichia coli W	32	32	32	32	0	0	1.0	100.0	1
map00680	rn00680	Methane metabolism / C1 metabolism	iECIAI39_1322	Escherichia coli IAI39	iY75_1357	Escherichia coli str. K-12 substr. W3110	32	32	32	32	0	0	1.0	100.0	1
map00680	rn00680	Methane metabolism / C1 metabolism	iECIAI39_1322	Escherichia coli IAI39	iZ_1308	Escherichia coli O157:H7 str. EDL933	32	32	32	32	0	0	1.0	100.0	1
map00680	rn00680	Methane metabolism / C1 metabolism	iECIAI39_1322	Escherichia coli IAI39	ic_1306	Escherichia coli CFT073	32	32	32	32	0	0	1.0	100.0	1
map00680	rn00680	Methane metabolism / C1 metabolism	iECNA114_1301	Escherichia coli NA114	iECO103_1326	Escherichia coli O103:H2 str. 12009	32	32	32	32	0	0	1.0	100.0	1
map00680	rn00680	Methane metabolism / C1 metabolism	iECNA114_1301	Escherichia coli NA114	iECO111_1330	Escherichia coli O111:H- str. 11128	32	32	32	32	0	0	1.0	100.0	1
map00680	rn00680	Methane metabolism / C1 metabolism	iECNA114_1301	Escherichia coli NA114	iECO26_1355	Escherichia coli O26:H11 str. 11368	32	32	32	32	0	0	1.0	100.0	1
map00680	rn00680	Methane metabolism / C1 metabolism	iECNA114_1301	Escherichia coli NA114	iECOK1_1307	Escherichia coli IHE3034	32	32	32	32	0	0	1.0	100.0	1
map00680	rn00680	Methane metabolism / C1 metabolism	iECNA114_1301	Escherichia coli NA114	iECP_1309	Escherichia coli 536	32	32	32	32	0	0	1.0	100.0	1
map00680	rn00680	Methane metabolism / C1 metabolism	iECNA114_1301	Escherichia coli NA114	iECS88_1305	Escherichia coli S88	32	32	32	32	0	0	1.0	100.0	1
map00680	rn00680	Methane metabolism / C1 metabolism	iECNA114_1301	Escherichia coli NA114	iECSE_1348	Escherichia coli SE11	32	32	32	32	0	0	1.0	100.0	1
map00680	rn00680	Methane metabolism / C1 metabolism	iECNA114_1301	Escherichia coli NA114	iECSF_1327	Escherichia coli SE15	32	32	32	32	0	0	1.0	100.0	1
map00680	rn00680	Methane metabolism / C1 metabolism	iECNA114_1301	Escherichia coli NA114	iECSP_1301	Escherichia coli O157:H7 str. TW14359	32	32	32	32	0	0	1.0	100.0	1
map00680	rn00680	Methane metabolism / C1 metabolism	iECNA114_1301	Escherichia coli NA114	iECUMN_1333	Escherichia coli UMN026	32	32	32	32	0	0	1.0	100.0	1
map00680	rn00680	Methane metabolism / C1 metabolism	iECNA114_1301	Escherichia coli NA114	iECW_1372	Escherichia coli W	32	32	32	32	0	0	1.0	100.0	1
map00680	rn00680	Methane metabolism / C1 metabolism	iECNA114_1301	Escherichia coli NA114	iECs_1301	Escherichia coli O157:H7 str. Sakai	32	32	32	32	0	0	1.0	100.0	1
map00680	rn00680	Methane metabolism / C1 metabolism	iECNA114_1301	Escherichia coli NA114	iEKO11_1354	Escherichia coli KO11FL	32	32	32	32	0	0	1.0	100.0	1
map00680	rn00680	Methane metabolism / C1 metabolism	iECNA114_1301	Escherichia coli NA114	iETEC_1333	Escherichia coli ETEC H10407	32	32	32	32	0	0	1.0	100.0	1
map00680	rn00680	Methane metabolism / C1 metabolism	iECNA114_1301	Escherichia coli NA114	iEcDH1_1363	Escherichia coli DH1	32	32	32	32	0	0	1.0	100.0	1
map00680	rn00680	Methane metabolism / C1 metabolism	iECNA114_1301	Escherichia coli NA114	iEcE24377_1341	Escherichia coli O139:H28 str. E24377A	32	32	32	32	0	0	1.0	100.0	1
map00680	rn00680	Methane metabolism / C1 metabolism	iECNA114_1301	Escherichia coli NA114	iEcHS_1320	Escherichia coli HS	32	32	32	32	0	0	1.0	100.0	1
map00680	rn00680	Methane metabolism / C1 metabolism	iECNA114_1301	Escherichia coli NA114	iEcSMS35_1347	Escherichia coli SMS-3-5	32	32	32	32	0	0	1.0	100.0	1
map00680	rn00680	Methane metabolism / C1 metabolism	iECNA114_1301	Escherichia coli NA114	iEcolC_1368	Escherichia coli ATCC 8739	32	32	32	32	0	0	1.0	100.0	1
map00680	rn00680	Methane metabolism / C1 metabolism	iECNA114_1301	Escherichia coli NA114	iG2583_1286	Escherichia coli O55:H7 str. CB9615	32	31	31	32	1	0	0.9688	96.88	0
map00680	rn00680	Methane metabolism / C1 metabolism	iECNA114_1301	Escherichia coli NA114	iJO1366	Escherichia coli str. K-12 substr. MG1655	32	31	31	32	1	0	0.9688	96.88	0
map00680	rn00680	Methane metabolism / C1 metabolism	iECNA114_1301	Escherichia coli NA114	iJR904	Escherichia coli str. K-12 substr. MG1655	32	28	28	32	4	0	0.875	87.5	0
map00680	rn00680	Methane metabolism / C1 metabolism	iECNA114_1301	Escherichia coli NA114	iLF82_1304	Escherichia coli LF82	32	32	32	32	0	0	1.0	100.0	1
map00680	rn00680	Methane metabolism / C1 metabolism	iECNA114_1301	Escherichia coli NA114	iML1515	Escherichia coli str. K-12 substr. MG1655	32	31	31	32	1	0	0.9688	96.88	0
map00680	rn00680	Methane metabolism / C1 metabolism	iECNA114_1301	Escherichia coli NA114	iNRG857_1313	Escherichia coli O83:H1 str. NRG 857C	32	32	32	32	0	0	1.0	100.0	1
map00680	rn00680	Methane metabolism / C1 metabolism	iECNA114_1301	Escherichia coli NA114	iUMN146_1321	Escherichia coli UM146	32	32	32	32	0	0	1.0	100.0	1
map00680	rn00680	Methane metabolism / C1 metabolism	iECNA114_1301	Escherichia coli NA114	iUMNK88_1353	Escherichia coli UMNK88	32	32	32	32	0	0	1.0	100.0	1
map00680	rn00680	Methane metabolism / C1 metabolism	iECNA114_1301	Escherichia coli NA114	iUTI89_1310	Escherichia coli UTI89	32	32	32	32	0	0	1.0	100.0	1
map00680	rn00680	Methane metabolism / C1 metabolism	iECNA114_1301	Escherichia coli NA114	iWFL_1372	Escherichia coli W	32	32	32	32	0	0	1.0	100.0	1
map00680	rn00680	Methane metabolism / C1 metabolism	iECNA114_1301	Escherichia coli NA114	iY75_1357	Escherichia coli str. K-12 substr. W3110	32	32	32	32	0	0	1.0	100.0	1
map00680	rn00680	Methane metabolism / C1 metabolism	iECNA114_1301	Escherichia coli NA114	iZ_1308	Escherichia coli O157:H7 str. EDL933	32	32	32	32	0	0	1.0	100.0	1
map00680	rn00680	Methane metabolism / C1 metabolism	iECNA114_1301	Escherichia coli NA114	ic_1306	Escherichia coli CFT073	32	32	32	32	0	0	1.0	100.0	1
map00680	rn00680	Methane metabolism / C1 metabolism	iECO103_1326	Escherichia coli O103:H2 str. 12009	iECO111_1330	Escherichia coli O111:H- str. 11128	32	32	32	32	0	0	1.0	100.0	1
map00680	rn00680	Methane metabolism / C1 metabolism	iECO103_1326	Escherichia coli O103:H2 str. 12009	iECO26_1355	Escherichia coli O26:H11 str. 11368	32	32	32	32	0	0	1.0	100.0	1
map00680	rn00680	Methane metabolism / C1 metabolism	iECO103_1326	Escherichia coli O103:H2 str. 12009	iECOK1_1307	Escherichia coli IHE3034	32	32	32	32	0	0	1.0	100.0	1
map00680	rn00680	Methane metabolism / C1 metabolism	iECO103_1326	Escherichia coli O103:H2 str. 12009	iECP_1309	Escherichia coli 536	32	32	32	32	0	0	1.0	100.0	1
map00680	rn00680	Methane metabolism / C1 metabolism	iECO103_1326	Escherichia coli O103:H2 str. 12009	iECS88_1305	Escherichia coli S88	32	32	32	32	0	0	1.0	100.0	1
map00680	rn00680	Methane metabolism / C1 metabolism	iECO103_1326	Escherichia coli O103:H2 str. 12009	iECSE_1348	Escherichia coli SE11	32	32	32	32	0	0	1.0	100.0	1
map00680	rn00680	Methane metabolism / C1 metabolism	iECO103_1326	Escherichia coli O103:H2 str. 12009	iECSF_1327	Escherichia coli SE15	32	32	32	32	0	0	1.0	100.0	1
map00680	rn00680	Methane metabolism / C1 metabolism	iECO103_1326	Escherichia coli O103:H2 str. 12009	iECSP_1301	Escherichia coli O157:H7 str. TW14359	32	32	32	32	0	0	1.0	100.0	1
map00680	rn00680	Methane metabolism / C1 metabolism	iECO103_1326	Escherichia coli O103:H2 str. 12009	iECUMN_1333	Escherichia coli UMN026	32	32	32	32	0	0	1.0	100.0	1
map00680	rn00680	Methane metabolism / C1 metabolism	iECO103_1326	Escherichia coli O103:H2 str. 12009	iECW_1372	Escherichia coli W	32	32	32	32	0	0	1.0	100.0	1
map00680	rn00680	Methane metabolism / C1 metabolism	iECO103_1326	Escherichia coli O103:H2 str. 12009	iECs_1301	Escherichia coli O157:H7 str. Sakai	32	32	32	32	0	0	1.0	100.0	1
map00680	rn00680	Methane metabolism / C1 metabolism	iECO103_1326	Escherichia coli O103:H2 str. 12009	iEKO11_1354	Escherichia coli KO11FL	32	32	32	32	0	0	1.0	100.0	1
map00680	rn00680	Methane metabolism / C1 metabolism	iECO103_1326	Escherichia coli O103:H2 str. 12009	iETEC_1333	Escherichia coli ETEC H10407	32	32	32	32	0	0	1.0	100.0	1
map00680	rn00680	Methane metabolism / C1 metabolism	iECO103_1326	Escherichia coli O103:H2 str. 12009	iEcDH1_1363	Escherichia coli DH1	32	32	32	32	0	0	1.0	100.0	1
map00680	rn00680	Methane metabolism / C1 metabolism	iECO103_1326	Escherichia coli O103:H2 str. 12009	iEcE24377_1341	Escherichia coli O139:H28 str. E24377A	32	32	32	32	0	0	1.0	100.0	1
map00680	rn00680	Methane metabolism / C1 metabolism	iECO103_1326	Escherichia coli O103:H2 str. 12009	iEcHS_1320	Escherichia coli HS	32	32	32	32	0	0	1.0	100.0	1
map00680	rn00680	Methane metabolism / C1 metabolism	iECO103_1326	Escherichia coli O103:H2 str. 12009	iEcSMS35_1347	Escherichia coli SMS-3-5	32	32	32	32	0	0	1.0	100.0	1
map00680	rn00680	Methane metabolism / C1 metabolism	iECO103_1326	Escherichia coli O103:H2 str. 12009	iEcolC_1368	Escherichia coli ATCC 8739	32	32	32	32	0	0	1.0	100.0	1
map00680	rn00680	Methane metabolism / C1 metabolism	iECO103_1326	Escherichia coli O103:H2 str. 12009	iG2583_1286	Escherichia coli O55:H7 str. CB9615	32	31	31	32	1	0	0.9688	96.88	0
map00680	rn00680	Methane metabolism / C1 metabolism	iECO103_1326	Escherichia coli O103:H2 str. 12009	iJO1366	Escherichia coli str. K-12 substr. MG1655	32	31	31	32	1	0	0.9688	96.88	0
map00680	rn00680	Methane metabolism / C1 metabolism	iECO103_1326	Escherichia coli O103:H2 str. 12009	iJR904	Escherichia coli str. K-12 substr. MG1655	32	28	28	32	4	0	0.875	87.5	0
map00680	rn00680	Methane metabolism / C1 metabolism	iECO103_1326	Escherichia coli O103:H2 str. 12009	iLF82_1304	Escherichia coli LF82	32	32	32	32	0	0	1.0	100.0	1
map00680	rn00680	Methane metabolism / C1 metabolism	iECO103_1326	Escherichia coli O103:H2 str. 12009	iML1515	Escherichia coli str. K-12 substr. MG1655	32	31	31	32	1	0	0.9688	96.88	0
map00680	rn00680	Methane metabolism / C1 metabolism	iECO103_1326	Escherichia coli O103:H2 str. 12009	iNRG857_1313	Escherichia coli O83:H1 str. NRG 857C	32	32	32	32	0	0	1.0	100.0	1
map00680	rn00680	Methane metabolism / C1 metabolism	iECO103_1326	Escherichia coli O103:H2 str. 12009	iUMN146_1321	Escherichia coli UM146	32	32	32	32	0	0	1.0	100.0	1
map00680	rn00680	Methane metabolism / C1 metabolism	iECO103_1326	Escherichia coli O103:H2 str. 12009	iUMNK88_1353	Escherichia coli UMNK88	32	32	32	32	0	0	1.0	100.0	1
map00680	rn00680	Methane metabolism / C1 metabolism	iECO103_1326	Escherichia coli O103:H2 str. 12009	iUTI89_1310	Escherichia coli UTI89	32	32	32	32	0	0	1.0	100.0	1
map00680	rn00680	Methane metabolism / C1 metabolism	iECO103_1326	Escherichia coli O103:H2 str. 12009	iWFL_1372	Escherichia coli W	32	32	32	32	0	0	1.0	100.0	1
map00680	rn00680	Methane metabolism / C1 metabolism	iECO103_1326	Escherichia coli O103:H2 str. 12009	iY75_1357	Escherichia coli str. K-12 substr. W3110	32	32	32	32	0	0	1.0	100.0	1
map00680	rn00680	Methane metabolism / C1 metabolism	iECO103_1326	Escherichia coli O103:H2 str. 12009	iZ_1308	Escherichia coli O157:H7 str. EDL933	32	32	32	32	0	0	1.0	100.0	1
map00680	rn00680	Methane metabolism / C1 metabolism	iECO103_1326	Escherichia coli O103:H2 str. 12009	ic_1306	Escherichia coli CFT073	32	32	32	32	0	0	1.0	100.0	1
map00680	rn00680	Methane metabolism / C1 metabolism	iECO111_1330	Escherichia coli O111:H- str. 11128	iECO26_1355	Escherichia coli O26:H11 str. 11368	32	32	32	32	0	0	1.0	100.0	1
map00680	rn00680	Methane metabolism / C1 metabolism	iECO111_1330	Escherichia coli O111:H- str. 11128	iECOK1_1307	Escherichia coli IHE3034	32	32	32	32	0	0	1.0	100.0	1
map00680	rn00680	Methane metabolism / C1 metabolism	iECO111_1330	Escherichia coli O111:H- str. 11128	iECP_1309	Escherichia coli 536	32	32	32	32	0	0	1.0	100.0	1
map00680	rn00680	Methane metabolism / C1 metabolism	iECO111_1330	Escherichia coli O111:H- str. 11128	iECS88_1305	Escherichia coli S88	32	32	32	32	0	0	1.0	100.0	1
map00680	rn00680	Methane metabolism / C1 metabolism	iECO111_1330	Escherichia coli O111:H- str. 11128	iECSE_1348	Escherichia coli SE11	32	32	32	32	0	0	1.0	100.0	1
map00680	rn00680	Methane metabolism / C1 metabolism	iECO111_1330	Escherichia coli O111:H- str. 11128	iECSF_1327	Escherichia coli SE15	32	32	32	32	0	0	1.0	100.0	1
map00680	rn00680	Methane metabolism / C1 metabolism	iECO111_1330	Escherichia coli O111:H- str. 11128	iECSP_1301	Escherichia coli O157:H7 str. TW14359	32	32	32	32	0	0	1.0	100.0	1
map00680	rn00680	Methane metabolism / C1 metabolism	iECO111_1330	Escherichia coli O111:H- str. 11128	iECUMN_1333	Escherichia coli UMN026	32	32	32	32	0	0	1.0	100.0	1
map00680	rn00680	Methane metabolism / C1 metabolism	iECO111_1330	Escherichia coli O111:H- str. 11128	iECW_1372	Escherichia coli W	32	32	32	32	0	0	1.0	100.0	1
map00680	rn00680	Methane metabolism / C1 metabolism	iECO111_1330	Escherichia coli O111:H- str. 11128	iECs_1301	Escherichia coli O157:H7 str. Sakai	32	32	32	32	0	0	1.0	100.0	1
map00680	rn00680	Methane metabolism / C1 metabolism	iECO111_1330	Escherichia coli O111:H- str. 11128	iEKO11_1354	Escherichia coli KO11FL	32	32	32	32	0	0	1.0	100.0	1
map00680	rn00680	Methane metabolism / C1 metabolism	iECO111_1330	Escherichia coli O111:H- str. 11128	iETEC_1333	Escherichia coli ETEC H10407	32	32	32	32	0	0	1.0	100.0	1
map00680	rn00680	Methane metabolism / C1 metabolism	iECO111_1330	Escherichia coli O111:H- str. 11128	iEcDH1_1363	Escherichia coli DH1	32	32	32	32	0	0	1.0	100.0	1
map00680	rn00680	Methane metabolism / C1 metabolism	iECO111_1330	Escherichia coli O111:H- str. 11128	iEcE24377_1341	Escherichia coli O139:H28 str. E24377A	32	32	32	32	0	0	1.0	100.0	1
map00680	rn00680	Methane metabolism / C1 metabolism	iECO111_1330	Escherichia coli O111:H- str. 11128	iEcHS_1320	Escherichia coli HS	32	32	32	32	0	0	1.0	100.0	1
map00680	rn00680	Methane metabolism / C1 metabolism	iECO111_1330	Escherichia coli O111:H- str. 11128	iEcSMS35_1347	Escherichia coli SMS-3-5	32	32	32	32	0	0	1.0	100.0	1
map00680	rn00680	Methane metabolism / C1 metabolism	iECO111_1330	Escherichia coli O111:H- str. 11128	iEcolC_1368	Escherichia coli ATCC 8739	32	32	32	32	0	0	1.0	100.0	1
map00680	rn00680	Methane metabolism / C1 metabolism	iECO111_1330	Escherichia coli O111:H- str. 11128	iG2583_1286	Escherichia coli O55:H7 str. CB9615	32	31	31	32	1	0	0.9688	96.88	0
map00680	rn00680	Methane metabolism / C1 metabolism	iECO111_1330	Escherichia coli O111:H- str. 11128	iJO1366	Escherichia coli str. K-12 substr. MG1655	32	31	31	32	1	0	0.9688	96.88	0
map00680	rn00680	Methane metabolism / C1 metabolism	iECO111_1330	Escherichia coli O111:H- str. 11128	iJR904	Escherichia coli str. K-12 substr. MG1655	32	28	28	32	4	0	0.875	87.5	0
map00680	rn00680	Methane metabolism / C1 metabolism	iECO111_1330	Escherichia coli O111:H- str. 11128	iLF82_1304	Escherichia coli LF82	32	32	32	32	0	0	1.0	100.0	1
map00680	rn00680	Methane metabolism / C1 metabolism	iECO111_1330	Escherichia coli O111:H- str. 11128	iML1515	Escherichia coli str. K-12 substr. MG1655	32	31	31	32	1	0	0.9688	96.88	0
map00680	rn00680	Methane metabolism / C1 metabolism	iECO111_1330	Escherichia coli O111:H- str. 11128	iNRG857_1313	Escherichia coli O83:H1 str. NRG 857C	32	32	32	32	0	0	1.0	100.0	1
map00680	rn00680	Methane metabolism / C1 metabolism	iECO111_1330	Escherichia coli O111:H- str. 11128	iUMN146_1321	Escherichia coli UM146	32	32	32	32	0	0	1.0	100.0	1
map00680	rn00680	Methane metabolism / C1 metabolism	iECO111_1330	Escherichia coli O111:H- str. 11128	iUMNK88_1353	Escherichia coli UMNK88	32	32	32	32	0	0	1.0	100.0	1
map00680	rn00680	Methane metabolism / C1 metabolism	iECO111_1330	Escherichia coli O111:H- str. 11128	iUTI89_1310	Escherichia coli UTI89	32	32	32	32	0	0	1.0	100.0	1
map00680	rn00680	Methane metabolism / C1 metabolism	iECO111_1330	Escherichia coli O111:H- str. 11128	iWFL_1372	Escherichia coli W	32	32	32	32	0	0	1.0	100.0	1
map00680	rn00680	Methane metabolism / C1 metabolism	iECO111_1330	Escherichia coli O111:H- str. 11128	iY75_1357	Escherichia coli str. K-12 substr. W3110	32	32	32	32	0	0	1.0	100.0	1
map00680	rn00680	Methane metabolism / C1 metabolism	iECO111_1330	Escherichia coli O111:H- str. 11128	iZ_1308	Escherichia coli O157:H7 str. EDL933	32	32	32	32	0	0	1.0	100.0	1
map00680	rn00680	Methane metabolism / C1 metabolism	iECO111_1330	Escherichia coli O111:H- str. 11128	ic_1306	Escherichia coli CFT073	32	32	32	32	0	0	1.0	100.0	1
map00680	rn00680	Methane metabolism / C1 metabolism	iECO26_1355	Escherichia coli O26:H11 str. 11368	iECOK1_1307	Escherichia coli IHE3034	32	32	32	32	0	0	1.0	100.0	1
map00680	rn00680	Methane metabolism / C1 metabolism	iECO26_1355	Escherichia coli O26:H11 str. 11368	iECP_1309	Escherichia coli 536	32	32	32	32	0	0	1.0	100.0	1
map00680	rn00680	Methane metabolism / C1 metabolism	iECO26_1355	Escherichia coli O26:H11 str. 11368	iECS88_1305	Escherichia coli S88	32	32	32	32	0	0	1.0	100.0	1
map00680	rn00680	Methane metabolism / C1 metabolism	iECO26_1355	Escherichia coli O26:H11 str. 11368	iECSE_1348	Escherichia coli SE11	32	32	32	32	0	0	1.0	100.0	1
map00680	rn00680	Methane metabolism / C1 metabolism	iECO26_1355	Escherichia coli O26:H11 str. 11368	iECSF_1327	Escherichia coli SE15	32	32	32	32	0	0	1.0	100.0	1
map00680	rn00680	Methane metabolism / C1 metabolism	iECO26_1355	Escherichia coli O26:H11 str. 11368	iECSP_1301	Escherichia coli O157:H7 str. TW14359	32	32	32	32	0	0	1.0	100.0	1
map00680	rn00680	Methane metabolism / C1 metabolism	iECO26_1355	Escherichia coli O26:H11 str. 11368	iECUMN_1333	Escherichia coli UMN026	32	32	32	32	0	0	1.0	100.0	1
map00680	rn00680	Methane metabolism / C1 metabolism	iECO26_1355	Escherichia coli O26:H11 str. 11368	iECW_1372	Escherichia coli W	32	32	32	32	0	0	1.0	100.0	1
map00680	rn00680	Methane metabolism / C1 metabolism	iECO26_1355	Escherichia coli O26:H11 str. 11368	iECs_1301	Escherichia coli O157:H7 str. Sakai	32	32	32	32	0	0	1.0	100.0	1
map00680	rn00680	Methane metabolism / C1 metabolism	iECO26_1355	Escherichia coli O26:H11 str. 11368	iEKO11_1354	Escherichia coli KO11FL	32	32	32	32	0	0	1.0	100.0	1
map00680	rn00680	Methane metabolism / C1 metabolism	iECO26_1355	Escherichia coli O26:H11 str. 11368	iETEC_1333	Escherichia coli ETEC H10407	32	32	32	32	0	0	1.0	100.0	1
map00680	rn00680	Methane metabolism / C1 metabolism	iECO26_1355	Escherichia coli O26:H11 str. 11368	iEcDH1_1363	Escherichia coli DH1	32	32	32	32	0	0	1.0	100.0	1
map00680	rn00680	Methane metabolism / C1 metabolism	iECO26_1355	Escherichia coli O26:H11 str. 11368	iEcE24377_1341	Escherichia coli O139:H28 str. E24377A	32	32	32	32	0	0	1.0	100.0	1
map00680	rn00680	Methane metabolism / C1 metabolism	iECO26_1355	Escherichia coli O26:H11 str. 11368	iEcHS_1320	Escherichia coli HS	32	32	32	32	0	0	1.0	100.0	1
map00680	rn00680	Methane metabolism / C1 metabolism	iECO26_1355	Escherichia coli O26:H11 str. 11368	iEcSMS35_1347	Escherichia coli SMS-3-5	32	32	32	32	0	0	1.0	100.0	1
map00680	rn00680	Methane metabolism / C1 metabolism	iECO26_1355	Escherichia coli O26:H11 str. 11368	iEcolC_1368	Escherichia coli ATCC 8739	32	32	32	32	0	0	1.0	100.0	1
map00680	rn00680	Methane metabolism / C1 metabolism	iECO26_1355	Escherichia coli O26:H11 str. 11368	iG2583_1286	Escherichia coli O55:H7 str. CB9615	32	31	31	32	1	0	0.9688	96.88	0
map00680	rn00680	Methane metabolism / C1 metabolism	iECO26_1355	Escherichia coli O26:H11 str. 11368	iJO1366	Escherichia coli str. K-12 substr. MG1655	32	31	31	32	1	0	0.9688	96.88	0
map00680	rn00680	Methane metabolism / C1 metabolism	iECO26_1355	Escherichia coli O26:H11 str. 11368	iJR904	Escherichia coli str. K-12 substr. MG1655	32	28	28	32	4	0	0.875	87.5	0
map00680	rn00680	Methane metabolism / C1 metabolism	iECO26_1355	Escherichia coli O26:H11 str. 11368	iLF82_1304	Escherichia coli LF82	32	32	32	32	0	0	1.0	100.0	1
map00680	rn00680	Methane metabolism / C1 metabolism	iECO26_1355	Escherichia coli O26:H11 str. 11368	iML1515	Escherichia coli str. K-12 substr. MG1655	32	31	31	32	1	0	0.9688	96.88	0
map00680	rn00680	Methane metabolism / C1 metabolism	iECO26_1355	Escherichia coli O26:H11 str. 11368	iNRG857_1313	Escherichia coli O83:H1 str. NRG 857C	32	32	32	32	0	0	1.0	100.0	1
map00680	rn00680	Methane metabolism / C1 metabolism	iECO26_1355	Escherichia coli O26:H11 str. 11368	iUMN146_1321	Escherichia coli UM146	32	32	32	32	0	0	1.0	100.0	1
map00680	rn00680	Methane metabolism / C1 metabolism	iECO26_1355	Escherichia coli O26:H11 str. 11368	iUMNK88_1353	Escherichia coli UMNK88	32	32	32	32	0	0	1.0	100.0	1
map00680	rn00680	Methane metabolism / C1 metabolism	iECO26_1355	Escherichia coli O26:H11 str. 11368	iUTI89_1310	Escherichia coli UTI89	32	32	32	32	0	0	1.0	100.0	1
map00680	rn00680	Methane metabolism / C1 metabolism	iECO26_1355	Escherichia coli O26:H11 str. 11368	iWFL_1372	Escherichia coli W	32	32	32	32	0	0	1.0	100.0	1
map00680	rn00680	Methane metabolism / C1 metabolism	iECO26_1355	Escherichia coli O26:H11 str. 11368	iY75_1357	Escherichia coli str. K-12 substr. W3110	32	32	32	32	0	0	1.0	100.0	1
map00680	rn00680	Methane metabolism / C1 metabolism	iECO26_1355	Escherichia coli O26:H11 str. 11368	iZ_1308	Escherichia coli O157:H7 str. EDL933	32	32	32	32	0	0	1.0	100.0	1
map00680	rn00680	Methane metabolism / C1 metabolism	iECO26_1355	Escherichia coli O26:H11 str. 11368	ic_1306	Escherichia coli CFT073	32	32	32	32	0	0	1.0	100.0	1
map00680	rn00680	Methane metabolism / C1 metabolism	iECOK1_1307	Escherichia coli IHE3034	iECP_1309	Escherichia coli 536	32	32	32	32	0	0	1.0	100.0	1
map00680	rn00680	Methane metabolism / C1 metabolism	iECOK1_1307	Escherichia coli IHE3034	iECS88_1305	Escherichia coli S88	32	32	32	32	0	0	1.0	100.0	1
map00680	rn00680	Methane metabolism / C1 metabolism	iECOK1_1307	Escherichia coli IHE3034	iECSE_1348	Escherichia coli SE11	32	32	32	32	0	0	1.0	100.0	1
map00680	rn00680	Methane metabolism / C1 metabolism	iECOK1_1307	Escherichia coli IHE3034	iECSF_1327	Escherichia coli SE15	32	32	32	32	0	0	1.0	100.0	1
map00680	rn00680	Methane metabolism / C1 metabolism	iECOK1_1307	Escherichia coli IHE3034	iECSP_1301	Escherichia coli O157:H7 str. TW14359	32	32	32	32	0	0	1.0	100.0	1
map00680	rn00680	Methane metabolism / C1 metabolism	iECOK1_1307	Escherichia coli IHE3034	iECUMN_1333	Escherichia coli UMN026	32	32	32	32	0	0	1.0	100.0	1
map00680	rn00680	Methane metabolism / C1 metabolism	iECOK1_1307	Escherichia coli IHE3034	iECW_1372	Escherichia coli W	32	32	32	32	0	0	1.0	100.0	1
map00680	rn00680	Methane metabolism / C1 metabolism	iECOK1_1307	Escherichia coli IHE3034	iECs_1301	Escherichia coli O157:H7 str. Sakai	32	32	32	32	0	0	1.0	100.0	1
map00680	rn00680	Methane metabolism / C1 metabolism	iECOK1_1307	Escherichia coli IHE3034	iEKO11_1354	Escherichia coli KO11FL	32	32	32	32	0	0	1.0	100.0	1
map00680	rn00680	Methane metabolism / C1 metabolism	iECOK1_1307	Escherichia coli IHE3034	iETEC_1333	Escherichia coli ETEC H10407	32	32	32	32	0	0	1.0	100.0	1
map00680	rn00680	Methane metabolism / C1 metabolism	iECOK1_1307	Escherichia coli IHE3034	iEcDH1_1363	Escherichia coli DH1	32	32	32	32	0	0	1.0	100.0	1
map00680	rn00680	Methane metabolism / C1 metabolism	iECOK1_1307	Escherichia coli IHE3034	iEcE24377_1341	Escherichia coli O139:H28 str. E24377A	32	32	32	32	0	0	1.0	100.0	1
map00680	rn00680	Methane metabolism / C1 metabolism	iECOK1_1307	Escherichia coli IHE3034	iEcHS_1320	Escherichia coli HS	32	32	32	32	0	0	1.0	100.0	1
map00680	rn00680	Methane metabolism / C1 metabolism	iECOK1_1307	Escherichia coli IHE3034	iEcSMS35_1347	Escherichia coli SMS-3-5	32	32	32	32	0	0	1.0	100.0	1
map00680	rn00680	Methane metabolism / C1 metabolism	iECOK1_1307	Escherichia coli IHE3034	iEcolC_1368	Escherichia coli ATCC 8739	32	32	32	32	0	0	1.0	100.0	1
map00680	rn00680	Methane metabolism / C1 metabolism	iECOK1_1307	Escherichia coli IHE3034	iG2583_1286	Escherichia coli O55:H7 str. CB9615	32	31	31	32	1	0	0.9688	96.88	0
map00680	rn00680	Methane metabolism / C1 metabolism	iECOK1_1307	Escherichia coli IHE3034	iJO1366	Escherichia coli str. K-12 substr. MG1655	32	31	31	32	1	0	0.9688	96.88	0
map00680	rn00680	Methane metabolism / C1 metabolism	iECOK1_1307	Escherichia coli IHE3034	iJR904	Escherichia coli str. K-12 substr. MG1655	32	28	28	32	4	0	0.875	87.5	0
map00680	rn00680	Methane metabolism / C1 metabolism	iECOK1_1307	Escherichia coli IHE3034	iLF82_1304	Escherichia coli LF82	32	32	32	32	0	0	1.0	100.0	1
map00680	rn00680	Methane metabolism / C1 metabolism	iECOK1_1307	Escherichia coli IHE3034	iML1515	Escherichia coli str. K-12 substr. MG1655	32	31	31	32	1	0	0.9688	96.88	0
map00680	rn00680	Methane metabolism / C1 metabolism	iECOK1_1307	Escherichia coli IHE3034	iNRG857_1313	Escherichia coli O83:H1 str. NRG 857C	32	32	32	32	0	0	1.0	100.0	1
map00680	rn00680	Methane metabolism / C1 metabolism	iECOK1_1307	Escherichia coli IHE3034	iUMN146_1321	Escherichia coli UM146	32	32	32	32	0	0	1.0	100.0	1
map00680	rn00680	Methane metabolism / C1 metabolism	iECOK1_1307	Escherichia coli IHE3034	iUMNK88_1353	Escherichia coli UMNK88	32	32	32	32	0	0	1.0	100.0	1
map00680	rn00680	Methane metabolism / C1 metabolism	iECOK1_1307	Escherichia coli IHE3034	iUTI89_1310	Escherichia coli UTI89	32	32	32	32	0	0	1.0	100.0	1
map00680	rn00680	Methane metabolism / C1 metabolism	iECOK1_1307	Escherichia coli IHE3034	iWFL_1372	Escherichia coli W	32	32	32	32	0	0	1.0	100.0	1
map00680	rn00680	Methane metabolism / C1 metabolism	iECOK1_1307	Escherichia coli IHE3034	iY75_1357	Escherichia coli str. K-12 substr. W3110	32	32	32	32	0	0	1.0	100.0	1
map00680	rn00680	Methane metabolism / C1 metabolism	iECOK1_1307	Escherichia coli IHE3034	iZ_1308	Escherichia coli O157:H7 str. EDL933	32	32	32	32	0	0	1.0	100.0	1
map00680	rn00680	Methane metabolism / C1 metabolism	iECOK1_1307	Escherichia coli IHE3034	ic_1306	Escherichia coli CFT073	32	32	32	32	0	0	1.0	100.0	1
map00680	rn00680	Methane metabolism / C1 metabolism	iECP_1309	Escherichia coli 536	iECS88_1305	Escherichia coli S88	32	32	32	32	0	0	1.0	100.0	1
map00680	rn00680	Methane metabolism / C1 metabolism	iECP_1309	Escherichia coli 536	iECSE_1348	Escherichia coli SE11	32	32	32	32	0	0	1.0	100.0	1
map00680	rn00680	Methane metabolism / C1 metabolism	iECP_1309	Escherichia coli 536	iECSF_1327	Escherichia coli SE15	32	32	32	32	0	0	1.0	100.0	1
map00680	rn00680	Methane metabolism / C1 metabolism	iECP_1309	Escherichia coli 536	iECSP_1301	Escherichia coli O157:H7 str. TW14359	32	32	32	32	0	0	1.0	100.0	1
map00680	rn00680	Methane metabolism / C1 metabolism	iECP_1309	Escherichia coli 536	iECUMN_1333	Escherichia coli UMN026	32	32	32	32	0	0	1.0	100.0	1
map00680	rn00680	Methane metabolism / C1 metabolism	iECP_1309	Escherichia coli 536	iECW_1372	Escherichia coli W	32	32	32	32	0	0	1.0	100.0	1
map00680	rn00680	Methane metabolism / C1 metabolism	iECP_1309	Escherichia coli 536	iECs_1301	Escherichia coli O157:H7 str. Sakai	32	32	32	32	0	0	1.0	100.0	1
map00680	rn00680	Methane metabolism / C1 metabolism	iECP_1309	Escherichia coli 536	iEKO11_1354	Escherichia coli KO11FL	32	32	32	32	0	0	1.0	100.0	1
map00680	rn00680	Methane metabolism / C1 metabolism	iECP_1309	Escherichia coli 536	iETEC_1333	Escherichia coli ETEC H10407	32	32	32	32	0	0	1.0	100.0	1
map00680	rn00680	Methane metabolism / C1 metabolism	iECP_1309	Escherichia coli 536	iEcDH1_1363	Escherichia coli DH1	32	32	32	32	0	0	1.0	100.0	1
map00680	rn00680	Methane metabolism / C1 metabolism	iECP_1309	Escherichia coli 536	iEcE24377_1341	Escherichia coli O139:H28 str. E24377A	32	32	32	32	0	0	1.0	100.0	1
map00680	rn00680	Methane metabolism / C1 metabolism	iECP_1309	Escherichia coli 536	iEcHS_1320	Escherichia coli HS	32	32	32	32	0	0	1.0	100.0	1
map00680	rn00680	Methane metabolism / C1 metabolism	iECP_1309	Escherichia coli 536	iEcSMS35_1347	Escherichia coli SMS-3-5	32	32	32	32	0	0	1.0	100.0	1
map00680	rn00680	Methane metabolism / C1 metabolism	iECP_1309	Escherichia coli 536	iEcolC_1368	Escherichia coli ATCC 8739	32	32	32	32	0	0	1.0	100.0	1
map00680	rn00680	Methane metabolism / C1 metabolism	iECP_1309	Escherichia coli 536	iG2583_1286	Escherichia coli O55:H7 str. CB9615	32	31	31	32	1	0	0.9688	96.88	0
map00680	rn00680	Methane metabolism / C1 metabolism	iECP_1309	Escherichia coli 536	iJO1366	Escherichia coli str. K-12 substr. MG1655	32	31	31	32	1	0	0.9688	96.88	0
map00680	rn00680	Methane metabolism / C1 metabolism	iECP_1309	Escherichia coli 536	iJR904	Escherichia coli str. K-12 substr. MG1655	32	28	28	32	4	0	0.875	87.5	0
map00680	rn00680	Methane metabolism / C1 metabolism	iECP_1309	Escherichia coli 536	iLF82_1304	Escherichia coli LF82	32	32	32	32	0	0	1.0	100.0	1
map00680	rn00680	Methane metabolism / C1 metabolism	iECP_1309	Escherichia coli 536	iML1515	Escherichia coli str. K-12 substr. MG1655	32	31	31	32	1	0	0.9688	96.88	0
map00680	rn00680	Methane metabolism / C1 metabolism	iECP_1309	Escherichia coli 536	iNRG857_1313	Escherichia coli O83:H1 str. NRG 857C	32	32	32	32	0	0	1.0	100.0	1
map00680	rn00680	Methane metabolism / C1 metabolism	iECP_1309	Escherichia coli 536	iUMN146_1321	Escherichia coli UM146	32	32	32	32	0	0	1.0	100.0	1
map00680	rn00680	Methane metabolism / C1 metabolism	iECP_1309	Escherichia coli 536	iUMNK88_1353	Escherichia coli UMNK88	32	32	32	32	0	0	1.0	100.0	1
map00680	rn00680	Methane metabolism / C1 metabolism	iECP_1309	Escherichia coli 536	iUTI89_1310	Escherichia coli UTI89	32	32	32	32	0	0	1.0	100.0	1
map00680	rn00680	Methane metabolism / C1 metabolism	iECP_1309	Escherichia coli 536	iWFL_1372	Escherichia coli W	32	32	32	32	0	0	1.0	100.0	1
map00680	rn00680	Methane metabolism / C1 metabolism	iECP_1309	Escherichia coli 536	iY75_1357	Escherichia coli str. K-12 substr. W3110	32	32	32	32	0	0	1.0	100.0	1
map00680	rn00680	Methane metabolism / C1 metabolism	iECP_1309	Escherichia coli 536	iZ_1308	Escherichia coli O157:H7 str. EDL933	32	32	32	32	0	0	1.0	100.0	1
map00680	rn00680	Methane metabolism / C1 metabolism	iECP_1309	Escherichia coli 536	ic_1306	Escherichia coli CFT073	32	32	32	32	0	0	1.0	100.0	1
map00680	rn00680	Methane metabolism / C1 metabolism	iECS88_1305	Escherichia coli S88	iECSE_1348	Escherichia coli SE11	32	32	32	32	0	0	1.0	100.0	1
map00680	rn00680	Methane metabolism / C1 metabolism	iECS88_1305	Escherichia coli S88	iECSF_1327	Escherichia coli SE15	32	32	32	32	0	0	1.0	100.0	1
map00680	rn00680	Methane metabolism / C1 metabolism	iECS88_1305	Escherichia coli S88	iECSP_1301	Escherichia coli O157:H7 str. TW14359	32	32	32	32	0	0	1.0	100.0	1
map00680	rn00680	Methane metabolism / C1 metabolism	iECS88_1305	Escherichia coli S88	iECUMN_1333	Escherichia coli UMN026	32	32	32	32	0	0	1.0	100.0	1
map00680	rn00680	Methane metabolism / C1 metabolism	iECS88_1305	Escherichia coli S88	iECW_1372	Escherichia coli W	32	32	32	32	0	0	1.0	100.0	1
map00680	rn00680	Methane metabolism / C1 metabolism	iECS88_1305	Escherichia coli S88	iECs_1301	Escherichia coli O157:H7 str. Sakai	32	32	32	32	0	0	1.0	100.0	1
map00680	rn00680	Methane metabolism / C1 metabolism	iECS88_1305	Escherichia coli S88	iEKO11_1354	Escherichia coli KO11FL	32	32	32	32	0	0	1.0	100.0	1
map00680	rn00680	Methane metabolism / C1 metabolism	iECS88_1305	Escherichia coli S88	iETEC_1333	Escherichia coli ETEC H10407	32	32	32	32	0	0	1.0	100.0	1
map00680	rn00680	Methane metabolism / C1 metabolism	iECS88_1305	Escherichia coli S88	iEcDH1_1363	Escherichia coli DH1	32	32	32	32	0	0	1.0	100.0	1
map00680	rn00680	Methane metabolism / C1 metabolism	iECS88_1305	Escherichia coli S88	iEcE24377_1341	Escherichia coli O139:H28 str. E24377A	32	32	32	32	0	0	1.0	100.0	1
map00680	rn00680	Methane metabolism / C1 metabolism	iECS88_1305	Escherichia coli S88	iEcHS_1320	Escherichia coli HS	32	32	32	32	0	0	1.0	100.0	1
map00680	rn00680	Methane metabolism / C1 metabolism	iECS88_1305	Escherichia coli S88	iEcSMS35_1347	Escherichia coli SMS-3-5	32	32	32	32	0	0	1.0	100.0	1
map00680	rn00680	Methane metabolism / C1 metabolism	iECS88_1305	Escherichia coli S88	iEcolC_1368	Escherichia coli ATCC 8739	32	32	32	32	0	0	1.0	100.0	1
map00680	rn00680	Methane metabolism / C1 metabolism	iECS88_1305	Escherichia coli S88	iG2583_1286	Escherichia coli O55:H7 str. CB9615	32	31	31	32	1	0	0.9688	96.88	0
map00680	rn00680	Methane metabolism / C1 metabolism	iECS88_1305	Escherichia coli S88	iJO1366	Escherichia coli str. K-12 substr. MG1655	32	31	31	32	1	0	0.9688	96.88	0
map00680	rn00680	Methane metabolism / C1 metabolism	iECS88_1305	Escherichia coli S88	iJR904	Escherichia coli str. K-12 substr. MG1655	32	28	28	32	4	0	0.875	87.5	0
map00680	rn00680	Methane metabolism / C1 metabolism	iECS88_1305	Escherichia coli S88	iLF82_1304	Escherichia coli LF82	32	32	32	32	0	0	1.0	100.0	1
map00680	rn00680	Methane metabolism / C1 metabolism	iECS88_1305	Escherichia coli S88	iML1515	Escherichia coli str. K-12 substr. MG1655	32	31	31	32	1	0	0.9688	96.88	0
map00680	rn00680	Methane metabolism / C1 metabolism	iECS88_1305	Escherichia coli S88	iNRG857_1313	Escherichia coli O83:H1 str. NRG 857C	32	32	32	32	0	0	1.0	100.0	1
map00680	rn00680	Methane metabolism / C1 metabolism	iECS88_1305	Escherichia coli S88	iUMN146_1321	Escherichia coli UM146	32	32	32	32	0	0	1.0	100.0	1
map00680	rn00680	Methane metabolism / C1 metabolism	iECS88_1305	Escherichia coli S88	iUMNK88_1353	Escherichia coli UMNK88	32	32	32	32	0	0	1.0	100.0	1
map00680	rn00680	Methane metabolism / C1 metabolism	iECS88_1305	Escherichia coli S88	iUTI89_1310	Escherichia coli UTI89	32	32	32	32	0	0	1.0	100.0	1
map00680	rn00680	Methane metabolism / C1 metabolism	iECS88_1305	Escherichia coli S88	iWFL_1372	Escherichia coli W	32	32	32	32	0	0	1.0	100.0	1
map00680	rn00680	Methane metabolism / C1 metabolism	iECS88_1305	Escherichia coli S88	iY75_1357	Escherichia coli str. K-12 substr. W3110	32	32	32	32	0	0	1.0	100.0	1
map00680	rn00680	Methane metabolism / C1 metabolism	iECS88_1305	Escherichia coli S88	iZ_1308	Escherichia coli O157:H7 str. EDL933	32	32	32	32	0	0	1.0	100.0	1
map00680	rn00680	Methane metabolism / C1 metabolism	iECS88_1305	Escherichia coli S88	ic_1306	Escherichia coli CFT073	32	32	32	32	0	0	1.0	100.0	1
map00680	rn00680	Methane metabolism / C1 metabolism	iECSE_1348	Escherichia coli SE11	iECSF_1327	Escherichia coli SE15	32	32	32	32	0	0	1.0	100.0	1
map00680	rn00680	Methane metabolism / C1 metabolism	iECSE_1348	Escherichia coli SE11	iECSP_1301	Escherichia coli O157:H7 str. TW14359	32	32	32	32	0	0	1.0	100.0	1
map00680	rn00680	Methane metabolism / C1 metabolism	iECSE_1348	Escherichia coli SE11	iECUMN_1333	Escherichia coli UMN026	32	32	32	32	0	0	1.0	100.0	1
map00680	rn00680	Methane metabolism / C1 metabolism	iECSE_1348	Escherichia coli SE11	iECW_1372	Escherichia coli W	32	32	32	32	0	0	1.0	100.0	1
map00680	rn00680	Methane metabolism / C1 metabolism	iECSE_1348	Escherichia coli SE11	iECs_1301	Escherichia coli O157:H7 str. Sakai	32	32	32	32	0	0	1.0	100.0	1
map00680	rn00680	Methane metabolism / C1 metabolism	iECSE_1348	Escherichia coli SE11	iEKO11_1354	Escherichia coli KO11FL	32	32	32	32	0	0	1.0	100.0	1
map00680	rn00680	Methane metabolism / C1 metabolism	iECSE_1348	Escherichia coli SE11	iETEC_1333	Escherichia coli ETEC H10407	32	32	32	32	0	0	1.0	100.0	1
map00680	rn00680	Methane metabolism / C1 metabolism	iECSE_1348	Escherichia coli SE11	iEcDH1_1363	Escherichia coli DH1	32	32	32	32	0	0	1.0	100.0	1
map00680	rn00680	Methane metabolism / C1 metabolism	iECSE_1348	Escherichia coli SE11	iEcE24377_1341	Escherichia coli O139:H28 str. E24377A	32	32	32	32	0	0	1.0	100.0	1
map00680	rn00680	Methane metabolism / C1 metabolism	iECSE_1348	Escherichia coli SE11	iEcHS_1320	Escherichia coli HS	32	32	32	32	0	0	1.0	100.0	1
map00680	rn00680	Methane metabolism / C1 metabolism	iECSE_1348	Escherichia coli SE11	iEcSMS35_1347	Escherichia coli SMS-3-5	32	32	32	32	0	0	1.0	100.0	1
map00680	rn00680	Methane metabolism / C1 metabolism	iECSE_1348	Escherichia coli SE11	iEcolC_1368	Escherichia coli ATCC 8739	32	32	32	32	0	0	1.0	100.0	1
map00680	rn00680	Methane metabolism / C1 metabolism	iECSE_1348	Escherichia coli SE11	iG2583_1286	Escherichia coli O55:H7 str. CB9615	32	31	31	32	1	0	0.9688	96.88	0
map00680	rn00680	Methane metabolism / C1 metabolism	iECSE_1348	Escherichia coli SE11	iJO1366	Escherichia coli str. K-12 substr. MG1655	32	31	31	32	1	0	0.9688	96.88	0
map00680	rn00680	Methane metabolism / C1 metabolism	iECSE_1348	Escherichia coli SE11	iJR904	Escherichia coli str. K-12 substr. MG1655	32	28	28	32	4	0	0.875	87.5	0
map00680	rn00680	Methane metabolism / C1 metabolism	iECSE_1348	Escherichia coli SE11	iLF82_1304	Escherichia coli LF82	32	32	32	32	0	0	1.0	100.0	1
map00680	rn00680	Methane metabolism / C1 metabolism	iECSE_1348	Escherichia coli SE11	iML1515	Escherichia coli str. K-12 substr. MG1655	32	31	31	32	1	0	0.9688	96.88	0
map00680	rn00680	Methane metabolism / C1 metabolism	iECSE_1348	Escherichia coli SE11	iNRG857_1313	Escherichia coli O83:H1 str. NRG 857C	32	32	32	32	0	0	1.0	100.0	1
map00680	rn00680	Methane metabolism / C1 metabolism	iECSE_1348	Escherichia coli SE11	iUMN146_1321	Escherichia coli UM146	32	32	32	32	0	0	1.0	100.0	1
map00680	rn00680	Methane metabolism / C1 metabolism	iECSE_1348	Escherichia coli SE11	iUMNK88_1353	Escherichia coli UMNK88	32	32	32	32	0	0	1.0	100.0	1
map00680	rn00680	Methane metabolism / C1 metabolism	iECSE_1348	Escherichia coli SE11	iUTI89_1310	Escherichia coli UTI89	32	32	32	32	0	0	1.0	100.0	1
map00680	rn00680	Methane metabolism / C1 metabolism	iECSE_1348	Escherichia coli SE11	iWFL_1372	Escherichia coli W	32	32	32	32	0	0	1.0	100.0	1
map00680	rn00680	Methane metabolism / C1 metabolism	iECSE_1348	Escherichia coli SE11	iY75_1357	Escherichia coli str. K-12 substr. W3110	32	32	32	32	0	0	1.0	100.0	1
map00680	rn00680	Methane metabolism / C1 metabolism	iECSE_1348	Escherichia coli SE11	iZ_1308	Escherichia coli O157:H7 str. EDL933	32	32	32	32	0	0	1.0	100.0	1
map00680	rn00680	Methane metabolism / C1 metabolism	iECSE_1348	Escherichia coli SE11	ic_1306	Escherichia coli CFT073	32	32	32	32	0	0	1.0	100.0	1
map00680	rn00680	Methane metabolism / C1 metabolism	iECSF_1327	Escherichia coli SE15	iECSP_1301	Escherichia coli O157:H7 str. TW14359	32	32	32	32	0	0	1.0	100.0	1
map00680	rn00680	Methane metabolism / C1 metabolism	iECSF_1327	Escherichia coli SE15	iECUMN_1333	Escherichia coli UMN026	32	32	32	32	0	0	1.0	100.0	1
map00680	rn00680	Methane metabolism / C1 metabolism	iECSF_1327	Escherichia coli SE15	iECW_1372	Escherichia coli W	32	32	32	32	0	0	1.0	100.0	1
map00680	rn00680	Methane metabolism / C1 metabolism	iECSF_1327	Escherichia coli SE15	iECs_1301	Escherichia coli O157:H7 str. Sakai	32	32	32	32	0	0	1.0	100.0	1
map00680	rn00680	Methane metabolism / C1 metabolism	iECSF_1327	Escherichia coli SE15	iEKO11_1354	Escherichia coli KO11FL	32	32	32	32	0	0	1.0	100.0	1
map00680	rn00680	Methane metabolism / C1 metabolism	iECSF_1327	Escherichia coli SE15	iETEC_1333	Escherichia coli ETEC H10407	32	32	32	32	0	0	1.0	100.0	1
map00680	rn00680	Methane metabolism / C1 metabolism	iECSF_1327	Escherichia coli SE15	iEcDH1_1363	Escherichia coli DH1	32	32	32	32	0	0	1.0	100.0	1
map00680	rn00680	Methane metabolism / C1 metabolism	iECSF_1327	Escherichia coli SE15	iEcE24377_1341	Escherichia coli O139:H28 str. E24377A	32	32	32	32	0	0	1.0	100.0	1
map00680	rn00680	Methane metabolism / C1 metabolism	iECSF_1327	Escherichia coli SE15	iEcHS_1320	Escherichia coli HS	32	32	32	32	0	0	1.0	100.0	1
map00680	rn00680	Methane metabolism / C1 metabolism	iECSF_1327	Escherichia coli SE15	iEcSMS35_1347	Escherichia coli SMS-3-5	32	32	32	32	0	0	1.0	100.0	1
map00680	rn00680	Methane metabolism / C1 metabolism	iECSF_1327	Escherichia coli SE15	iEcolC_1368	Escherichia coli ATCC 8739	32	32	32	32	0	0	1.0	100.0	1
map00680	rn00680	Methane metabolism / C1 metabolism	iECSF_1327	Escherichia coli SE15	iG2583_1286	Escherichia coli O55:H7 str. CB9615	32	31	31	32	1	0	0.9688	96.88	0
map00680	rn00680	Methane metabolism / C1 metabolism	iECSF_1327	Escherichia coli SE15	iJO1366	Escherichia coli str. K-12 substr. MG1655	32	31	31	32	1	0	0.9688	96.88	0
map00680	rn00680	Methane metabolism / C1 metabolism	iECSF_1327	Escherichia coli SE15	iJR904	Escherichia coli str. K-12 substr. MG1655	32	28	28	32	4	0	0.875	87.5	0
map00680	rn00680	Methane metabolism / C1 metabolism	iECSF_1327	Escherichia coli SE15	iLF82_1304	Escherichia coli LF82	32	32	32	32	0	0	1.0	100.0	1
map00680	rn00680	Methane metabolism / C1 metabolism	iECSF_1327	Escherichia coli SE15	iML1515	Escherichia coli str. K-12 substr. MG1655	32	31	31	32	1	0	0.9688	96.88	0
map00680	rn00680	Methane metabolism / C1 metabolism	iECSF_1327	Escherichia coli SE15	iNRG857_1313	Escherichia coli O83:H1 str. NRG 857C	32	32	32	32	0	0	1.0	100.0	1
map00680	rn00680	Methane metabolism / C1 metabolism	iECSF_1327	Escherichia coli SE15	iUMN146_1321	Escherichia coli UM146	32	32	32	32	0	0	1.0	100.0	1
map00680	rn00680	Methane metabolism / C1 metabolism	iECSF_1327	Escherichia coli SE15	iUMNK88_1353	Escherichia coli UMNK88	32	32	32	32	0	0	1.0	100.0	1
map00680	rn00680	Methane metabolism / C1 metabolism	iECSF_1327	Escherichia coli SE15	iUTI89_1310	Escherichia coli UTI89	32	32	32	32	0	0	1.0	100.0	1
map00680	rn00680	Methane metabolism / C1 metabolism	iECSF_1327	Escherichia coli SE15	iWFL_1372	Escherichia coli W	32	32	32	32	0	0	1.0	100.0	1
map00680	rn00680	Methane metabolism / C1 metabolism	iECSF_1327	Escherichia coli SE15	iY75_1357	Escherichia coli str. K-12 substr. W3110	32	32	32	32	0	0	1.0	100.0	1
map00680	rn00680	Methane metabolism / C1 metabolism	iECSF_1327	Escherichia coli SE15	iZ_1308	Escherichia coli O157:H7 str. EDL933	32	32	32	32	0	0	1.0	100.0	1
map00680	rn00680	Methane metabolism / C1 metabolism	iECSF_1327	Escherichia coli SE15	ic_1306	Escherichia coli CFT073	32	32	32	32	0	0	1.0	100.0	1
map00680	rn00680	Methane metabolism / C1 metabolism	iECSP_1301	Escherichia coli O157:H7 str. TW14359	iECUMN_1333	Escherichia coli UMN026	32	32	32	32	0	0	1.0	100.0	1
map00680	rn00680	Methane metabolism / C1 metabolism	iECSP_1301	Escherichia coli O157:H7 str. TW14359	iECW_1372	Escherichia coli W	32	32	32	32	0	0	1.0	100.0	1
map00680	rn00680	Methane metabolism / C1 metabolism	iECSP_1301	Escherichia coli O157:H7 str. TW14359	iECs_1301	Escherichia coli O157:H7 str. Sakai	32	32	32	32	0	0	1.0	100.0	1
map00680	rn00680	Methane metabolism / C1 metabolism	iECSP_1301	Escherichia coli O157:H7 str. TW14359	iEKO11_1354	Escherichia coli KO11FL	32	32	32	32	0	0	1.0	100.0	1
map00680	rn00680	Methane metabolism / C1 metabolism	iECSP_1301	Escherichia coli O157:H7 str. TW14359	iETEC_1333	Escherichia coli ETEC H10407	32	32	32	32	0	0	1.0	100.0	1
map00680	rn00680	Methane metabolism / C1 metabolism	iECSP_1301	Escherichia coli O157:H7 str. TW14359	iEcDH1_1363	Escherichia coli DH1	32	32	32	32	0	0	1.0	100.0	1
map00680	rn00680	Methane metabolism / C1 metabolism	iECSP_1301	Escherichia coli O157:H7 str. TW14359	iEcE24377_1341	Escherichia coli O139:H28 str. E24377A	32	32	32	32	0	0	1.0	100.0	1
map00680	rn00680	Methane metabolism / C1 metabolism	iECSP_1301	Escherichia coli O157:H7 str. TW14359	iEcHS_1320	Escherichia coli HS	32	32	32	32	0	0	1.0	100.0	1
map00680	rn00680	Methane metabolism / C1 metabolism	iECSP_1301	Escherichia coli O157:H7 str. TW14359	iEcSMS35_1347	Escherichia coli SMS-3-5	32	32	32	32	0	0	1.0	100.0	1
map00680	rn00680	Methane metabolism / C1 metabolism	iECSP_1301	Escherichia coli O157:H7 str. TW14359	iEcolC_1368	Escherichia coli ATCC 8739	32	32	32	32	0	0	1.0	100.0	1
map00680	rn00680	Methane metabolism / C1 metabolism	iECSP_1301	Escherichia coli O157:H7 str. TW14359	iG2583_1286	Escherichia coli O55:H7 str. CB9615	32	31	31	32	1	0	0.9688	96.88	0
map00680	rn00680	Methane metabolism / C1 metabolism	iECSP_1301	Escherichia coli O157:H7 str. TW14359	iJO1366	Escherichia coli str. K-12 substr. MG1655	32	31	31	32	1	0	0.9688	96.88	0
map00680	rn00680	Methane metabolism / C1 metabolism	iECSP_1301	Escherichia coli O157:H7 str. TW14359	iJR904	Escherichia coli str. K-12 substr. MG1655	32	28	28	32	4	0	0.875	87.5	0
map00680	rn00680	Methane metabolism / C1 metabolism	iECSP_1301	Escherichia coli O157:H7 str. TW14359	iLF82_1304	Escherichia coli LF82	32	32	32	32	0	0	1.0	100.0	1
map00680	rn00680	Methane metabolism / C1 metabolism	iECSP_1301	Escherichia coli O157:H7 str. TW14359	iML1515	Escherichia coli str. K-12 substr. MG1655	32	31	31	32	1	0	0.9688	96.88	0
map00680	rn00680	Methane metabolism / C1 metabolism	iECSP_1301	Escherichia coli O157:H7 str. TW14359	iNRG857_1313	Escherichia coli O83:H1 str. NRG 857C	32	32	32	32	0	0	1.0	100.0	1
map00680	rn00680	Methane metabolism / C1 metabolism	iECSP_1301	Escherichia coli O157:H7 str. TW14359	iUMN146_1321	Escherichia coli UM146	32	32	32	32	0	0	1.0	100.0	1
map00680	rn00680	Methane metabolism / C1 metabolism	iECSP_1301	Escherichia coli O157:H7 str. TW14359	iUMNK88_1353	Escherichia coli UMNK88	32	32	32	32	0	0	1.0	100.0	1
map00680	rn00680	Methane metabolism / C1 metabolism	iECSP_1301	Escherichia coli O157:H7 str. TW14359	iUTI89_1310	Escherichia coli UTI89	32	32	32	32	0	0	1.0	100.0	1
map00680	rn00680	Methane metabolism / C1 metabolism	iECSP_1301	Escherichia coli O157:H7 str. TW14359	iWFL_1372	Escherichia coli W	32	32	32	32	0	0	1.0	100.0	1
map00680	rn00680	Methane metabolism / C1 metabolism	iECSP_1301	Escherichia coli O157:H7 str. TW14359	iY75_1357	Escherichia coli str. K-12 substr. W3110	32	32	32	32	0	0	1.0	100.0	1
map00680	rn00680	Methane metabolism / C1 metabolism	iECSP_1301	Escherichia coli O157:H7 str. TW14359	iZ_1308	Escherichia coli O157:H7 str. EDL933	32	32	32	32	0	0	1.0	100.0	1
map00680	rn00680	Methane metabolism / C1 metabolism	iECSP_1301	Escherichia coli O157:H7 str. TW14359	ic_1306	Escherichia coli CFT073	32	32	32	32	0	0	1.0	100.0	1
map00680	rn00680	Methane metabolism / C1 metabolism	iECUMN_1333	Escherichia coli UMN026	iECW_1372	Escherichia coli W	32	32	32	32	0	0	1.0	100.0	1
map00680	rn00680	Methane metabolism / C1 metabolism	iECUMN_1333	Escherichia coli UMN026	iECs_1301	Escherichia coli O157:H7 str. Sakai	32	32	32	32	0	0	1.0	100.0	1
map00680	rn00680	Methane metabolism / C1 metabolism	iECUMN_1333	Escherichia coli UMN026	iEKO11_1354	Escherichia coli KO11FL	32	32	32	32	0	0	1.0	100.0	1
map00680	rn00680	Methane metabolism / C1 metabolism	iECUMN_1333	Escherichia coli UMN026	iETEC_1333	Escherichia coli ETEC H10407	32	32	32	32	0	0	1.0	100.0	1
map00680	rn00680	Methane metabolism / C1 metabolism	iECUMN_1333	Escherichia coli UMN026	iEcDH1_1363	Escherichia coli DH1	32	32	32	32	0	0	1.0	100.0	1
map00680	rn00680	Methane metabolism / C1 metabolism	iECUMN_1333	Escherichia coli UMN026	iEcE24377_1341	Escherichia coli O139:H28 str. E24377A	32	32	32	32	0	0	1.0	100.0	1
map00680	rn00680	Methane metabolism / C1 metabolism	iECUMN_1333	Escherichia coli UMN026	iEcHS_1320	Escherichia coli HS	32	32	32	32	0	0	1.0	100.0	1
map00680	rn00680	Methane metabolism / C1 metabolism	iECUMN_1333	Escherichia coli UMN026	iEcSMS35_1347	Escherichia coli SMS-3-5	32	32	32	32	0	0	1.0	100.0	1
map00680	rn00680	Methane metabolism / C1 metabolism	iECUMN_1333	Escherichia coli UMN026	iEcolC_1368	Escherichia coli ATCC 8739	32	32	32	32	0	0	1.0	100.0	1
map00680	rn00680	Methane metabolism / C1 metabolism	iECUMN_1333	Escherichia coli UMN026	iG2583_1286	Escherichia coli O55:H7 str. CB9615	32	31	31	32	1	0	0.9688	96.88	0
map00680	rn00680	Methane metabolism / C1 metabolism	iECUMN_1333	Escherichia coli UMN026	iJO1366	Escherichia coli str. K-12 substr. MG1655	32	31	31	32	1	0	0.9688	96.88	0
map00680	rn00680	Methane metabolism / C1 metabolism	iECUMN_1333	Escherichia coli UMN026	iJR904	Escherichia coli str. K-12 substr. MG1655	32	28	28	32	4	0	0.875	87.5	0
map00680	rn00680	Methane metabolism / C1 metabolism	iECUMN_1333	Escherichia coli UMN026	iLF82_1304	Escherichia coli LF82	32	32	32	32	0	0	1.0	100.0	1
map00680	rn00680	Methane metabolism / C1 metabolism	iECUMN_1333	Escherichia coli UMN026	iML1515	Escherichia coli str. K-12 substr. MG1655	32	31	31	32	1	0	0.9688	96.88	0
map00680	rn00680	Methane metabolism / C1 metabolism	iECUMN_1333	Escherichia coli UMN026	iNRG857_1313	Escherichia coli O83:H1 str. NRG 857C	32	32	32	32	0	0	1.0	100.0	1
map00680	rn00680	Methane metabolism / C1 metabolism	iECUMN_1333	Escherichia coli UMN026	iUMN146_1321	Escherichia coli UM146	32	32	32	32	0	0	1.0	100.0	1
map00680	rn00680	Methane metabolism / C1 metabolism	iECUMN_1333	Escherichia coli UMN026	iUMNK88_1353	Escherichia coli UMNK88	32	32	32	32	0	0	1.0	100.0	1
map00680	rn00680	Methane metabolism / C1 metabolism	iECUMN_1333	Escherichia coli UMN026	iUTI89_1310	Escherichia coli UTI89	32	32	32	32	0	0	1.0	100.0	1
map00680	rn00680	Methane metabolism / C1 metabolism	iECUMN_1333	Escherichia coli UMN026	iWFL_1372	Escherichia coli W	32	32	32	32	0	0	1.0	100.0	1
map00680	rn00680	Methane metabolism / C1 metabolism	iECUMN_1333	Escherichia coli UMN026	iY75_1357	Escherichia coli str. K-12 substr. W3110	32	32	32	32	0	0	1.0	100.0	1
map00680	rn00680	Methane metabolism / C1 metabolism	iECUMN_1333	Escherichia coli UMN026	iZ_1308	Escherichia coli O157:H7 str. EDL933	32	32	32	32	0	0	1.0	100.0	1
map00680	rn00680	Methane metabolism / C1 metabolism	iECUMN_1333	Escherichia coli UMN026	ic_1306	Escherichia coli CFT073	32	32	32	32	0	0	1.0	100.0	1
map00680	rn00680	Methane metabolism / C1 metabolism	iECW_1372	Escherichia coli W	iECs_1301	Escherichia coli O157:H7 str. Sakai	32	32	32	32	0	0	1.0	100.0	1
map00680	rn00680	Methane metabolism / C1 metabolism	iECW_1372	Escherichia coli W	iEKO11_1354	Escherichia coli KO11FL	32	32	32	32	0	0	1.0	100.0	1
map00680	rn00680	Methane metabolism / C1 metabolism	iECW_1372	Escherichia coli W	iETEC_1333	Escherichia coli ETEC H10407	32	32	32	32	0	0	1.0	100.0	1
map00680	rn00680	Methane metabolism / C1 metabolism	iECW_1372	Escherichia coli W	iEcDH1_1363	Escherichia coli DH1	32	32	32	32	0	0	1.0	100.0	1
map00680	rn00680	Methane metabolism / C1 metabolism	iECW_1372	Escherichia coli W	iEcE24377_1341	Escherichia coli O139:H28 str. E24377A	32	32	32	32	0	0	1.0	100.0	1
map00680	rn00680	Methane metabolism / C1 metabolism	iECW_1372	Escherichia coli W	iEcHS_1320	Escherichia coli HS	32	32	32	32	0	0	1.0	100.0	1
map00680	rn00680	Methane metabolism / C1 metabolism	iECW_1372	Escherichia coli W	iEcSMS35_1347	Escherichia coli SMS-3-5	32	32	32	32	0	0	1.0	100.0	1
map00680	rn00680	Methane metabolism / C1 metabolism	iECW_1372	Escherichia coli W	iEcolC_1368	Escherichia coli ATCC 8739	32	32	32	32	0	0	1.0	100.0	1
map00680	rn00680	Methane metabolism / C1 metabolism	iECW_1372	Escherichia coli W	iG2583_1286	Escherichia coli O55:H7 str. CB9615	32	31	31	32	1	0	0.9688	96.88	0
map00680	rn00680	Methane metabolism / C1 metabolism	iECW_1372	Escherichia coli W	iJO1366	Escherichia coli str. K-12 substr. MG1655	32	31	31	32	1	0	0.9688	96.88	0
map00680	rn00680	Methane metabolism / C1 metabolism	iECW_1372	Escherichia coli W	iJR904	Escherichia coli str. K-12 substr. MG1655	32	28	28	32	4	0	0.875	87.5	0
map00680	rn00680	Methane metabolism / C1 metabolism	iECW_1372	Escherichia coli W	iLF82_1304	Escherichia coli LF82	32	32	32	32	0	0	1.0	100.0	1
map00680	rn00680	Methane metabolism / C1 metabolism	iECW_1372	Escherichia coli W	iML1515	Escherichia coli str. K-12 substr. MG1655	32	31	31	32	1	0	0.9688	96.88	0
map00680	rn00680	Methane metabolism / C1 metabolism	iECW_1372	Escherichia coli W	iNRG857_1313	Escherichia coli O83:H1 str. NRG 857C	32	32	32	32	0	0	1.0	100.0	1
map00680	rn00680	Methane metabolism / C1 metabolism	iECW_1372	Escherichia coli W	iUMN146_1321	Escherichia coli UM146	32	32	32	32	0	0	1.0	100.0	1
map00680	rn00680	Methane metabolism / C1 metabolism	iECW_1372	Escherichia coli W	iUMNK88_1353	Escherichia coli UMNK88	32	32	32	32	0	0	1.0	100.0	1
map00680	rn00680	Methane metabolism / C1 metabolism	iECW_1372	Escherichia coli W	iUTI89_1310	Escherichia coli UTI89	32	32	32	32	0	0	1.0	100.0	1
map00680	rn00680	Methane metabolism / C1 metabolism	iECW_1372	Escherichia coli W	iWFL_1372	Escherichia coli W	32	32	32	32	0	0	1.0	100.0	1
map00680	rn00680	Methane metabolism / C1 metabolism	iECW_1372	Escherichia coli W	iY75_1357	Escherichia coli str. K-12 substr. W3110	32	32	32	32	0	0	1.0	100.0	1
map00680	rn00680	Methane metabolism / C1 metabolism	iECW_1372	Escherichia coli W	iZ_1308	Escherichia coli O157:H7 str. EDL933	32	32	32	32	0	0	1.0	100.0	1
map00680	rn00680	Methane metabolism / C1 metabolism	iECW_1372	Escherichia coli W	ic_1306	Escherichia coli CFT073	32	32	32	32	0	0	1.0	100.0	1
map00680	rn00680	Methane metabolism / C1 metabolism	iECs_1301	Escherichia coli O157:H7 str. Sakai	iEKO11_1354	Escherichia coli KO11FL	32	32	32	32	0	0	1.0	100.0	1
map00680	rn00680	Methane metabolism / C1 metabolism	iECs_1301	Escherichia coli O157:H7 str. Sakai	iETEC_1333	Escherichia coli ETEC H10407	32	32	32	32	0	0	1.0	100.0	1
map00680	rn00680	Methane metabolism / C1 metabolism	iECs_1301	Escherichia coli O157:H7 str. Sakai	iEcDH1_1363	Escherichia coli DH1	32	32	32	32	0	0	1.0	100.0	1
map00680	rn00680	Methane metabolism / C1 metabolism	iECs_1301	Escherichia coli O157:H7 str. Sakai	iEcE24377_1341	Escherichia coli O139:H28 str. E24377A	32	32	32	32	0	0	1.0	100.0	1
map00680	rn00680	Methane metabolism / C1 metabolism	iECs_1301	Escherichia coli O157:H7 str. Sakai	iEcHS_1320	Escherichia coli HS	32	32	32	32	0	0	1.0	100.0	1
map00680	rn00680	Methane metabolism / C1 metabolism	iECs_1301	Escherichia coli O157:H7 str. Sakai	iEcSMS35_1347	Escherichia coli SMS-3-5	32	32	32	32	0	0	1.0	100.0	1
map00680	rn00680	Methane metabolism / C1 metabolism	iECs_1301	Escherichia coli O157:H7 str. Sakai	iEcolC_1368	Escherichia coli ATCC 8739	32	32	32	32	0	0	1.0	100.0	1
map00680	rn00680	Methane metabolism / C1 metabolism	iECs_1301	Escherichia coli O157:H7 str. Sakai	iG2583_1286	Escherichia coli O55:H7 str. CB9615	32	31	31	32	1	0	0.9688	96.88	0
map00680	rn00680	Methane metabolism / C1 metabolism	iECs_1301	Escherichia coli O157:H7 str. Sakai	iJO1366	Escherichia coli str. K-12 substr. MG1655	32	31	31	32	1	0	0.9688	96.88	0
map00680	rn00680	Methane metabolism / C1 metabolism	iECs_1301	Escherichia coli O157:H7 str. Sakai	iJR904	Escherichia coli str. K-12 substr. MG1655	32	28	28	32	4	0	0.875	87.5	0
map00680	rn00680	Methane metabolism / C1 metabolism	iECs_1301	Escherichia coli O157:H7 str. Sakai	iLF82_1304	Escherichia coli LF82	32	32	32	32	0	0	1.0	100.0	1
map00680	rn00680	Methane metabolism / C1 metabolism	iECs_1301	Escherichia coli O157:H7 str. Sakai	iML1515	Escherichia coli str. K-12 substr. MG1655	32	31	31	32	1	0	0.9688	96.88	0
map00680	rn00680	Methane metabolism / C1 metabolism	iECs_1301	Escherichia coli O157:H7 str. Sakai	iNRG857_1313	Escherichia coli O83:H1 str. NRG 857C	32	32	32	32	0	0	1.0	100.0	1
map00680	rn00680	Methane metabolism / C1 metabolism	iECs_1301	Escherichia coli O157:H7 str. Sakai	iUMN146_1321	Escherichia coli UM146	32	32	32	32	0	0	1.0	100.0	1
map00680	rn00680	Methane metabolism / C1 metabolism	iECs_1301	Escherichia coli O157:H7 str. Sakai	iUMNK88_1353	Escherichia coli UMNK88	32	32	32	32	0	0	1.0	100.0	1
map00680	rn00680	Methane metabolism / C1 metabolism	iECs_1301	Escherichia coli O157:H7 str. Sakai	iUTI89_1310	Escherichia coli UTI89	32	32	32	32	0	0	1.0	100.0	1
map00680	rn00680	Methane metabolism / C1 metabolism	iECs_1301	Escherichia coli O157:H7 str. Sakai	iWFL_1372	Escherichia coli W	32	32	32	32	0	0	1.0	100.0	1
map00680	rn00680	Methane metabolism / C1 metabolism	iECs_1301	Escherichia coli O157:H7 str. Sakai	iY75_1357	Escherichia coli str. K-12 substr. W3110	32	32	32	32	0	0	1.0	100.0	1
map00680	rn00680	Methane metabolism / C1 metabolism	iECs_1301	Escherichia coli O157:H7 str. Sakai	iZ_1308	Escherichia coli O157:H7 str. EDL933	32	32	32	32	0	0	1.0	100.0	1
map00680	rn00680	Methane metabolism / C1 metabolism	iECs_1301	Escherichia coli O157:H7 str. Sakai	ic_1306	Escherichia coli CFT073	32	32	32	32	0	0	1.0	100.0	1
map00680	rn00680	Methane metabolism / C1 metabolism	iEKO11_1354	Escherichia coli KO11FL	iETEC_1333	Escherichia coli ETEC H10407	32	32	32	32	0	0	1.0	100.0	1
map00680	rn00680	Methane metabolism / C1 metabolism	iEKO11_1354	Escherichia coli KO11FL	iEcDH1_1363	Escherichia coli DH1	32	32	32	32	0	0	1.0	100.0	1
map00680	rn00680	Methane metabolism / C1 metabolism	iEKO11_1354	Escherichia coli KO11FL	iEcE24377_1341	Escherichia coli O139:H28 str. E24377A	32	32	32	32	0	0	1.0	100.0	1
map00680	rn00680	Methane metabolism / C1 metabolism	iEKO11_1354	Escherichia coli KO11FL	iEcHS_1320	Escherichia coli HS	32	32	32	32	0	0	1.0	100.0	1
map00680	rn00680	Methane metabolism / C1 metabolism	iEKO11_1354	Escherichia coli KO11FL	iEcSMS35_1347	Escherichia coli SMS-3-5	32	32	32	32	0	0	1.0	100.0	1
map00680	rn00680	Methane metabolism / C1 metabolism	iEKO11_1354	Escherichia coli KO11FL	iEcolC_1368	Escherichia coli ATCC 8739	32	32	32	32	0	0	1.0	100.0	1
map00680	rn00680	Methane metabolism / C1 metabolism	iEKO11_1354	Escherichia coli KO11FL	iG2583_1286	Escherichia coli O55:H7 str. CB9615	32	31	31	32	1	0	0.9688	96.88	0
map00680	rn00680	Methane metabolism / C1 metabolism	iEKO11_1354	Escherichia coli KO11FL	iJO1366	Escherichia coli str. K-12 substr. MG1655	32	31	31	32	1	0	0.9688	96.88	0
map00680	rn00680	Methane metabolism / C1 metabolism	iEKO11_1354	Escherichia coli KO11FL	iJR904	Escherichia coli str. K-12 substr. MG1655	32	28	28	32	4	0	0.875	87.5	0
map00680	rn00680	Methane metabolism / C1 metabolism	iEKO11_1354	Escherichia coli KO11FL	iLF82_1304	Escherichia coli LF82	32	32	32	32	0	0	1.0	100.0	1
map00680	rn00680	Methane metabolism / C1 metabolism	iEKO11_1354	Escherichia coli KO11FL	iML1515	Escherichia coli str. K-12 substr. MG1655	32	31	31	32	1	0	0.9688	96.88	0
map00680	rn00680	Methane metabolism / C1 metabolism	iEKO11_1354	Escherichia coli KO11FL	iNRG857_1313	Escherichia coli O83:H1 str. NRG 857C	32	32	32	32	0	0	1.0	100.0	1
map00680	rn00680	Methane metabolism / C1 metabolism	iEKO11_1354	Escherichia coli KO11FL	iUMN146_1321	Escherichia coli UM146	32	32	32	32	0	0	1.0	100.0	1
map00680	rn00680	Methane metabolism / C1 metabolism	iEKO11_1354	Escherichia coli KO11FL	iUMNK88_1353	Escherichia coli UMNK88	32	32	32	32	0	0	1.0	100.0	1
map00680	rn00680	Methane metabolism / C1 metabolism	iEKO11_1354	Escherichia coli KO11FL	iUTI89_1310	Escherichia coli UTI89	32	32	32	32	0	0	1.0	100.0	1
map00680	rn00680	Methane metabolism / C1 metabolism	iEKO11_1354	Escherichia coli KO11FL	iWFL_1372	Escherichia coli W	32	32	32	32	0	0	1.0	100.0	1
map00680	rn00680	Methane metabolism / C1 metabolism	iEKO11_1354	Escherichia coli KO11FL	iY75_1357	Escherichia coli str. K-12 substr. W3110	32	32	32	32	0	0	1.0	100.0	1
map00680	rn00680	Methane metabolism / C1 metabolism	iEKO11_1354	Escherichia coli KO11FL	iZ_1308	Escherichia coli O157:H7 str. EDL933	32	32	32	32	0	0	1.0	100.0	1
map00680	rn00680	Methane metabolism / C1 metabolism	iEKO11_1354	Escherichia coli KO11FL	ic_1306	Escherichia coli CFT073	32	32	32	32	0	0	1.0	100.0	1
map00680	rn00680	Methane metabolism / C1 metabolism	iETEC_1333	Escherichia coli ETEC H10407	iEcDH1_1363	Escherichia coli DH1	32	32	32	32	0	0	1.0	100.0	1
map00680	rn00680	Methane metabolism / C1 metabolism	iETEC_1333	Escherichia coli ETEC H10407	iEcE24377_1341	Escherichia coli O139:H28 str. E24377A	32	32	32	32	0	0	1.0	100.0	1
map00680	rn00680	Methane metabolism / C1 metabolism	iETEC_1333	Escherichia coli ETEC H10407	iEcHS_1320	Escherichia coli HS	32	32	32	32	0	0	1.0	100.0	1
map00680	rn00680	Methane metabolism / C1 metabolism	iETEC_1333	Escherichia coli ETEC H10407	iEcSMS35_1347	Escherichia coli SMS-3-5	32	32	32	32	0	0	1.0	100.0	1
map00680	rn00680	Methane metabolism / C1 metabolism	iETEC_1333	Escherichia coli ETEC H10407	iEcolC_1368	Escherichia coli ATCC 8739	32	32	32	32	0	0	1.0	100.0	1
map00680	rn00680	Methane metabolism / C1 metabolism	iETEC_1333	Escherichia coli ETEC H10407	iG2583_1286	Escherichia coli O55:H7 str. CB9615	32	31	31	32	1	0	0.9688	96.88	0
map00680	rn00680	Methane metabolism / C1 metabolism	iETEC_1333	Escherichia coli ETEC H10407	iJO1366	Escherichia coli str. K-12 substr. MG1655	32	31	31	32	1	0	0.9688	96.88	0
map00680	rn00680	Methane metabolism / C1 metabolism	iETEC_1333	Escherichia coli ETEC H10407	iJR904	Escherichia coli str. K-12 substr. MG1655	32	28	28	32	4	0	0.875	87.5	0
map00680	rn00680	Methane metabolism / C1 metabolism	iETEC_1333	Escherichia coli ETEC H10407	iLF82_1304	Escherichia coli LF82	32	32	32	32	0	0	1.0	100.0	1
map00680	rn00680	Methane metabolism / C1 metabolism	iETEC_1333	Escherichia coli ETEC H10407	iML1515	Escherichia coli str. K-12 substr. MG1655	32	31	31	32	1	0	0.9688	96.88	0
map00680	rn00680	Methane metabolism / C1 metabolism	iETEC_1333	Escherichia coli ETEC H10407	iNRG857_1313	Escherichia coli O83:H1 str. NRG 857C	32	32	32	32	0	0	1.0	100.0	1
map00680	rn00680	Methane metabolism / C1 metabolism	iETEC_1333	Escherichia coli ETEC H10407	iUMN146_1321	Escherichia coli UM146	32	32	32	32	0	0	1.0	100.0	1
map00680	rn00680	Methane metabolism / C1 metabolism	iETEC_1333	Escherichia coli ETEC H10407	iUMNK88_1353	Escherichia coli UMNK88	32	32	32	32	0	0	1.0	100.0	1
map00680	rn00680	Methane metabolism / C1 metabolism	iETEC_1333	Escherichia coli ETEC H10407	iUTI89_1310	Escherichia coli UTI89	32	32	32	32	0	0	1.0	100.0	1
map00680	rn00680	Methane metabolism / C1 metabolism	iETEC_1333	Escherichia coli ETEC H10407	iWFL_1372	Escherichia coli W	32	32	32	32	0	0	1.0	100.0	1
map00680	rn00680	Methane metabolism / C1 metabolism	iETEC_1333	Escherichia coli ETEC H10407	iY75_1357	Escherichia coli str. K-12 substr. W3110	32	32	32	32	0	0	1.0	100.0	1
map00680	rn00680	Methane metabolism / C1 metabolism	iETEC_1333	Escherichia coli ETEC H10407	iZ_1308	Escherichia coli O157:H7 str. EDL933	32	32	32	32	0	0	1.0	100.0	1
map00680	rn00680	Methane metabolism / C1 metabolism	iETEC_1333	Escherichia coli ETEC H10407	ic_1306	Escherichia coli CFT073	32	32	32	32	0	0	1.0	100.0	1
map00680	rn00680	Methane metabolism / C1 metabolism	iEcDH1_1363	Escherichia coli DH1	iEcE24377_1341	Escherichia coli O139:H28 str. E24377A	32	32	32	32	0	0	1.0	100.0	1
map00680	rn00680	Methane metabolism / C1 metabolism	iEcDH1_1363	Escherichia coli DH1	iEcHS_1320	Escherichia coli HS	32	32	32	32	0	0	1.0	100.0	1
map00680	rn00680	Methane metabolism / C1 metabolism	iEcDH1_1363	Escherichia coli DH1	iEcSMS35_1347	Escherichia coli SMS-3-5	32	32	32	32	0	0	1.0	100.0	1
map00680	rn00680	Methane metabolism / C1 metabolism	iEcDH1_1363	Escherichia coli DH1	iEcolC_1368	Escherichia coli ATCC 8739	32	32	32	32	0	0	1.0	100.0	1
map00680	rn00680	Methane metabolism / C1 metabolism	iEcDH1_1363	Escherichia coli DH1	iG2583_1286	Escherichia coli O55:H7 str. CB9615	32	31	31	32	1	0	0.9688	96.88	0
map00680	rn00680	Methane metabolism / C1 metabolism	iEcDH1_1363	Escherichia coli DH1	iJO1366	Escherichia coli str. K-12 substr. MG1655	32	31	31	32	1	0	0.9688	96.88	0
map00680	rn00680	Methane metabolism / C1 metabolism	iEcDH1_1363	Escherichia coli DH1	iJR904	Escherichia coli str. K-12 substr. MG1655	32	28	28	32	4	0	0.875	87.5	0
map00680	rn00680	Methane metabolism / C1 metabolism	iEcDH1_1363	Escherichia coli DH1	iLF82_1304	Escherichia coli LF82	32	32	32	32	0	0	1.0	100.0	1
map00680	rn00680	Methane metabolism / C1 metabolism	iEcDH1_1363	Escherichia coli DH1	iML1515	Escherichia coli str. K-12 substr. MG1655	32	31	31	32	1	0	0.9688	96.88	0
map00680	rn00680	Methane metabolism / C1 metabolism	iEcDH1_1363	Escherichia coli DH1	iNRG857_1313	Escherichia coli O83:H1 str. NRG 857C	32	32	32	32	0	0	1.0	100.0	1
map00680	rn00680	Methane metabolism / C1 metabolism	iEcDH1_1363	Escherichia coli DH1	iUMN146_1321	Escherichia coli UM146	32	32	32	32	0	0	1.0	100.0	1
map00680	rn00680	Methane metabolism / C1 metabolism	iEcDH1_1363	Escherichia coli DH1	iUMNK88_1353	Escherichia coli UMNK88	32	32	32	32	0	0	1.0	100.0	1
map00680	rn00680	Methane metabolism / C1 metabolism	iEcDH1_1363	Escherichia coli DH1	iUTI89_1310	Escherichia coli UTI89	32	32	32	32	0	0	1.0	100.0	1
map00680	rn00680	Methane metabolism / C1 metabolism	iEcDH1_1363	Escherichia coli DH1	iWFL_1372	Escherichia coli W	32	32	32	32	0	0	1.0	100.0	1
map00680	rn00680	Methane metabolism / C1 metabolism	iEcDH1_1363	Escherichia coli DH1	iY75_1357	Escherichia coli str. K-12 substr. W3110	32	32	32	32	0	0	1.0	100.0	1
map00680	rn00680	Methane metabolism / C1 metabolism	iEcDH1_1363	Escherichia coli DH1	iZ_1308	Escherichia coli O157:H7 str. EDL933	32	32	32	32	0	0	1.0	100.0	1
map00680	rn00680	Methane metabolism / C1 metabolism	iEcDH1_1363	Escherichia coli DH1	ic_1306	Escherichia coli CFT073	32	32	32	32	0	0	1.0	100.0	1
map00680	rn00680	Methane metabolism / C1 metabolism	iEcE24377_1341	Escherichia coli O139:H28 str. E24377A	iEcHS_1320	Escherichia coli HS	32	32	32	32	0	0	1.0	100.0	1
map00680	rn00680	Methane metabolism / C1 metabolism	iEcE24377_1341	Escherichia coli O139:H28 str. E24377A	iEcSMS35_1347	Escherichia coli SMS-3-5	32	32	32	32	0	0	1.0	100.0	1
map00680	rn00680	Methane metabolism / C1 metabolism	iEcE24377_1341	Escherichia coli O139:H28 str. E24377A	iEcolC_1368	Escherichia coli ATCC 8739	32	32	32	32	0	0	1.0	100.0	1
map00680	rn00680	Methane metabolism / C1 metabolism	iEcE24377_1341	Escherichia coli O139:H28 str. E24377A	iG2583_1286	Escherichia coli O55:H7 str. CB9615	32	31	31	32	1	0	0.9688	96.88	0
map00680	rn00680	Methane metabolism / C1 metabolism	iEcE24377_1341	Escherichia coli O139:H28 str. E24377A	iJO1366	Escherichia coli str. K-12 substr. MG1655	32	31	31	32	1	0	0.9688	96.88	0
map00680	rn00680	Methane metabolism / C1 metabolism	iEcE24377_1341	Escherichia coli O139:H28 str. E24377A	iJR904	Escherichia coli str. K-12 substr. MG1655	32	28	28	32	4	0	0.875	87.5	0
map00680	rn00680	Methane metabolism / C1 metabolism	iEcE24377_1341	Escherichia coli O139:H28 str. E24377A	iLF82_1304	Escherichia coli LF82	32	32	32	32	0	0	1.0	100.0	1
map00680	rn00680	Methane metabolism / C1 metabolism	iEcE24377_1341	Escherichia coli O139:H28 str. E24377A	iML1515	Escherichia coli str. K-12 substr. MG1655	32	31	31	32	1	0	0.9688	96.88	0
map00680	rn00680	Methane metabolism / C1 metabolism	iEcE24377_1341	Escherichia coli O139:H28 str. E24377A	iNRG857_1313	Escherichia coli O83:H1 str. NRG 857C	32	32	32	32	0	0	1.0	100.0	1
map00680	rn00680	Methane metabolism / C1 metabolism	iEcE24377_1341	Escherichia coli O139:H28 str. E24377A	iUMN146_1321	Escherichia coli UM146	32	32	32	32	0	0	1.0	100.0	1
map00680	rn00680	Methane metabolism / C1 metabolism	iEcE24377_1341	Escherichia coli O139:H28 str. E24377A	iUMNK88_1353	Escherichia coli UMNK88	32	32	32	32	0	0	1.0	100.0	1
map00680	rn00680	Methane metabolism / C1 metabolism	iEcE24377_1341	Escherichia coli O139:H28 str. E24377A	iUTI89_1310	Escherichia coli UTI89	32	32	32	32	0	0	1.0	100.0	1
map00680	rn00680	Methane metabolism / C1 metabolism	iEcE24377_1341	Escherichia coli O139:H28 str. E24377A	iWFL_1372	Escherichia coli W	32	32	32	32	0	0	1.0	100.0	1
map00680	rn00680	Methane metabolism / C1 metabolism	iEcE24377_1341	Escherichia coli O139:H28 str. E24377A	iY75_1357	Escherichia coli str. K-12 substr. W3110	32	32	32	32	0	0	1.0	100.0	1
map00680	rn00680	Methane metabolism / C1 metabolism	iEcE24377_1341	Escherichia coli O139:H28 str. E24377A	iZ_1308	Escherichia coli O157:H7 str. EDL933	32	32	32	32	0	0	1.0	100.0	1
map00680	rn00680	Methane metabolism / C1 metabolism	iEcE24377_1341	Escherichia coli O139:H28 str. E24377A	ic_1306	Escherichia coli CFT073	32	32	32	32	0	0	1.0	100.0	1
map00680	rn00680	Methane metabolism / C1 metabolism	iEcHS_1320	Escherichia coli HS	iEcSMS35_1347	Escherichia coli SMS-3-5	32	32	32	32	0	0	1.0	100.0	1
map00680	rn00680	Methane metabolism / C1 metabolism	iEcHS_1320	Escherichia coli HS	iEcolC_1368	Escherichia coli ATCC 8739	32	32	32	32	0	0	1.0	100.0	1
map00680	rn00680	Methane metabolism / C1 metabolism	iEcHS_1320	Escherichia coli HS	iG2583_1286	Escherichia coli O55:H7 str. CB9615	32	31	31	32	1	0	0.9688	96.88	0
map00680	rn00680	Methane metabolism / C1 metabolism	iEcHS_1320	Escherichia coli HS	iJO1366	Escherichia coli str. K-12 substr. MG1655	32	31	31	32	1	0	0.9688	96.88	0
map00680	rn00680	Methane metabolism / C1 metabolism	iEcHS_1320	Escherichia coli HS	iJR904	Escherichia coli str. K-12 substr. MG1655	32	28	28	32	4	0	0.875	87.5	0
map00680	rn00680	Methane metabolism / C1 metabolism	iEcHS_1320	Escherichia coli HS	iLF82_1304	Escherichia coli LF82	32	32	32	32	0	0	1.0	100.0	1
map00680	rn00680	Methane metabolism / C1 metabolism	iEcHS_1320	Escherichia coli HS	iML1515	Escherichia coli str. K-12 substr. MG1655	32	31	31	32	1	0	0.9688	96.88	0
map00680	rn00680	Methane metabolism / C1 metabolism	iEcHS_1320	Escherichia coli HS	iNRG857_1313	Escherichia coli O83:H1 str. NRG 857C	32	32	32	32	0	0	1.0	100.0	1
map00680	rn00680	Methane metabolism / C1 metabolism	iEcHS_1320	Escherichia coli HS	iUMN146_1321	Escherichia coli UM146	32	32	32	32	0	0	1.0	100.0	1
map00680	rn00680	Methane metabolism / C1 metabolism	iEcHS_1320	Escherichia coli HS	iUMNK88_1353	Escherichia coli UMNK88	32	32	32	32	0	0	1.0	100.0	1
map00680	rn00680	Methane metabolism / C1 metabolism	iEcHS_1320	Escherichia coli HS	iUTI89_1310	Escherichia coli UTI89	32	32	32	32	0	0	1.0	100.0	1
map00680	rn00680	Methane metabolism / C1 metabolism	iEcHS_1320	Escherichia coli HS	iWFL_1372	Escherichia coli W	32	32	32	32	0	0	1.0	100.0	1
map00680	rn00680	Methane metabolism / C1 metabolism	iEcHS_1320	Escherichia coli HS	iY75_1357	Escherichia coli str. K-12 substr. W3110	32	32	32	32	0	0	1.0	100.0	1
map00680	rn00680	Methane metabolism / C1 metabolism	iEcHS_1320	Escherichia coli HS	iZ_1308	Escherichia coli O157:H7 str. EDL933	32	32	32	32	0	0	1.0	100.0	1
map00680	rn00680	Methane metabolism / C1 metabolism	iEcHS_1320	Escherichia coli HS	ic_1306	Escherichia coli CFT073	32	32	32	32	0	0	1.0	100.0	1
map00680	rn00680	Methane metabolism / C1 metabolism	iEcSMS35_1347	Escherichia coli SMS-3-5	iEcolC_1368	Escherichia coli ATCC 8739	32	32	32	32	0	0	1.0	100.0	1
map00680	rn00680	Methane metabolism / C1 metabolism	iEcSMS35_1347	Escherichia coli SMS-3-5	iG2583_1286	Escherichia coli O55:H7 str. CB9615	32	31	31	32	1	0	0.9688	96.88	0
map00680	rn00680	Methane metabolism / C1 metabolism	iEcSMS35_1347	Escherichia coli SMS-3-5	iJO1366	Escherichia coli str. K-12 substr. MG1655	32	31	31	32	1	0	0.9688	96.88	0
map00680	rn00680	Methane metabolism / C1 metabolism	iEcSMS35_1347	Escherichia coli SMS-3-5	iJR904	Escherichia coli str. K-12 substr. MG1655	32	28	28	32	4	0	0.875	87.5	0
map00680	rn00680	Methane metabolism / C1 metabolism	iEcSMS35_1347	Escherichia coli SMS-3-5	iLF82_1304	Escherichia coli LF82	32	32	32	32	0	0	1.0	100.0	1
map00680	rn00680	Methane metabolism / C1 metabolism	iEcSMS35_1347	Escherichia coli SMS-3-5	iML1515	Escherichia coli str. K-12 substr. MG1655	32	31	31	32	1	0	0.9688	96.88	0
map00680	rn00680	Methane metabolism / C1 metabolism	iEcSMS35_1347	Escherichia coli SMS-3-5	iNRG857_1313	Escherichia coli O83:H1 str. NRG 857C	32	32	32	32	0	0	1.0	100.0	1
map00680	rn00680	Methane metabolism / C1 metabolism	iEcSMS35_1347	Escherichia coli SMS-3-5	iUMN146_1321	Escherichia coli UM146	32	32	32	32	0	0	1.0	100.0	1
map00680	rn00680	Methane metabolism / C1 metabolism	iEcSMS35_1347	Escherichia coli SMS-3-5	iUMNK88_1353	Escherichia coli UMNK88	32	32	32	32	0	0	1.0	100.0	1
map00680	rn00680	Methane metabolism / C1 metabolism	iEcSMS35_1347	Escherichia coli SMS-3-5	iUTI89_1310	Escherichia coli UTI89	32	32	32	32	0	0	1.0	100.0	1
map00680	rn00680	Methane metabolism / C1 metabolism	iEcSMS35_1347	Escherichia coli SMS-3-5	iWFL_1372	Escherichia coli W	32	32	32	32	0	0	1.0	100.0	1
map00680	rn00680	Methane metabolism / C1 metabolism	iEcSMS35_1347	Escherichia coli SMS-3-5	iY75_1357	Escherichia coli str. K-12 substr. W3110	32	32	32	32	0	0	1.0	100.0	1
map00680	rn00680	Methane metabolism / C1 metabolism	iEcSMS35_1347	Escherichia coli SMS-3-5	iZ_1308	Escherichia coli O157:H7 str. EDL933	32	32	32	32	0	0	1.0	100.0	1
map00680	rn00680	Methane metabolism / C1 metabolism	iEcSMS35_1347	Escherichia coli SMS-3-5	ic_1306	Escherichia coli CFT073	32	32	32	32	0	0	1.0	100.0	1
map00680	rn00680	Methane metabolism / C1 metabolism	iEcolC_1368	Escherichia coli ATCC 8739	iG2583_1286	Escherichia coli O55:H7 str. CB9615	32	31	31	32	1	0	0.9688	96.88	0
map00680	rn00680	Methane metabolism / C1 metabolism	iEcolC_1368	Escherichia coli ATCC 8739	iJO1366	Escherichia coli str. K-12 substr. MG1655	32	31	31	32	1	0	0.9688	96.88	0
map00680	rn00680	Methane metabolism / C1 metabolism	iEcolC_1368	Escherichia coli ATCC 8739	iJR904	Escherichia coli str. K-12 substr. MG1655	32	28	28	32	4	0	0.875	87.5	0
map00680	rn00680	Methane metabolism / C1 metabolism	iEcolC_1368	Escherichia coli ATCC 8739	iLF82_1304	Escherichia coli LF82	32	32	32	32	0	0	1.0	100.0	1
map00680	rn00680	Methane metabolism / C1 metabolism	iEcolC_1368	Escherichia coli ATCC 8739	iML1515	Escherichia coli str. K-12 substr. MG1655	32	31	31	32	1	0	0.9688	96.88	0
map00680	rn00680	Methane metabolism / C1 metabolism	iEcolC_1368	Escherichia coli ATCC 8739	iNRG857_1313	Escherichia coli O83:H1 str. NRG 857C	32	32	32	32	0	0	1.0	100.0	1
map00680	rn00680	Methane metabolism / C1 metabolism	iEcolC_1368	Escherichia coli ATCC 8739	iUMN146_1321	Escherichia coli UM146	32	32	32	32	0	0	1.0	100.0	1
map00680	rn00680	Methane metabolism / C1 metabolism	iEcolC_1368	Escherichia coli ATCC 8739	iUMNK88_1353	Escherichia coli UMNK88	32	32	32	32	0	0	1.0	100.0	1
map00680	rn00680	Methane metabolism / C1 metabolism	iEcolC_1368	Escherichia coli ATCC 8739	iUTI89_1310	Escherichia coli UTI89	32	32	32	32	0	0	1.0	100.0	1
map00680	rn00680	Methane metabolism / C1 metabolism	iEcolC_1368	Escherichia coli ATCC 8739	iWFL_1372	Escherichia coli W	32	32	32	32	0	0	1.0	100.0	1
map00680	rn00680	Methane metabolism / C1 metabolism	iEcolC_1368	Escherichia coli ATCC 8739	iY75_1357	Escherichia coli str. K-12 substr. W3110	32	32	32	32	0	0	1.0	100.0	1
map00680	rn00680	Methane metabolism / C1 metabolism	iEcolC_1368	Escherichia coli ATCC 8739	iZ_1308	Escherichia coli O157:H7 str. EDL933	32	32	32	32	0	0	1.0	100.0	1
map00680	rn00680	Methane metabolism / C1 metabolism	iEcolC_1368	Escherichia coli ATCC 8739	ic_1306	Escherichia coli CFT073	32	32	32	32	0	0	1.0	100.0	1
map00680	rn00680	Methane metabolism / C1 metabolism	iG2583_1286	Escherichia coli O55:H7 str. CB9615	iJO1366	Escherichia coli str. K-12 substr. MG1655	31	31	30	32	1	1	0.9375	93.75	0
map00680	rn00680	Methane metabolism / C1 metabolism	iG2583_1286	Escherichia coli O55:H7 str. CB9615	iJR904	Escherichia coli str. K-12 substr. MG1655	31	28	27	32	4	1	0.8438	84.38	0
map00680	rn00680	Methane metabolism / C1 metabolism	iG2583_1286	Escherichia coli O55:H7 str. CB9615	iLF82_1304	Escherichia coli LF82	31	32	31	32	0	1	0.9688	96.88	0
map00680	rn00680	Methane metabolism / C1 metabolism	iG2583_1286	Escherichia coli O55:H7 str. CB9615	iML1515	Escherichia coli str. K-12 substr. MG1655	31	31	30	32	1	1	0.9375	93.75	0
map00680	rn00680	Methane metabolism / C1 metabolism	iG2583_1286	Escherichia coli O55:H7 str. CB9615	iNRG857_1313	Escherichia coli O83:H1 str. NRG 857C	31	32	31	32	0	1	0.9688	96.88	0
map00680	rn00680	Methane metabolism / C1 metabolism	iG2583_1286	Escherichia coli O55:H7 str. CB9615	iUMN146_1321	Escherichia coli UM146	31	32	31	32	0	1	0.9688	96.88	0
map00680	rn00680	Methane metabolism / C1 metabolism	iG2583_1286	Escherichia coli O55:H7 str. CB9615	iUMNK88_1353	Escherichia coli UMNK88	31	32	31	32	0	1	0.9688	96.88	0
map00680	rn00680	Methane metabolism / C1 metabolism	iG2583_1286	Escherichia coli O55:H7 str. CB9615	iUTI89_1310	Escherichia coli UTI89	31	32	31	32	0	1	0.9688	96.88	0
map00680	rn00680	Methane metabolism / C1 metabolism	iG2583_1286	Escherichia coli O55:H7 str. CB9615	iWFL_1372	Escherichia coli W	31	32	31	32	0	1	0.9688	96.88	0
map00680	rn00680	Methane metabolism / C1 metabolism	iG2583_1286	Escherichia coli O55:H7 str. CB9615	iY75_1357	Escherichia coli str. K-12 substr. W3110	31	32	31	32	0	1	0.9688	96.88	0
map00680	rn00680	Methane metabolism / C1 metabolism	iG2583_1286	Escherichia coli O55:H7 str. CB9615	iZ_1308	Escherichia coli O157:H7 str. EDL933	31	32	31	32	0	1	0.9688	96.88	0
map00680	rn00680	Methane metabolism / C1 metabolism	iG2583_1286	Escherichia coli O55:H7 str. CB9615	ic_1306	Escherichia coli CFT073	31	32	31	32	0	1	0.9688	96.88	0
map00680	rn00680	Methane metabolism / C1 metabolism	iJO1366	Escherichia coli str. K-12 substr. MG1655	iJR904	Escherichia coli str. K-12 substr. MG1655	31	28	28	31	3	0	0.9032	90.32	0
map00680	rn00680	Methane metabolism / C1 metabolism	iJO1366	Escherichia coli str. K-12 substr. MG1655	iLF82_1304	Escherichia coli LF82	31	32	31	32	0	1	0.9688	96.88	0
map00680	rn00680	Methane metabolism / C1 metabolism	iJO1366	Escherichia coli str. K-12 substr. MG1655	iML1515	Escherichia coli str. K-12 substr. MG1655	31	31	31	31	0	0	1.0	100.0	1
map00680	rn00680	Methane metabolism / C1 metabolism	iJO1366	Escherichia coli str. K-12 substr. MG1655	iNRG857_1313	Escherichia coli O83:H1 str. NRG 857C	31	32	31	32	0	1	0.9688	96.88	0
map00680	rn00680	Methane metabolism / C1 metabolism	iJO1366	Escherichia coli str. K-12 substr. MG1655	iUMN146_1321	Escherichia coli UM146	31	32	31	32	0	1	0.9688	96.88	0
map00680	rn00680	Methane metabolism / C1 metabolism	iJO1366	Escherichia coli str. K-12 substr. MG1655	iUMNK88_1353	Escherichia coli UMNK88	31	32	31	32	0	1	0.9688	96.88	0
map00680	rn00680	Methane metabolism / C1 metabolism	iJO1366	Escherichia coli str. K-12 substr. MG1655	iUTI89_1310	Escherichia coli UTI89	31	32	31	32	0	1	0.9688	96.88	0
map00680	rn00680	Methane metabolism / C1 metabolism	iJO1366	Escherichia coli str. K-12 substr. MG1655	iWFL_1372	Escherichia coli W	31	32	31	32	0	1	0.9688	96.88	0
map00680	rn00680	Methane metabolism / C1 metabolism	iJO1366	Escherichia coli str. K-12 substr. MG1655	iY75_1357	Escherichia coli str. K-12 substr. W3110	31	32	31	32	0	1	0.9688	96.88	0
map00680	rn00680	Methane metabolism / C1 metabolism	iJO1366	Escherichia coli str. K-12 substr. MG1655	iZ_1308	Escherichia coli O157:H7 str. EDL933	31	32	31	32	0	1	0.9688	96.88	0
map00680	rn00680	Methane metabolism / C1 metabolism	iJO1366	Escherichia coli str. K-12 substr. MG1655	ic_1306	Escherichia coli CFT073	31	32	31	32	0	1	0.9688	96.88	0
map00680	rn00680	Methane metabolism / C1 metabolism	iJR904	Escherichia coli str. K-12 substr. MG1655	iLF82_1304	Escherichia coli LF82	28	32	28	32	0	4	0.875	87.5	0
map00680	rn00680	Methane metabolism / C1 metabolism	iJR904	Escherichia coli str. K-12 substr. MG1655	iML1515	Escherichia coli str. K-12 substr. MG1655	28	31	28	31	0	3	0.9032	90.32	0
map00680	rn00680	Methane metabolism / C1 metabolism	iJR904	Escherichia coli str. K-12 substr. MG1655	iNRG857_1313	Escherichia coli O83:H1 str. NRG 857C	28	32	28	32	0	4	0.875	87.5	0
map00680	rn00680	Methane metabolism / C1 metabolism	iJR904	Escherichia coli str. K-12 substr. MG1655	iUMN146_1321	Escherichia coli UM146	28	32	28	32	0	4	0.875	87.5	0
map00680	rn00680	Methane metabolism / C1 metabolism	iJR904	Escherichia coli str. K-12 substr. MG1655	iUMNK88_1353	Escherichia coli UMNK88	28	32	28	32	0	4	0.875	87.5	0
map00680	rn00680	Methane metabolism / C1 metabolism	iJR904	Escherichia coli str. K-12 substr. MG1655	iUTI89_1310	Escherichia coli UTI89	28	32	28	32	0	4	0.875	87.5	0
map00680	rn00680	Methane metabolism / C1 metabolism	iJR904	Escherichia coli str. K-12 substr. MG1655	iWFL_1372	Escherichia coli W	28	32	28	32	0	4	0.875	87.5	0
map00680	rn00680	Methane metabolism / C1 metabolism	iJR904	Escherichia coli str. K-12 substr. MG1655	iY75_1357	Escherichia coli str. K-12 substr. W3110	28	32	28	32	0	4	0.875	87.5	0
map00680	rn00680	Methane metabolism / C1 metabolism	iJR904	Escherichia coli str. K-12 substr. MG1655	iZ_1308	Escherichia coli O157:H7 str. EDL933	28	32	28	32	0	4	0.875	87.5	0
map00680	rn00680	Methane metabolism / C1 metabolism	iJR904	Escherichia coli str. K-12 substr. MG1655	ic_1306	Escherichia coli CFT073	28	32	28	32	0	4	0.875	87.5	0
map00680	rn00680	Methane metabolism / C1 metabolism	iLF82_1304	Escherichia coli LF82	iML1515	Escherichia coli str. K-12 substr. MG1655	32	31	31	32	1	0	0.9688	96.88	0
map00680	rn00680	Methane metabolism / C1 metabolism	iLF82_1304	Escherichia coli LF82	iNRG857_1313	Escherichia coli O83:H1 str. NRG 857C	32	32	32	32	0	0	1.0	100.0	1
map00680	rn00680	Methane metabolism / C1 metabolism	iLF82_1304	Escherichia coli LF82	iUMN146_1321	Escherichia coli UM146	32	32	32	32	0	0	1.0	100.0	1
map00680	rn00680	Methane metabolism / C1 metabolism	iLF82_1304	Escherichia coli LF82	iUMNK88_1353	Escherichia coli UMNK88	32	32	32	32	0	0	1.0	100.0	1
map00680	rn00680	Methane metabolism / C1 metabolism	iLF82_1304	Escherichia coli LF82	iUTI89_1310	Escherichia coli UTI89	32	32	32	32	0	0	1.0	100.0	1
map00680	rn00680	Methane metabolism / C1 metabolism	iLF82_1304	Escherichia coli LF82	iWFL_1372	Escherichia coli W	32	32	32	32	0	0	1.0	100.0	1
map00680	rn00680	Methane metabolism / C1 metabolism	iLF82_1304	Escherichia coli LF82	iY75_1357	Escherichia coli str. K-12 substr. W3110	32	32	32	32	0	0	1.0	100.0	1
map00680	rn00680	Methane metabolism / C1 metabolism	iLF82_1304	Escherichia coli LF82	iZ_1308	Escherichia coli O157:H7 str. EDL933	32	32	32	32	0	0	1.0	100.0	1
map00680	rn00680	Methane metabolism / C1 metabolism	iLF82_1304	Escherichia coli LF82	ic_1306	Escherichia coli CFT073	32	32	32	32	0	0	1.0	100.0	1
map00680	rn00680	Methane metabolism / C1 metabolism	iML1515	Escherichia coli str. K-12 substr. MG1655	iNRG857_1313	Escherichia coli O83:H1 str. NRG 857C	31	32	31	32	0	1	0.9688	96.88	0
map00680	rn00680	Methane metabolism / C1 metabolism	iML1515	Escherichia coli str. K-12 substr. MG1655	iUMN146_1321	Escherichia coli UM146	31	32	31	32	0	1	0.9688	96.88	0
map00680	rn00680	Methane metabolism / C1 metabolism	iML1515	Escherichia coli str. K-12 substr. MG1655	iUMNK88_1353	Escherichia coli UMNK88	31	32	31	32	0	1	0.9688	96.88	0
map00680	rn00680	Methane metabolism / C1 metabolism	iML1515	Escherichia coli str. K-12 substr. MG1655	iUTI89_1310	Escherichia coli UTI89	31	32	31	32	0	1	0.9688	96.88	0
map00680	rn00680	Methane metabolism / C1 metabolism	iML1515	Escherichia coli str. K-12 substr. MG1655	iWFL_1372	Escherichia coli W	31	32	31	32	0	1	0.9688	96.88	0
map00680	rn00680	Methane metabolism / C1 metabolism	iML1515	Escherichia coli str. K-12 substr. MG1655	iY75_1357	Escherichia coli str. K-12 substr. W3110	31	32	31	32	0	1	0.9688	96.88	0
map00680	rn00680	Methane metabolism / C1 metabolism	iML1515	Escherichia coli str. K-12 substr. MG1655	iZ_1308	Escherichia coli O157:H7 str. EDL933	31	32	31	32	0	1	0.9688	96.88	0
map00680	rn00680	Methane metabolism / C1 metabolism	iML1515	Escherichia coli str. K-12 substr. MG1655	ic_1306	Escherichia coli CFT073	31	32	31	32	0	1	0.9688	96.88	0
map00680	rn00680	Methane metabolism / C1 metabolism	iNRG857_1313	Escherichia coli O83:H1 str. NRG 857C	iUMN146_1321	Escherichia coli UM146	32	32	32	32	0	0	1.0	100.0	1
map00680	rn00680	Methane metabolism / C1 metabolism	iNRG857_1313	Escherichia coli O83:H1 str. NRG 857C	iUMNK88_1353	Escherichia coli UMNK88	32	32	32	32	0	0	1.0	100.0	1
map00680	rn00680	Methane metabolism / C1 metabolism	iNRG857_1313	Escherichia coli O83:H1 str. NRG 857C	iUTI89_1310	Escherichia coli UTI89	32	32	32	32	0	0	1.0	100.0	1
map00680	rn00680	Methane metabolism / C1 metabolism	iNRG857_1313	Escherichia coli O83:H1 str. NRG 857C	iWFL_1372	Escherichia coli W	32	32	32	32	0	0	1.0	100.0	1
map00680	rn00680	Methane metabolism / C1 metabolism	iNRG857_1313	Escherichia coli O83:H1 str. NRG 857C	iY75_1357	Escherichia coli str. K-12 substr. W3110	32	32	32	32	0	0	1.0	100.0	1
map00680	rn00680	Methane metabolism / C1 metabolism	iNRG857_1313	Escherichia coli O83:H1 str. NRG 857C	iZ_1308	Escherichia coli O157:H7 str. EDL933	32	32	32	32	0	0	1.0	100.0	1
map00680	rn00680	Methane metabolism / C1 metabolism	iNRG857_1313	Escherichia coli O83:H1 str. NRG 857C	ic_1306	Escherichia coli CFT073	32	32	32	32	0	0	1.0	100.0	1
map00680	rn00680	Methane metabolism / C1 metabolism	iUMN146_1321	Escherichia coli UM146	iUMNK88_1353	Escherichia coli UMNK88	32	32	32	32	0	0	1.0	100.0	1
map00680	rn00680	Methane metabolism / C1 metabolism	iUMN146_1321	Escherichia coli UM146	iUTI89_1310	Escherichia coli UTI89	32	32	32	32	0	0	1.0	100.0	1
map00680	rn00680	Methane metabolism / C1 metabolism	iUMN146_1321	Escherichia coli UM146	iWFL_1372	Escherichia coli W	32	32	32	32	0	0	1.0	100.0	1
map00680	rn00680	Methane metabolism / C1 metabolism	iUMN146_1321	Escherichia coli UM146	iY75_1357	Escherichia coli str. K-12 substr. W3110	32	32	32	32	0	0	1.0	100.0	1
map00680	rn00680	Methane metabolism / C1 metabolism	iUMN146_1321	Escherichia coli UM146	iZ_1308	Escherichia coli O157:H7 str. EDL933	32	32	32	32	0	0	1.0	100.0	1
map00680	rn00680	Methane metabolism / C1 metabolism	iUMN146_1321	Escherichia coli UM146	ic_1306	Escherichia coli CFT073	32	32	32	32	0	0	1.0	100.0	1
map00680	rn00680	Methane metabolism / C1 metabolism	iUMNK88_1353	Escherichia coli UMNK88	iUTI89_1310	Escherichia coli UTI89	32	32	32	32	0	0	1.0	100.0	1
map00680	rn00680	Methane metabolism / C1 metabolism	iUMNK88_1353	Escherichia coli UMNK88	iWFL_1372	Escherichia coli W	32	32	32	32	0	0	1.0	100.0	1
map00680	rn00680	Methane metabolism / C1 metabolism	iUMNK88_1353	Escherichia coli UMNK88	iY75_1357	Escherichia coli str. K-12 substr. W3110	32	32	32	32	0	0	1.0	100.0	1
map00680	rn00680	Methane metabolism / C1 metabolism	iUMNK88_1353	Escherichia coli UMNK88	iZ_1308	Escherichia coli O157:H7 str. EDL933	32	32	32	32	0	0	1.0	100.0	1
map00680	rn00680	Methane metabolism / C1 metabolism	iUMNK88_1353	Escherichia coli UMNK88	ic_1306	Escherichia coli CFT073	32	32	32	32	0	0	1.0	100.0	1
map00680	rn00680	Methane metabolism / C1 metabolism	iUTI89_1310	Escherichia coli UTI89	iWFL_1372	Escherichia coli W	32	32	32	32	0	0	1.0	100.0	1
map00680	rn00680	Methane metabolism / C1 metabolism	iUTI89_1310	Escherichia coli UTI89	iY75_1357	Escherichia coli str. K-12 substr. W3110	32	32	32	32	0	0	1.0	100.0	1
map00680	rn00680	Methane metabolism / C1 metabolism	iUTI89_1310	Escherichia coli UTI89	iZ_1308	Escherichia coli O157:H7 str. EDL933	32	32	32	32	0	0	1.0	100.0	1
map00680	rn00680	Methane metabolism / C1 metabolism	iUTI89_1310	Escherichia coli UTI89	ic_1306	Escherichia coli CFT073	32	32	32	32	0	0	1.0	100.0	1
map00680	rn00680	Methane metabolism / C1 metabolism	iWFL_1372	Escherichia coli W	iY75_1357	Escherichia coli str. K-12 substr. W3110	32	32	32	32	0	0	1.0	100.0	1
map00680	rn00680	Methane metabolism / C1 metabolism	iWFL_1372	Escherichia coli W	iZ_1308	Escherichia coli O157:H7 str. EDL933	32	32	32	32	0	0	1.0	100.0	1
map00680	rn00680	Methane metabolism / C1 metabolism	iWFL_1372	Escherichia coli W	ic_1306	Escherichia coli CFT073	32	32	32	32	0	0	1.0	100.0	1
map00680	rn00680	Methane metabolism / C1 metabolism	iY75_1357	Escherichia coli str. K-12 substr. W3110	iZ_1308	Escherichia coli O157:H7 str. EDL933	32	32	32	32	0	0	1.0	100.0	1
map00680	rn00680	Methane metabolism / C1 metabolism	iY75_1357	Escherichia coli str. K-12 substr. W3110	ic_1306	Escherichia coli CFT073	32	32	32	32	0	0	1.0	100.0	1
map00680	rn00680	Methane metabolism / C1 metabolism	iZ_1308	Escherichia coli O157:H7 str. EDL933	ic_1306	Escherichia coli CFT073	32	32	32	32	0	0	1.0	100.0	1
