pathway	pathway_rn	pathway_label	kegg_reaction_id	present_model_count	absent_model_count	frequency_percent	status	model_reaction_ids_observed	present_models	absent_models
map00010	rn00010	Glycolysis / gluconeogenesis	R00014	57	0	100.0	core	ACLSa	iAF1260|iAF1260b|iAPECO1_1312|iB21_1397|iBWG_1329|iE2348C_1286|iEC042_1314|iEC1344_C|iEC1349_Crooks|iEC1356_Bl21DE3|iEC1364_W|iEC1368_DH5a|iEC1372_W3110|iEC55989_1330|iECABU_c1320|iECBD_1354|iECB_1328|iECDH10B_1368|iECDH1ME8569_1439|iECD_1391|iECED1_1282|iECH74115_1262|iECIAI1_1343|iECIAI39_1322|iECNA114_1301|iECO103_1326|iECO111_1330|iECO26_1355|iECOK1_1307|iECP_1309|iECS88_1305|iECSE_1348|iECSF_1327|iECSP_1301|iECUMN_1333|iECW_1372|iECs_1301|iEKO11_1354|iETEC_1333|iEcDH1_1363|iEcE24377_1341|iEcHS_1320|iEcSMS35_1347|iEcolC_1368|iG2583_1286|iJO1366|iJR904|iLF82_1304|iML1515|iNRG857_1313|iUMN146_1321|iUMNK88_1353|iUTI89_1310|iWFL_1372|iY75_1357|iZ_1308|ic_1306	
map00010	rn00010	Glycolysis / gluconeogenesis	R00199	57	0	100.0	core	PPS	iAF1260|iAF1260b|iAPECO1_1312|iB21_1397|iBWG_1329|iE2348C_1286|iEC042_1314|iEC1344_C|iEC1349_Crooks|iEC1356_Bl21DE3|iEC1364_W|iEC1368_DH5a|iEC1372_W3110|iEC55989_1330|iECABU_c1320|iECBD_1354|iECB_1328|iECDH10B_1368|iECDH1ME8569_1439|iECD_1391|iECED1_1282|iECH74115_1262|iECIAI1_1343|iECIAI39_1322|iECNA114_1301|iECO103_1326|iECO111_1330|iECO26_1355|iECOK1_1307|iECP_1309|iECS88_1305|iECSE_1348|iECSF_1327|iECSP_1301|iECUMN_1333|iECW_1372|iECs_1301|iEKO11_1354|iETEC_1333|iEcDH1_1363|iEcE24377_1341|iEcHS_1320|iEcSMS35_1347|iEcolC_1368|iG2583_1286|iJO1366|iJR904|iLF82_1304|iML1515|iNRG857_1313|iUMN146_1321|iUMNK88_1353|iUTI89_1310|iWFL_1372|iY75_1357|iZ_1308|ic_1306	
map00010	rn00010	Glycolysis / gluconeogenesis	R00200	57	0	100.0	core	PYK	iAF1260|iAF1260b|iAPECO1_1312|iB21_1397|iBWG_1329|iE2348C_1286|iEC042_1314|iEC1344_C|iEC1349_Crooks|iEC1356_Bl21DE3|iEC1364_W|iEC1368_DH5a|iEC1372_W3110|iEC55989_1330|iECABU_c1320|iECBD_1354|iECB_1328|iECDH10B_1368|iECDH1ME8569_1439|iECD_1391|iECED1_1282|iECH74115_1262|iECIAI1_1343|iECIAI39_1322|iECNA114_1301|iECO103_1326|iECO111_1330|iECO26_1355|iECOK1_1307|iECP_1309|iECS88_1305|iECSE_1348|iECSF_1327|iECSP_1301|iECUMN_1333|iECW_1372|iECs_1301|iEKO11_1354|iETEC_1333|iEcDH1_1363|iEcE24377_1341|iEcHS_1320|iEcSMS35_1347|iEcolC_1368|iG2583_1286|iJO1366|iJR904|iLF82_1304|iML1515|iNRG857_1313|iUMN146_1321|iUMNK88_1353|iUTI89_1310|iWFL_1372|iY75_1357|iZ_1308|ic_1306	
map00010	rn00010	Glycolysis / gluconeogenesis	R00229	57	0	100.0	core	ACCOAL	iAF1260|iAF1260b|iAPECO1_1312|iB21_1397|iBWG_1329|iE2348C_1286|iEC042_1314|iEC1344_C|iEC1349_Crooks|iEC1356_Bl21DE3|iEC1364_W|iEC1368_DH5a|iEC1372_W3110|iEC55989_1330|iECABU_c1320|iECBD_1354|iECB_1328|iECDH10B_1368|iECDH1ME8569_1439|iECD_1391|iECED1_1282|iECH74115_1262|iECIAI1_1343|iECIAI39_1322|iECNA114_1301|iECO103_1326|iECO111_1330|iECO26_1355|iECOK1_1307|iECP_1309|iECS88_1305|iECSE_1348|iECSF_1327|iECSP_1301|iECUMN_1333|iECW_1372|iECs_1301|iEKO11_1354|iETEC_1333|iEcDH1_1363|iEcE24377_1341|iEcHS_1320|iEcSMS35_1347|iEcolC_1368|iG2583_1286|iJO1366|iJR904|iLF82_1304|iML1515|iNRG857_1313|iUMN146_1321|iUMNK88_1353|iUTI89_1310|iWFL_1372|iY75_1357|iZ_1308|ic_1306	
map00010	rn00010	Glycolysis / gluconeogenesis	R00235	57	0	100.0	core	ACS	iAF1260|iAF1260b|iAPECO1_1312|iB21_1397|iBWG_1329|iE2348C_1286|iEC042_1314|iEC1344_C|iEC1349_Crooks|iEC1356_Bl21DE3|iEC1364_W|iEC1368_DH5a|iEC1372_W3110|iEC55989_1330|iECABU_c1320|iECBD_1354|iECB_1328|iECDH10B_1368|iECDH1ME8569_1439|iECD_1391|iECED1_1282|iECH74115_1262|iECIAI1_1343|iECIAI39_1322|iECNA114_1301|iECO103_1326|iECO111_1330|iECO26_1355|iECOK1_1307|iECP_1309|iECS88_1305|iECSE_1348|iECSF_1327|iECSP_1301|iECUMN_1333|iECW_1372|iECs_1301|iEKO11_1354|iETEC_1333|iEcDH1_1363|iEcE24377_1341|iEcHS_1320|iEcSMS35_1347|iEcolC_1368|iG2583_1286|iJO1366|iJR904|iLF82_1304|iML1515|iNRG857_1313|iUMN146_1321|iUMNK88_1353|iUTI89_1310|iWFL_1372|iY75_1357|iZ_1308|ic_1306	
map00010	rn00010	Glycolysis / gluconeogenesis	R00341	57	0	100.0	core	PPCK	iAF1260|iAF1260b|iAPECO1_1312|iB21_1397|iBWG_1329|iE2348C_1286|iEC042_1314|iEC1344_C|iEC1349_Crooks|iEC1356_Bl21DE3|iEC1364_W|iEC1368_DH5a|iEC1372_W3110|iEC55989_1330|iECABU_c1320|iECBD_1354|iECB_1328|iECDH10B_1368|iECDH1ME8569_1439|iECD_1391|iECED1_1282|iECH74115_1262|iECIAI1_1343|iECIAI39_1322|iECNA114_1301|iECO103_1326|iECO111_1330|iECO26_1355|iECOK1_1307|iECP_1309|iECS88_1305|iECSE_1348|iECSF_1327|iECSP_1301|iECUMN_1333|iECW_1372|iECs_1301|iEKO11_1354|iETEC_1333|iEcDH1_1363|iEcE24377_1341|iEcHS_1320|iEcSMS35_1347|iEcolC_1368|iG2583_1286|iJO1366|iJR904|iLF82_1304|iML1515|iNRG857_1313|iUMN146_1321|iUMNK88_1353|iUTI89_1310|iWFL_1372|iY75_1357|iZ_1308|ic_1306	
map00010	rn00010	Glycolysis / gluconeogenesis	R00431	57	0	100.0	core	PEPCK_re	iAF1260|iAF1260b|iAPECO1_1312|iB21_1397|iBWG_1329|iE2348C_1286|iEC042_1314|iEC1344_C|iEC1349_Crooks|iEC1356_Bl21DE3|iEC1364_W|iEC1368_DH5a|iEC1372_W3110|iEC55989_1330|iECABU_c1320|iECBD_1354|iECB_1328|iECDH10B_1368|iECDH1ME8569_1439|iECD_1391|iECED1_1282|iECH74115_1262|iECIAI1_1343|iECIAI39_1322|iECNA114_1301|iECO103_1326|iECO111_1330|iECO26_1355|iECOK1_1307|iECP_1309|iECS88_1305|iECSE_1348|iECSF_1327|iECSP_1301|iECUMN_1333|iECW_1372|iECs_1301|iEKO11_1354|iETEC_1333|iEcDH1_1363|iEcE24377_1341|iEcHS_1320|iEcSMS35_1347|iEcolC_1368|iG2583_1286|iJO1366|iJR904|iLF82_1304|iML1515|iNRG857_1313|iUMN146_1321|iUMNK88_1353|iUTI89_1310|iWFL_1372|iY75_1357|iZ_1308|ic_1306	
map00010	rn00010	Glycolysis / gluconeogenesis	R00658	57	0	100.0	core	ENO	iAF1260|iAF1260b|iAPECO1_1312|iB21_1397|iBWG_1329|iE2348C_1286|iEC042_1314|iEC1344_C|iEC1349_Crooks|iEC1356_Bl21DE3|iEC1364_W|iEC1368_DH5a|iEC1372_W3110|iEC55989_1330|iECABU_c1320|iECBD_1354|iECB_1328|iECDH10B_1368|iECDH1ME8569_1439|iECD_1391|iECED1_1282|iECH74115_1262|iECIAI1_1343|iECIAI39_1322|iECNA114_1301|iECO103_1326|iECO111_1330|iECO26_1355|iECOK1_1307|iECP_1309|iECS88_1305|iECSE_1348|iECSF_1327|iECSP_1301|iECUMN_1333|iECW_1372|iECs_1301|iEKO11_1354|iETEC_1333|iEcDH1_1363|iEcE24377_1341|iEcHS_1320|iEcSMS35_1347|iEcolC_1368|iG2583_1286|iJO1366|iJR904|iLF82_1304|iML1515|iNRG857_1313|iUMN146_1321|iUMNK88_1353|iUTI89_1310|iWFL_1372|iY75_1357|iZ_1308|ic_1306	
map00010	rn00010	Glycolysis / gluconeogenesis	R00703	57	0	100.0	core	LDH_L	iAF1260|iAF1260b|iAPECO1_1312|iB21_1397|iBWG_1329|iE2348C_1286|iEC042_1314|iEC1344_C|iEC1349_Crooks|iEC1356_Bl21DE3|iEC1364_W|iEC1368_DH5a|iEC1372_W3110|iEC55989_1330|iECABU_c1320|iECBD_1354|iECB_1328|iECDH10B_1368|iECDH1ME8569_1439|iECD_1391|iECED1_1282|iECH74115_1262|iECIAI1_1343|iECIAI39_1322|iECNA114_1301|iECO103_1326|iECO111_1330|iECO26_1355|iECOK1_1307|iECP_1309|iECS88_1305|iECSE_1348|iECSF_1327|iECSP_1301|iECUMN_1333|iECW_1372|iECs_1301|iEKO11_1354|iETEC_1333|iEcDH1_1363|iEcE24377_1341|iEcHS_1320|iEcSMS35_1347|iEcolC_1368|iG2583_1286|iJO1366|iJR904|iLF82_1304|iML1515|iNRG857_1313|iUMN146_1321|iUMNK88_1353|iUTI89_1310|iWFL_1372|iY75_1357|iZ_1308|ic_1306	
map00010	rn00010	Glycolysis / gluconeogenesis	R00710	57	0	100.0	core	ALDD2x	iAF1260|iAF1260b|iAPECO1_1312|iB21_1397|iBWG_1329|iE2348C_1286|iEC042_1314|iEC1344_C|iEC1349_Crooks|iEC1356_Bl21DE3|iEC1364_W|iEC1368_DH5a|iEC1372_W3110|iEC55989_1330|iECABU_c1320|iECBD_1354|iECB_1328|iECDH10B_1368|iECDH1ME8569_1439|iECD_1391|iECED1_1282|iECH74115_1262|iECIAI1_1343|iECIAI39_1322|iECNA114_1301|iECO103_1326|iECO111_1330|iECO26_1355|iECOK1_1307|iECP_1309|iECS88_1305|iECSE_1348|iECSF_1327|iECSP_1301|iECUMN_1333|iECW_1372|iECs_1301|iEKO11_1354|iETEC_1333|iEcDH1_1363|iEcE24377_1341|iEcHS_1320|iEcSMS35_1347|iEcolC_1368|iG2583_1286|iJO1366|iJR904|iLF82_1304|iML1515|iNRG857_1313|iUMN146_1321|iUMNK88_1353|iUTI89_1310|iWFL_1372|iY75_1357|iZ_1308|ic_1306	
map00010	rn00010	Glycolysis / gluconeogenesis	R00711	57	0	100.0	core	ALDD2y	iAF1260|iAF1260b|iAPECO1_1312|iB21_1397|iBWG_1329|iE2348C_1286|iEC042_1314|iEC1344_C|iEC1349_Crooks|iEC1356_Bl21DE3|iEC1364_W|iEC1368_DH5a|iEC1372_W3110|iEC55989_1330|iECABU_c1320|iECBD_1354|iECB_1328|iECDH10B_1368|iECDH1ME8569_1439|iECD_1391|iECED1_1282|iECH74115_1262|iECIAI1_1343|iECIAI39_1322|iECNA114_1301|iECO103_1326|iECO111_1330|iECO26_1355|iECOK1_1307|iECP_1309|iECS88_1305|iECSE_1348|iECSF_1327|iECSP_1301|iECUMN_1333|iECW_1372|iECs_1301|iEKO11_1354|iETEC_1333|iEcDH1_1363|iEcE24377_1341|iEcHS_1320|iEcSMS35_1347|iEcolC_1368|iG2583_1286|iJO1366|iJR904|iLF82_1304|iML1515|iNRG857_1313|iUMN146_1321|iUMNK88_1353|iUTI89_1310|iWFL_1372|iY75_1357|iZ_1308|ic_1306	
map00010	rn00010	Glycolysis / gluconeogenesis	R00726	57	0	100.0	core	ITPOXAL	iAF1260|iAF1260b|iAPECO1_1312|iB21_1397|iBWG_1329|iE2348C_1286|iEC042_1314|iEC1344_C|iEC1349_Crooks|iEC1356_Bl21DE3|iEC1364_W|iEC1368_DH5a|iEC1372_W3110|iEC55989_1330|iECABU_c1320|iECBD_1354|iECB_1328|iECDH10B_1368|iECDH1ME8569_1439|iECD_1391|iECED1_1282|iECH74115_1262|iECIAI1_1343|iECIAI39_1322|iECNA114_1301|iECO103_1326|iECO111_1330|iECO26_1355|iECOK1_1307|iECP_1309|iECS88_1305|iECSE_1348|iECSF_1327|iECSP_1301|iECUMN_1333|iECW_1372|iECs_1301|iEKO11_1354|iETEC_1333|iEcDH1_1363|iEcE24377_1341|iEcHS_1320|iEcSMS35_1347|iEcolC_1368|iG2583_1286|iJO1366|iJR904|iLF82_1304|iML1515|iNRG857_1313|iUMN146_1321|iUMNK88_1353|iUTI89_1310|iWFL_1372|iY75_1357|iZ_1308|ic_1306	
map00010	rn00010	Glycolysis / gluconeogenesis	R00746	57	0	100.0	core	ALCD2y	iAF1260|iAF1260b|iAPECO1_1312|iB21_1397|iBWG_1329|iE2348C_1286|iEC042_1314|iEC1344_C|iEC1349_Crooks|iEC1356_Bl21DE3|iEC1364_W|iEC1368_DH5a|iEC1372_W3110|iEC55989_1330|iECABU_c1320|iECBD_1354|iECB_1328|iECDH10B_1368|iECDH1ME8569_1439|iECD_1391|iECED1_1282|iECH74115_1262|iECIAI1_1343|iECIAI39_1322|iECNA114_1301|iECO103_1326|iECO111_1330|iECO26_1355|iECOK1_1307|iECP_1309|iECS88_1305|iECSE_1348|iECSF_1327|iECSP_1301|iECUMN_1333|iECW_1372|iECs_1301|iEKO11_1354|iETEC_1333|iEcDH1_1363|iEcE24377_1341|iEcHS_1320|iEcSMS35_1347|iEcolC_1368|iG2583_1286|iJO1366|iJR904|iLF82_1304|iML1515|iNRG857_1313|iUMN146_1321|iUMNK88_1353|iUTI89_1310|iWFL_1372|iY75_1357|iZ_1308|ic_1306	
map00010	rn00010	Glycolysis / gluconeogenesis	R00754	56	1	98.25	variable	ALCD2x	iAF1260|iAF1260b|iAPECO1_1312|iB21_1397|iBWG_1329|iE2348C_1286|iEC042_1314|iEC1344_C|iEC1349_Crooks|iEC1356_Bl21DE3|iEC1364_W|iEC1368_DH5a|iEC1372_W3110|iEC55989_1330|iECABU_c1320|iECBD_1354|iECB_1328|iECDH10B_1368|iECDH1ME8569_1439|iECD_1391|iECED1_1282|iECH74115_1262|iECIAI1_1343|iECIAI39_1322|iECNA114_1301|iECO103_1326|iECO111_1330|iECO26_1355|iECOK1_1307|iECP_1309|iECS88_1305|iECSE_1348|iECSF_1327|iECSP_1301|iECUMN_1333|iECW_1372|iECs_1301|iEKO11_1354|iETEC_1333|iEcDH1_1363|iEcE24377_1341|iEcHS_1320|iEcSMS35_1347|iEcolC_1368|iG2583_1286|iJO1366|iLF82_1304|iML1515|iNRG857_1313|iUMN146_1321|iUMNK88_1353|iUTI89_1310|iWFL_1372|iY75_1357|iZ_1308|ic_1306	iJR904
map00010	rn00010	Glycolysis / gluconeogenesis	R00755	4	53	7.02	variable	PDC	iEC1344_C|iEC1356_Bl21DE3|iEC1364_W|iEC1368_DH5a	iAF1260|iAF1260b|iAPECO1_1312|iB21_1397|iBWG_1329|iE2348C_1286|iEC042_1314|iEC1349_Crooks|iEC1372_W3110|iEC55989_1330|iECABU_c1320|iECBD_1354|iECB_1328|iECDH10B_1368|iECDH1ME8569_1439|iECD_1391|iECED1_1282|iECH74115_1262|iECIAI1_1343|iECIAI39_1322|iECNA114_1301|iECO103_1326|iECO111_1330|iECO26_1355|iECOK1_1307|iECP_1309|iECS88_1305|iECSE_1348|iECSF_1327|iECSP_1301|iECUMN_1333|iECW_1372|iECs_1301|iEKO11_1354|iETEC_1333|iEcDH1_1363|iEcE24377_1341|iEcHS_1320|iEcSMS35_1347|iEcolC_1368|iG2583_1286|iJO1366|iJR904|iLF82_1304|iML1515|iNRG857_1313|iUMN146_1321|iUMNK88_1353|iUTI89_1310|iWFL_1372|iY75_1357|iZ_1308|ic_1306
map00010	rn00010	Glycolysis / gluconeogenesis	R00756	57	0	100.0	core	PFK	iAF1260|iAF1260b|iAPECO1_1312|iB21_1397|iBWG_1329|iE2348C_1286|iEC042_1314|iEC1344_C|iEC1349_Crooks|iEC1356_Bl21DE3|iEC1364_W|iEC1368_DH5a|iEC1372_W3110|iEC55989_1330|iECABU_c1320|iECBD_1354|iECB_1328|iECDH10B_1368|iECDH1ME8569_1439|iECD_1391|iECED1_1282|iECH74115_1262|iECIAI1_1343|iECIAI39_1322|iECNA114_1301|iECO103_1326|iECO111_1330|iECO26_1355|iECOK1_1307|iECP_1309|iECS88_1305|iECSE_1348|iECSF_1327|iECSP_1301|iECUMN_1333|iECW_1372|iECs_1301|iEKO11_1354|iETEC_1333|iEcDH1_1363|iEcE24377_1341|iEcHS_1320|iEcSMS35_1347|iEcolC_1368|iG2583_1286|iJO1366|iJR904|iLF82_1304|iML1515|iNRG857_1313|iUMN146_1321|iUMNK88_1353|iUTI89_1310|iWFL_1372|iY75_1357|iZ_1308|ic_1306	
map00010	rn00010	Glycolysis / gluconeogenesis	R00762	57	0	100.0	core	FBP	iAF1260|iAF1260b|iAPECO1_1312|iB21_1397|iBWG_1329|iE2348C_1286|iEC042_1314|iEC1344_C|iEC1349_Crooks|iEC1356_Bl21DE3|iEC1364_W|iEC1368_DH5a|iEC1372_W3110|iEC55989_1330|iECABU_c1320|iECBD_1354|iECB_1328|iECDH10B_1368|iECDH1ME8569_1439|iECD_1391|iECED1_1282|iECH74115_1262|iECIAI1_1343|iECIAI39_1322|iECNA114_1301|iECO103_1326|iECO111_1330|iECO26_1355|iECOK1_1307|iECP_1309|iECS88_1305|iECSE_1348|iECSF_1327|iECSP_1301|iECUMN_1333|iECW_1372|iECs_1301|iEKO11_1354|iETEC_1333|iEcDH1_1363|iEcE24377_1341|iEcHS_1320|iEcSMS35_1347|iEcolC_1368|iG2583_1286|iJO1366|iJR904|iLF82_1304|iML1515|iNRG857_1313|iUMN146_1321|iUMNK88_1353|iUTI89_1310|iWFL_1372|iY75_1357|iZ_1308|ic_1306	
map00010	rn00010	Glycolysis / gluconeogenesis	R00947	57	0	100.0	core	ACGAL1PPpp|ACGAM1PPpp|G1PP	iAF1260|iAF1260b|iAPECO1_1312|iB21_1397|iBWG_1329|iE2348C_1286|iEC042_1314|iEC1344_C|iEC1349_Crooks|iEC1356_Bl21DE3|iEC1364_W|iEC1368_DH5a|iEC1372_W3110|iEC55989_1330|iECABU_c1320|iECBD_1354|iECB_1328|iECDH10B_1368|iECDH1ME8569_1439|iECD_1391|iECED1_1282|iECH74115_1262|iECIAI1_1343|iECIAI39_1322|iECNA114_1301|iECO103_1326|iECO111_1330|iECO26_1355|iECOK1_1307|iECP_1309|iECS88_1305|iECSE_1348|iECSF_1327|iECSP_1301|iECUMN_1333|iECW_1372|iECs_1301|iEKO11_1354|iETEC_1333|iEcDH1_1363|iEcE24377_1341|iEcHS_1320|iEcSMS35_1347|iEcolC_1368|iG2583_1286|iJO1366|iJR904|iLF82_1304|iML1515|iNRG857_1313|iUMN146_1321|iUMNK88_1353|iUTI89_1310|iWFL_1372|iY75_1357|iZ_1308|ic_1306	
map00010	rn00010	Glycolysis / gluconeogenesis	R00959	57	0	100.0	core	PGCM	iAF1260|iAF1260b|iAPECO1_1312|iB21_1397|iBWG_1329|iE2348C_1286|iEC042_1314|iEC1344_C|iEC1349_Crooks|iEC1356_Bl21DE3|iEC1364_W|iEC1368_DH5a|iEC1372_W3110|iEC55989_1330|iECABU_c1320|iECBD_1354|iECB_1328|iECDH10B_1368|iECDH1ME8569_1439|iECD_1391|iECED1_1282|iECH74115_1262|iECIAI1_1343|iECIAI39_1322|iECNA114_1301|iECO103_1326|iECO111_1330|iECO26_1355|iECOK1_1307|iECP_1309|iECS88_1305|iECSE_1348|iECSF_1327|iECSP_1301|iECUMN_1333|iECW_1372|iECs_1301|iEKO11_1354|iETEC_1333|iEcDH1_1363|iEcE24377_1341|iEcHS_1320|iEcSMS35_1347|iEcolC_1368|iG2583_1286|iJO1366|iJR904|iLF82_1304|iML1515|iNRG857_1313|iUMN146_1321|iUMNK88_1353|iUTI89_1310|iWFL_1372|iY75_1357|iZ_1308|ic_1306	
map00010	rn00010	Glycolysis / gluconeogenesis	R01015	57	0	100.0	core	R_TPI	iAF1260|iAF1260b|iAPECO1_1312|iB21_1397|iBWG_1329|iE2348C_1286|iEC042_1314|iEC1344_C|iEC1349_Crooks|iEC1356_Bl21DE3|iEC1364_W|iEC1368_DH5a|iEC1372_W3110|iEC55989_1330|iECABU_c1320|iECBD_1354|iECB_1328|iECDH10B_1368|iECDH1ME8569_1439|iECD_1391|iECED1_1282|iECH74115_1262|iECIAI1_1343|iECIAI39_1322|iECNA114_1301|iECO103_1326|iECO111_1330|iECO26_1355|iECOK1_1307|iECP_1309|iECS88_1305|iECSE_1348|iECSF_1327|iECSP_1301|iECUMN_1333|iECW_1372|iECs_1301|iEKO11_1354|iETEC_1333|iEcDH1_1363|iEcE24377_1341|iEcHS_1320|iEcSMS35_1347|iEcolC_1368|iG2583_1286|iJO1366|iJR904|iLF82_1304|iML1515|iNRG857_1313|iUMN146_1321|iUMNK88_1353|iUTI89_1310|iWFL_1372|iY75_1357|iZ_1308|ic_1306	
map00010	rn00010	Glycolysis / gluconeogenesis	R01061	57	0	100.0	core	GAPD	iAF1260|iAF1260b|iAPECO1_1312|iB21_1397|iBWG_1329|iE2348C_1286|iEC042_1314|iEC1344_C|iEC1349_Crooks|iEC1356_Bl21DE3|iEC1364_W|iEC1368_DH5a|iEC1372_W3110|iEC55989_1330|iECABU_c1320|iECBD_1354|iECB_1328|iECDH10B_1368|iECDH1ME8569_1439|iECD_1391|iECED1_1282|iECH74115_1262|iECIAI1_1343|iECIAI39_1322|iECNA114_1301|iECO103_1326|iECO111_1330|iECO26_1355|iECOK1_1307|iECP_1309|iECS88_1305|iECSE_1348|iECSF_1327|iECSP_1301|iECUMN_1333|iECW_1372|iECs_1301|iEKO11_1354|iETEC_1333|iEcDH1_1363|iEcE24377_1341|iEcHS_1320|iEcSMS35_1347|iEcolC_1368|iG2583_1286|iJO1366|iJR904|iLF82_1304|iML1515|iNRG857_1313|iUMN146_1321|iUMNK88_1353|iUTI89_1310|iWFL_1372|iY75_1357|iZ_1308|ic_1306	
map00010	rn00010	Glycolysis / gluconeogenesis	R01063	57	0	100.0	core	GAPDH_nadp_hi	iAF1260|iAF1260b|iAPECO1_1312|iB21_1397|iBWG_1329|iE2348C_1286|iEC042_1314|iEC1344_C|iEC1349_Crooks|iEC1356_Bl21DE3|iEC1364_W|iEC1368_DH5a|iEC1372_W3110|iEC55989_1330|iECABU_c1320|iECBD_1354|iECB_1328|iECDH10B_1368|iECDH1ME8569_1439|iECD_1391|iECED1_1282|iECH74115_1262|iECIAI1_1343|iECIAI39_1322|iECNA114_1301|iECO103_1326|iECO111_1330|iECO26_1355|iECOK1_1307|iECP_1309|iECS88_1305|iECSE_1348|iECSF_1327|iECSP_1301|iECUMN_1333|iECW_1372|iECs_1301|iEKO11_1354|iETEC_1333|iEcDH1_1363|iEcE24377_1341|iEcHS_1320|iEcSMS35_1347|iEcolC_1368|iG2583_1286|iJO1366|iJR904|iLF82_1304|iML1515|iNRG857_1313|iUMN146_1321|iUMNK88_1353|iUTI89_1310|iWFL_1372|iY75_1357|iZ_1308|ic_1306	
map00010	rn00010	Glycolysis / gluconeogenesis	R01068	57	0	100.0	core	FBA	iAF1260|iAF1260b|iAPECO1_1312|iB21_1397|iBWG_1329|iE2348C_1286|iEC042_1314|iEC1344_C|iEC1349_Crooks|iEC1356_Bl21DE3|iEC1364_W|iEC1368_DH5a|iEC1372_W3110|iEC55989_1330|iECABU_c1320|iECBD_1354|iECB_1328|iECDH10B_1368|iECDH1ME8569_1439|iECD_1391|iECED1_1282|iECH74115_1262|iECIAI1_1343|iECIAI39_1322|iECNA114_1301|iECO103_1326|iECO111_1330|iECO26_1355|iECOK1_1307|iECP_1309|iECS88_1305|iECSE_1348|iECSF_1327|iECSP_1301|iECUMN_1333|iECW_1372|iECs_1301|iEKO11_1354|iETEC_1333|iEcDH1_1363|iEcE24377_1341|iEcHS_1320|iEcSMS35_1347|iEcolC_1368|iG2583_1286|iJO1366|iJR904|iLF82_1304|iML1515|iNRG857_1313|iUMN146_1321|iUMNK88_1353|iUTI89_1310|iWFL_1372|iY75_1357|iZ_1308|ic_1306	
map00010	rn00010	Glycolysis / gluconeogenesis	R01196	46	11	80.7	variable	POR_syn	iAPECO1_1312|iB21_1397|iBWG_1329|iE2348C_1286|iEC042_1314|iEC55989_1330|iECABU_c1320|iECBD_1354|iECB_1328|iECDH10B_1368|iECDH1ME8569_1439|iECD_1391|iECED1_1282|iECH74115_1262|iECIAI1_1343|iECIAI39_1322|iECNA114_1301|iECO103_1326|iECO111_1330|iECO26_1355|iECOK1_1307|iECP_1309|iECS88_1305|iECSE_1348|iECSF_1327|iECSP_1301|iECUMN_1333|iECW_1372|iECs_1301|iEKO11_1354|iETEC_1333|iEcDH1_1363|iEcE24377_1341|iEcHS_1320|iEcSMS35_1347|iEcolC_1368|iG2583_1286|iLF82_1304|iNRG857_1313|iUMN146_1321|iUMNK88_1353|iUTI89_1310|iWFL_1372|iY75_1357|iZ_1308|ic_1306	iAF1260|iAF1260b|iEC1344_C|iEC1349_Crooks|iEC1356_Bl21DE3|iEC1364_W|iEC1368_DH5a|iEC1372_W3110|iJO1366|iJR904|iML1515
map00010	rn00010	Glycolysis / gluconeogenesis	R01512	57	0	100.0	core	PGK	iAF1260|iAF1260b|iAPECO1_1312|iB21_1397|iBWG_1329|iE2348C_1286|iEC042_1314|iEC1344_C|iEC1349_Crooks|iEC1356_Bl21DE3|iEC1364_W|iEC1368_DH5a|iEC1372_W3110|iEC55989_1330|iECABU_c1320|iECBD_1354|iECB_1328|iECDH10B_1368|iECDH1ME8569_1439|iECD_1391|iECED1_1282|iECH74115_1262|iECIAI1_1343|iECIAI39_1322|iECNA114_1301|iECO103_1326|iECO111_1330|iECO26_1355|iECOK1_1307|iECP_1309|iECS88_1305|iECSE_1348|iECSF_1327|iECSP_1301|iECUMN_1333|iECW_1372|iECs_1301|iEKO11_1354|iETEC_1333|iEcDH1_1363|iEcE24377_1341|iEcHS_1320|iEcSMS35_1347|iEcolC_1368|iG2583_1286|iJO1366|iJR904|iLF82_1304|iML1515|iNRG857_1313|iUMN146_1321|iUMNK88_1353|iUTI89_1310|iWFL_1372|iY75_1357|iZ_1308|ic_1306	
map00010	rn00010	Glycolysis / gluconeogenesis	R01516	57	0	100.0	core		iAF1260|iAF1260b|iAPECO1_1312|iB21_1397|iBWG_1329|iE2348C_1286|iEC042_1314|iEC1344_C|iEC1349_Crooks|iEC1356_Bl21DE3|iEC1364_W|iEC1368_DH5a|iEC1372_W3110|iEC55989_1330|iECABU_c1320|iECBD_1354|iECB_1328|iECDH10B_1368|iECDH1ME8569_1439|iECD_1391|iECED1_1282|iECH74115_1262|iECIAI1_1343|iECIAI39_1322|iECNA114_1301|iECO103_1326|iECO111_1330|iECO26_1355|iECOK1_1307|iECP_1309|iECS88_1305|iECSE_1348|iECSF_1327|iECSP_1301|iECUMN_1333|iECW_1372|iECs_1301|iEKO11_1354|iETEC_1333|iEcDH1_1363|iEcE24377_1341|iEcHS_1320|iEcSMS35_1347|iEcolC_1368|iG2583_1286|iJO1366|iJR904|iLF82_1304|iML1515|iNRG857_1313|iUMN146_1321|iUMNK88_1353|iUTI89_1310|iWFL_1372|iY75_1357|iZ_1308|ic_1306	
map00010	rn00010	Glycolysis / gluconeogenesis	R01518	57	0	100.0	core	PGM	iAF1260|iAF1260b|iAPECO1_1312|iB21_1397|iBWG_1329|iE2348C_1286|iEC042_1314|iEC1344_C|iEC1349_Crooks|iEC1356_Bl21DE3|iEC1364_W|iEC1368_DH5a|iEC1372_W3110|iEC55989_1330|iECABU_c1320|iECBD_1354|iECB_1328|iECDH10B_1368|iECDH1ME8569_1439|iECD_1391|iECED1_1282|iECH74115_1262|iECIAI1_1343|iECIAI39_1322|iECNA114_1301|iECO103_1326|iECO111_1330|iECO26_1355|iECOK1_1307|iECP_1309|iECS88_1305|iECSE_1348|iECSF_1327|iECSP_1301|iECUMN_1333|iECW_1372|iECs_1301|iEKO11_1354|iETEC_1333|iEcDH1_1363|iEcE24377_1341|iEcHS_1320|iEcSMS35_1347|iEcolC_1368|iG2583_1286|iJO1366|iJR904|iLF82_1304|iML1515|iNRG857_1313|iUMN146_1321|iUMNK88_1353|iUTI89_1310|iWFL_1372|iY75_1357|iZ_1308|ic_1306	
map00010	rn00010	Glycolysis / gluconeogenesis	R01600	57	0	100.0	core	GLCBPP	iAF1260|iAF1260b|iAPECO1_1312|iB21_1397|iBWG_1329|iE2348C_1286|iEC042_1314|iEC1344_C|iEC1349_Crooks|iEC1356_Bl21DE3|iEC1364_W|iEC1368_DH5a|iEC1372_W3110|iEC55989_1330|iECABU_c1320|iECBD_1354|iECB_1328|iECDH10B_1368|iECDH1ME8569_1439|iECD_1391|iECED1_1282|iECH74115_1262|iECIAI1_1343|iECIAI39_1322|iECNA114_1301|iECO103_1326|iECO111_1330|iECO26_1355|iECOK1_1307|iECP_1309|iECS88_1305|iECSE_1348|iECSF_1327|iECSP_1301|iECUMN_1333|iECW_1372|iECs_1301|iEKO11_1354|iETEC_1333|iEcDH1_1363|iEcE24377_1341|iEcHS_1320|iEcSMS35_1347|iEcolC_1368|iG2583_1286|iJO1366|iJR904|iLF82_1304|iML1515|iNRG857_1313|iUMN146_1321|iUMNK88_1353|iUTI89_1310|iWFL_1372|iY75_1357|iZ_1308|ic_1306	
map00010	rn00010	Glycolysis / gluconeogenesis	R01602	56	1	98.25	variable	A1E	iAF1260|iAF1260b|iAPECO1_1312|iB21_1397|iBWG_1329|iE2348C_1286|iEC042_1314|iEC1344_C|iEC1349_Crooks|iEC1356_Bl21DE3|iEC1364_W|iEC1368_DH5a|iEC1372_W3110|iEC55989_1330|iECABU_c1320|iECBD_1354|iECB_1328|iECDH10B_1368|iECDH1ME8569_1439|iECD_1391|iECED1_1282|iECH74115_1262|iECIAI1_1343|iECIAI39_1322|iECNA114_1301|iECO103_1326|iECO111_1330|iECO26_1355|iECOK1_1307|iECP_1309|iECS88_1305|iECSE_1348|iECSF_1327|iECSP_1301|iECUMN_1333|iECW_1372|iECs_1301|iEKO11_1354|iETEC_1333|iEcDH1_1363|iEcE24377_1341|iEcHS_1320|iEcSMS35_1347|iEcolC_1368|iG2583_1286|iJO1366|iLF82_1304|iML1515|iNRG857_1313|iUMN146_1321|iUMNK88_1353|iUTI89_1310|iWFL_1372|iY75_1357|iZ_1308|ic_1306	iJR904
map00010	rn00010	Glycolysis / gluconeogenesis	R01662	57	0	100.0	core	DPGM	iAF1260|iAF1260b|iAPECO1_1312|iB21_1397|iBWG_1329|iE2348C_1286|iEC042_1314|iEC1344_C|iEC1349_Crooks|iEC1356_Bl21DE3|iEC1364_W|iEC1368_DH5a|iEC1372_W3110|iEC55989_1330|iECABU_c1320|iECBD_1354|iECB_1328|iECDH10B_1368|iECDH1ME8569_1439|iECD_1391|iECED1_1282|iECH74115_1262|iECIAI1_1343|iECIAI39_1322|iECNA114_1301|iECO103_1326|iECO111_1330|iECO26_1355|iECOK1_1307|iECP_1309|iECS88_1305|iECSE_1348|iECSF_1327|iECSP_1301|iECUMN_1333|iECW_1372|iECs_1301|iEKO11_1354|iETEC_1333|iEcDH1_1363|iEcE24377_1341|iEcHS_1320|iEcSMS35_1347|iEcolC_1368|iG2583_1286|iJO1366|iJR904|iLF82_1304|iML1515|iNRG857_1313|iUMN146_1321|iUMNK88_1353|iUTI89_1310|iWFL_1372|iY75_1357|iZ_1308|ic_1306	
map00010	rn00010	Glycolysis / gluconeogenesis	R01786	57	0	100.0	core	GLUKA	iAF1260|iAF1260b|iAPECO1_1312|iB21_1397|iBWG_1329|iE2348C_1286|iEC042_1314|iEC1344_C|iEC1349_Crooks|iEC1356_Bl21DE3|iEC1364_W|iEC1368_DH5a|iEC1372_W3110|iEC55989_1330|iECABU_c1320|iECBD_1354|iECB_1328|iECDH10B_1368|iECDH1ME8569_1439|iECD_1391|iECED1_1282|iECH74115_1262|iECIAI1_1343|iECIAI39_1322|iECNA114_1301|iECO103_1326|iECO111_1330|iECO26_1355|iECOK1_1307|iECP_1309|iECS88_1305|iECSE_1348|iECSF_1327|iECSP_1301|iECUMN_1333|iECW_1372|iECs_1301|iEKO11_1354|iETEC_1333|iEcDH1_1363|iEcE24377_1341|iEcHS_1320|iEcSMS35_1347|iEcolC_1368|iG2583_1286|iJO1366|iJR904|iLF82_1304|iML1515|iNRG857_1313|iUMN146_1321|iUMNK88_1353|iUTI89_1310|iWFL_1372|iY75_1357|iZ_1308|ic_1306	
map00010	rn00010	Glycolysis / gluconeogenesis	R01788	56	1	98.25	variable	G6PP|MN6PP	iAF1260|iAF1260b|iAPECO1_1312|iB21_1397|iBWG_1329|iE2348C_1286|iEC042_1314|iEC1344_C|iEC1349_Crooks|iEC1356_Bl21DE3|iEC1364_W|iEC1368_DH5a|iEC1372_W3110|iEC55989_1330|iECABU_c1320|iECBD_1354|iECB_1328|iECDH10B_1368|iECDH1ME8569_1439|iECD_1391|iECED1_1282|iECH74115_1262|iECIAI1_1343|iECIAI39_1322|iECNA114_1301|iECO103_1326|iECO111_1330|iECO26_1355|iECOK1_1307|iECP_1309|iECS88_1305|iECSE_1348|iECSF_1327|iECSP_1301|iECUMN_1333|iECW_1372|iECs_1301|iEKO11_1354|iETEC_1333|iEcDH1_1363|iEcE24377_1341|iEcHS_1320|iEcSMS35_1347|iEcolC_1368|iG2583_1286|iJO1366|iLF82_1304|iML1515|iNRG857_1313|iUMN146_1321|iUMNK88_1353|iUTI89_1310|iWFL_1372|iY75_1357|iZ_1308|ic_1306	iJR904
map00010	rn00010	Glycolysis / gluconeogenesis	R02569	57	0	100.0	core	PDH	iAF1260|iAF1260b|iAPECO1_1312|iB21_1397|iBWG_1329|iE2348C_1286|iEC042_1314|iEC1344_C|iEC1349_Crooks|iEC1356_Bl21DE3|iEC1364_W|iEC1368_DH5a|iEC1372_W3110|iEC55989_1330|iECABU_c1320|iECBD_1354|iECB_1328|iECDH10B_1368|iECDH1ME8569_1439|iECD_1391|iECED1_1282|iECH74115_1262|iECIAI1_1343|iECIAI39_1322|iECNA114_1301|iECO103_1326|iECO111_1330|iECO26_1355|iECOK1_1307|iECP_1309|iECS88_1305|iECSE_1348|iECSF_1327|iECSP_1301|iECUMN_1333|iECW_1372|iECs_1301|iEKO11_1354|iETEC_1333|iEcDH1_1363|iEcE24377_1341|iEcHS_1320|iEcSMS35_1347|iEcolC_1368|iG2583_1286|iJO1366|iJR904|iLF82_1304|iML1515|iNRG857_1313|iUMN146_1321|iUMNK88_1353|iUTI89_1310|iWFL_1372|iY75_1357|iZ_1308|ic_1306	
map00010	rn00010	Glycolysis / gluconeogenesis	R02739	57	0	100.0	core	G6PI_1	iAF1260|iAF1260b|iAPECO1_1312|iB21_1397|iBWG_1329|iE2348C_1286|iEC042_1314|iEC1344_C|iEC1349_Crooks|iEC1356_Bl21DE3|iEC1364_W|iEC1368_DH5a|iEC1372_W3110|iEC55989_1330|iECABU_c1320|iECBD_1354|iECB_1328|iECDH10B_1368|iECDH1ME8569_1439|iECD_1391|iECED1_1282|iECH74115_1262|iECIAI1_1343|iECIAI39_1322|iECNA114_1301|iECO103_1326|iECO111_1330|iECO26_1355|iECOK1_1307|iECP_1309|iECS88_1305|iECSE_1348|iECSF_1327|iECSP_1301|iECUMN_1333|iECW_1372|iECs_1301|iEKO11_1354|iETEC_1333|iEcDH1_1363|iEcE24377_1341|iEcHS_1320|iEcSMS35_1347|iEcolC_1368|iG2583_1286|iJO1366|iJR904|iLF82_1304|iML1515|iNRG857_1313|iUMN146_1321|iUMNK88_1353|iUTI89_1310|iWFL_1372|iY75_1357|iZ_1308|ic_1306	
map00010	rn00010	Glycolysis / gluconeogenesis	R03270	57	0	100.0	core	ACLSa	iAF1260|iAF1260b|iAPECO1_1312|iB21_1397|iBWG_1329|iE2348C_1286|iEC042_1314|iEC1344_C|iEC1349_Crooks|iEC1356_Bl21DE3|iEC1364_W|iEC1368_DH5a|iEC1372_W3110|iEC55989_1330|iECABU_c1320|iECBD_1354|iECB_1328|iECDH10B_1368|iECDH1ME8569_1439|iECD_1391|iECED1_1282|iECH74115_1262|iECIAI1_1343|iECIAI39_1322|iECNA114_1301|iECO103_1326|iECO111_1330|iECO26_1355|iECOK1_1307|iECP_1309|iECS88_1305|iECSE_1348|iECSF_1327|iECSP_1301|iECUMN_1333|iECW_1372|iECs_1301|iEKO11_1354|iETEC_1333|iEcDH1_1363|iEcE24377_1341|iEcHS_1320|iEcSMS35_1347|iEcolC_1368|iG2583_1286|iJO1366|iJR904|iLF82_1304|iML1515|iNRG857_1313|iUMN146_1321|iUMNK88_1353|iUTI89_1310|iWFL_1372|iY75_1357|iZ_1308|ic_1306	
map00010	rn00010	Glycolysis / gluconeogenesis	R04394	57	0	100.0	core		iAF1260|iAF1260b|iAPECO1_1312|iB21_1397|iBWG_1329|iE2348C_1286|iEC042_1314|iEC1344_C|iEC1349_Crooks|iEC1356_Bl21DE3|iEC1364_W|iEC1368_DH5a|iEC1372_W3110|iEC55989_1330|iECABU_c1320|iECBD_1354|iECB_1328|iECDH10B_1368|iECDH1ME8569_1439|iECD_1391|iECED1_1282|iECH74115_1262|iECIAI1_1343|iECIAI39_1322|iECNA114_1301|iECO103_1326|iECO111_1330|iECO26_1355|iECOK1_1307|iECP_1309|iECS88_1305|iECSE_1348|iECSF_1327|iECSP_1301|iECUMN_1333|iECW_1372|iECs_1301|iEKO11_1354|iETEC_1333|iEcDH1_1363|iEcE24377_1341|iEcHS_1320|iEcSMS35_1347|iEcolC_1368|iG2583_1286|iJO1366|iJR904|iLF82_1304|iML1515|iNRG857_1313|iUMN146_1321|iUMNK88_1353|iUTI89_1310|iWFL_1372|iY75_1357|iZ_1308|ic_1306	
map00010	rn00010	Glycolysis / gluconeogenesis	R05132	57	0	100.0	core		iAF1260|iAF1260b|iAPECO1_1312|iB21_1397|iBWG_1329|iE2348C_1286|iEC042_1314|iEC1344_C|iEC1349_Crooks|iEC1356_Bl21DE3|iEC1364_W|iEC1368_DH5a|iEC1372_W3110|iEC55989_1330|iECABU_c1320|iECBD_1354|iECB_1328|iECDH10B_1368|iECDH1ME8569_1439|iECD_1391|iECED1_1282|iECH74115_1262|iECIAI1_1343|iECIAI39_1322|iECNA114_1301|iECO103_1326|iECO111_1330|iECO26_1355|iECOK1_1307|iECP_1309|iECS88_1305|iECSE_1348|iECSF_1327|iECSP_1301|iECUMN_1333|iECW_1372|iECs_1301|iEKO11_1354|iETEC_1333|iEcDH1_1363|iEcE24377_1341|iEcHS_1320|iEcSMS35_1347|iEcolC_1368|iG2583_1286|iJO1366|iJR904|iLF82_1304|iML1515|iNRG857_1313|iUMN146_1321|iUMNK88_1353|iUTI89_1310|iWFL_1372|iY75_1357|iZ_1308|ic_1306	
map00010	rn00010	Glycolysis / gluconeogenesis	R05133	57	0	100.0	core	AB6PGH_1	iAF1260|iAF1260b|iAPECO1_1312|iB21_1397|iBWG_1329|iE2348C_1286|iEC042_1314|iEC1344_C|iEC1349_Crooks|iEC1356_Bl21DE3|iEC1364_W|iEC1368_DH5a|iEC1372_W3110|iEC55989_1330|iECABU_c1320|iECBD_1354|iECB_1328|iECDH10B_1368|iECDH1ME8569_1439|iECD_1391|iECED1_1282|iECH74115_1262|iECIAI1_1343|iECIAI39_1322|iECNA114_1301|iECO103_1326|iECO111_1330|iECO26_1355|iECOK1_1307|iECP_1309|iECS88_1305|iECSE_1348|iECSF_1327|iECSP_1301|iECUMN_1333|iECW_1372|iECs_1301|iEKO11_1354|iETEC_1333|iEcDH1_1363|iEcE24377_1341|iEcHS_1320|iEcSMS35_1347|iEcolC_1368|iG2583_1286|iJO1366|iJR904|iLF82_1304|iML1515|iNRG857_1313|iUMN146_1321|iUMNK88_1353|iUTI89_1310|iWFL_1372|iY75_1357|iZ_1308|ic_1306	
map00010	rn00010	Glycolysis / gluconeogenesis	R05134	57	0	100.0	core	6PHBG2	iAF1260|iAF1260b|iAPECO1_1312|iB21_1397|iBWG_1329|iE2348C_1286|iEC042_1314|iEC1344_C|iEC1349_Crooks|iEC1356_Bl21DE3|iEC1364_W|iEC1368_DH5a|iEC1372_W3110|iEC55989_1330|iECABU_c1320|iECBD_1354|iECB_1328|iECDH10B_1368|iECDH1ME8569_1439|iECD_1391|iECED1_1282|iECH74115_1262|iECIAI1_1343|iECIAI39_1322|iECNA114_1301|iECO103_1326|iECO111_1330|iECO26_1355|iECOK1_1307|iECP_1309|iECS88_1305|iECSE_1348|iECSF_1327|iECSP_1301|iECUMN_1333|iECW_1372|iECs_1301|iEKO11_1354|iETEC_1333|iEcDH1_1363|iEcE24377_1341|iEcHS_1320|iEcSMS35_1347|iEcolC_1368|iG2583_1286|iJO1366|iJR904|iLF82_1304|iML1515|iNRG857_1313|iUMN146_1321|iUMNK88_1353|iUTI89_1310|iWFL_1372|iY75_1357|iZ_1308|ic_1306	
map00010	rn00010	Glycolysis / gluconeogenesis	R07618	57	0	100.0	core	AKGDH|GLYCL|PDH	iAF1260|iAF1260b|iAPECO1_1312|iB21_1397|iBWG_1329|iE2348C_1286|iEC042_1314|iEC1344_C|iEC1349_Crooks|iEC1356_Bl21DE3|iEC1364_W|iEC1368_DH5a|iEC1372_W3110|iEC55989_1330|iECABU_c1320|iECBD_1354|iECB_1328|iECDH10B_1368|iECDH1ME8569_1439|iECD_1391|iECED1_1282|iECH74115_1262|iECIAI1_1343|iECIAI39_1322|iECNA114_1301|iECO103_1326|iECO111_1330|iECO26_1355|iECOK1_1307|iECP_1309|iECS88_1305|iECSE_1348|iECSF_1327|iECSP_1301|iECUMN_1333|iECW_1372|iECs_1301|iEKO11_1354|iETEC_1333|iEcDH1_1363|iEcE24377_1341|iEcHS_1320|iEcSMS35_1347|iEcolC_1368|iG2583_1286|iJO1366|iJR904|iLF82_1304|iML1515|iNRG857_1313|iUMN146_1321|iUMNK88_1353|iUTI89_1310|iWFL_1372|iY75_1357|iZ_1308|ic_1306	
map00010	rn00010	Glycolysis / gluconeogenesis	R10860	57	0	100.0	core	ABUTD|ALDD19xr|ALDD2x|SSALx	iAF1260|iAF1260b|iAPECO1_1312|iB21_1397|iBWG_1329|iE2348C_1286|iEC042_1314|iEC1344_C|iEC1349_Crooks|iEC1356_Bl21DE3|iEC1364_W|iEC1368_DH5a|iEC1372_W3110|iEC55989_1330|iECABU_c1320|iECBD_1354|iECB_1328|iECDH10B_1368|iECDH1ME8569_1439|iECD_1391|iECED1_1282|iECH74115_1262|iECIAI1_1343|iECIAI39_1322|iECNA114_1301|iECO103_1326|iECO111_1330|iECO26_1355|iECOK1_1307|iECP_1309|iECS88_1305|iECSE_1348|iECSF_1327|iECSP_1301|iECUMN_1333|iECW_1372|iECs_1301|iEKO11_1354|iETEC_1333|iEcDH1_1363|iEcE24377_1341|iEcHS_1320|iEcSMS35_1347|iEcolC_1368|iG2583_1286|iJO1366|iJR904|iLF82_1304|iML1515|iNRG857_1313|iUMN146_1321|iUMNK88_1353|iUTI89_1310|iWFL_1372|iY75_1357|iZ_1308|ic_1306	
map00010	rn00010	Glycolysis / gluconeogenesis	R13199	57	0	100.0	core	PGI1	iAF1260|iAF1260b|iAPECO1_1312|iB21_1397|iBWG_1329|iE2348C_1286|iEC042_1314|iEC1344_C|iEC1349_Crooks|iEC1356_Bl21DE3|iEC1364_W|iEC1368_DH5a|iEC1372_W3110|iEC55989_1330|iECABU_c1320|iECBD_1354|iECB_1328|iECDH10B_1368|iECDH1ME8569_1439|iECD_1391|iECED1_1282|iECH74115_1262|iECIAI1_1343|iECIAI39_1322|iECNA114_1301|iECO103_1326|iECO111_1330|iECO26_1355|iECOK1_1307|iECP_1309|iECS88_1305|iECSE_1348|iECSF_1327|iECSP_1301|iECUMN_1333|iECW_1372|iECs_1301|iEKO11_1354|iETEC_1333|iEcDH1_1363|iEcE24377_1341|iEcHS_1320|iEcSMS35_1347|iEcolC_1368|iG2583_1286|iJO1366|iJR904|iLF82_1304|iML1515|iNRG857_1313|iUMN146_1321|iUMNK88_1353|iUTI89_1310|iWFL_1372|iY75_1357|iZ_1308|ic_1306	
map00020	rn00020	Citrate cycle (TCA cycle)	R00014	57	0	100.0	core	ACLSa	iAF1260|iAF1260b|iAPECO1_1312|iB21_1397|iBWG_1329|iE2348C_1286|iEC042_1314|iEC1344_C|iEC1349_Crooks|iEC1356_Bl21DE3|iEC1364_W|iEC1368_DH5a|iEC1372_W3110|iEC55989_1330|iECABU_c1320|iECBD_1354|iECB_1328|iECDH10B_1368|iECDH1ME8569_1439|iECD_1391|iECED1_1282|iECH74115_1262|iECIAI1_1343|iECIAI39_1322|iECNA114_1301|iECO103_1326|iECO111_1330|iECO26_1355|iECOK1_1307|iECP_1309|iECS88_1305|iECSE_1348|iECSF_1327|iECSP_1301|iECUMN_1333|iECW_1372|iECs_1301|iEKO11_1354|iETEC_1333|iEcDH1_1363|iEcE24377_1341|iEcHS_1320|iEcSMS35_1347|iEcolC_1368|iG2583_1286|iJO1366|iJR904|iLF82_1304|iML1515|iNRG857_1313|iUMN146_1321|iUMNK88_1353|iUTI89_1310|iWFL_1372|iY75_1357|iZ_1308|ic_1306	
map00020	rn00020	Citrate cycle (TCA cycle)	R00268	57	0	100.0	core	OSUCCL	iAF1260|iAF1260b|iAPECO1_1312|iB21_1397|iBWG_1329|iE2348C_1286|iEC042_1314|iEC1344_C|iEC1349_Crooks|iEC1356_Bl21DE3|iEC1364_W|iEC1368_DH5a|iEC1372_W3110|iEC55989_1330|iECABU_c1320|iECBD_1354|iECB_1328|iECDH10B_1368|iECDH1ME8569_1439|iECD_1391|iECED1_1282|iECH74115_1262|iECIAI1_1343|iECIAI39_1322|iECNA114_1301|iECO103_1326|iECO111_1330|iECO26_1355|iECOK1_1307|iECP_1309|iECS88_1305|iECSE_1348|iECSF_1327|iECSP_1301|iECUMN_1333|iECW_1372|iECs_1301|iEKO11_1354|iETEC_1333|iEcDH1_1363|iEcE24377_1341|iEcHS_1320|iEcSMS35_1347|iEcolC_1368|iG2583_1286|iJO1366|iJR904|iLF82_1304|iML1515|iNRG857_1313|iUMN146_1321|iUMNK88_1353|iUTI89_1310|iWFL_1372|iY75_1357|iZ_1308|ic_1306	
map00020	rn00020	Citrate cycle (TCA cycle)	R00341	57	0	100.0	core	PPCK	iAF1260|iAF1260b|iAPECO1_1312|iB21_1397|iBWG_1329|iE2348C_1286|iEC042_1314|iEC1344_C|iEC1349_Crooks|iEC1356_Bl21DE3|iEC1364_W|iEC1368_DH5a|iEC1372_W3110|iEC55989_1330|iECABU_c1320|iECBD_1354|iECB_1328|iECDH10B_1368|iECDH1ME8569_1439|iECD_1391|iECED1_1282|iECH74115_1262|iECIAI1_1343|iECIAI39_1322|iECNA114_1301|iECO103_1326|iECO111_1330|iECO26_1355|iECOK1_1307|iECP_1309|iECS88_1305|iECSE_1348|iECSF_1327|iECSP_1301|iECUMN_1333|iECW_1372|iECs_1301|iEKO11_1354|iETEC_1333|iEcDH1_1363|iEcE24377_1341|iEcHS_1320|iEcSMS35_1347|iEcolC_1368|iG2583_1286|iJO1366|iJR904|iLF82_1304|iML1515|iNRG857_1313|iUMN146_1321|iUMNK88_1353|iUTI89_1310|iWFL_1372|iY75_1357|iZ_1308|ic_1306	
map00020	rn00020	Citrate cycle (TCA cycle)	R00342	57	0	100.0	core	MDH	iAF1260|iAF1260b|iAPECO1_1312|iB21_1397|iBWG_1329|iE2348C_1286|iEC042_1314|iEC1344_C|iEC1349_Crooks|iEC1356_Bl21DE3|iEC1364_W|iEC1368_DH5a|iEC1372_W3110|iEC55989_1330|iECABU_c1320|iECBD_1354|iECB_1328|iECDH10B_1368|iECDH1ME8569_1439|iECD_1391|iECED1_1282|iECH74115_1262|iECIAI1_1343|iECIAI39_1322|iECNA114_1301|iECO103_1326|iECO111_1330|iECO26_1355|iECOK1_1307|iECP_1309|iECS88_1305|iECSE_1348|iECSF_1327|iECSP_1301|iECUMN_1333|iECW_1372|iECs_1301|iEKO11_1354|iETEC_1333|iEcDH1_1363|iEcE24377_1341|iEcHS_1320|iEcSMS35_1347|iEcolC_1368|iG2583_1286|iJO1366|iJR904|iLF82_1304|iML1515|iNRG857_1313|iUMN146_1321|iUMNK88_1353|iUTI89_1310|iWFL_1372|iY75_1357|iZ_1308|ic_1306	
map00020	rn00020	Citrate cycle (TCA cycle)	R00351	57	0	100.0	core	CS	iAF1260|iAF1260b|iAPECO1_1312|iB21_1397|iBWG_1329|iE2348C_1286|iEC042_1314|iEC1344_C|iEC1349_Crooks|iEC1356_Bl21DE3|iEC1364_W|iEC1368_DH5a|iEC1372_W3110|iEC55989_1330|iECABU_c1320|iECBD_1354|iECB_1328|iECDH10B_1368|iECDH1ME8569_1439|iECD_1391|iECED1_1282|iECH74115_1262|iECIAI1_1343|iECIAI39_1322|iECNA114_1301|iECO103_1326|iECO111_1330|iECO26_1355|iECOK1_1307|iECP_1309|iECS88_1305|iECSE_1348|iECSF_1327|iECSP_1301|iECUMN_1333|iECW_1372|iECs_1301|iEKO11_1354|iETEC_1333|iEcDH1_1363|iEcE24377_1341|iEcHS_1320|iEcSMS35_1347|iEcolC_1368|iG2583_1286|iJO1366|iJR904|iLF82_1304|iML1515|iNRG857_1313|iUMN146_1321|iUMNK88_1353|iUTI89_1310|iWFL_1372|iY75_1357|iZ_1308|ic_1306	
map00020	rn00020	Citrate cycle (TCA cycle)	R00352	57	0	100.0	core	ACITL	iAF1260|iAF1260b|iAPECO1_1312|iB21_1397|iBWG_1329|iE2348C_1286|iEC042_1314|iEC1344_C|iEC1349_Crooks|iEC1356_Bl21DE3|iEC1364_W|iEC1368_DH5a|iEC1372_W3110|iEC55989_1330|iECABU_c1320|iECBD_1354|iECB_1328|iECDH10B_1368|iECDH1ME8569_1439|iECD_1391|iECED1_1282|iECH74115_1262|iECIAI1_1343|iECIAI39_1322|iECNA114_1301|iECO103_1326|iECO111_1330|iECO26_1355|iECOK1_1307|iECP_1309|iECS88_1305|iECSE_1348|iECSF_1327|iECSP_1301|iECUMN_1333|iECW_1372|iECs_1301|iEKO11_1354|iETEC_1333|iEcDH1_1363|iEcE24377_1341|iEcHS_1320|iEcSMS35_1347|iEcolC_1368|iG2583_1286|iJO1366|iJR904|iLF82_1304|iML1515|iNRG857_1313|iUMN146_1321|iUMNK88_1353|iUTI89_1310|iWFL_1372|iY75_1357|iZ_1308|ic_1306	
map00020	rn00020	Citrate cycle (TCA cycle)	R00361	57	0	100.0	core	DMALRED|MDH2|MOX	iAF1260|iAF1260b|iAPECO1_1312|iB21_1397|iBWG_1329|iE2348C_1286|iEC042_1314|iEC1344_C|iEC1349_Crooks|iEC1356_Bl21DE3|iEC1364_W|iEC1368_DH5a|iEC1372_W3110|iEC55989_1330|iECABU_c1320|iECBD_1354|iECB_1328|iECDH10B_1368|iECDH1ME8569_1439|iECD_1391|iECED1_1282|iECH74115_1262|iECIAI1_1343|iECIAI39_1322|iECNA114_1301|iECO103_1326|iECO111_1330|iECO26_1355|iECOK1_1307|iECP_1309|iECS88_1305|iECSE_1348|iECSF_1327|iECSP_1301|iECUMN_1333|iECW_1372|iECs_1301|iEKO11_1354|iETEC_1333|iEcDH1_1363|iEcE24377_1341|iEcHS_1320|iEcSMS35_1347|iEcolC_1368|iG2583_1286|iJO1366|iJR904|iLF82_1304|iML1515|iNRG857_1313|iUMN146_1321|iUMNK88_1353|iUTI89_1310|iWFL_1372|iY75_1357|iZ_1308|ic_1306	
map00020	rn00020	Citrate cycle (TCA cycle)	R00405	57	0	100.0	core	SUCOAS	iAF1260|iAF1260b|iAPECO1_1312|iB21_1397|iBWG_1329|iE2348C_1286|iEC042_1314|iEC1344_C|iEC1349_Crooks|iEC1356_Bl21DE3|iEC1364_W|iEC1368_DH5a|iEC1372_W3110|iEC55989_1330|iECABU_c1320|iECBD_1354|iECB_1328|iECDH10B_1368|iECDH1ME8569_1439|iECD_1391|iECED1_1282|iECH74115_1262|iECIAI1_1343|iECIAI39_1322|iECNA114_1301|iECO103_1326|iECO111_1330|iECO26_1355|iECOK1_1307|iECP_1309|iECS88_1305|iECSE_1348|iECSF_1327|iECSP_1301|iECUMN_1333|iECW_1372|iECs_1301|iEKO11_1354|iETEC_1333|iEcDH1_1363|iEcE24377_1341|iEcHS_1320|iEcSMS35_1347|iEcolC_1368|iG2583_1286|iJO1366|iJR904|iLF82_1304|iML1515|iNRG857_1313|iUMN146_1321|iUMNK88_1353|iUTI89_1310|iWFL_1372|iY75_1357|iZ_1308|ic_1306	
map00020	rn00020	Citrate cycle (TCA cycle)	R00431	57	0	100.0	core	PEPCK_re	iAF1260|iAF1260b|iAPECO1_1312|iB21_1397|iBWG_1329|iE2348C_1286|iEC042_1314|iEC1344_C|iEC1349_Crooks|iEC1356_Bl21DE3|iEC1364_W|iEC1368_DH5a|iEC1372_W3110|iEC55989_1330|iECABU_c1320|iECBD_1354|iECB_1328|iECDH10B_1368|iECDH1ME8569_1439|iECD_1391|iECED1_1282|iECH74115_1262|iECIAI1_1343|iECIAI39_1322|iECNA114_1301|iECO103_1326|iECO111_1330|iECO26_1355|iECOK1_1307|iECP_1309|iECS88_1305|iECSE_1348|iECSF_1327|iECSP_1301|iECUMN_1333|iECW_1372|iECs_1301|iEKO11_1354|iETEC_1333|iEcDH1_1363|iEcE24377_1341|iEcHS_1320|iEcSMS35_1347|iEcolC_1368|iG2583_1286|iJO1366|iJR904|iLF82_1304|iML1515|iNRG857_1313|iUMN146_1321|iUMNK88_1353|iUTI89_1310|iWFL_1372|iY75_1357|iZ_1308|ic_1306	
map00020	rn00020	Citrate cycle (TCA cycle)	R00621	57	0	100.0	core	R_r0163	iAF1260|iAF1260b|iAPECO1_1312|iB21_1397|iBWG_1329|iE2348C_1286|iEC042_1314|iEC1344_C|iEC1349_Crooks|iEC1356_Bl21DE3|iEC1364_W|iEC1368_DH5a|iEC1372_W3110|iEC55989_1330|iECABU_c1320|iECBD_1354|iECB_1328|iECDH10B_1368|iECDH1ME8569_1439|iECD_1391|iECED1_1282|iECH74115_1262|iECIAI1_1343|iECIAI39_1322|iECNA114_1301|iECO103_1326|iECO111_1330|iECO26_1355|iECOK1_1307|iECP_1309|iECS88_1305|iECSE_1348|iECSF_1327|iECSP_1301|iECUMN_1333|iECW_1372|iECs_1301|iEKO11_1354|iETEC_1333|iEcDH1_1363|iEcE24377_1341|iEcHS_1320|iEcSMS35_1347|iEcolC_1368|iG2583_1286|iJO1366|iJR904|iLF82_1304|iML1515|iNRG857_1313|iUMN146_1321|iUMNK88_1353|iUTI89_1310|iWFL_1372|iY75_1357|iZ_1308|ic_1306	
map00020	rn00020	Citrate cycle (TCA cycle)	R00709	57	0	100.0	core	ICDHx	iAF1260|iAF1260b|iAPECO1_1312|iB21_1397|iBWG_1329|iE2348C_1286|iEC042_1314|iEC1344_C|iEC1349_Crooks|iEC1356_Bl21DE3|iEC1364_W|iEC1368_DH5a|iEC1372_W3110|iEC55989_1330|iECABU_c1320|iECBD_1354|iECB_1328|iECDH10B_1368|iECDH1ME8569_1439|iECD_1391|iECED1_1282|iECH74115_1262|iECIAI1_1343|iECIAI39_1322|iECNA114_1301|iECO103_1326|iECO111_1330|iECO26_1355|iECOK1_1307|iECP_1309|iECS88_1305|iECSE_1348|iECSF_1327|iECSP_1301|iECUMN_1333|iECW_1372|iECs_1301|iEKO11_1354|iETEC_1333|iEcDH1_1363|iEcE24377_1341|iEcHS_1320|iEcSMS35_1347|iEcolC_1368|iG2583_1286|iJO1366|iJR904|iLF82_1304|iML1515|iNRG857_1313|iUMN146_1321|iUMNK88_1353|iUTI89_1310|iWFL_1372|iY75_1357|iZ_1308|ic_1306	
map00020	rn00020	Citrate cycle (TCA cycle)	R00726	57	0	100.0	core	ITPOXAL	iAF1260|iAF1260b|iAPECO1_1312|iB21_1397|iBWG_1329|iE2348C_1286|iEC042_1314|iEC1344_C|iEC1349_Crooks|iEC1356_Bl21DE3|iEC1364_W|iEC1368_DH5a|iEC1372_W3110|iEC55989_1330|iECABU_c1320|iECBD_1354|iECB_1328|iECDH10B_1368|iECDH1ME8569_1439|iECD_1391|iECED1_1282|iECH74115_1262|iECIAI1_1343|iECIAI39_1322|iECNA114_1301|iECO103_1326|iECO111_1330|iECO26_1355|iECOK1_1307|iECP_1309|iECS88_1305|iECSE_1348|iECSF_1327|iECSP_1301|iECUMN_1333|iECW_1372|iECs_1301|iEKO11_1354|iETEC_1333|iEcDH1_1363|iEcE24377_1341|iEcHS_1320|iEcSMS35_1347|iEcolC_1368|iG2583_1286|iJO1366|iJR904|iLF82_1304|iML1515|iNRG857_1313|iUMN146_1321|iUMNK88_1353|iUTI89_1310|iWFL_1372|iY75_1357|iZ_1308|ic_1306	
map00020	rn00020	Citrate cycle (TCA cycle)	R01082	57	0	100.0	core	FUM	iAF1260|iAF1260b|iAPECO1_1312|iB21_1397|iBWG_1329|iE2348C_1286|iEC042_1314|iEC1344_C|iEC1349_Crooks|iEC1356_Bl21DE3|iEC1364_W|iEC1368_DH5a|iEC1372_W3110|iEC55989_1330|iECABU_c1320|iECBD_1354|iECB_1328|iECDH10B_1368|iECDH1ME8569_1439|iECD_1391|iECED1_1282|iECH74115_1262|iECIAI1_1343|iECIAI39_1322|iECNA114_1301|iECO103_1326|iECO111_1330|iECO26_1355|iECOK1_1307|iECP_1309|iECS88_1305|iECSE_1348|iECSF_1327|iECSP_1301|iECUMN_1333|iECW_1372|iECs_1301|iEKO11_1354|iETEC_1333|iEcDH1_1363|iEcE24377_1341|iEcHS_1320|iEcSMS35_1347|iEcolC_1368|iG2583_1286|iJO1366|iJR904|iLF82_1304|iML1515|iNRG857_1313|iUMN146_1321|iUMNK88_1353|iUTI89_1310|iWFL_1372|iY75_1357|iZ_1308|ic_1306	
map00020	rn00020	Citrate cycle (TCA cycle)	R01196	46	11	80.7	variable	POR_syn	iAPECO1_1312|iB21_1397|iBWG_1329|iE2348C_1286|iEC042_1314|iEC55989_1330|iECABU_c1320|iECBD_1354|iECB_1328|iECDH10B_1368|iECDH1ME8569_1439|iECD_1391|iECED1_1282|iECH74115_1262|iECIAI1_1343|iECIAI39_1322|iECNA114_1301|iECO103_1326|iECO111_1330|iECO26_1355|iECOK1_1307|iECP_1309|iECS88_1305|iECSE_1348|iECSF_1327|iECSP_1301|iECUMN_1333|iECW_1372|iECs_1301|iEKO11_1354|iETEC_1333|iEcDH1_1363|iEcE24377_1341|iEcHS_1320|iEcSMS35_1347|iEcolC_1368|iG2583_1286|iLF82_1304|iNRG857_1313|iUMN146_1321|iUMNK88_1353|iUTI89_1310|iWFL_1372|iY75_1357|iZ_1308|ic_1306	iAF1260|iAF1260b|iEC1344_C|iEC1349_Crooks|iEC1356_Bl21DE3|iEC1364_W|iEC1368_DH5a|iEC1372_W3110|iJO1366|iJR904|iML1515
map00020	rn00020	Citrate cycle (TCA cycle)	R01325	57	0	100.0	core	ACN_a_m|ACONTa	iAF1260|iAF1260b|iAPECO1_1312|iB21_1397|iBWG_1329|iE2348C_1286|iEC042_1314|iEC1344_C|iEC1349_Crooks|iEC1356_Bl21DE3|iEC1364_W|iEC1368_DH5a|iEC1372_W3110|iEC55989_1330|iECABU_c1320|iECBD_1354|iECB_1328|iECDH10B_1368|iECDH1ME8569_1439|iECD_1391|iECED1_1282|iECH74115_1262|iECIAI1_1343|iECIAI39_1322|iECNA114_1301|iECO103_1326|iECO111_1330|iECO26_1355|iECOK1_1307|iECP_1309|iECS88_1305|iECSE_1348|iECSF_1327|iECSP_1301|iECUMN_1333|iECW_1372|iECs_1301|iEKO11_1354|iETEC_1333|iEcDH1_1363|iEcE24377_1341|iEcHS_1320|iEcSMS35_1347|iEcolC_1368|iG2583_1286|iJO1366|iJR904|iLF82_1304|iML1515|iNRG857_1313|iUMN146_1321|iUMNK88_1353|iUTI89_1310|iWFL_1372|iY75_1357|iZ_1308|ic_1306	
map00020	rn00020	Citrate cycle (TCA cycle)	R01899	57	0	100.0	core	ICITRED	iAF1260|iAF1260b|iAPECO1_1312|iB21_1397|iBWG_1329|iE2348C_1286|iEC042_1314|iEC1344_C|iEC1349_Crooks|iEC1356_Bl21DE3|iEC1364_W|iEC1368_DH5a|iEC1372_W3110|iEC55989_1330|iECABU_c1320|iECBD_1354|iECB_1328|iECDH10B_1368|iECDH1ME8569_1439|iECD_1391|iECED1_1282|iECH74115_1262|iECIAI1_1343|iECIAI39_1322|iECNA114_1301|iECO103_1326|iECO111_1330|iECO26_1355|iECOK1_1307|iECP_1309|iECS88_1305|iECSE_1348|iECSF_1327|iECSP_1301|iECUMN_1333|iECW_1372|iECs_1301|iEKO11_1354|iETEC_1333|iEcDH1_1363|iEcE24377_1341|iEcHS_1320|iEcSMS35_1347|iEcolC_1368|iG2583_1286|iJO1366|iJR904|iLF82_1304|iML1515|iNRG857_1313|iUMN146_1321|iUMNK88_1353|iUTI89_1310|iWFL_1372|iY75_1357|iZ_1308|ic_1306	
map00020	rn00020	Citrate cycle (TCA cycle)	R01900	57	0	100.0	core	ACN_b_m|ACONTb	iAF1260|iAF1260b|iAPECO1_1312|iB21_1397|iBWG_1329|iE2348C_1286|iEC042_1314|iEC1344_C|iEC1349_Crooks|iEC1356_Bl21DE3|iEC1364_W|iEC1368_DH5a|iEC1372_W3110|iEC55989_1330|iECABU_c1320|iECBD_1354|iECB_1328|iECDH10B_1368|iECDH1ME8569_1439|iECD_1391|iECED1_1282|iECH74115_1262|iECIAI1_1343|iECIAI39_1322|iECNA114_1301|iECO103_1326|iECO111_1330|iECO26_1355|iECOK1_1307|iECP_1309|iECS88_1305|iECSE_1348|iECSF_1327|iECSP_1301|iECUMN_1333|iECW_1372|iECs_1301|iEKO11_1354|iETEC_1333|iEcDH1_1363|iEcE24377_1341|iEcHS_1320|iEcSMS35_1347|iEcolC_1368|iG2583_1286|iJO1366|iJR904|iLF82_1304|iML1515|iNRG857_1313|iUMN146_1321|iUMNK88_1353|iUTI89_1310|iWFL_1372|iY75_1357|iZ_1308|ic_1306	
map00020	rn00020	Citrate cycle (TCA cycle)	R02164	57	0	100.0	core	SUCD1|SUCDi	iAF1260|iAF1260b|iAPECO1_1312|iB21_1397|iBWG_1329|iE2348C_1286|iEC042_1314|iEC1344_C|iEC1349_Crooks|iEC1356_Bl21DE3|iEC1364_W|iEC1368_DH5a|iEC1372_W3110|iEC55989_1330|iECABU_c1320|iECBD_1354|iECB_1328|iECDH10B_1368|iECDH1ME8569_1439|iECD_1391|iECED1_1282|iECH74115_1262|iECIAI1_1343|iECIAI39_1322|iECNA114_1301|iECO103_1326|iECO111_1330|iECO26_1355|iECOK1_1307|iECP_1309|iECS88_1305|iECSE_1348|iECSF_1327|iECSP_1301|iECUMN_1333|iECW_1372|iECs_1301|iEKO11_1354|iETEC_1333|iEcDH1_1363|iEcE24377_1341|iEcHS_1320|iEcSMS35_1347|iEcolC_1368|iG2583_1286|iJO1366|iJR904|iLF82_1304|iML1515|iNRG857_1313|iUMN146_1321|iUMNK88_1353|iUTI89_1310|iWFL_1372|iY75_1357|iZ_1308|ic_1306	
map00020	rn00020	Citrate cycle (TCA cycle)	R02569	57	0	100.0	core	PDH	iAF1260|iAF1260b|iAPECO1_1312|iB21_1397|iBWG_1329|iE2348C_1286|iEC042_1314|iEC1344_C|iEC1349_Crooks|iEC1356_Bl21DE3|iEC1364_W|iEC1368_DH5a|iEC1372_W3110|iEC55989_1330|iECABU_c1320|iECBD_1354|iECB_1328|iECDH10B_1368|iECDH1ME8569_1439|iECD_1391|iECED1_1282|iECH74115_1262|iECIAI1_1343|iECIAI39_1322|iECNA114_1301|iECO103_1326|iECO111_1330|iECO26_1355|iECOK1_1307|iECP_1309|iECS88_1305|iECSE_1348|iECSF_1327|iECSP_1301|iECUMN_1333|iECW_1372|iECs_1301|iEKO11_1354|iETEC_1333|iEcDH1_1363|iEcE24377_1341|iEcHS_1320|iEcSMS35_1347|iEcolC_1368|iG2583_1286|iJO1366|iJR904|iLF82_1304|iML1515|iNRG857_1313|iUMN146_1321|iUMNK88_1353|iUTI89_1310|iWFL_1372|iY75_1357|iZ_1308|ic_1306	
map00020	rn00020	Citrate cycle (TCA cycle)	R02570	57	0	100.0	core	AKGDH	iAF1260|iAF1260b|iAPECO1_1312|iB21_1397|iBWG_1329|iE2348C_1286|iEC042_1314|iEC1344_C|iEC1349_Crooks|iEC1356_Bl21DE3|iEC1364_W|iEC1368_DH5a|iEC1372_W3110|iEC55989_1330|iECABU_c1320|iECBD_1354|iECB_1328|iECDH10B_1368|iECDH1ME8569_1439|iECD_1391|iECED1_1282|iECH74115_1262|iECIAI1_1343|iECIAI39_1322|iECNA114_1301|iECO103_1326|iECO111_1330|iECO26_1355|iECOK1_1307|iECP_1309|iECS88_1305|iECSE_1348|iECSF_1327|iECSP_1301|iECUMN_1333|iECW_1372|iECs_1301|iEKO11_1354|iETEC_1333|iEcDH1_1363|iEcE24377_1341|iEcHS_1320|iEcSMS35_1347|iEcolC_1368|iG2583_1286|iJO1366|iJR904|iLF82_1304|iML1515|iNRG857_1313|iUMN146_1321|iUMNK88_1353|iUTI89_1310|iWFL_1372|iY75_1357|iZ_1308|ic_1306	
map00020	rn00020	Citrate cycle (TCA cycle)	R03270	57	0	100.0	core	ACLSa	iAF1260|iAF1260b|iAPECO1_1312|iB21_1397|iBWG_1329|iE2348C_1286|iEC042_1314|iEC1344_C|iEC1349_Crooks|iEC1356_Bl21DE3|iEC1364_W|iEC1368_DH5a|iEC1372_W3110|iEC55989_1330|iECABU_c1320|iECBD_1354|iECB_1328|iECDH10B_1368|iECDH1ME8569_1439|iECD_1391|iECED1_1282|iECH74115_1262|iECIAI1_1343|iECIAI39_1322|iECNA114_1301|iECO103_1326|iECO111_1330|iECO26_1355|iECOK1_1307|iECP_1309|iECS88_1305|iECSE_1348|iECSF_1327|iECSP_1301|iECUMN_1333|iECW_1372|iECs_1301|iEKO11_1354|iETEC_1333|iEcDH1_1363|iEcE24377_1341|iEcHS_1320|iEcSMS35_1347|iEcolC_1368|iG2583_1286|iJO1366|iJR904|iLF82_1304|iML1515|iNRG857_1313|iUMN146_1321|iUMNK88_1353|iUTI89_1310|iWFL_1372|iY75_1357|iZ_1308|ic_1306	
map00020	rn00020	Citrate cycle (TCA cycle)	R03316	57	0	100.0	core	R_r0163	iAF1260|iAF1260b|iAPECO1_1312|iB21_1397|iBWG_1329|iE2348C_1286|iEC042_1314|iEC1344_C|iEC1349_Crooks|iEC1356_Bl21DE3|iEC1364_W|iEC1368_DH5a|iEC1372_W3110|iEC55989_1330|iECABU_c1320|iECBD_1354|iECB_1328|iECDH10B_1368|iECDH1ME8569_1439|iECD_1391|iECED1_1282|iECH74115_1262|iECIAI1_1343|iECIAI39_1322|iECNA114_1301|iECO103_1326|iECO111_1330|iECO26_1355|iECOK1_1307|iECP_1309|iECS88_1305|iECSE_1348|iECSF_1327|iECSP_1301|iECUMN_1333|iECW_1372|iECs_1301|iEKO11_1354|iETEC_1333|iEcDH1_1363|iEcE24377_1341|iEcHS_1320|iEcSMS35_1347|iEcolC_1368|iG2583_1286|iJO1366|iJR904|iLF82_1304|iML1515|iNRG857_1313|iUMN146_1321|iUMNK88_1353|iUTI89_1310|iWFL_1372|iY75_1357|iZ_1308|ic_1306	
map00020	rn00020	Citrate cycle (TCA cycle)	R07618	57	0	100.0	core	AKGDH|GLYCL|PDH	iAF1260|iAF1260b|iAPECO1_1312|iB21_1397|iBWG_1329|iE2348C_1286|iEC042_1314|iEC1344_C|iEC1349_Crooks|iEC1356_Bl21DE3|iEC1364_W|iEC1368_DH5a|iEC1372_W3110|iEC55989_1330|iECABU_c1320|iECBD_1354|iECB_1328|iECDH10B_1368|iECDH1ME8569_1439|iECD_1391|iECED1_1282|iECH74115_1262|iECIAI1_1343|iECIAI39_1322|iECNA114_1301|iECO103_1326|iECO111_1330|iECO26_1355|iECOK1_1307|iECP_1309|iECS88_1305|iECSE_1348|iECSF_1327|iECSP_1301|iECUMN_1333|iECW_1372|iECs_1301|iEKO11_1354|iETEC_1333|iEcDH1_1363|iEcE24377_1341|iEcHS_1320|iEcSMS35_1347|iEcolC_1368|iG2583_1286|iJO1366|iJR904|iLF82_1304|iML1515|iNRG857_1313|iUMN146_1321|iUMNK88_1353|iUTI89_1310|iWFL_1372|iY75_1357|iZ_1308|ic_1306	
map00030	rn00030	Pentose phosphate pathway	R00756	57	0	100.0	core	PFK	iAF1260|iAF1260b|iAPECO1_1312|iB21_1397|iBWG_1329|iE2348C_1286|iEC042_1314|iEC1344_C|iEC1349_Crooks|iEC1356_Bl21DE3|iEC1364_W|iEC1368_DH5a|iEC1372_W3110|iEC55989_1330|iECABU_c1320|iECBD_1354|iECB_1328|iECDH10B_1368|iECDH1ME8569_1439|iECD_1391|iECED1_1282|iECH74115_1262|iECIAI1_1343|iECIAI39_1322|iECNA114_1301|iECO103_1326|iECO111_1330|iECO26_1355|iECOK1_1307|iECP_1309|iECS88_1305|iECSE_1348|iECSF_1327|iECSP_1301|iECUMN_1333|iECW_1372|iECs_1301|iEKO11_1354|iETEC_1333|iEcDH1_1363|iEcE24377_1341|iEcHS_1320|iEcSMS35_1347|iEcolC_1368|iG2583_1286|iJO1366|iJR904|iLF82_1304|iML1515|iNRG857_1313|iUMN146_1321|iUMNK88_1353|iUTI89_1310|iWFL_1372|iY75_1357|iZ_1308|ic_1306	
map00030	rn00030	Pentose phosphate pathway	R00762	57	0	100.0	core	FBP	iAF1260|iAF1260b|iAPECO1_1312|iB21_1397|iBWG_1329|iE2348C_1286|iEC042_1314|iEC1344_C|iEC1349_Crooks|iEC1356_Bl21DE3|iEC1364_W|iEC1368_DH5a|iEC1372_W3110|iEC55989_1330|iECABU_c1320|iECBD_1354|iECB_1328|iECDH10B_1368|iECDH1ME8569_1439|iECD_1391|iECED1_1282|iECH74115_1262|iECIAI1_1343|iECIAI39_1322|iECNA114_1301|iECO103_1326|iECO111_1330|iECO26_1355|iECOK1_1307|iECP_1309|iECS88_1305|iECSE_1348|iECSF_1327|iECSP_1301|iECUMN_1333|iECW_1372|iECs_1301|iEKO11_1354|iETEC_1333|iEcDH1_1363|iEcE24377_1341|iEcHS_1320|iEcSMS35_1347|iEcolC_1368|iG2583_1286|iJO1366|iJR904|iLF82_1304|iML1515|iNRG857_1313|iUMN146_1321|iUMNK88_1353|iUTI89_1310|iWFL_1372|iY75_1357|iZ_1308|ic_1306	
map00030	rn00030	Pentose phosphate pathway	R01049	57	0	100.0	core	PRPPS	iAF1260|iAF1260b|iAPECO1_1312|iB21_1397|iBWG_1329|iE2348C_1286|iEC042_1314|iEC1344_C|iEC1349_Crooks|iEC1356_Bl21DE3|iEC1364_W|iEC1368_DH5a|iEC1372_W3110|iEC55989_1330|iECABU_c1320|iECBD_1354|iECB_1328|iECDH10B_1368|iECDH1ME8569_1439|iECD_1391|iECED1_1282|iECH74115_1262|iECIAI1_1343|iECIAI39_1322|iECNA114_1301|iECO103_1326|iECO111_1330|iECO26_1355|iECOK1_1307|iECP_1309|iECS88_1305|iECSE_1348|iECSF_1327|iECSP_1301|iECUMN_1333|iECW_1372|iECs_1301|iEKO11_1354|iETEC_1333|iEcDH1_1363|iEcE24377_1341|iEcHS_1320|iEcSMS35_1347|iEcolC_1368|iG2583_1286|iJO1366|iJR904|iLF82_1304|iML1515|iNRG857_1313|iUMN146_1321|iUMNK88_1353|iUTI89_1310|iWFL_1372|iY75_1357|iZ_1308|ic_1306	
map00030	rn00030	Pentose phosphate pathway	R01051	55	2	96.49	variable	RBK	iAF1260|iAF1260b|iAPECO1_1312|iB21_1397|iBWG_1329|iE2348C_1286|iEC042_1314|iEC1344_C|iEC1349_Crooks|iEC1356_Bl21DE3|iEC1368_DH5a|iEC1372_W3110|iEC55989_1330|iECABU_c1320|iECBD_1354|iECB_1328|iECDH10B_1368|iECDH1ME8569_1439|iECD_1391|iECED1_1282|iECH74115_1262|iECIAI1_1343|iECIAI39_1322|iECNA114_1301|iECO103_1326|iECO111_1330|iECO26_1355|iECOK1_1307|iECP_1309|iECS88_1305|iECSE_1348|iECSF_1327|iECSP_1301|iECUMN_1333|iECW_1372|iECs_1301|iETEC_1333|iEcDH1_1363|iEcE24377_1341|iEcHS_1320|iEcSMS35_1347|iEcolC_1368|iG2583_1286|iJO1366|iJR904|iLF82_1304|iML1515|iNRG857_1313|iUMN146_1321|iUMNK88_1353|iUTI89_1310|iWFL_1372|iY75_1357|iZ_1308|ic_1306	iEC1364_W|iEKO11_1354
map00030	rn00030	Pentose phosphate pathway	R01056	57	0	100.0	core	RPI	iAF1260|iAF1260b|iAPECO1_1312|iB21_1397|iBWG_1329|iE2348C_1286|iEC042_1314|iEC1344_C|iEC1349_Crooks|iEC1356_Bl21DE3|iEC1364_W|iEC1368_DH5a|iEC1372_W3110|iEC55989_1330|iECABU_c1320|iECBD_1354|iECB_1328|iECDH10B_1368|iECDH1ME8569_1439|iECD_1391|iECED1_1282|iECH74115_1262|iECIAI1_1343|iECIAI39_1322|iECNA114_1301|iECO103_1326|iECO111_1330|iECO26_1355|iECOK1_1307|iECP_1309|iECS88_1305|iECSE_1348|iECSF_1327|iECSP_1301|iECUMN_1333|iECW_1372|iECs_1301|iEKO11_1354|iETEC_1333|iEcDH1_1363|iEcE24377_1341|iEcHS_1320|iEcSMS35_1347|iEcolC_1368|iG2583_1286|iJO1366|iJR904|iLF82_1304|iML1515|iNRG857_1313|iUMN146_1321|iUMNK88_1353|iUTI89_1310|iWFL_1372|iY75_1357|iZ_1308|ic_1306	
map00030	rn00030	Pentose phosphate pathway	R01057	57	0	100.0	core	PPM	iAF1260|iAF1260b|iAPECO1_1312|iB21_1397|iBWG_1329|iE2348C_1286|iEC042_1314|iEC1344_C|iEC1349_Crooks|iEC1356_Bl21DE3|iEC1364_W|iEC1368_DH5a|iEC1372_W3110|iEC55989_1330|iECABU_c1320|iECBD_1354|iECB_1328|iECDH10B_1368|iECDH1ME8569_1439|iECD_1391|iECED1_1282|iECH74115_1262|iECIAI1_1343|iECIAI39_1322|iECNA114_1301|iECO103_1326|iECO111_1330|iECO26_1355|iECOK1_1307|iECP_1309|iECS88_1305|iECSE_1348|iECSF_1327|iECSP_1301|iECUMN_1333|iECW_1372|iECs_1301|iEKO11_1354|iETEC_1333|iEcDH1_1363|iEcE24377_1341|iEcHS_1320|iEcSMS35_1347|iEcolC_1368|iG2583_1286|iJO1366|iJR904|iLF82_1304|iML1515|iNRG857_1313|iUMN146_1321|iUMNK88_1353|iUTI89_1310|iWFL_1372|iY75_1357|iZ_1308|ic_1306	
map00030	rn00030	Pentose phosphate pathway	R01066	57	0	100.0	core	DRPA	iAF1260|iAF1260b|iAPECO1_1312|iB21_1397|iBWG_1329|iE2348C_1286|iEC042_1314|iEC1344_C|iEC1349_Crooks|iEC1356_Bl21DE3|iEC1364_W|iEC1368_DH5a|iEC1372_W3110|iEC55989_1330|iECABU_c1320|iECBD_1354|iECB_1328|iECDH10B_1368|iECDH1ME8569_1439|iECD_1391|iECED1_1282|iECH74115_1262|iECIAI1_1343|iECIAI39_1322|iECNA114_1301|iECO103_1326|iECO111_1330|iECO26_1355|iECOK1_1307|iECP_1309|iECS88_1305|iECSE_1348|iECSF_1327|iECSP_1301|iECUMN_1333|iECW_1372|iECs_1301|iEKO11_1354|iETEC_1333|iEcDH1_1363|iEcE24377_1341|iEcHS_1320|iEcSMS35_1347|iEcolC_1368|iG2583_1286|iJO1366|iJR904|iLF82_1304|iML1515|iNRG857_1313|iUMN146_1321|iUMNK88_1353|iUTI89_1310|iWFL_1372|iY75_1357|iZ_1308|ic_1306	
map00030	rn00030	Pentose phosphate pathway	R01067	57	0	100.0	core	R_TKL2_h	iAF1260|iAF1260b|iAPECO1_1312|iB21_1397|iBWG_1329|iE2348C_1286|iEC042_1314|iEC1344_C|iEC1349_Crooks|iEC1356_Bl21DE3|iEC1364_W|iEC1368_DH5a|iEC1372_W3110|iEC55989_1330|iECABU_c1320|iECBD_1354|iECB_1328|iECDH10B_1368|iECDH1ME8569_1439|iECD_1391|iECED1_1282|iECH74115_1262|iECIAI1_1343|iECIAI39_1322|iECNA114_1301|iECO103_1326|iECO111_1330|iECO26_1355|iECOK1_1307|iECP_1309|iECS88_1305|iECSE_1348|iECSF_1327|iECSP_1301|iECUMN_1333|iECW_1372|iECs_1301|iEKO11_1354|iETEC_1333|iEcDH1_1363|iEcE24377_1341|iEcHS_1320|iEcSMS35_1347|iEcolC_1368|iG2583_1286|iJO1366|iJR904|iLF82_1304|iML1515|iNRG857_1313|iUMN146_1321|iUMNK88_1353|iUTI89_1310|iWFL_1372|iY75_1357|iZ_1308|ic_1306	
map00030	rn00030	Pentose phosphate pathway	R01068	57	0	100.0	core	FBA	iAF1260|iAF1260b|iAPECO1_1312|iB21_1397|iBWG_1329|iE2348C_1286|iEC042_1314|iEC1344_C|iEC1349_Crooks|iEC1356_Bl21DE3|iEC1364_W|iEC1368_DH5a|iEC1372_W3110|iEC55989_1330|iECABU_c1320|iECBD_1354|iECB_1328|iECDH10B_1368|iECDH1ME8569_1439|iECD_1391|iECED1_1282|iECH74115_1262|iECIAI1_1343|iECIAI39_1322|iECNA114_1301|iECO103_1326|iECO111_1330|iECO26_1355|iECOK1_1307|iECP_1309|iECS88_1305|iECSE_1348|iECSF_1327|iECSP_1301|iECUMN_1333|iECW_1372|iECs_1301|iEKO11_1354|iETEC_1333|iEcDH1_1363|iEcE24377_1341|iEcHS_1320|iEcSMS35_1347|iEcolC_1368|iG2583_1286|iJO1366|iJR904|iLF82_1304|iML1515|iNRG857_1313|iUMN146_1321|iUMNK88_1353|iUTI89_1310|iWFL_1372|iY75_1357|iZ_1308|ic_1306	
map00030	rn00030	Pentose phosphate pathway	R01521	57	0	100.0	core	G6PDH2r	iAF1260|iAF1260b|iAPECO1_1312|iB21_1397|iBWG_1329|iE2348C_1286|iEC042_1314|iEC1344_C|iEC1349_Crooks|iEC1356_Bl21DE3|iEC1364_W|iEC1368_DH5a|iEC1372_W3110|iEC55989_1330|iECABU_c1320|iECBD_1354|iECB_1328|iECDH10B_1368|iECDH1ME8569_1439|iECD_1391|iECED1_1282|iECH74115_1262|iECIAI1_1343|iECIAI39_1322|iECNA114_1301|iECO103_1326|iECO111_1330|iECO26_1355|iECOK1_1307|iECP_1309|iECS88_1305|iECSE_1348|iECSF_1327|iECSP_1301|iECUMN_1333|iECW_1372|iECs_1301|iEKO11_1354|iETEC_1333|iEcDH1_1363|iEcE24377_1341|iEcHS_1320|iEcSMS35_1347|iEcolC_1368|iG2583_1286|iJO1366|iJR904|iLF82_1304|iML1515|iNRG857_1313|iUMN146_1321|iUMNK88_1353|iUTI89_1310|iWFL_1372|iY75_1357|iZ_1308|ic_1306	
map00030	rn00030	Pentose phosphate pathway	R01528	57	0	100.0	core	GND	iAF1260|iAF1260b|iAPECO1_1312|iB21_1397|iBWG_1329|iE2348C_1286|iEC042_1314|iEC1344_C|iEC1349_Crooks|iEC1356_Bl21DE3|iEC1364_W|iEC1368_DH5a|iEC1372_W3110|iEC55989_1330|iECABU_c1320|iECBD_1354|iECB_1328|iECDH10B_1368|iECDH1ME8569_1439|iECD_1391|iECED1_1282|iECH74115_1262|iECIAI1_1343|iECIAI39_1322|iECNA114_1301|iECO103_1326|iECO111_1330|iECO26_1355|iECOK1_1307|iECP_1309|iECS88_1305|iECSE_1348|iECSF_1327|iECSP_1301|iECUMN_1333|iECW_1372|iECs_1301|iEKO11_1354|iETEC_1333|iEcDH1_1363|iEcE24377_1341|iEcHS_1320|iEcSMS35_1347|iEcolC_1368|iG2583_1286|iJO1366|iJR904|iLF82_1304|iML1515|iNRG857_1313|iUMN146_1321|iUMNK88_1353|iUTI89_1310|iWFL_1372|iY75_1357|iZ_1308|ic_1306	
map00030	rn00030	Pentose phosphate pathway	R01529	57	0	100.0	core	RPE	iAF1260|iAF1260b|iAPECO1_1312|iB21_1397|iBWG_1329|iE2348C_1286|iEC042_1314|iEC1344_C|iEC1349_Crooks|iEC1356_Bl21DE3|iEC1364_W|iEC1368_DH5a|iEC1372_W3110|iEC55989_1330|iECABU_c1320|iECBD_1354|iECB_1328|iECDH10B_1368|iECDH1ME8569_1439|iECD_1391|iECED1_1282|iECH74115_1262|iECIAI1_1343|iECIAI39_1322|iECNA114_1301|iECO103_1326|iECO111_1330|iECO26_1355|iECOK1_1307|iECP_1309|iECS88_1305|iECSE_1348|iECSF_1327|iECSP_1301|iECUMN_1333|iECW_1372|iECs_1301|iEKO11_1354|iETEC_1333|iEcDH1_1363|iEcE24377_1341|iEcHS_1320|iEcSMS35_1347|iEcolC_1368|iG2583_1286|iJO1366|iJR904|iLF82_1304|iML1515|iNRG857_1313|iUMN146_1321|iUMNK88_1353|iUTI89_1310|iWFL_1372|iY75_1357|iZ_1308|ic_1306	
map00030	rn00030	Pentose phosphate pathway	R01538	51	6	89.47	variable		iAF1260|iAF1260b|iAPECO1_1312|iB21_1397|iBWG_1329|iEC042_1314|iEC1344_C|iEC1349_Crooks|iEC1356_Bl21DE3|iEC1364_W|iEC1368_DH5a|iEC1372_W3110|iEC55989_1330|iECABU_c1320|iECBD_1354|iECB_1328|iECDH10B_1368|iECDH1ME8569_1439|iECD_1391|iECED1_1282|iECIAI1_1343|iECIAI39_1322|iECNA114_1301|iECO103_1326|iECO111_1330|iECO26_1355|iECOK1_1307|iECP_1309|iECS88_1305|iECSE_1348|iECSF_1327|iECUMN_1333|iECW_1372|iEKO11_1354|iETEC_1333|iEcDH1_1363|iEcE24377_1341|iEcHS_1320|iEcSMS35_1347|iEcolC_1368|iJO1366|iJR904|iLF82_1304|iML1515|iNRG857_1313|iUMN146_1321|iUMNK88_1353|iUTI89_1310|iWFL_1372|iY75_1357|ic_1306	iE2348C_1286|iECH74115_1262|iECSP_1301|iECs_1301|iG2583_1286|iZ_1308
map00030	rn00030	Pentose phosphate pathway	R01541	57	0	100.0	core	DDGLK	iAF1260|iAF1260b|iAPECO1_1312|iB21_1397|iBWG_1329|iE2348C_1286|iEC042_1314|iEC1344_C|iEC1349_Crooks|iEC1356_Bl21DE3|iEC1364_W|iEC1368_DH5a|iEC1372_W3110|iEC55989_1330|iECABU_c1320|iECBD_1354|iECB_1328|iECDH10B_1368|iECDH1ME8569_1439|iECD_1391|iECED1_1282|iECH74115_1262|iECIAI1_1343|iECIAI39_1322|iECNA114_1301|iECO103_1326|iECO111_1330|iECO26_1355|iECOK1_1307|iECP_1309|iECS88_1305|iECSE_1348|iECSF_1327|iECSP_1301|iECUMN_1333|iECW_1372|iECs_1301|iEKO11_1354|iETEC_1333|iEcDH1_1363|iEcE24377_1341|iEcHS_1320|iEcSMS35_1347|iEcolC_1368|iG2583_1286|iJO1366|iJR904|iLF82_1304|iML1515|iNRG857_1313|iUMN146_1321|iUMNK88_1353|iUTI89_1310|iWFL_1372|iY75_1357|iZ_1308|ic_1306	
map00030	rn00030	Pentose phosphate pathway	R01641	57	0	100.0	core	TKT1	iAF1260|iAF1260b|iAPECO1_1312|iB21_1397|iBWG_1329|iE2348C_1286|iEC042_1314|iEC1344_C|iEC1349_Crooks|iEC1356_Bl21DE3|iEC1364_W|iEC1368_DH5a|iEC1372_W3110|iEC55989_1330|iECABU_c1320|iECBD_1354|iECB_1328|iECDH10B_1368|iECDH1ME8569_1439|iECD_1391|iECED1_1282|iECH74115_1262|iECIAI1_1343|iECIAI39_1322|iECNA114_1301|iECO103_1326|iECO111_1330|iECO26_1355|iECOK1_1307|iECP_1309|iECS88_1305|iECSE_1348|iECSF_1327|iECSP_1301|iECUMN_1333|iECW_1372|iECs_1301|iEKO11_1354|iETEC_1333|iEcDH1_1363|iEcE24377_1341|iEcHS_1320|iEcSMS35_1347|iEcolC_1368|iG2583_1286|iJO1366|iJR904|iLF82_1304|iML1515|iNRG857_1313|iUMN146_1321|iUMNK88_1353|iUTI89_1310|iWFL_1372|iY75_1357|iZ_1308|ic_1306	
map00030	rn00030	Pentose phosphate pathway	R01737	57	0	100.0	core	GNK	iAF1260|iAF1260b|iAPECO1_1312|iB21_1397|iBWG_1329|iE2348C_1286|iEC042_1314|iEC1344_C|iEC1349_Crooks|iEC1356_Bl21DE3|iEC1364_W|iEC1368_DH5a|iEC1372_W3110|iEC55989_1330|iECABU_c1320|iECBD_1354|iECB_1328|iECDH10B_1368|iECDH1ME8569_1439|iECD_1391|iECED1_1282|iECH74115_1262|iECIAI1_1343|iECIAI39_1322|iECNA114_1301|iECO103_1326|iECO111_1330|iECO26_1355|iECOK1_1307|iECP_1309|iECS88_1305|iECSE_1348|iECSF_1327|iECSP_1301|iECUMN_1333|iECW_1372|iECs_1301|iEKO11_1354|iETEC_1333|iEcDH1_1363|iEcE24377_1341|iEcHS_1320|iEcSMS35_1347|iEcolC_1368|iG2583_1286|iJO1366|iJR904|iLF82_1304|iML1515|iNRG857_1313|iUMN146_1321|iUMNK88_1353|iUTI89_1310|iWFL_1372|iY75_1357|iZ_1308|ic_1306	
map00030	rn00030	Pentose phosphate pathway	R01739	57	0	100.0	core	2DGLCNRy	iAF1260|iAF1260b|iAPECO1_1312|iB21_1397|iBWG_1329|iE2348C_1286|iEC042_1314|iEC1344_C|iEC1349_Crooks|iEC1356_Bl21DE3|iEC1364_W|iEC1368_DH5a|iEC1372_W3110|iEC55989_1330|iECABU_c1320|iECBD_1354|iECB_1328|iECDH10B_1368|iECDH1ME8569_1439|iECD_1391|iECED1_1282|iECH74115_1262|iECIAI1_1343|iECIAI39_1322|iECNA114_1301|iECO103_1326|iECO111_1330|iECO26_1355|iECOK1_1307|iECP_1309|iECS88_1305|iECSE_1348|iECSF_1327|iECSP_1301|iECUMN_1333|iECW_1372|iECs_1301|iEKO11_1354|iETEC_1333|iEcDH1_1363|iEcE24377_1341|iEcHS_1320|iEcSMS35_1347|iEcolC_1368|iG2583_1286|iJO1366|iJR904|iLF82_1304|iML1515|iNRG857_1313|iUMN146_1321|iUMNK88_1353|iUTI89_1310|iWFL_1372|iY75_1357|iZ_1308|ic_1306	
map00030	rn00030	Pentose phosphate pathway	R02032	1	56	1.75	variable	PGLCNDH_1	iEC1364_W	iAF1260|iAF1260b|iAPECO1_1312|iB21_1397|iBWG_1329|iE2348C_1286|iEC042_1314|iEC1344_C|iEC1349_Crooks|iEC1356_Bl21DE3|iEC1368_DH5a|iEC1372_W3110|iEC55989_1330|iECABU_c1320|iECBD_1354|iECB_1328|iECDH10B_1368|iECDH1ME8569_1439|iECD_1391|iECED1_1282|iECH74115_1262|iECIAI1_1343|iECIAI39_1322|iECNA114_1301|iECO103_1326|iECO111_1330|iECO26_1355|iECOK1_1307|iECP_1309|iECS88_1305|iECSE_1348|iECSF_1327|iECSP_1301|iECUMN_1333|iECW_1372|iECs_1301|iEKO11_1354|iETEC_1333|iEcDH1_1363|iEcE24377_1341|iEcHS_1320|iEcSMS35_1347|iEcolC_1368|iG2583_1286|iJO1366|iJR904|iLF82_1304|iML1515|iNRG857_1313|iUMN146_1321|iUMNK88_1353|iUTI89_1310|iWFL_1372|iY75_1357|iZ_1308|ic_1306
map00030	rn00030	Pentose phosphate pathway	R02034	1	56	1.75	variable	PGLCNDH_1	iEC1364_W	iAF1260|iAF1260b|iAPECO1_1312|iB21_1397|iBWG_1329|iE2348C_1286|iEC042_1314|iEC1344_C|iEC1349_Crooks|iEC1356_Bl21DE3|iEC1368_DH5a|iEC1372_W3110|iEC55989_1330|iECABU_c1320|iECBD_1354|iECB_1328|iECDH10B_1368|iECDH1ME8569_1439|iECD_1391|iECED1_1282|iECH74115_1262|iECIAI1_1343|iECIAI39_1322|iECNA114_1301|iECO103_1326|iECO111_1330|iECO26_1355|iECOK1_1307|iECP_1309|iECS88_1305|iECSE_1348|iECSF_1327|iECSP_1301|iECUMN_1333|iECW_1372|iECs_1301|iEKO11_1354|iETEC_1333|iEcDH1_1363|iEcE24377_1341|iEcHS_1320|iEcSMS35_1347|iEcolC_1368|iG2583_1286|iJO1366|iJR904|iLF82_1304|iML1515|iNRG857_1313|iUMN146_1321|iUMNK88_1353|iUTI89_1310|iWFL_1372|iY75_1357|iZ_1308|ic_1306
map00030	rn00030	Pentose phosphate pathway	R02035	53	4	92.98	variable	PGL	iAF1260|iAF1260b|iAPECO1_1312|iBWG_1329|iE2348C_1286|iEC042_1314|iEC1344_C|iEC1349_Crooks|iEC1364_W|iEC1368_DH5a|iEC1372_W3110|iEC55989_1330|iECABU_c1320|iECB_1328|iECDH10B_1368|iECDH1ME8569_1439|iECED1_1282|iECH74115_1262|iECIAI1_1343|iECIAI39_1322|iECNA114_1301|iECO103_1326|iECO111_1330|iECO26_1355|iECOK1_1307|iECP_1309|iECS88_1305|iECSE_1348|iECSF_1327|iECSP_1301|iECUMN_1333|iECW_1372|iECs_1301|iEKO11_1354|iETEC_1333|iEcDH1_1363|iEcE24377_1341|iEcHS_1320|iEcSMS35_1347|iEcolC_1368|iG2583_1286|iJO1366|iJR904|iLF82_1304|iML1515|iNRG857_1313|iUMN146_1321|iUMNK88_1353|iUTI89_1310|iWFL_1372|iY75_1357|iZ_1308|ic_1306	iB21_1397|iEC1356_Bl21DE3|iECBD_1354|iECD_1391
map00030	rn00030	Pentose phosphate pathway	R02036	57	0	100.0	core	EDD	iAF1260|iAF1260b|iAPECO1_1312|iB21_1397|iBWG_1329|iE2348C_1286|iEC042_1314|iEC1344_C|iEC1349_Crooks|iEC1356_Bl21DE3|iEC1364_W|iEC1368_DH5a|iEC1372_W3110|iEC55989_1330|iECABU_c1320|iECBD_1354|iECB_1328|iECDH10B_1368|iECDH1ME8569_1439|iECD_1391|iECED1_1282|iECH74115_1262|iECIAI1_1343|iECIAI39_1322|iECNA114_1301|iECO103_1326|iECO111_1330|iECO26_1355|iECOK1_1307|iECP_1309|iECS88_1305|iECSE_1348|iECSF_1327|iECSP_1301|iECUMN_1333|iECW_1372|iECs_1301|iEKO11_1354|iETEC_1333|iEcDH1_1363|iEcE24377_1341|iEcHS_1320|iEcSMS35_1347|iEcolC_1368|iG2583_1286|iJO1366|iJR904|iLF82_1304|iML1515|iNRG857_1313|iUMN146_1321|iUMNK88_1353|iUTI89_1310|iWFL_1372|iY75_1357|iZ_1308|ic_1306	
map00030	rn00030	Pentose phosphate pathway	R02736	57	0	100.0	core	G6PBDH	iAF1260|iAF1260b|iAPECO1_1312|iB21_1397|iBWG_1329|iE2348C_1286|iEC042_1314|iEC1344_C|iEC1349_Crooks|iEC1356_Bl21DE3|iEC1364_W|iEC1368_DH5a|iEC1372_W3110|iEC55989_1330|iECABU_c1320|iECBD_1354|iECB_1328|iECDH10B_1368|iECDH1ME8569_1439|iECD_1391|iECED1_1282|iECH74115_1262|iECIAI1_1343|iECIAI39_1322|iECNA114_1301|iECO103_1326|iECO111_1330|iECO26_1355|iECOK1_1307|iECP_1309|iECS88_1305|iECSE_1348|iECSF_1327|iECSP_1301|iECUMN_1333|iECW_1372|iECs_1301|iEKO11_1354|iETEC_1333|iEcDH1_1363|iEcE24377_1341|iEcHS_1320|iEcSMS35_1347|iEcolC_1368|iG2583_1286|iJO1366|iJR904|iLF82_1304|iML1515|iNRG857_1313|iUMN146_1321|iUMNK88_1353|iUTI89_1310|iWFL_1372|iY75_1357|iZ_1308|ic_1306	
map00030	rn00030	Pentose phosphate pathway	R02739	57	0	100.0	core	G6PI_1	iAF1260|iAF1260b|iAPECO1_1312|iB21_1397|iBWG_1329|iE2348C_1286|iEC042_1314|iEC1344_C|iEC1349_Crooks|iEC1356_Bl21DE3|iEC1364_W|iEC1368_DH5a|iEC1372_W3110|iEC55989_1330|iECABU_c1320|iECBD_1354|iECB_1328|iECDH10B_1368|iECDH1ME8569_1439|iECD_1391|iECED1_1282|iECH74115_1262|iECIAI1_1343|iECIAI39_1322|iECNA114_1301|iECO103_1326|iECO111_1330|iECO26_1355|iECOK1_1307|iECP_1309|iECS88_1305|iECSE_1348|iECSF_1327|iECSP_1301|iECUMN_1333|iECW_1372|iECs_1301|iEKO11_1354|iETEC_1333|iEcDH1_1363|iEcE24377_1341|iEcHS_1320|iEcSMS35_1347|iEcolC_1368|iG2583_1286|iJO1366|iJR904|iLF82_1304|iML1515|iNRG857_1313|iUMN146_1321|iUMNK88_1353|iUTI89_1310|iWFL_1372|iY75_1357|iZ_1308|ic_1306	
map00030	rn00030	Pentose phosphate pathway	R02749	57	0	100.0	core	PPM2	iAF1260|iAF1260b|iAPECO1_1312|iB21_1397|iBWG_1329|iE2348C_1286|iEC042_1314|iEC1344_C|iEC1349_Crooks|iEC1356_Bl21DE3|iEC1364_W|iEC1368_DH5a|iEC1372_W3110|iEC55989_1330|iECABU_c1320|iECBD_1354|iECB_1328|iECDH10B_1368|iECDH1ME8569_1439|iECD_1391|iECED1_1282|iECH74115_1262|iECIAI1_1343|iECIAI39_1322|iECNA114_1301|iECO103_1326|iECO111_1330|iECO26_1355|iECOK1_1307|iECP_1309|iECS88_1305|iECSE_1348|iECSF_1327|iECSP_1301|iECUMN_1333|iECW_1372|iECs_1301|iEKO11_1354|iETEC_1333|iEcDH1_1363|iEcE24377_1341|iEcHS_1320|iEcSMS35_1347|iEcolC_1368|iG2583_1286|iJO1366|iJR904|iLF82_1304|iML1515|iNRG857_1313|iUMN146_1321|iUMNK88_1353|iUTI89_1310|iWFL_1372|iY75_1357|iZ_1308|ic_1306	
map00030	rn00030	Pentose phosphate pathway	R02750	55	2	96.49	variable	DRBK	iAF1260|iAF1260b|iAPECO1_1312|iB21_1397|iBWG_1329|iE2348C_1286|iEC042_1314|iEC1344_C|iEC1349_Crooks|iEC1356_Bl21DE3|iEC1368_DH5a|iEC1372_W3110|iEC55989_1330|iECABU_c1320|iECBD_1354|iECB_1328|iECDH10B_1368|iECDH1ME8569_1439|iECD_1391|iECED1_1282|iECH74115_1262|iECIAI1_1343|iECIAI39_1322|iECNA114_1301|iECO103_1326|iECO111_1330|iECO26_1355|iECOK1_1307|iECP_1309|iECS88_1305|iECSE_1348|iECSF_1327|iECSP_1301|iECUMN_1333|iECW_1372|iECs_1301|iETEC_1333|iEcDH1_1363|iEcE24377_1341|iEcHS_1320|iEcSMS35_1347|iEcolC_1368|iG2583_1286|iJO1366|iJR904|iLF82_1304|iML1515|iNRG857_1313|iUMN146_1321|iUMNK88_1353|iUTI89_1310|iWFL_1372|iY75_1357|iZ_1308|ic_1306	iEC1364_W|iEKO11_1354
map00030	rn00030	Pentose phosphate pathway	R05605	57	0	100.0	core	EDA	iAF1260|iAF1260b|iAPECO1_1312|iB21_1397|iBWG_1329|iE2348C_1286|iEC042_1314|iEC1344_C|iEC1349_Crooks|iEC1356_Bl21DE3|iEC1364_W|iEC1368_DH5a|iEC1372_W3110|iEC55989_1330|iECABU_c1320|iECBD_1354|iECB_1328|iECDH10B_1368|iECDH1ME8569_1439|iECD_1391|iECED1_1282|iECH74115_1262|iECIAI1_1343|iECIAI39_1322|iECNA114_1301|iECO103_1326|iECO111_1330|iECO26_1355|iECOK1_1307|iECP_1309|iECS88_1305|iECSE_1348|iECSF_1327|iECSP_1301|iECUMN_1333|iECW_1372|iECs_1301|iEKO11_1354|iETEC_1333|iEcDH1_1363|iEcE24377_1341|iEcHS_1320|iEcSMS35_1347|iEcolC_1368|iG2583_1286|iJO1366|iJR904|iLF82_1304|iML1515|iNRG857_1313|iUMN146_1321|iUMNK88_1353|iUTI89_1310|iWFL_1372|iY75_1357|iZ_1308|ic_1306	
map00030	rn00030	Pentose phosphate pathway	R06836	56	1	98.25	variable	R15BPK	iAF1260|iAF1260b|iAPECO1_1312|iB21_1397|iBWG_1329|iE2348C_1286|iEC042_1314|iEC1344_C|iEC1349_Crooks|iEC1356_Bl21DE3|iEC1364_W|iEC1368_DH5a|iEC1372_W3110|iEC55989_1330|iECABU_c1320|iECBD_1354|iECB_1328|iECDH10B_1368|iECDH1ME8569_1439|iECD_1391|iECED1_1282|iECH74115_1262|iECIAI1_1343|iECIAI39_1322|iECNA114_1301|iECO103_1326|iECO111_1330|iECO26_1355|iECOK1_1307|iECP_1309|iECS88_1305|iECSE_1348|iECSF_1327|iECSP_1301|iECUMN_1333|iECW_1372|iECs_1301|iEKO11_1354|iETEC_1333|iEcDH1_1363|iEcE24377_1341|iEcHS_1320|iEcSMS35_1347|iEcolC_1368|iG2583_1286|iJO1366|iLF82_1304|iML1515|iNRG857_1313|iUMN146_1321|iUMNK88_1353|iUTI89_1310|iWFL_1372|iY75_1357|iZ_1308|ic_1306	iJR904
map00030	rn00030	Pentose phosphate pathway	R07147	57	0	100.0	core	ALR2|G3PD2	iAF1260|iAF1260b|iAPECO1_1312|iB21_1397|iBWG_1329|iE2348C_1286|iEC042_1314|iEC1344_C|iEC1349_Crooks|iEC1356_Bl21DE3|iEC1364_W|iEC1368_DH5a|iEC1372_W3110|iEC55989_1330|iECABU_c1320|iECBD_1354|iECB_1328|iECDH10B_1368|iECDH1ME8569_1439|iECD_1391|iECED1_1282|iECH74115_1262|iECIAI1_1343|iECIAI39_1322|iECNA114_1301|iECO103_1326|iECO111_1330|iECO26_1355|iECOK1_1307|iECP_1309|iECS88_1305|iECSE_1348|iECSF_1327|iECSP_1301|iECUMN_1333|iECW_1372|iECs_1301|iEKO11_1354|iETEC_1333|iEcDH1_1363|iEcE24377_1341|iEcHS_1320|iEcSMS35_1347|iEcolC_1368|iG2583_1286|iJO1366|iJR904|iLF82_1304|iML1515|iNRG857_1313|iUMN146_1321|iUMNK88_1353|iUTI89_1310|iWFL_1372|iY75_1357|iZ_1308|ic_1306	
map00030	rn00030	Pentose phosphate pathway	R08570	57	0	100.0	core		iAF1260|iAF1260b|iAPECO1_1312|iB21_1397|iBWG_1329|iE2348C_1286|iEC042_1314|iEC1344_C|iEC1349_Crooks|iEC1356_Bl21DE3|iEC1364_W|iEC1368_DH5a|iEC1372_W3110|iEC55989_1330|iECABU_c1320|iECBD_1354|iECB_1328|iECDH10B_1368|iECDH1ME8569_1439|iECD_1391|iECED1_1282|iECH74115_1262|iECIAI1_1343|iECIAI39_1322|iECNA114_1301|iECO103_1326|iECO111_1330|iECO26_1355|iECOK1_1307|iECP_1309|iECS88_1305|iECSE_1348|iECSF_1327|iECSP_1301|iECUMN_1333|iECW_1372|iECs_1301|iEKO11_1354|iETEC_1333|iEcDH1_1363|iEcE24377_1341|iEcHS_1320|iEcSMS35_1347|iEcolC_1368|iG2583_1286|iJO1366|iJR904|iLF82_1304|iML1515|iNRG857_1313|iUMN146_1321|iUMNK88_1353|iUTI89_1310|iWFL_1372|iY75_1357|iZ_1308|ic_1306	
map00030	rn00030	Pentose phosphate pathway	R08572	57	0	100.0	core	GLYCK2	iAF1260|iAF1260b|iAPECO1_1312|iB21_1397|iBWG_1329|iE2348C_1286|iEC042_1314|iEC1344_C|iEC1349_Crooks|iEC1356_Bl21DE3|iEC1364_W|iEC1368_DH5a|iEC1372_W3110|iEC55989_1330|iECABU_c1320|iECBD_1354|iECB_1328|iECDH10B_1368|iECDH1ME8569_1439|iECD_1391|iECED1_1282|iECH74115_1262|iECIAI1_1343|iECIAI39_1322|iECNA114_1301|iECO103_1326|iECO111_1330|iECO26_1355|iECOK1_1307|iECP_1309|iECS88_1305|iECSE_1348|iECSF_1327|iECSP_1301|iECUMN_1333|iECW_1372|iECs_1301|iEKO11_1354|iETEC_1333|iEcDH1_1363|iEcE24377_1341|iEcHS_1320|iEcSMS35_1347|iEcolC_1368|iG2583_1286|iJO1366|iJR904|iLF82_1304|iML1515|iNRG857_1313|iUMN146_1321|iUMNK88_1353|iUTI89_1310|iWFL_1372|iY75_1357|iZ_1308|ic_1306	
map00030	rn00030	Pentose phosphate pathway	R08575	57	0	100.0	core	R_TALA	iAF1260|iAF1260b|iAPECO1_1312|iB21_1397|iBWG_1329|iE2348C_1286|iEC042_1314|iEC1344_C|iEC1349_Crooks|iEC1356_Bl21DE3|iEC1364_W|iEC1368_DH5a|iEC1372_W3110|iEC55989_1330|iECABU_c1320|iECBD_1354|iECB_1328|iECDH10B_1368|iECDH1ME8569_1439|iECD_1391|iECED1_1282|iECH74115_1262|iECIAI1_1343|iECIAI39_1322|iECNA114_1301|iECO103_1326|iECO111_1330|iECO26_1355|iECOK1_1307|iECP_1309|iECS88_1305|iECSE_1348|iECSF_1327|iECSP_1301|iECUMN_1333|iECW_1372|iECs_1301|iEKO11_1354|iETEC_1333|iEcDH1_1363|iEcE24377_1341|iEcHS_1320|iEcSMS35_1347|iEcolC_1368|iG2583_1286|iJO1366|iJR904|iLF82_1304|iML1515|iNRG857_1313|iUMN146_1321|iUMNK88_1353|iUTI89_1310|iWFL_1372|iY75_1357|iZ_1308|ic_1306	
map00030	rn00030	Pentose phosphate pathway	R10221	57	0	100.0	core	GND	iAF1260|iAF1260b|iAPECO1_1312|iB21_1397|iBWG_1329|iE2348C_1286|iEC042_1314|iEC1344_C|iEC1349_Crooks|iEC1356_Bl21DE3|iEC1364_W|iEC1368_DH5a|iEC1372_W3110|iEC55989_1330|iECABU_c1320|iECBD_1354|iECB_1328|iECDH10B_1368|iECDH1ME8569_1439|iECD_1391|iECED1_1282|iECH74115_1262|iECIAI1_1343|iECIAI39_1322|iECNA114_1301|iECO103_1326|iECO111_1330|iECO26_1355|iECOK1_1307|iECP_1309|iECS88_1305|iECSE_1348|iECSF_1327|iECSP_1301|iECUMN_1333|iECW_1372|iECs_1301|iEKO11_1354|iETEC_1333|iEcDH1_1363|iEcE24377_1341|iEcHS_1320|iEcSMS35_1347|iEcolC_1368|iG2583_1286|iJO1366|iJR904|iLF82_1304|iML1515|iNRG857_1313|iUMN146_1321|iUMNK88_1353|iUTI89_1310|iWFL_1372|iY75_1357|iZ_1308|ic_1306	
map00030	rn00030	Pentose phosphate pathway	R10860	57	0	100.0	core	ABUTD|ALDD19xr|ALDD2x|SSALx	iAF1260|iAF1260b|iAPECO1_1312|iB21_1397|iBWG_1329|iE2348C_1286|iEC042_1314|iEC1344_C|iEC1349_Crooks|iEC1356_Bl21DE3|iEC1364_W|iEC1368_DH5a|iEC1372_W3110|iEC55989_1330|iECABU_c1320|iECBD_1354|iECB_1328|iECDH10B_1368|iECDH1ME8569_1439|iECD_1391|iECED1_1282|iECH74115_1262|iECIAI1_1343|iECIAI39_1322|iECNA114_1301|iECO103_1326|iECO111_1330|iECO26_1355|iECOK1_1307|iECP_1309|iECS88_1305|iECSE_1348|iECSF_1327|iECSP_1301|iECUMN_1333|iECW_1372|iECs_1301|iEKO11_1354|iETEC_1333|iEcDH1_1363|iEcE24377_1341|iEcHS_1320|iEcSMS35_1347|iEcolC_1368|iG2583_1286|iJO1366|iJR904|iLF82_1304|iML1515|iNRG857_1313|iUMN146_1321|iUMNK88_1353|iUTI89_1310|iWFL_1372|iY75_1357|iZ_1308|ic_1306	
map00030	rn00030	Pentose phosphate pathway	R10907	57	0	100.0	core	G6PDH1	iAF1260|iAF1260b|iAPECO1_1312|iB21_1397|iBWG_1329|iE2348C_1286|iEC042_1314|iEC1344_C|iEC1349_Crooks|iEC1356_Bl21DE3|iEC1364_W|iEC1368_DH5a|iEC1372_W3110|iEC55989_1330|iECABU_c1320|iECBD_1354|iECB_1328|iECDH10B_1368|iECDH1ME8569_1439|iECD_1391|iECED1_1282|iECH74115_1262|iECIAI1_1343|iECIAI39_1322|iECNA114_1301|iECO103_1326|iECO111_1330|iECO26_1355|iECOK1_1307|iECP_1309|iECS88_1305|iECSE_1348|iECSF_1327|iECSP_1301|iECUMN_1333|iECW_1372|iECs_1301|iEKO11_1354|iETEC_1333|iEcDH1_1363|iEcE24377_1341|iEcHS_1320|iEcSMS35_1347|iEcolC_1368|iG2583_1286|iJO1366|iJR904|iLF82_1304|iML1515|iNRG857_1313|iUMN146_1321|iUMNK88_1353|iUTI89_1310|iWFL_1372|iY75_1357|iZ_1308|ic_1306	
map00030	rn00030	Pentose phosphate pathway	R13089	56	1	98.25	variable	R1PK	iAF1260|iAF1260b|iAPECO1_1312|iB21_1397|iBWG_1329|iE2348C_1286|iEC042_1314|iEC1344_C|iEC1349_Crooks|iEC1356_Bl21DE3|iEC1364_W|iEC1368_DH5a|iEC1372_W3110|iEC55989_1330|iECABU_c1320|iECBD_1354|iECB_1328|iECDH10B_1368|iECDH1ME8569_1439|iECD_1391|iECED1_1282|iECH74115_1262|iECIAI1_1343|iECIAI39_1322|iECNA114_1301|iECO103_1326|iECO111_1330|iECO26_1355|iECOK1_1307|iECP_1309|iECS88_1305|iECSE_1348|iECSF_1327|iECSP_1301|iECUMN_1333|iECW_1372|iECs_1301|iEKO11_1354|iETEC_1333|iEcDH1_1363|iEcE24377_1341|iEcHS_1320|iEcSMS35_1347|iEcolC_1368|iG2583_1286|iJO1366|iLF82_1304|iML1515|iNRG857_1313|iUMN146_1321|iUMNK88_1353|iUTI89_1310|iWFL_1372|iY75_1357|iZ_1308|ic_1306	iJR904
map00030	rn00030	Pentose phosphate pathway	R13199	57	0	100.0	core	PGI1	iAF1260|iAF1260b|iAPECO1_1312|iB21_1397|iBWG_1329|iE2348C_1286|iEC042_1314|iEC1344_C|iEC1349_Crooks|iEC1356_Bl21DE3|iEC1364_W|iEC1368_DH5a|iEC1372_W3110|iEC55989_1330|iECABU_c1320|iECBD_1354|iECB_1328|iECDH10B_1368|iECDH1ME8569_1439|iECD_1391|iECED1_1282|iECH74115_1262|iECIAI1_1343|iECIAI39_1322|iECNA114_1301|iECO103_1326|iECO111_1330|iECO26_1355|iECOK1_1307|iECP_1309|iECS88_1305|iECSE_1348|iECSF_1327|iECSP_1301|iECUMN_1333|iECW_1372|iECs_1301|iEKO11_1354|iETEC_1333|iEcDH1_1363|iEcE24377_1341|iEcHS_1320|iEcSMS35_1347|iEcolC_1368|iG2583_1286|iJO1366|iJR904|iLF82_1304|iML1515|iNRG857_1313|iUMN146_1321|iUMNK88_1353|iUTI89_1310|iWFL_1372|iY75_1357|iZ_1308|ic_1306	
map00680	rn00680	Methane metabolism / C1 metabolism	R00134	1	56	1.75	variable	FDH6r	iEC1349_Crooks	iAF1260|iAF1260b|iAPECO1_1312|iB21_1397|iBWG_1329|iE2348C_1286|iEC042_1314|iEC1344_C|iEC1356_Bl21DE3|iEC1364_W|iEC1368_DH5a|iEC1372_W3110|iEC55989_1330|iECABU_c1320|iECBD_1354|iECB_1328|iECDH10B_1368|iECDH1ME8569_1439|iECD_1391|iECED1_1282|iECH74115_1262|iECIAI1_1343|iECIAI39_1322|iECNA114_1301|iECO103_1326|iECO111_1330|iECO26_1355|iECOK1_1307|iECP_1309|iECS88_1305|iECSE_1348|iECSF_1327|iECSP_1301|iECUMN_1333|iECW_1372|iECs_1301|iEKO11_1354|iETEC_1333|iEcDH1_1363|iEcE24377_1341|iEcHS_1320|iEcSMS35_1347|iEcolC_1368|iG2583_1286|iJO1366|iJR904|iLF82_1304|iML1515|iNRG857_1313|iUMN146_1321|iUMNK88_1353|iUTI89_1310|iWFL_1372|iY75_1357|iZ_1308|ic_1306
map00680	rn00680	Methane metabolism / C1 metabolism	R00199	57	0	100.0	core	PPS	iAF1260|iAF1260b|iAPECO1_1312|iB21_1397|iBWG_1329|iE2348C_1286|iEC042_1314|iEC1344_C|iEC1349_Crooks|iEC1356_Bl21DE3|iEC1364_W|iEC1368_DH5a|iEC1372_W3110|iEC55989_1330|iECABU_c1320|iECBD_1354|iECB_1328|iECDH10B_1368|iECDH1ME8569_1439|iECD_1391|iECED1_1282|iECH74115_1262|iECIAI1_1343|iECIAI39_1322|iECNA114_1301|iECO103_1326|iECO111_1330|iECO26_1355|iECOK1_1307|iECP_1309|iECS88_1305|iECSE_1348|iECSF_1327|iECSP_1301|iECUMN_1333|iECW_1372|iECs_1301|iEKO11_1354|iETEC_1333|iEcDH1_1363|iEcE24377_1341|iEcHS_1320|iEcSMS35_1347|iEcolC_1368|iG2583_1286|iJO1366|iJR904|iLF82_1304|iML1515|iNRG857_1313|iUMN146_1321|iUMNK88_1353|iUTI89_1310|iWFL_1372|iY75_1357|iZ_1308|ic_1306	
map00680	rn00680	Methane metabolism / C1 metabolism	R00230	57	0	100.0	core	PTAr	iAF1260|iAF1260b|iAPECO1_1312|iB21_1397|iBWG_1329|iE2348C_1286|iEC042_1314|iEC1344_C|iEC1349_Crooks|iEC1356_Bl21DE3|iEC1364_W|iEC1368_DH5a|iEC1372_W3110|iEC55989_1330|iECABU_c1320|iECBD_1354|iECB_1328|iECDH10B_1368|iECDH1ME8569_1439|iECD_1391|iECED1_1282|iECH74115_1262|iECIAI1_1343|iECIAI39_1322|iECNA114_1301|iECO103_1326|iECO111_1330|iECO26_1355|iECOK1_1307|iECP_1309|iECS88_1305|iECSE_1348|iECSF_1327|iECSP_1301|iECUMN_1333|iECW_1372|iECs_1301|iEKO11_1354|iETEC_1333|iEcDH1_1363|iEcE24377_1341|iEcHS_1320|iEcSMS35_1347|iEcolC_1368|iG2583_1286|iJO1366|iJR904|iLF82_1304|iML1515|iNRG857_1313|iUMN146_1321|iUMNK88_1353|iUTI89_1310|iWFL_1372|iY75_1357|iZ_1308|ic_1306	
map00680	rn00680	Methane metabolism / C1 metabolism	R00235	57	0	100.0	core	ACS	iAF1260|iAF1260b|iAPECO1_1312|iB21_1397|iBWG_1329|iE2348C_1286|iEC042_1314|iEC1344_C|iEC1349_Crooks|iEC1356_Bl21DE3|iEC1364_W|iEC1368_DH5a|iEC1372_W3110|iEC55989_1330|iECABU_c1320|iECBD_1354|iECB_1328|iECDH10B_1368|iECDH1ME8569_1439|iECD_1391|iECED1_1282|iECH74115_1262|iECIAI1_1343|iECIAI39_1322|iECNA114_1301|iECO103_1326|iECO111_1330|iECO26_1355|iECOK1_1307|iECP_1309|iECS88_1305|iECSE_1348|iECSF_1327|iECSP_1301|iECUMN_1333|iECW_1372|iECs_1301|iEKO11_1354|iETEC_1333|iEcDH1_1363|iEcE24377_1341|iEcHS_1320|iEcSMS35_1347|iEcolC_1368|iG2583_1286|iJO1366|iJR904|iLF82_1304|iML1515|iNRG857_1313|iUMN146_1321|iUMNK88_1353|iUTI89_1310|iWFL_1372|iY75_1357|iZ_1308|ic_1306	
map00680	rn00680	Methane metabolism / C1 metabolism	R00315	57	0	100.0	core	ACKr	iAF1260|iAF1260b|iAPECO1_1312|iB21_1397|iBWG_1329|iE2348C_1286|iEC042_1314|iEC1344_C|iEC1349_Crooks|iEC1356_Bl21DE3|iEC1364_W|iEC1368_DH5a|iEC1372_W3110|iEC55989_1330|iECABU_c1320|iECBD_1354|iECB_1328|iECDH10B_1368|iECDH1ME8569_1439|iECD_1391|iECED1_1282|iECH74115_1262|iECIAI1_1343|iECIAI39_1322|iECNA114_1301|iECO103_1326|iECO111_1330|iECO26_1355|iECOK1_1307|iECP_1309|iECS88_1305|iECSE_1348|iECSF_1327|iECSP_1301|iECUMN_1333|iECW_1372|iECs_1301|iEKO11_1354|iETEC_1333|iEcDH1_1363|iEcE24377_1341|iEcHS_1320|iEcSMS35_1347|iEcolC_1368|iG2583_1286|iJO1366|iJR904|iLF82_1304|iML1515|iNRG857_1313|iUMN146_1321|iUMNK88_1353|iUTI89_1310|iWFL_1372|iY75_1357|iZ_1308|ic_1306	
map00680	rn00680	Methane metabolism / C1 metabolism	R00342	57	0	100.0	core	MDH	iAF1260|iAF1260b|iAPECO1_1312|iB21_1397|iBWG_1329|iE2348C_1286|iEC042_1314|iEC1344_C|iEC1349_Crooks|iEC1356_Bl21DE3|iEC1364_W|iEC1368_DH5a|iEC1372_W3110|iEC55989_1330|iECABU_c1320|iECBD_1354|iECB_1328|iECDH10B_1368|iECDH1ME8569_1439|iECD_1391|iECED1_1282|iECH74115_1262|iECIAI1_1343|iECIAI39_1322|iECNA114_1301|iECO103_1326|iECO111_1330|iECO26_1355|iECOK1_1307|iECP_1309|iECS88_1305|iECSE_1348|iECSF_1327|iECSP_1301|iECUMN_1333|iECW_1372|iECs_1301|iEKO11_1354|iETEC_1333|iEcDH1_1363|iEcE24377_1341|iEcHS_1320|iEcSMS35_1347|iEcolC_1368|iG2583_1286|iJO1366|iJR904|iLF82_1304|iML1515|iNRG857_1313|iUMN146_1321|iUMNK88_1353|iUTI89_1310|iWFL_1372|iY75_1357|iZ_1308|ic_1306	
map00680	rn00680	Methane metabolism / C1 metabolism	R00345	57	0	100.0	core	PPC	iAF1260|iAF1260b|iAPECO1_1312|iB21_1397|iBWG_1329|iE2348C_1286|iEC042_1314|iEC1344_C|iEC1349_Crooks|iEC1356_Bl21DE3|iEC1364_W|iEC1368_DH5a|iEC1372_W3110|iEC55989_1330|iECABU_c1320|iECBD_1354|iECB_1328|iECDH10B_1368|iECDH1ME8569_1439|iECD_1391|iECED1_1282|iECH74115_1262|iECIAI1_1343|iECIAI39_1322|iECNA114_1301|iECO103_1326|iECO111_1330|iECO26_1355|iECOK1_1307|iECP_1309|iECS88_1305|iECSE_1348|iECSF_1327|iECSP_1301|iECUMN_1333|iECW_1372|iECs_1301|iEKO11_1354|iETEC_1333|iEcDH1_1363|iEcE24377_1341|iEcHS_1320|iEcSMS35_1347|iEcolC_1368|iG2583_1286|iJO1366|iJR904|iLF82_1304|iML1515|iNRG857_1313|iUMN146_1321|iUMNK88_1353|iUTI89_1310|iWFL_1372|iY75_1357|iZ_1308|ic_1306	
map00680	rn00680	Methane metabolism / C1 metabolism	R00527	57	0	100.0	core	R_SFGTHi|SFGTHi	iAF1260|iAF1260b|iAPECO1_1312|iB21_1397|iBWG_1329|iE2348C_1286|iEC042_1314|iEC1344_C|iEC1349_Crooks|iEC1356_Bl21DE3|iEC1364_W|iEC1368_DH5a|iEC1372_W3110|iEC55989_1330|iECABU_c1320|iECBD_1354|iECB_1328|iECDH10B_1368|iECDH1ME8569_1439|iECD_1391|iECED1_1282|iECH74115_1262|iECIAI1_1343|iECIAI39_1322|iECNA114_1301|iECO103_1326|iECO111_1330|iECO26_1355|iECOK1_1307|iECP_1309|iECS88_1305|iECSE_1348|iECSF_1327|iECSP_1301|iECUMN_1333|iECW_1372|iECs_1301|iEKO11_1354|iETEC_1333|iEcDH1_1363|iEcE24377_1341|iEcHS_1320|iEcSMS35_1347|iEcolC_1368|iG2583_1286|iJO1366|iJR904|iLF82_1304|iML1515|iNRG857_1313|iUMN146_1321|iUMNK88_1353|iUTI89_1310|iWFL_1372|iY75_1357|iZ_1308|ic_1306	
map00680	rn00680	Methane metabolism / C1 metabolism	R00582	57	0	100.0	core	PSP_L|PSP_Lpp	iAF1260|iAF1260b|iAPECO1_1312|iB21_1397|iBWG_1329|iE2348C_1286|iEC042_1314|iEC1344_C|iEC1349_Crooks|iEC1356_Bl21DE3|iEC1364_W|iEC1368_DH5a|iEC1372_W3110|iEC55989_1330|iECABU_c1320|iECBD_1354|iECB_1328|iECDH10B_1368|iECDH1ME8569_1439|iECD_1391|iECED1_1282|iECH74115_1262|iECIAI1_1343|iECIAI39_1322|iECNA114_1301|iECO103_1326|iECO111_1330|iECO26_1355|iECOK1_1307|iECP_1309|iECS88_1305|iECSE_1348|iECSF_1327|iECSP_1301|iECUMN_1333|iECW_1372|iECs_1301|iEKO11_1354|iETEC_1333|iEcDH1_1363|iEcE24377_1341|iEcHS_1320|iEcSMS35_1347|iEcolC_1368|iG2583_1286|iJO1366|iJR904|iLF82_1304|iML1515|iNRG857_1313|iUMN146_1321|iUMNK88_1353|iUTI89_1310|iWFL_1372|iY75_1357|iZ_1308|ic_1306	
map00680	rn00680	Methane metabolism / C1 metabolism	R00604	57	0	100.0	core	ALDD1	iAF1260|iAF1260b|iAPECO1_1312|iB21_1397|iBWG_1329|iE2348C_1286|iEC042_1314|iEC1344_C|iEC1349_Crooks|iEC1356_Bl21DE3|iEC1364_W|iEC1368_DH5a|iEC1372_W3110|iEC55989_1330|iECABU_c1320|iECBD_1354|iECB_1328|iECDH10B_1368|iECDH1ME8569_1439|iECD_1391|iECED1_1282|iECH74115_1262|iECIAI1_1343|iECIAI39_1322|iECNA114_1301|iECO103_1326|iECO111_1330|iECO26_1355|iECOK1_1307|iECP_1309|iECS88_1305|iECSE_1348|iECSF_1327|iECSP_1301|iECUMN_1333|iECW_1372|iECs_1301|iEKO11_1354|iETEC_1333|iEcDH1_1363|iEcE24377_1341|iEcHS_1320|iEcSMS35_1347|iEcolC_1368|iG2583_1286|iJO1366|iJR904|iLF82_1304|iML1515|iNRG857_1313|iUMN146_1321|iUMNK88_1353|iUTI89_1310|iWFL_1372|iY75_1357|iZ_1308|ic_1306	
map00680	rn00680	Methane metabolism / C1 metabolism	R00605	56	1	98.25	variable	ALCD1	iAF1260|iAF1260b|iAPECO1_1312|iB21_1397|iBWG_1329|iE2348C_1286|iEC042_1314|iEC1344_C|iEC1349_Crooks|iEC1356_Bl21DE3|iEC1364_W|iEC1368_DH5a|iEC1372_W3110|iEC55989_1330|iECABU_c1320|iECBD_1354|iECB_1328|iECDH10B_1368|iECDH1ME8569_1439|iECD_1391|iECED1_1282|iECH74115_1262|iECIAI1_1343|iECIAI39_1322|iECNA114_1301|iECO103_1326|iECO111_1330|iECO26_1355|iECOK1_1307|iECP_1309|iECS88_1305|iECSE_1348|iECSF_1327|iECSP_1301|iECUMN_1333|iECW_1372|iECs_1301|iEKO11_1354|iETEC_1333|iEcDH1_1363|iEcE24377_1341|iEcHS_1320|iEcSMS35_1347|iEcolC_1368|iG2583_1286|iJO1366|iLF82_1304|iML1515|iNRG857_1313|iUMN146_1321|iUMNK88_1353|iUTI89_1310|iWFL_1372|iY75_1357|iZ_1308|ic_1306	iJR904
map00680	rn00680	Methane metabolism / C1 metabolism	R00658	57	0	100.0	core	ENO	iAF1260|iAF1260b|iAPECO1_1312|iB21_1397|iBWG_1329|iE2348C_1286|iEC042_1314|iEC1344_C|iEC1349_Crooks|iEC1356_Bl21DE3|iEC1364_W|iEC1368_DH5a|iEC1372_W3110|iEC55989_1330|iECABU_c1320|iECBD_1354|iECB_1328|iECDH10B_1368|iECDH1ME8569_1439|iECD_1391|iECED1_1282|iECH74115_1262|iECIAI1_1343|iECIAI39_1322|iECNA114_1301|iECO103_1326|iECO111_1330|iECO26_1355|iECOK1_1307|iECP_1309|iECS88_1305|iECSE_1348|iECSF_1327|iECSP_1301|iECUMN_1333|iECW_1372|iECs_1301|iEKO11_1354|iETEC_1333|iEcDH1_1363|iEcE24377_1341|iEcHS_1320|iEcSMS35_1347|iEcolC_1368|iG2583_1286|iJO1366|iJR904|iLF82_1304|iML1515|iNRG857_1313|iUMN146_1321|iUMNK88_1353|iUTI89_1310|iWFL_1372|iY75_1357|iZ_1308|ic_1306	
map00680	rn00680	Methane metabolism / C1 metabolism	R00756	57	0	100.0	core	PFK	iAF1260|iAF1260b|iAPECO1_1312|iB21_1397|iBWG_1329|iE2348C_1286|iEC042_1314|iEC1344_C|iEC1349_Crooks|iEC1356_Bl21DE3|iEC1364_W|iEC1368_DH5a|iEC1372_W3110|iEC55989_1330|iECABU_c1320|iECBD_1354|iECB_1328|iECDH10B_1368|iECDH1ME8569_1439|iECD_1391|iECED1_1282|iECH74115_1262|iECIAI1_1343|iECIAI39_1322|iECNA114_1301|iECO103_1326|iECO111_1330|iECO26_1355|iECOK1_1307|iECP_1309|iECS88_1305|iECSE_1348|iECSF_1327|iECSP_1301|iECUMN_1333|iECW_1372|iECs_1301|iEKO11_1354|iETEC_1333|iEcDH1_1363|iEcE24377_1341|iEcHS_1320|iEcSMS35_1347|iEcolC_1368|iG2583_1286|iJO1366|iJR904|iLF82_1304|iML1515|iNRG857_1313|iUMN146_1321|iUMNK88_1353|iUTI89_1310|iWFL_1372|iY75_1357|iZ_1308|ic_1306	
map00680	rn00680	Methane metabolism / C1 metabolism	R00762	57	0	100.0	core	FBP	iAF1260|iAF1260b|iAPECO1_1312|iB21_1397|iBWG_1329|iE2348C_1286|iEC042_1314|iEC1344_C|iEC1349_Crooks|iEC1356_Bl21DE3|iEC1364_W|iEC1368_DH5a|iEC1372_W3110|iEC55989_1330|iECABU_c1320|iECBD_1354|iECB_1328|iECDH10B_1368|iECDH1ME8569_1439|iECD_1391|iECED1_1282|iECH74115_1262|iECIAI1_1343|iECIAI39_1322|iECNA114_1301|iECO103_1326|iECO111_1330|iECO26_1355|iECOK1_1307|iECP_1309|iECS88_1305|iECSE_1348|iECSF_1327|iECSP_1301|iECUMN_1333|iECW_1372|iECs_1301|iEKO11_1354|iETEC_1333|iEcDH1_1363|iEcE24377_1341|iEcHS_1320|iEcSMS35_1347|iEcolC_1368|iG2583_1286|iJO1366|iJR904|iLF82_1304|iML1515|iNRG857_1313|iUMN146_1321|iUMNK88_1353|iUTI89_1310|iWFL_1372|iY75_1357|iZ_1308|ic_1306	
map00680	rn00680	Methane metabolism / C1 metabolism	R00945	57	0	100.0	core	GHMT2r	iAF1260|iAF1260b|iAPECO1_1312|iB21_1397|iBWG_1329|iE2348C_1286|iEC042_1314|iEC1344_C|iEC1349_Crooks|iEC1356_Bl21DE3|iEC1364_W|iEC1368_DH5a|iEC1372_W3110|iEC55989_1330|iECABU_c1320|iECBD_1354|iECB_1328|iECDH10B_1368|iECDH1ME8569_1439|iECD_1391|iECED1_1282|iECH74115_1262|iECIAI1_1343|iECIAI39_1322|iECNA114_1301|iECO103_1326|iECO111_1330|iECO26_1355|iECOK1_1307|iECP_1309|iECS88_1305|iECSE_1348|iECSF_1327|iECSP_1301|iECUMN_1333|iECW_1372|iECs_1301|iEKO11_1354|iETEC_1333|iEcDH1_1363|iEcE24377_1341|iEcHS_1320|iEcSMS35_1347|iEcolC_1368|iG2583_1286|iJO1366|iJR904|iLF82_1304|iML1515|iNRG857_1313|iUMN146_1321|iUMNK88_1353|iUTI89_1310|iWFL_1372|iY75_1357|iZ_1308|ic_1306	
map00680	rn00680	Methane metabolism / C1 metabolism	R01068	57	0	100.0	core	FBA	iAF1260|iAF1260b|iAPECO1_1312|iB21_1397|iBWG_1329|iE2348C_1286|iEC042_1314|iEC1344_C|iEC1349_Crooks|iEC1356_Bl21DE3|iEC1364_W|iEC1368_DH5a|iEC1372_W3110|iEC55989_1330|iECABU_c1320|iECBD_1354|iECB_1328|iECDH10B_1368|iECDH1ME8569_1439|iECD_1391|iECED1_1282|iECH74115_1262|iECIAI1_1343|iECIAI39_1322|iECNA114_1301|iECO103_1326|iECO111_1330|iECO26_1355|iECOK1_1307|iECP_1309|iECS88_1305|iECSE_1348|iECSF_1327|iECSP_1301|iECUMN_1333|iECW_1372|iECs_1301|iEKO11_1354|iETEC_1333|iEcDH1_1363|iEcE24377_1341|iEcHS_1320|iEcSMS35_1347|iEcolC_1368|iG2583_1286|iJO1366|iJR904|iLF82_1304|iML1515|iNRG857_1313|iUMN146_1321|iUMNK88_1353|iUTI89_1310|iWFL_1372|iY75_1357|iZ_1308|ic_1306	
map00680	rn00680	Methane metabolism / C1 metabolism	R01196	46	11	80.7	variable	POR_syn	iAPECO1_1312|iB21_1397|iBWG_1329|iE2348C_1286|iEC042_1314|iEC55989_1330|iECABU_c1320|iECBD_1354|iECB_1328|iECDH10B_1368|iECDH1ME8569_1439|iECD_1391|iECED1_1282|iECH74115_1262|iECIAI1_1343|iECIAI39_1322|iECNA114_1301|iECO103_1326|iECO111_1330|iECO26_1355|iECOK1_1307|iECP_1309|iECS88_1305|iECSE_1348|iECSF_1327|iECSP_1301|iECUMN_1333|iECW_1372|iECs_1301|iEKO11_1354|iETEC_1333|iEcDH1_1363|iEcE24377_1341|iEcHS_1320|iEcSMS35_1347|iEcolC_1368|iG2583_1286|iLF82_1304|iNRG857_1313|iUMN146_1321|iUMNK88_1353|iUTI89_1310|iWFL_1372|iY75_1357|iZ_1308|ic_1306	iAF1260|iAF1260b|iEC1344_C|iEC1349_Crooks|iEC1356_Bl21DE3|iEC1364_W|iEC1368_DH5a|iEC1372_W3110|iJO1366|iJR904|iML1515
map00680	rn00680	Methane metabolism / C1 metabolism	R01388	57	0	100.0	core	HPYRRx	iAF1260|iAF1260b|iAPECO1_1312|iB21_1397|iBWG_1329|iE2348C_1286|iEC042_1314|iEC1344_C|iEC1349_Crooks|iEC1356_Bl21DE3|iEC1364_W|iEC1368_DH5a|iEC1372_W3110|iEC55989_1330|iECABU_c1320|iECBD_1354|iECB_1328|iECDH10B_1368|iECDH1ME8569_1439|iECD_1391|iECED1_1282|iECH74115_1262|iECIAI1_1343|iECIAI39_1322|iECNA114_1301|iECO103_1326|iECO111_1330|iECO26_1355|iECOK1_1307|iECP_1309|iECS88_1305|iECSE_1348|iECSF_1327|iECSP_1301|iECUMN_1333|iECW_1372|iECs_1301|iEKO11_1354|iETEC_1333|iEcDH1_1363|iEcE24377_1341|iEcHS_1320|iEcSMS35_1347|iEcolC_1368|iG2583_1286|iJO1366|iJR904|iLF82_1304|iML1515|iNRG857_1313|iUMN146_1321|iUMNK88_1353|iUTI89_1310|iWFL_1372|iY75_1357|iZ_1308|ic_1306	
map00680	rn00680	Methane metabolism / C1 metabolism	R01440	57	0	100.0	core		iAF1260|iAF1260b|iAPECO1_1312|iB21_1397|iBWG_1329|iE2348C_1286|iEC042_1314|iEC1344_C|iEC1349_Crooks|iEC1356_Bl21DE3|iEC1364_W|iEC1368_DH5a|iEC1372_W3110|iEC55989_1330|iECABU_c1320|iECBD_1354|iECB_1328|iECDH10B_1368|iECDH1ME8569_1439|iECD_1391|iECED1_1282|iECH74115_1262|iECIAI1_1343|iECIAI39_1322|iECNA114_1301|iECO103_1326|iECO111_1330|iECO26_1355|iECOK1_1307|iECP_1309|iECS88_1305|iECSE_1348|iECSF_1327|iECSP_1301|iECUMN_1333|iECW_1372|iECs_1301|iEKO11_1354|iETEC_1333|iEcDH1_1363|iEcE24377_1341|iEcHS_1320|iEcSMS35_1347|iEcolC_1368|iG2583_1286|iJO1366|iJR904|iLF82_1304|iML1515|iNRG857_1313|iUMN146_1321|iUMNK88_1353|iUTI89_1310|iWFL_1372|iY75_1357|iZ_1308|ic_1306	
map00680	rn00680	Methane metabolism / C1 metabolism	R01513	57	0	100.0	core	PGCD	iAF1260|iAF1260b|iAPECO1_1312|iB21_1397|iBWG_1329|iE2348C_1286|iEC042_1314|iEC1344_C|iEC1349_Crooks|iEC1356_Bl21DE3|iEC1364_W|iEC1368_DH5a|iEC1372_W3110|iEC55989_1330|iECABU_c1320|iECBD_1354|iECB_1328|iECDH10B_1368|iECDH1ME8569_1439|iECD_1391|iECED1_1282|iECH74115_1262|iECIAI1_1343|iECIAI39_1322|iECNA114_1301|iECO103_1326|iECO111_1330|iECO26_1355|iECOK1_1307|iECP_1309|iECS88_1305|iECSE_1348|iECSF_1327|iECSP_1301|iECUMN_1333|iECW_1372|iECs_1301|iEKO11_1354|iETEC_1333|iEcDH1_1363|iEcE24377_1341|iEcHS_1320|iEcSMS35_1347|iEcolC_1368|iG2583_1286|iJO1366|iJR904|iLF82_1304|iML1515|iNRG857_1313|iUMN146_1321|iUMNK88_1353|iUTI89_1310|iWFL_1372|iY75_1357|iZ_1308|ic_1306	
map00680	rn00680	Methane metabolism / C1 metabolism	R01518	57	0	100.0	core	PGM	iAF1260|iAF1260b|iAPECO1_1312|iB21_1397|iBWG_1329|iE2348C_1286|iEC042_1314|iEC1344_C|iEC1349_Crooks|iEC1356_Bl21DE3|iEC1364_W|iEC1368_DH5a|iEC1372_W3110|iEC55989_1330|iECABU_c1320|iECBD_1354|iECB_1328|iECDH10B_1368|iECDH1ME8569_1439|iECD_1391|iECED1_1282|iECH74115_1262|iECIAI1_1343|iECIAI39_1322|iECNA114_1301|iECO103_1326|iECO111_1330|iECO26_1355|iECOK1_1307|iECP_1309|iECS88_1305|iECSE_1348|iECSF_1327|iECSP_1301|iECUMN_1333|iECW_1372|iECs_1301|iEKO11_1354|iETEC_1333|iEcDH1_1363|iEcE24377_1341|iEcHS_1320|iEcSMS35_1347|iEcolC_1368|iG2583_1286|iJO1366|iJR904|iLF82_1304|iML1515|iNRG857_1313|iUMN146_1321|iUMNK88_1353|iUTI89_1310|iWFL_1372|iY75_1357|iZ_1308|ic_1306	
map00680	rn00680	Methane metabolism / C1 metabolism	R04173	57	0	100.0	core	PSERT	iAF1260|iAF1260b|iAPECO1_1312|iB21_1397|iBWG_1329|iE2348C_1286|iEC042_1314|iEC1344_C|iEC1349_Crooks|iEC1356_Bl21DE3|iEC1364_W|iEC1368_DH5a|iEC1372_W3110|iEC55989_1330|iECABU_c1320|iECBD_1354|iECB_1328|iECDH10B_1368|iECDH1ME8569_1439|iECD_1391|iECED1_1282|iECH74115_1262|iECIAI1_1343|iECIAI39_1322|iECNA114_1301|iECO103_1326|iECO111_1330|iECO26_1355|iECOK1_1307|iECP_1309|iECS88_1305|iECSE_1348|iECSF_1327|iECSP_1301|iECUMN_1333|iECW_1372|iECs_1301|iEKO11_1354|iETEC_1333|iEcDH1_1363|iEcE24377_1341|iEcHS_1320|iEcSMS35_1347|iEcolC_1368|iG2583_1286|iJO1366|iJR904|iLF82_1304|iML1515|iNRG857_1313|iUMN146_1321|iUMNK88_1353|iUTI89_1310|iWFL_1372|iY75_1357|iZ_1308|ic_1306	
map00680	rn00680	Methane metabolism / C1 metabolism	R06982	56	1	98.25	variable	FALGTHLs	iAF1260|iAF1260b|iAPECO1_1312|iB21_1397|iBWG_1329|iE2348C_1286|iEC042_1314|iEC1344_C|iEC1349_Crooks|iEC1356_Bl21DE3|iEC1364_W|iEC1368_DH5a|iEC1372_W3110|iEC55989_1330|iECABU_c1320|iECBD_1354|iECB_1328|iECDH10B_1368|iECDH1ME8569_1439|iECD_1391|iECED1_1282|iECH74115_1262|iECIAI1_1343|iECIAI39_1322|iECNA114_1301|iECO103_1326|iECO111_1330|iECO26_1355|iECOK1_1307|iECP_1309|iECS88_1305|iECSE_1348|iECSF_1327|iECSP_1301|iECUMN_1333|iECW_1372|iECs_1301|iEKO11_1354|iETEC_1333|iEcDH1_1363|iEcE24377_1341|iEcHS_1320|iEcSMS35_1347|iEcolC_1368|iG2583_1286|iJO1366|iLF82_1304|iML1515|iNRG857_1313|iUMN146_1321|iUMNK88_1353|iUTI89_1310|iWFL_1372|iY75_1357|iZ_1308|ic_1306	iJR904
map00680	rn00680	Methane metabolism / C1 metabolism	R06983	57	0	100.0	core	FALDH2	iAF1260|iAF1260b|iAPECO1_1312|iB21_1397|iBWG_1329|iE2348C_1286|iEC042_1314|iEC1344_C|iEC1349_Crooks|iEC1356_Bl21DE3|iEC1364_W|iEC1368_DH5a|iEC1372_W3110|iEC55989_1330|iECABU_c1320|iECBD_1354|iECB_1328|iECDH10B_1368|iECDH1ME8569_1439|iECD_1391|iECED1_1282|iECH74115_1262|iECIAI1_1343|iECIAI39_1322|iECNA114_1301|iECO103_1326|iECO111_1330|iECO26_1355|iECOK1_1307|iECP_1309|iECS88_1305|iECSE_1348|iECSF_1327|iECSP_1301|iECUMN_1333|iECW_1372|iECs_1301|iEKO11_1354|iETEC_1333|iEcDH1_1363|iEcE24377_1341|iEcHS_1320|iEcSMS35_1347|iEcolC_1368|iG2583_1286|iJO1366|iJR904|iLF82_1304|iML1515|iNRG857_1313|iUMN146_1321|iUMNK88_1353|iUTI89_1310|iWFL_1372|iY75_1357|iZ_1308|ic_1306	
map00680	rn00680	Methane metabolism / C1 metabolism	R07136	57	0	100.0	core	R_SLDx	iAF1260|iAF1260b|iAPECO1_1312|iB21_1397|iBWG_1329|iE2348C_1286|iEC042_1314|iEC1344_C|iEC1349_Crooks|iEC1356_Bl21DE3|iEC1364_W|iEC1368_DH5a|iEC1372_W3110|iEC55989_1330|iECABU_c1320|iECBD_1354|iECB_1328|iECDH10B_1368|iECDH1ME8569_1439|iECD_1391|iECED1_1282|iECH74115_1262|iECIAI1_1343|iECIAI39_1322|iECNA114_1301|iECO103_1326|iECO111_1330|iECO26_1355|iECOK1_1307|iECP_1309|iECS88_1305|iECSE_1348|iECSF_1327|iECSP_1301|iECUMN_1333|iECW_1372|iECs_1301|iEKO11_1354|iETEC_1333|iEcDH1_1363|iEcE24377_1341|iEcHS_1320|iEcSMS35_1347|iEcolC_1368|iG2583_1286|iJO1366|iJR904|iLF82_1304|iML1515|iNRG857_1313|iUMN146_1321|iUMNK88_1353|iUTI89_1310|iWFL_1372|iY75_1357|iZ_1308|ic_1306	
map00680	rn00680	Methane metabolism / C1 metabolism	R08059	56	1	98.25	variable	FMNRx2	iAF1260|iAF1260b|iAPECO1_1312|iB21_1397|iBWG_1329|iE2348C_1286|iEC042_1314|iEC1344_C|iEC1349_Crooks|iEC1356_Bl21DE3|iEC1364_W|iEC1368_DH5a|iEC1372_W3110|iEC55989_1330|iECABU_c1320|iECBD_1354|iECB_1328|iECDH10B_1368|iECDH1ME8569_1439|iECD_1391|iECED1_1282|iECH74115_1262|iECIAI1_1343|iECIAI39_1322|iECNA114_1301|iECO103_1326|iECO111_1330|iECO26_1355|iECOK1_1307|iECP_1309|iECS88_1305|iECSE_1348|iECSF_1327|iECSP_1301|iECUMN_1333|iECW_1372|iECs_1301|iEKO11_1354|iETEC_1333|iEcDH1_1363|iEcE24377_1341|iEcHS_1320|iEcSMS35_1347|iEcolC_1368|iG2583_1286|iJO1366|iLF82_1304|iML1515|iNRG857_1313|iUMN146_1321|iUMNK88_1353|iUTI89_1310|iWFL_1372|iY75_1357|iZ_1308|ic_1306	iJR904
map00680	rn00680	Methane metabolism / C1 metabolism	R08214	57	0	100.0	core		iAF1260|iAF1260b|iAPECO1_1312|iB21_1397|iBWG_1329|iE2348C_1286|iEC042_1314|iEC1344_C|iEC1349_Crooks|iEC1356_Bl21DE3|iEC1364_W|iEC1368_DH5a|iEC1372_W3110|iEC55989_1330|iECABU_c1320|iECBD_1354|iECB_1328|iECDH10B_1368|iECDH1ME8569_1439|iECD_1391|iECED1_1282|iECH74115_1262|iECIAI1_1343|iECIAI39_1322|iECNA114_1301|iECO103_1326|iECO111_1330|iECO26_1355|iECOK1_1307|iECP_1309|iECS88_1305|iECSE_1348|iECSF_1327|iECSP_1301|iECUMN_1333|iECW_1372|iECs_1301|iEKO11_1354|iETEC_1333|iEcDH1_1363|iEcE24377_1341|iEcHS_1320|iEcSMS35_1347|iEcolC_1368|iG2583_1286|iJO1366|iJR904|iLF82_1304|iML1515|iNRG857_1313|iUMN146_1321|iUMNK88_1353|iUTI89_1310|iWFL_1372|iY75_1357|iZ_1308|ic_1306	
map00680	rn00680	Methane metabolism / C1 metabolism	R08215	57	0	100.0	core		iAF1260|iAF1260b|iAPECO1_1312|iB21_1397|iBWG_1329|iE2348C_1286|iEC042_1314|iEC1344_C|iEC1349_Crooks|iEC1356_Bl21DE3|iEC1364_W|iEC1368_DH5a|iEC1372_W3110|iEC55989_1330|iECABU_c1320|iECBD_1354|iECB_1328|iECDH10B_1368|iECDH1ME8569_1439|iECD_1391|iECED1_1282|iECH74115_1262|iECIAI1_1343|iECIAI39_1322|iECNA114_1301|iECO103_1326|iECO111_1330|iECO26_1355|iECOK1_1307|iECP_1309|iECS88_1305|iECSE_1348|iECSF_1327|iECSP_1301|iECUMN_1333|iECW_1372|iECs_1301|iEKO11_1354|iETEC_1333|iEcDH1_1363|iEcE24377_1341|iEcHS_1320|iEcSMS35_1347|iEcolC_1368|iG2583_1286|iJO1366|iJR904|iLF82_1304|iML1515|iNRG857_1313|iUMN146_1321|iUMNK88_1353|iUTI89_1310|iWFL_1372|iY75_1357|iZ_1308|ic_1306	
map00680	rn00680	Methane metabolism / C1 metabolism	R08331	57	0	100.0	core	AKGCAL	iAF1260|iAF1260b|iAPECO1_1312|iB21_1397|iBWG_1329|iE2348C_1286|iEC042_1314|iEC1344_C|iEC1349_Crooks|iEC1356_Bl21DE3|iEC1364_W|iEC1368_DH5a|iEC1372_W3110|iEC55989_1330|iECABU_c1320|iECBD_1354|iECB_1328|iECDH10B_1368|iECDH1ME8569_1439|iECD_1391|iECED1_1282|iECH74115_1262|iECIAI1_1343|iECIAI39_1322|iECNA114_1301|iECO103_1326|iECO111_1330|iECO26_1355|iECOK1_1307|iECP_1309|iECS88_1305|iECSE_1348|iECSF_1327|iECSP_1301|iECUMN_1333|iECW_1372|iECs_1301|iEKO11_1354|iETEC_1333|iEcDH1_1363|iEcE24377_1341|iEcHS_1320|iEcSMS35_1347|iEcolC_1368|iG2583_1286|iJO1366|iJR904|iLF82_1304|iML1515|iNRG857_1313|iUMN146_1321|iUMNK88_1353|iUTI89_1310|iWFL_1372|iY75_1357|iZ_1308|ic_1306	
map00680	rn00680	Methane metabolism / C1 metabolism	R08332	57	0	100.0	core	AKGCAL	iAF1260|iAF1260b|iAPECO1_1312|iB21_1397|iBWG_1329|iE2348C_1286|iEC042_1314|iEC1344_C|iEC1349_Crooks|iEC1356_Bl21DE3|iEC1364_W|iEC1368_DH5a|iEC1372_W3110|iEC55989_1330|iECABU_c1320|iECBD_1354|iECB_1328|iECDH10B_1368|iECDH1ME8569_1439|iECD_1391|iECED1_1282|iECH74115_1262|iECIAI1_1343|iECIAI39_1322|iECNA114_1301|iECO103_1326|iECO111_1330|iECO26_1355|iECOK1_1307|iECP_1309|iECS88_1305|iECSE_1348|iECSF_1327|iECSP_1301|iECUMN_1333|iECW_1372|iECs_1301|iEKO11_1354|iETEC_1333|iEcDH1_1363|iEcE24377_1341|iEcHS_1320|iEcSMS35_1347|iEcolC_1368|iG2583_1286|iJO1366|iJR904|iLF82_1304|iML1515|iNRG857_1313|iUMN146_1321|iUMNK88_1353|iUTI89_1310|iWFL_1372|iY75_1357|iZ_1308|ic_1306	
map00680	rn00680	Methane metabolism / C1 metabolism	R08572	57	0	100.0	core	GLYCK2	iAF1260|iAF1260b|iAPECO1_1312|iB21_1397|iBWG_1329|iE2348C_1286|iEC042_1314|iEC1344_C|iEC1349_Crooks|iEC1356_Bl21DE3|iEC1364_W|iEC1368_DH5a|iEC1372_W3110|iEC55989_1330|iECABU_c1320|iECBD_1354|iECB_1328|iECDH10B_1368|iECDH1ME8569_1439|iECD_1391|iECED1_1282|iECH74115_1262|iECIAI1_1343|iECIAI39_1322|iECNA114_1301|iECO103_1326|iECO111_1330|iECO26_1355|iECOK1_1307|iECP_1309|iECS88_1305|iECSE_1348|iECSF_1327|iECSP_1301|iECUMN_1333|iECW_1372|iECs_1301|iEKO11_1354|iETEC_1333|iEcDH1_1363|iEcE24377_1341|iEcHS_1320|iEcSMS35_1347|iEcolC_1368|iG2583_1286|iJO1366|iJR904|iLF82_1304|iML1515|iNRG857_1313|iUMN146_1321|iUMNK88_1353|iUTI89_1310|iWFL_1372|iY75_1357|iZ_1308|ic_1306	
map00680	rn00680	Methane metabolism / C1 metabolism	R09099	57	0	100.0	core	GHMT2r	iAF1260|iAF1260b|iAPECO1_1312|iB21_1397|iBWG_1329|iE2348C_1286|iEC042_1314|iEC1344_C|iEC1349_Crooks|iEC1356_Bl21DE3|iEC1364_W|iEC1368_DH5a|iEC1372_W3110|iEC55989_1330|iECABU_c1320|iECBD_1354|iECB_1328|iECDH10B_1368|iECDH1ME8569_1439|iECD_1391|iECED1_1282|iECH74115_1262|iECIAI1_1343|iECIAI39_1322|iECNA114_1301|iECO103_1326|iECO111_1330|iECO26_1355|iECOK1_1307|iECP_1309|iECS88_1305|iECSE_1348|iECSF_1327|iECSP_1301|iECUMN_1333|iECW_1372|iECs_1301|iEKO11_1354|iETEC_1333|iEcDH1_1363|iEcE24377_1341|iEcHS_1320|iEcSMS35_1347|iEcolC_1368|iG2583_1286|iJO1366|iJR904|iLF82_1304|iML1515|iNRG857_1313|iUMN146_1321|iUMNK88_1353|iUTI89_1310|iWFL_1372|iY75_1357|iZ_1308|ic_1306	
map00680	rn00680	Methane metabolism / C1 metabolism	R12754	55	2	96.49	variable	FHL	iAF1260|iAF1260b|iAPECO1_1312|iB21_1397|iBWG_1329|iE2348C_1286|iEC042_1314|iEC1344_C|iEC1349_Crooks|iEC1356_Bl21DE3|iEC1364_W|iEC1368_DH5a|iEC1372_W3110|iEC55989_1330|iECABU_c1320|iECBD_1354|iECB_1328|iECDH10B_1368|iECDH1ME8569_1439|iECD_1391|iECED1_1282|iECIAI1_1343|iECIAI39_1322|iECNA114_1301|iECO103_1326|iECO111_1330|iECO26_1355|iECOK1_1307|iECP_1309|iECS88_1305|iECSE_1348|iECSF_1327|iECSP_1301|iECUMN_1333|iECW_1372|iECs_1301|iEKO11_1354|iETEC_1333|iEcDH1_1363|iEcE24377_1341|iEcHS_1320|iEcSMS35_1347|iEcolC_1368|iJO1366|iJR904|iLF82_1304|iML1515|iNRG857_1313|iUMN146_1321|iUMNK88_1353|iUTI89_1310|iWFL_1372|iY75_1357|iZ_1308|ic_1306	iECH74115_1262|iG2583_1286
