pathway	pathway_rn	pathway_label	model_a	model_b	only_a_count	only_a_reactions	only_b_count	only_b_reactions	shared_count	shared_reactions
map00010	rn00010	Glycolysis / gluconeogenesis	iAF1260	iAPECO1_1312	0		1	R01196	40	R00014|R00199|R00200|R00229|R00235|R00341|R00431|R00658|R00703|R00710|R00711|R00726|R00746|R00754|R00756|R00762|R00947|R00959|R01015|R01061|R01063|R01068|R01512|R01516|R01518|R01600|R01602|R01662|R01786|R01788|R02569|R02739|R03270|R04394|R05132|R05133|R05134|R07618|R10860|R13199
map00010	rn00010	Glycolysis / gluconeogenesis	iAF1260	iB21_1397	0		1	R01196	40	R00014|R00199|R00200|R00229|R00235|R00341|R00431|R00658|R00703|R00710|R00711|R00726|R00746|R00754|R00756|R00762|R00947|R00959|R01015|R01061|R01063|R01068|R01512|R01516|R01518|R01600|R01602|R01662|R01786|R01788|R02569|R02739|R03270|R04394|R05132|R05133|R05134|R07618|R10860|R13199
map00010	rn00010	Glycolysis / gluconeogenesis	iAF1260	iBWG_1329	0		1	R01196	40	R00014|R00199|R00200|R00229|R00235|R00341|R00431|R00658|R00703|R00710|R00711|R00726|R00746|R00754|R00756|R00762|R00947|R00959|R01015|R01061|R01063|R01068|R01512|R01516|R01518|R01600|R01602|R01662|R01786|R01788|R02569|R02739|R03270|R04394|R05132|R05133|R05134|R07618|R10860|R13199
map00010	rn00010	Glycolysis / gluconeogenesis	iAF1260	iE2348C_1286	0		1	R01196	40	R00014|R00199|R00200|R00229|R00235|R00341|R00431|R00658|R00703|R00710|R00711|R00726|R00746|R00754|R00756|R00762|R00947|R00959|R01015|R01061|R01063|R01068|R01512|R01516|R01518|R01600|R01602|R01662|R01786|R01788|R02569|R02739|R03270|R04394|R05132|R05133|R05134|R07618|R10860|R13199
map00010	rn00010	Glycolysis / gluconeogenesis	iAF1260	iEC042_1314	0		1	R01196	40	R00014|R00199|R00200|R00229|R00235|R00341|R00431|R00658|R00703|R00710|R00711|R00726|R00746|R00754|R00756|R00762|R00947|R00959|R01015|R01061|R01063|R01068|R01512|R01516|R01518|R01600|R01602|R01662|R01786|R01788|R02569|R02739|R03270|R04394|R05132|R05133|R05134|R07618|R10860|R13199
map00010	rn00010	Glycolysis / gluconeogenesis	iAF1260	iEC1344_C	0		1	R00755	40	R00014|R00199|R00200|R00229|R00235|R00341|R00431|R00658|R00703|R00710|R00711|R00726|R00746|R00754|R00756|R00762|R00947|R00959|R01015|R01061|R01063|R01068|R01512|R01516|R01518|R01600|R01602|R01662|R01786|R01788|R02569|R02739|R03270|R04394|R05132|R05133|R05134|R07618|R10860|R13199
map00010	rn00010	Glycolysis / gluconeogenesis	iAF1260	iEC1356_Bl21DE3	0		1	R00755	40	R00014|R00199|R00200|R00229|R00235|R00341|R00431|R00658|R00703|R00710|R00711|R00726|R00746|R00754|R00756|R00762|R00947|R00959|R01015|R01061|R01063|R01068|R01512|R01516|R01518|R01600|R01602|R01662|R01786|R01788|R02569|R02739|R03270|R04394|R05132|R05133|R05134|R07618|R10860|R13199
map00010	rn00010	Glycolysis / gluconeogenesis	iAF1260	iEC1364_W	0		1	R00755	40	R00014|R00199|R00200|R00229|R00235|R00341|R00431|R00658|R00703|R00710|R00711|R00726|R00746|R00754|R00756|R00762|R00947|R00959|R01015|R01061|R01063|R01068|R01512|R01516|R01518|R01600|R01602|R01662|R01786|R01788|R02569|R02739|R03270|R04394|R05132|R05133|R05134|R07618|R10860|R13199
map00010	rn00010	Glycolysis / gluconeogenesis	iAF1260	iEC1368_DH5a	0		1	R00755	40	R00014|R00199|R00200|R00229|R00235|R00341|R00431|R00658|R00703|R00710|R00711|R00726|R00746|R00754|R00756|R00762|R00947|R00959|R01015|R01061|R01063|R01068|R01512|R01516|R01518|R01600|R01602|R01662|R01786|R01788|R02569|R02739|R03270|R04394|R05132|R05133|R05134|R07618|R10860|R13199
map00010	rn00010	Glycolysis / gluconeogenesis	iAF1260	iEC55989_1330	0		1	R01196	40	R00014|R00199|R00200|R00229|R00235|R00341|R00431|R00658|R00703|R00710|R00711|R00726|R00746|R00754|R00756|R00762|R00947|R00959|R01015|R01061|R01063|R01068|R01512|R01516|R01518|R01600|R01602|R01662|R01786|R01788|R02569|R02739|R03270|R04394|R05132|R05133|R05134|R07618|R10860|R13199
map00010	rn00010	Glycolysis / gluconeogenesis	iAF1260	iECABU_c1320	0		1	R01196	40	R00014|R00199|R00200|R00229|R00235|R00341|R00431|R00658|R00703|R00710|R00711|R00726|R00746|R00754|R00756|R00762|R00947|R00959|R01015|R01061|R01063|R01068|R01512|R01516|R01518|R01600|R01602|R01662|R01786|R01788|R02569|R02739|R03270|R04394|R05132|R05133|R05134|R07618|R10860|R13199
map00010	rn00010	Glycolysis / gluconeogenesis	iAF1260	iECBD_1354	0		1	R01196	40	R00014|R00199|R00200|R00229|R00235|R00341|R00431|R00658|R00703|R00710|R00711|R00726|R00746|R00754|R00756|R00762|R00947|R00959|R01015|R01061|R01063|R01068|R01512|R01516|R01518|R01600|R01602|R01662|R01786|R01788|R02569|R02739|R03270|R04394|R05132|R05133|R05134|R07618|R10860|R13199
map00010	rn00010	Glycolysis / gluconeogenesis	iAF1260	iECB_1328	0		1	R01196	40	R00014|R00199|R00200|R00229|R00235|R00341|R00431|R00658|R00703|R00710|R00711|R00726|R00746|R00754|R00756|R00762|R00947|R00959|R01015|R01061|R01063|R01068|R01512|R01516|R01518|R01600|R01602|R01662|R01786|R01788|R02569|R02739|R03270|R04394|R05132|R05133|R05134|R07618|R10860|R13199
map00010	rn00010	Glycolysis / gluconeogenesis	iAF1260	iECDH10B_1368	0		1	R01196	40	R00014|R00199|R00200|R00229|R00235|R00341|R00431|R00658|R00703|R00710|R00711|R00726|R00746|R00754|R00756|R00762|R00947|R00959|R01015|R01061|R01063|R01068|R01512|R01516|R01518|R01600|R01602|R01662|R01786|R01788|R02569|R02739|R03270|R04394|R05132|R05133|R05134|R07618|R10860|R13199
map00010	rn00010	Glycolysis / gluconeogenesis	iAF1260	iECDH1ME8569_1439	0		1	R01196	40	R00014|R00199|R00200|R00229|R00235|R00341|R00431|R00658|R00703|R00710|R00711|R00726|R00746|R00754|R00756|R00762|R00947|R00959|R01015|R01061|R01063|R01068|R01512|R01516|R01518|R01600|R01602|R01662|R01786|R01788|R02569|R02739|R03270|R04394|R05132|R05133|R05134|R07618|R10860|R13199
map00010	rn00010	Glycolysis / gluconeogenesis	iAF1260	iECD_1391	0		1	R01196	40	R00014|R00199|R00200|R00229|R00235|R00341|R00431|R00658|R00703|R00710|R00711|R00726|R00746|R00754|R00756|R00762|R00947|R00959|R01015|R01061|R01063|R01068|R01512|R01516|R01518|R01600|R01602|R01662|R01786|R01788|R02569|R02739|R03270|R04394|R05132|R05133|R05134|R07618|R10860|R13199
map00010	rn00010	Glycolysis / gluconeogenesis	iAF1260	iECED1_1282	0		1	R01196	40	R00014|R00199|R00200|R00229|R00235|R00341|R00431|R00658|R00703|R00710|R00711|R00726|R00746|R00754|R00756|R00762|R00947|R00959|R01015|R01061|R01063|R01068|R01512|R01516|R01518|R01600|R01602|R01662|R01786|R01788|R02569|R02739|R03270|R04394|R05132|R05133|R05134|R07618|R10860|R13199
map00010	rn00010	Glycolysis / gluconeogenesis	iAF1260	iECH74115_1262	0		1	R01196	40	R00014|R00199|R00200|R00229|R00235|R00341|R00431|R00658|R00703|R00710|R00711|R00726|R00746|R00754|R00756|R00762|R00947|R00959|R01015|R01061|R01063|R01068|R01512|R01516|R01518|R01600|R01602|R01662|R01786|R01788|R02569|R02739|R03270|R04394|R05132|R05133|R05134|R07618|R10860|R13199
map00010	rn00010	Glycolysis / gluconeogenesis	iAF1260	iECIAI1_1343	0		1	R01196	40	R00014|R00199|R00200|R00229|R00235|R00341|R00431|R00658|R00703|R00710|R00711|R00726|R00746|R00754|R00756|R00762|R00947|R00959|R01015|R01061|R01063|R01068|R01512|R01516|R01518|R01600|R01602|R01662|R01786|R01788|R02569|R02739|R03270|R04394|R05132|R05133|R05134|R07618|R10860|R13199
map00010	rn00010	Glycolysis / gluconeogenesis	iAF1260	iECIAI39_1322	0		1	R01196	40	R00014|R00199|R00200|R00229|R00235|R00341|R00431|R00658|R00703|R00710|R00711|R00726|R00746|R00754|R00756|R00762|R00947|R00959|R01015|R01061|R01063|R01068|R01512|R01516|R01518|R01600|R01602|R01662|R01786|R01788|R02569|R02739|R03270|R04394|R05132|R05133|R05134|R07618|R10860|R13199
map00010	rn00010	Glycolysis / gluconeogenesis	iAF1260	iECNA114_1301	0		1	R01196	40	R00014|R00199|R00200|R00229|R00235|R00341|R00431|R00658|R00703|R00710|R00711|R00726|R00746|R00754|R00756|R00762|R00947|R00959|R01015|R01061|R01063|R01068|R01512|R01516|R01518|R01600|R01602|R01662|R01786|R01788|R02569|R02739|R03270|R04394|R05132|R05133|R05134|R07618|R10860|R13199
map00010	rn00010	Glycolysis / gluconeogenesis	iAF1260	iECO103_1326	0		1	R01196	40	R00014|R00199|R00200|R00229|R00235|R00341|R00431|R00658|R00703|R00710|R00711|R00726|R00746|R00754|R00756|R00762|R00947|R00959|R01015|R01061|R01063|R01068|R01512|R01516|R01518|R01600|R01602|R01662|R01786|R01788|R02569|R02739|R03270|R04394|R05132|R05133|R05134|R07618|R10860|R13199
map00010	rn00010	Glycolysis / gluconeogenesis	iAF1260	iECO111_1330	0		1	R01196	40	R00014|R00199|R00200|R00229|R00235|R00341|R00431|R00658|R00703|R00710|R00711|R00726|R00746|R00754|R00756|R00762|R00947|R00959|R01015|R01061|R01063|R01068|R01512|R01516|R01518|R01600|R01602|R01662|R01786|R01788|R02569|R02739|R03270|R04394|R05132|R05133|R05134|R07618|R10860|R13199
map00010	rn00010	Glycolysis / gluconeogenesis	iAF1260	iECO26_1355	0		1	R01196	40	R00014|R00199|R00200|R00229|R00235|R00341|R00431|R00658|R00703|R00710|R00711|R00726|R00746|R00754|R00756|R00762|R00947|R00959|R01015|R01061|R01063|R01068|R01512|R01516|R01518|R01600|R01602|R01662|R01786|R01788|R02569|R02739|R03270|R04394|R05132|R05133|R05134|R07618|R10860|R13199
map00010	rn00010	Glycolysis / gluconeogenesis	iAF1260	iECOK1_1307	0		1	R01196	40	R00014|R00199|R00200|R00229|R00235|R00341|R00431|R00658|R00703|R00710|R00711|R00726|R00746|R00754|R00756|R00762|R00947|R00959|R01015|R01061|R01063|R01068|R01512|R01516|R01518|R01600|R01602|R01662|R01786|R01788|R02569|R02739|R03270|R04394|R05132|R05133|R05134|R07618|R10860|R13199
map00010	rn00010	Glycolysis / gluconeogenesis	iAF1260	iECP_1309	0		1	R01196	40	R00014|R00199|R00200|R00229|R00235|R00341|R00431|R00658|R00703|R00710|R00711|R00726|R00746|R00754|R00756|R00762|R00947|R00959|R01015|R01061|R01063|R01068|R01512|R01516|R01518|R01600|R01602|R01662|R01786|R01788|R02569|R02739|R03270|R04394|R05132|R05133|R05134|R07618|R10860|R13199
map00010	rn00010	Glycolysis / gluconeogenesis	iAF1260	iECS88_1305	0		1	R01196	40	R00014|R00199|R00200|R00229|R00235|R00341|R00431|R00658|R00703|R00710|R00711|R00726|R00746|R00754|R00756|R00762|R00947|R00959|R01015|R01061|R01063|R01068|R01512|R01516|R01518|R01600|R01602|R01662|R01786|R01788|R02569|R02739|R03270|R04394|R05132|R05133|R05134|R07618|R10860|R13199
map00010	rn00010	Glycolysis / gluconeogenesis	iAF1260	iECSE_1348	0		1	R01196	40	R00014|R00199|R00200|R00229|R00235|R00341|R00431|R00658|R00703|R00710|R00711|R00726|R00746|R00754|R00756|R00762|R00947|R00959|R01015|R01061|R01063|R01068|R01512|R01516|R01518|R01600|R01602|R01662|R01786|R01788|R02569|R02739|R03270|R04394|R05132|R05133|R05134|R07618|R10860|R13199
map00010	rn00010	Glycolysis / gluconeogenesis	iAF1260	iECSF_1327	0		1	R01196	40	R00014|R00199|R00200|R00229|R00235|R00341|R00431|R00658|R00703|R00710|R00711|R00726|R00746|R00754|R00756|R00762|R00947|R00959|R01015|R01061|R01063|R01068|R01512|R01516|R01518|R01600|R01602|R01662|R01786|R01788|R02569|R02739|R03270|R04394|R05132|R05133|R05134|R07618|R10860|R13199
map00010	rn00010	Glycolysis / gluconeogenesis	iAF1260	iECSP_1301	0		1	R01196	40	R00014|R00199|R00200|R00229|R00235|R00341|R00431|R00658|R00703|R00710|R00711|R00726|R00746|R00754|R00756|R00762|R00947|R00959|R01015|R01061|R01063|R01068|R01512|R01516|R01518|R01600|R01602|R01662|R01786|R01788|R02569|R02739|R03270|R04394|R05132|R05133|R05134|R07618|R10860|R13199
map00010	rn00010	Glycolysis / gluconeogenesis	iAF1260	iECUMN_1333	0		1	R01196	40	R00014|R00199|R00200|R00229|R00235|R00341|R00431|R00658|R00703|R00710|R00711|R00726|R00746|R00754|R00756|R00762|R00947|R00959|R01015|R01061|R01063|R01068|R01512|R01516|R01518|R01600|R01602|R01662|R01786|R01788|R02569|R02739|R03270|R04394|R05132|R05133|R05134|R07618|R10860|R13199
map00010	rn00010	Glycolysis / gluconeogenesis	iAF1260	iECW_1372	0		1	R01196	40	R00014|R00199|R00200|R00229|R00235|R00341|R00431|R00658|R00703|R00710|R00711|R00726|R00746|R00754|R00756|R00762|R00947|R00959|R01015|R01061|R01063|R01068|R01512|R01516|R01518|R01600|R01602|R01662|R01786|R01788|R02569|R02739|R03270|R04394|R05132|R05133|R05134|R07618|R10860|R13199
map00010	rn00010	Glycolysis / gluconeogenesis	iAF1260	iECs_1301	0		1	R01196	40	R00014|R00199|R00200|R00229|R00235|R00341|R00431|R00658|R00703|R00710|R00711|R00726|R00746|R00754|R00756|R00762|R00947|R00959|R01015|R01061|R01063|R01068|R01512|R01516|R01518|R01600|R01602|R01662|R01786|R01788|R02569|R02739|R03270|R04394|R05132|R05133|R05134|R07618|R10860|R13199
map00010	rn00010	Glycolysis / gluconeogenesis	iAF1260	iEKO11_1354	0		1	R01196	40	R00014|R00199|R00200|R00229|R00235|R00341|R00431|R00658|R00703|R00710|R00711|R00726|R00746|R00754|R00756|R00762|R00947|R00959|R01015|R01061|R01063|R01068|R01512|R01516|R01518|R01600|R01602|R01662|R01786|R01788|R02569|R02739|R03270|R04394|R05132|R05133|R05134|R07618|R10860|R13199
map00010	rn00010	Glycolysis / gluconeogenesis	iAF1260	iETEC_1333	0		1	R01196	40	R00014|R00199|R00200|R00229|R00235|R00341|R00431|R00658|R00703|R00710|R00711|R00726|R00746|R00754|R00756|R00762|R00947|R00959|R01015|R01061|R01063|R01068|R01512|R01516|R01518|R01600|R01602|R01662|R01786|R01788|R02569|R02739|R03270|R04394|R05132|R05133|R05134|R07618|R10860|R13199
map00010	rn00010	Glycolysis / gluconeogenesis	iAF1260	iEcDH1_1363	0		1	R01196	40	R00014|R00199|R00200|R00229|R00235|R00341|R00431|R00658|R00703|R00710|R00711|R00726|R00746|R00754|R00756|R00762|R00947|R00959|R01015|R01061|R01063|R01068|R01512|R01516|R01518|R01600|R01602|R01662|R01786|R01788|R02569|R02739|R03270|R04394|R05132|R05133|R05134|R07618|R10860|R13199
map00010	rn00010	Glycolysis / gluconeogenesis	iAF1260	iEcE24377_1341	0		1	R01196	40	R00014|R00199|R00200|R00229|R00235|R00341|R00431|R00658|R00703|R00710|R00711|R00726|R00746|R00754|R00756|R00762|R00947|R00959|R01015|R01061|R01063|R01068|R01512|R01516|R01518|R01600|R01602|R01662|R01786|R01788|R02569|R02739|R03270|R04394|R05132|R05133|R05134|R07618|R10860|R13199
map00010	rn00010	Glycolysis / gluconeogenesis	iAF1260	iEcHS_1320	0		1	R01196	40	R00014|R00199|R00200|R00229|R00235|R00341|R00431|R00658|R00703|R00710|R00711|R00726|R00746|R00754|R00756|R00762|R00947|R00959|R01015|R01061|R01063|R01068|R01512|R01516|R01518|R01600|R01602|R01662|R01786|R01788|R02569|R02739|R03270|R04394|R05132|R05133|R05134|R07618|R10860|R13199
map00010	rn00010	Glycolysis / gluconeogenesis	iAF1260	iEcSMS35_1347	0		1	R01196	40	R00014|R00199|R00200|R00229|R00235|R00341|R00431|R00658|R00703|R00710|R00711|R00726|R00746|R00754|R00756|R00762|R00947|R00959|R01015|R01061|R01063|R01068|R01512|R01516|R01518|R01600|R01602|R01662|R01786|R01788|R02569|R02739|R03270|R04394|R05132|R05133|R05134|R07618|R10860|R13199
map00010	rn00010	Glycolysis / gluconeogenesis	iAF1260	iEcolC_1368	0		1	R01196	40	R00014|R00199|R00200|R00229|R00235|R00341|R00431|R00658|R00703|R00710|R00711|R00726|R00746|R00754|R00756|R00762|R00947|R00959|R01015|R01061|R01063|R01068|R01512|R01516|R01518|R01600|R01602|R01662|R01786|R01788|R02569|R02739|R03270|R04394|R05132|R05133|R05134|R07618|R10860|R13199
map00010	rn00010	Glycolysis / gluconeogenesis	iAF1260	iG2583_1286	0		1	R01196	40	R00014|R00199|R00200|R00229|R00235|R00341|R00431|R00658|R00703|R00710|R00711|R00726|R00746|R00754|R00756|R00762|R00947|R00959|R01015|R01061|R01063|R01068|R01512|R01516|R01518|R01600|R01602|R01662|R01786|R01788|R02569|R02739|R03270|R04394|R05132|R05133|R05134|R07618|R10860|R13199
map00010	rn00010	Glycolysis / gluconeogenesis	iAF1260	iJR904	3	R00754|R01602|R01788	0		37	R00014|R00199|R00200|R00229|R00235|R00341|R00431|R00658|R00703|R00710|R00711|R00726|R00746|R00756|R00762|R00947|R00959|R01015|R01061|R01063|R01068|R01512|R01516|R01518|R01600|R01662|R01786|R02569|R02739|R03270|R04394|R05132|R05133|R05134|R07618|R10860|R13199
map00010	rn00010	Glycolysis / gluconeogenesis	iAF1260	iLF82_1304	0		1	R01196	40	R00014|R00199|R00200|R00229|R00235|R00341|R00431|R00658|R00703|R00710|R00711|R00726|R00746|R00754|R00756|R00762|R00947|R00959|R01015|R01061|R01063|R01068|R01512|R01516|R01518|R01600|R01602|R01662|R01786|R01788|R02569|R02739|R03270|R04394|R05132|R05133|R05134|R07618|R10860|R13199
map00010	rn00010	Glycolysis / gluconeogenesis	iAF1260	iNRG857_1313	0		1	R01196	40	R00014|R00199|R00200|R00229|R00235|R00341|R00431|R00658|R00703|R00710|R00711|R00726|R00746|R00754|R00756|R00762|R00947|R00959|R01015|R01061|R01063|R01068|R01512|R01516|R01518|R01600|R01602|R01662|R01786|R01788|R02569|R02739|R03270|R04394|R05132|R05133|R05134|R07618|R10860|R13199
map00010	rn00010	Glycolysis / gluconeogenesis	iAF1260	iUMN146_1321	0		1	R01196	40	R00014|R00199|R00200|R00229|R00235|R00341|R00431|R00658|R00703|R00710|R00711|R00726|R00746|R00754|R00756|R00762|R00947|R00959|R01015|R01061|R01063|R01068|R01512|R01516|R01518|R01600|R01602|R01662|R01786|R01788|R02569|R02739|R03270|R04394|R05132|R05133|R05134|R07618|R10860|R13199
map00010	rn00010	Glycolysis / gluconeogenesis	iAF1260	iUMNK88_1353	0		1	R01196	40	R00014|R00199|R00200|R00229|R00235|R00341|R00431|R00658|R00703|R00710|R00711|R00726|R00746|R00754|R00756|R00762|R00947|R00959|R01015|R01061|R01063|R01068|R01512|R01516|R01518|R01600|R01602|R01662|R01786|R01788|R02569|R02739|R03270|R04394|R05132|R05133|R05134|R07618|R10860|R13199
map00010	rn00010	Glycolysis / gluconeogenesis	iAF1260	iUTI89_1310	0		1	R01196	40	R00014|R00199|R00200|R00229|R00235|R00341|R00431|R00658|R00703|R00710|R00711|R00726|R00746|R00754|R00756|R00762|R00947|R00959|R01015|R01061|R01063|R01068|R01512|R01516|R01518|R01600|R01602|R01662|R01786|R01788|R02569|R02739|R03270|R04394|R05132|R05133|R05134|R07618|R10860|R13199
map00010	rn00010	Glycolysis / gluconeogenesis	iAF1260	iWFL_1372	0		1	R01196	40	R00014|R00199|R00200|R00229|R00235|R00341|R00431|R00658|R00703|R00710|R00711|R00726|R00746|R00754|R00756|R00762|R00947|R00959|R01015|R01061|R01063|R01068|R01512|R01516|R01518|R01600|R01602|R01662|R01786|R01788|R02569|R02739|R03270|R04394|R05132|R05133|R05134|R07618|R10860|R13199
map00010	rn00010	Glycolysis / gluconeogenesis	iAF1260	iY75_1357	0		1	R01196	40	R00014|R00199|R00200|R00229|R00235|R00341|R00431|R00658|R00703|R00710|R00711|R00726|R00746|R00754|R00756|R00762|R00947|R00959|R01015|R01061|R01063|R01068|R01512|R01516|R01518|R01600|R01602|R01662|R01786|R01788|R02569|R02739|R03270|R04394|R05132|R05133|R05134|R07618|R10860|R13199
map00010	rn00010	Glycolysis / gluconeogenesis	iAF1260	iZ_1308	0		1	R01196	40	R00014|R00199|R00200|R00229|R00235|R00341|R00431|R00658|R00703|R00710|R00711|R00726|R00746|R00754|R00756|R00762|R00947|R00959|R01015|R01061|R01063|R01068|R01512|R01516|R01518|R01600|R01602|R01662|R01786|R01788|R02569|R02739|R03270|R04394|R05132|R05133|R05134|R07618|R10860|R13199
map00010	rn00010	Glycolysis / gluconeogenesis	iAF1260	ic_1306	0		1	R01196	40	R00014|R00199|R00200|R00229|R00235|R00341|R00431|R00658|R00703|R00710|R00711|R00726|R00746|R00754|R00756|R00762|R00947|R00959|R01015|R01061|R01063|R01068|R01512|R01516|R01518|R01600|R01602|R01662|R01786|R01788|R02569|R02739|R03270|R04394|R05132|R05133|R05134|R07618|R10860|R13199
map00010	rn00010	Glycolysis / gluconeogenesis	iAF1260b	iAPECO1_1312	0		1	R01196	40	R00014|R00199|R00200|R00229|R00235|R00341|R00431|R00658|R00703|R00710|R00711|R00726|R00746|R00754|R00756|R00762|R00947|R00959|R01015|R01061|R01063|R01068|R01512|R01516|R01518|R01600|R01602|R01662|R01786|R01788|R02569|R02739|R03270|R04394|R05132|R05133|R05134|R07618|R10860|R13199
map00010	rn00010	Glycolysis / gluconeogenesis	iAF1260b	iB21_1397	0		1	R01196	40	R00014|R00199|R00200|R00229|R00235|R00341|R00431|R00658|R00703|R00710|R00711|R00726|R00746|R00754|R00756|R00762|R00947|R00959|R01015|R01061|R01063|R01068|R01512|R01516|R01518|R01600|R01602|R01662|R01786|R01788|R02569|R02739|R03270|R04394|R05132|R05133|R05134|R07618|R10860|R13199
map00010	rn00010	Glycolysis / gluconeogenesis	iAF1260b	iBWG_1329	0		1	R01196	40	R00014|R00199|R00200|R00229|R00235|R00341|R00431|R00658|R00703|R00710|R00711|R00726|R00746|R00754|R00756|R00762|R00947|R00959|R01015|R01061|R01063|R01068|R01512|R01516|R01518|R01600|R01602|R01662|R01786|R01788|R02569|R02739|R03270|R04394|R05132|R05133|R05134|R07618|R10860|R13199
map00010	rn00010	Glycolysis / gluconeogenesis	iAF1260b	iE2348C_1286	0		1	R01196	40	R00014|R00199|R00200|R00229|R00235|R00341|R00431|R00658|R00703|R00710|R00711|R00726|R00746|R00754|R00756|R00762|R00947|R00959|R01015|R01061|R01063|R01068|R01512|R01516|R01518|R01600|R01602|R01662|R01786|R01788|R02569|R02739|R03270|R04394|R05132|R05133|R05134|R07618|R10860|R13199
map00010	rn00010	Glycolysis / gluconeogenesis	iAF1260b	iEC042_1314	0		1	R01196	40	R00014|R00199|R00200|R00229|R00235|R00341|R00431|R00658|R00703|R00710|R00711|R00726|R00746|R00754|R00756|R00762|R00947|R00959|R01015|R01061|R01063|R01068|R01512|R01516|R01518|R01600|R01602|R01662|R01786|R01788|R02569|R02739|R03270|R04394|R05132|R05133|R05134|R07618|R10860|R13199
map00010	rn00010	Glycolysis / gluconeogenesis	iAF1260b	iEC1344_C	0		1	R00755	40	R00014|R00199|R00200|R00229|R00235|R00341|R00431|R00658|R00703|R00710|R00711|R00726|R00746|R00754|R00756|R00762|R00947|R00959|R01015|R01061|R01063|R01068|R01512|R01516|R01518|R01600|R01602|R01662|R01786|R01788|R02569|R02739|R03270|R04394|R05132|R05133|R05134|R07618|R10860|R13199
map00010	rn00010	Glycolysis / gluconeogenesis	iAF1260b	iEC1356_Bl21DE3	0		1	R00755	40	R00014|R00199|R00200|R00229|R00235|R00341|R00431|R00658|R00703|R00710|R00711|R00726|R00746|R00754|R00756|R00762|R00947|R00959|R01015|R01061|R01063|R01068|R01512|R01516|R01518|R01600|R01602|R01662|R01786|R01788|R02569|R02739|R03270|R04394|R05132|R05133|R05134|R07618|R10860|R13199
map00010	rn00010	Glycolysis / gluconeogenesis	iAF1260b	iEC1364_W	0		1	R00755	40	R00014|R00199|R00200|R00229|R00235|R00341|R00431|R00658|R00703|R00710|R00711|R00726|R00746|R00754|R00756|R00762|R00947|R00959|R01015|R01061|R01063|R01068|R01512|R01516|R01518|R01600|R01602|R01662|R01786|R01788|R02569|R02739|R03270|R04394|R05132|R05133|R05134|R07618|R10860|R13199
map00010	rn00010	Glycolysis / gluconeogenesis	iAF1260b	iEC1368_DH5a	0		1	R00755	40	R00014|R00199|R00200|R00229|R00235|R00341|R00431|R00658|R00703|R00710|R00711|R00726|R00746|R00754|R00756|R00762|R00947|R00959|R01015|R01061|R01063|R01068|R01512|R01516|R01518|R01600|R01602|R01662|R01786|R01788|R02569|R02739|R03270|R04394|R05132|R05133|R05134|R07618|R10860|R13199
map00010	rn00010	Glycolysis / gluconeogenesis	iAF1260b	iEC55989_1330	0		1	R01196	40	R00014|R00199|R00200|R00229|R00235|R00341|R00431|R00658|R00703|R00710|R00711|R00726|R00746|R00754|R00756|R00762|R00947|R00959|R01015|R01061|R01063|R01068|R01512|R01516|R01518|R01600|R01602|R01662|R01786|R01788|R02569|R02739|R03270|R04394|R05132|R05133|R05134|R07618|R10860|R13199
map00010	rn00010	Glycolysis / gluconeogenesis	iAF1260b	iECABU_c1320	0		1	R01196	40	R00014|R00199|R00200|R00229|R00235|R00341|R00431|R00658|R00703|R00710|R00711|R00726|R00746|R00754|R00756|R00762|R00947|R00959|R01015|R01061|R01063|R01068|R01512|R01516|R01518|R01600|R01602|R01662|R01786|R01788|R02569|R02739|R03270|R04394|R05132|R05133|R05134|R07618|R10860|R13199
map00010	rn00010	Glycolysis / gluconeogenesis	iAF1260b	iECBD_1354	0		1	R01196	40	R00014|R00199|R00200|R00229|R00235|R00341|R00431|R00658|R00703|R00710|R00711|R00726|R00746|R00754|R00756|R00762|R00947|R00959|R01015|R01061|R01063|R01068|R01512|R01516|R01518|R01600|R01602|R01662|R01786|R01788|R02569|R02739|R03270|R04394|R05132|R05133|R05134|R07618|R10860|R13199
map00010	rn00010	Glycolysis / gluconeogenesis	iAF1260b	iECB_1328	0		1	R01196	40	R00014|R00199|R00200|R00229|R00235|R00341|R00431|R00658|R00703|R00710|R00711|R00726|R00746|R00754|R00756|R00762|R00947|R00959|R01015|R01061|R01063|R01068|R01512|R01516|R01518|R01600|R01602|R01662|R01786|R01788|R02569|R02739|R03270|R04394|R05132|R05133|R05134|R07618|R10860|R13199
map00010	rn00010	Glycolysis / gluconeogenesis	iAF1260b	iECDH10B_1368	0		1	R01196	40	R00014|R00199|R00200|R00229|R00235|R00341|R00431|R00658|R00703|R00710|R00711|R00726|R00746|R00754|R00756|R00762|R00947|R00959|R01015|R01061|R01063|R01068|R01512|R01516|R01518|R01600|R01602|R01662|R01786|R01788|R02569|R02739|R03270|R04394|R05132|R05133|R05134|R07618|R10860|R13199
map00010	rn00010	Glycolysis / gluconeogenesis	iAF1260b	iECDH1ME8569_1439	0		1	R01196	40	R00014|R00199|R00200|R00229|R00235|R00341|R00431|R00658|R00703|R00710|R00711|R00726|R00746|R00754|R00756|R00762|R00947|R00959|R01015|R01061|R01063|R01068|R01512|R01516|R01518|R01600|R01602|R01662|R01786|R01788|R02569|R02739|R03270|R04394|R05132|R05133|R05134|R07618|R10860|R13199
map00010	rn00010	Glycolysis / gluconeogenesis	iAF1260b	iECD_1391	0		1	R01196	40	R00014|R00199|R00200|R00229|R00235|R00341|R00431|R00658|R00703|R00710|R00711|R00726|R00746|R00754|R00756|R00762|R00947|R00959|R01015|R01061|R01063|R01068|R01512|R01516|R01518|R01600|R01602|R01662|R01786|R01788|R02569|R02739|R03270|R04394|R05132|R05133|R05134|R07618|R10860|R13199
map00010	rn00010	Glycolysis / gluconeogenesis	iAF1260b	iECED1_1282	0		1	R01196	40	R00014|R00199|R00200|R00229|R00235|R00341|R00431|R00658|R00703|R00710|R00711|R00726|R00746|R00754|R00756|R00762|R00947|R00959|R01015|R01061|R01063|R01068|R01512|R01516|R01518|R01600|R01602|R01662|R01786|R01788|R02569|R02739|R03270|R04394|R05132|R05133|R05134|R07618|R10860|R13199
map00010	rn00010	Glycolysis / gluconeogenesis	iAF1260b	iECH74115_1262	0		1	R01196	40	R00014|R00199|R00200|R00229|R00235|R00341|R00431|R00658|R00703|R00710|R00711|R00726|R00746|R00754|R00756|R00762|R00947|R00959|R01015|R01061|R01063|R01068|R01512|R01516|R01518|R01600|R01602|R01662|R01786|R01788|R02569|R02739|R03270|R04394|R05132|R05133|R05134|R07618|R10860|R13199
map00010	rn00010	Glycolysis / gluconeogenesis	iAF1260b	iECIAI1_1343	0		1	R01196	40	R00014|R00199|R00200|R00229|R00235|R00341|R00431|R00658|R00703|R00710|R00711|R00726|R00746|R00754|R00756|R00762|R00947|R00959|R01015|R01061|R01063|R01068|R01512|R01516|R01518|R01600|R01602|R01662|R01786|R01788|R02569|R02739|R03270|R04394|R05132|R05133|R05134|R07618|R10860|R13199
map00010	rn00010	Glycolysis / gluconeogenesis	iAF1260b	iECIAI39_1322	0		1	R01196	40	R00014|R00199|R00200|R00229|R00235|R00341|R00431|R00658|R00703|R00710|R00711|R00726|R00746|R00754|R00756|R00762|R00947|R00959|R01015|R01061|R01063|R01068|R01512|R01516|R01518|R01600|R01602|R01662|R01786|R01788|R02569|R02739|R03270|R04394|R05132|R05133|R05134|R07618|R10860|R13199
map00010	rn00010	Glycolysis / gluconeogenesis	iAF1260b	iECNA114_1301	0		1	R01196	40	R00014|R00199|R00200|R00229|R00235|R00341|R00431|R00658|R00703|R00710|R00711|R00726|R00746|R00754|R00756|R00762|R00947|R00959|R01015|R01061|R01063|R01068|R01512|R01516|R01518|R01600|R01602|R01662|R01786|R01788|R02569|R02739|R03270|R04394|R05132|R05133|R05134|R07618|R10860|R13199
map00010	rn00010	Glycolysis / gluconeogenesis	iAF1260b	iECO103_1326	0		1	R01196	40	R00014|R00199|R00200|R00229|R00235|R00341|R00431|R00658|R00703|R00710|R00711|R00726|R00746|R00754|R00756|R00762|R00947|R00959|R01015|R01061|R01063|R01068|R01512|R01516|R01518|R01600|R01602|R01662|R01786|R01788|R02569|R02739|R03270|R04394|R05132|R05133|R05134|R07618|R10860|R13199
map00010	rn00010	Glycolysis / gluconeogenesis	iAF1260b	iECO111_1330	0		1	R01196	40	R00014|R00199|R00200|R00229|R00235|R00341|R00431|R00658|R00703|R00710|R00711|R00726|R00746|R00754|R00756|R00762|R00947|R00959|R01015|R01061|R01063|R01068|R01512|R01516|R01518|R01600|R01602|R01662|R01786|R01788|R02569|R02739|R03270|R04394|R05132|R05133|R05134|R07618|R10860|R13199
map00010	rn00010	Glycolysis / gluconeogenesis	iAF1260b	iECO26_1355	0		1	R01196	40	R00014|R00199|R00200|R00229|R00235|R00341|R00431|R00658|R00703|R00710|R00711|R00726|R00746|R00754|R00756|R00762|R00947|R00959|R01015|R01061|R01063|R01068|R01512|R01516|R01518|R01600|R01602|R01662|R01786|R01788|R02569|R02739|R03270|R04394|R05132|R05133|R05134|R07618|R10860|R13199
map00010	rn00010	Glycolysis / gluconeogenesis	iAF1260b	iECOK1_1307	0		1	R01196	40	R00014|R00199|R00200|R00229|R00235|R00341|R00431|R00658|R00703|R00710|R00711|R00726|R00746|R00754|R00756|R00762|R00947|R00959|R01015|R01061|R01063|R01068|R01512|R01516|R01518|R01600|R01602|R01662|R01786|R01788|R02569|R02739|R03270|R04394|R05132|R05133|R05134|R07618|R10860|R13199
map00010	rn00010	Glycolysis / gluconeogenesis	iAF1260b	iECP_1309	0		1	R01196	40	R00014|R00199|R00200|R00229|R00235|R00341|R00431|R00658|R00703|R00710|R00711|R00726|R00746|R00754|R00756|R00762|R00947|R00959|R01015|R01061|R01063|R01068|R01512|R01516|R01518|R01600|R01602|R01662|R01786|R01788|R02569|R02739|R03270|R04394|R05132|R05133|R05134|R07618|R10860|R13199
map00010	rn00010	Glycolysis / gluconeogenesis	iAF1260b	iECS88_1305	0		1	R01196	40	R00014|R00199|R00200|R00229|R00235|R00341|R00431|R00658|R00703|R00710|R00711|R00726|R00746|R00754|R00756|R00762|R00947|R00959|R01015|R01061|R01063|R01068|R01512|R01516|R01518|R01600|R01602|R01662|R01786|R01788|R02569|R02739|R03270|R04394|R05132|R05133|R05134|R07618|R10860|R13199
map00010	rn00010	Glycolysis / gluconeogenesis	iAF1260b	iECSE_1348	0		1	R01196	40	R00014|R00199|R00200|R00229|R00235|R00341|R00431|R00658|R00703|R00710|R00711|R00726|R00746|R00754|R00756|R00762|R00947|R00959|R01015|R01061|R01063|R01068|R01512|R01516|R01518|R01600|R01602|R01662|R01786|R01788|R02569|R02739|R03270|R04394|R05132|R05133|R05134|R07618|R10860|R13199
map00010	rn00010	Glycolysis / gluconeogenesis	iAF1260b	iECSF_1327	0		1	R01196	40	R00014|R00199|R00200|R00229|R00235|R00341|R00431|R00658|R00703|R00710|R00711|R00726|R00746|R00754|R00756|R00762|R00947|R00959|R01015|R01061|R01063|R01068|R01512|R01516|R01518|R01600|R01602|R01662|R01786|R01788|R02569|R02739|R03270|R04394|R05132|R05133|R05134|R07618|R10860|R13199
map00010	rn00010	Glycolysis / gluconeogenesis	iAF1260b	iECSP_1301	0		1	R01196	40	R00014|R00199|R00200|R00229|R00235|R00341|R00431|R00658|R00703|R00710|R00711|R00726|R00746|R00754|R00756|R00762|R00947|R00959|R01015|R01061|R01063|R01068|R01512|R01516|R01518|R01600|R01602|R01662|R01786|R01788|R02569|R02739|R03270|R04394|R05132|R05133|R05134|R07618|R10860|R13199
map00010	rn00010	Glycolysis / gluconeogenesis	iAF1260b	iECUMN_1333	0		1	R01196	40	R00014|R00199|R00200|R00229|R00235|R00341|R00431|R00658|R00703|R00710|R00711|R00726|R00746|R00754|R00756|R00762|R00947|R00959|R01015|R01061|R01063|R01068|R01512|R01516|R01518|R01600|R01602|R01662|R01786|R01788|R02569|R02739|R03270|R04394|R05132|R05133|R05134|R07618|R10860|R13199
map00010	rn00010	Glycolysis / gluconeogenesis	iAF1260b	iECW_1372	0		1	R01196	40	R00014|R00199|R00200|R00229|R00235|R00341|R00431|R00658|R00703|R00710|R00711|R00726|R00746|R00754|R00756|R00762|R00947|R00959|R01015|R01061|R01063|R01068|R01512|R01516|R01518|R01600|R01602|R01662|R01786|R01788|R02569|R02739|R03270|R04394|R05132|R05133|R05134|R07618|R10860|R13199
map00010	rn00010	Glycolysis / gluconeogenesis	iAF1260b	iECs_1301	0		1	R01196	40	R00014|R00199|R00200|R00229|R00235|R00341|R00431|R00658|R00703|R00710|R00711|R00726|R00746|R00754|R00756|R00762|R00947|R00959|R01015|R01061|R01063|R01068|R01512|R01516|R01518|R01600|R01602|R01662|R01786|R01788|R02569|R02739|R03270|R04394|R05132|R05133|R05134|R07618|R10860|R13199
map00010	rn00010	Glycolysis / gluconeogenesis	iAF1260b	iEKO11_1354	0		1	R01196	40	R00014|R00199|R00200|R00229|R00235|R00341|R00431|R00658|R00703|R00710|R00711|R00726|R00746|R00754|R00756|R00762|R00947|R00959|R01015|R01061|R01063|R01068|R01512|R01516|R01518|R01600|R01602|R01662|R01786|R01788|R02569|R02739|R03270|R04394|R05132|R05133|R05134|R07618|R10860|R13199
map00010	rn00010	Glycolysis / gluconeogenesis	iAF1260b	iETEC_1333	0		1	R01196	40	R00014|R00199|R00200|R00229|R00235|R00341|R00431|R00658|R00703|R00710|R00711|R00726|R00746|R00754|R00756|R00762|R00947|R00959|R01015|R01061|R01063|R01068|R01512|R01516|R01518|R01600|R01602|R01662|R01786|R01788|R02569|R02739|R03270|R04394|R05132|R05133|R05134|R07618|R10860|R13199
map00010	rn00010	Glycolysis / gluconeogenesis	iAF1260b	iEcDH1_1363	0		1	R01196	40	R00014|R00199|R00200|R00229|R00235|R00341|R00431|R00658|R00703|R00710|R00711|R00726|R00746|R00754|R00756|R00762|R00947|R00959|R01015|R01061|R01063|R01068|R01512|R01516|R01518|R01600|R01602|R01662|R01786|R01788|R02569|R02739|R03270|R04394|R05132|R05133|R05134|R07618|R10860|R13199
map00010	rn00010	Glycolysis / gluconeogenesis	iAF1260b	iEcE24377_1341	0		1	R01196	40	R00014|R00199|R00200|R00229|R00235|R00341|R00431|R00658|R00703|R00710|R00711|R00726|R00746|R00754|R00756|R00762|R00947|R00959|R01015|R01061|R01063|R01068|R01512|R01516|R01518|R01600|R01602|R01662|R01786|R01788|R02569|R02739|R03270|R04394|R05132|R05133|R05134|R07618|R10860|R13199
map00010	rn00010	Glycolysis / gluconeogenesis	iAF1260b	iEcHS_1320	0		1	R01196	40	R00014|R00199|R00200|R00229|R00235|R00341|R00431|R00658|R00703|R00710|R00711|R00726|R00746|R00754|R00756|R00762|R00947|R00959|R01015|R01061|R01063|R01068|R01512|R01516|R01518|R01600|R01602|R01662|R01786|R01788|R02569|R02739|R03270|R04394|R05132|R05133|R05134|R07618|R10860|R13199
map00010	rn00010	Glycolysis / gluconeogenesis	iAF1260b	iEcSMS35_1347	0		1	R01196	40	R00014|R00199|R00200|R00229|R00235|R00341|R00431|R00658|R00703|R00710|R00711|R00726|R00746|R00754|R00756|R00762|R00947|R00959|R01015|R01061|R01063|R01068|R01512|R01516|R01518|R01600|R01602|R01662|R01786|R01788|R02569|R02739|R03270|R04394|R05132|R05133|R05134|R07618|R10860|R13199
map00010	rn00010	Glycolysis / gluconeogenesis	iAF1260b	iEcolC_1368	0		1	R01196	40	R00014|R00199|R00200|R00229|R00235|R00341|R00431|R00658|R00703|R00710|R00711|R00726|R00746|R00754|R00756|R00762|R00947|R00959|R01015|R01061|R01063|R01068|R01512|R01516|R01518|R01600|R01602|R01662|R01786|R01788|R02569|R02739|R03270|R04394|R05132|R05133|R05134|R07618|R10860|R13199
map00010	rn00010	Glycolysis / gluconeogenesis	iAF1260b	iG2583_1286	0		1	R01196	40	R00014|R00199|R00200|R00229|R00235|R00341|R00431|R00658|R00703|R00710|R00711|R00726|R00746|R00754|R00756|R00762|R00947|R00959|R01015|R01061|R01063|R01068|R01512|R01516|R01518|R01600|R01602|R01662|R01786|R01788|R02569|R02739|R03270|R04394|R05132|R05133|R05134|R07618|R10860|R13199
map00010	rn00010	Glycolysis / gluconeogenesis	iAF1260b	iJR904	3	R00754|R01602|R01788	0		37	R00014|R00199|R00200|R00229|R00235|R00341|R00431|R00658|R00703|R00710|R00711|R00726|R00746|R00756|R00762|R00947|R00959|R01015|R01061|R01063|R01068|R01512|R01516|R01518|R01600|R01662|R01786|R02569|R02739|R03270|R04394|R05132|R05133|R05134|R07618|R10860|R13199
map00010	rn00010	Glycolysis / gluconeogenesis	iAF1260b	iLF82_1304	0		1	R01196	40	R00014|R00199|R00200|R00229|R00235|R00341|R00431|R00658|R00703|R00710|R00711|R00726|R00746|R00754|R00756|R00762|R00947|R00959|R01015|R01061|R01063|R01068|R01512|R01516|R01518|R01600|R01602|R01662|R01786|R01788|R02569|R02739|R03270|R04394|R05132|R05133|R05134|R07618|R10860|R13199
map00010	rn00010	Glycolysis / gluconeogenesis	iAF1260b	iNRG857_1313	0		1	R01196	40	R00014|R00199|R00200|R00229|R00235|R00341|R00431|R00658|R00703|R00710|R00711|R00726|R00746|R00754|R00756|R00762|R00947|R00959|R01015|R01061|R01063|R01068|R01512|R01516|R01518|R01600|R01602|R01662|R01786|R01788|R02569|R02739|R03270|R04394|R05132|R05133|R05134|R07618|R10860|R13199
map00010	rn00010	Glycolysis / gluconeogenesis	iAF1260b	iUMN146_1321	0		1	R01196	40	R00014|R00199|R00200|R00229|R00235|R00341|R00431|R00658|R00703|R00710|R00711|R00726|R00746|R00754|R00756|R00762|R00947|R00959|R01015|R01061|R01063|R01068|R01512|R01516|R01518|R01600|R01602|R01662|R01786|R01788|R02569|R02739|R03270|R04394|R05132|R05133|R05134|R07618|R10860|R13199
map00010	rn00010	Glycolysis / gluconeogenesis	iAF1260b	iUMNK88_1353	0		1	R01196	40	R00014|R00199|R00200|R00229|R00235|R00341|R00431|R00658|R00703|R00710|R00711|R00726|R00746|R00754|R00756|R00762|R00947|R00959|R01015|R01061|R01063|R01068|R01512|R01516|R01518|R01600|R01602|R01662|R01786|R01788|R02569|R02739|R03270|R04394|R05132|R05133|R05134|R07618|R10860|R13199
map00010	rn00010	Glycolysis / gluconeogenesis	iAF1260b	iUTI89_1310	0		1	R01196	40	R00014|R00199|R00200|R00229|R00235|R00341|R00431|R00658|R00703|R00710|R00711|R00726|R00746|R00754|R00756|R00762|R00947|R00959|R01015|R01061|R01063|R01068|R01512|R01516|R01518|R01600|R01602|R01662|R01786|R01788|R02569|R02739|R03270|R04394|R05132|R05133|R05134|R07618|R10860|R13199
map00010	rn00010	Glycolysis / gluconeogenesis	iAF1260b	iWFL_1372	0		1	R01196	40	R00014|R00199|R00200|R00229|R00235|R00341|R00431|R00658|R00703|R00710|R00711|R00726|R00746|R00754|R00756|R00762|R00947|R00959|R01015|R01061|R01063|R01068|R01512|R01516|R01518|R01600|R01602|R01662|R01786|R01788|R02569|R02739|R03270|R04394|R05132|R05133|R05134|R07618|R10860|R13199
map00010	rn00010	Glycolysis / gluconeogenesis	iAF1260b	iY75_1357	0		1	R01196	40	R00014|R00199|R00200|R00229|R00235|R00341|R00431|R00658|R00703|R00710|R00711|R00726|R00746|R00754|R00756|R00762|R00947|R00959|R01015|R01061|R01063|R01068|R01512|R01516|R01518|R01600|R01602|R01662|R01786|R01788|R02569|R02739|R03270|R04394|R05132|R05133|R05134|R07618|R10860|R13199
map00010	rn00010	Glycolysis / gluconeogenesis	iAF1260b	iZ_1308	0		1	R01196	40	R00014|R00199|R00200|R00229|R00235|R00341|R00431|R00658|R00703|R00710|R00711|R00726|R00746|R00754|R00756|R00762|R00947|R00959|R01015|R01061|R01063|R01068|R01512|R01516|R01518|R01600|R01602|R01662|R01786|R01788|R02569|R02739|R03270|R04394|R05132|R05133|R05134|R07618|R10860|R13199
map00010	rn00010	Glycolysis / gluconeogenesis	iAF1260b	ic_1306	0		1	R01196	40	R00014|R00199|R00200|R00229|R00235|R00341|R00431|R00658|R00703|R00710|R00711|R00726|R00746|R00754|R00756|R00762|R00947|R00959|R01015|R01061|R01063|R01068|R01512|R01516|R01518|R01600|R01602|R01662|R01786|R01788|R02569|R02739|R03270|R04394|R05132|R05133|R05134|R07618|R10860|R13199
map00010	rn00010	Glycolysis / gluconeogenesis	iAPECO1_1312	iEC1344_C	1	R01196	1	R00755	40	R00014|R00199|R00200|R00229|R00235|R00341|R00431|R00658|R00703|R00710|R00711|R00726|R00746|R00754|R00756|R00762|R00947|R00959|R01015|R01061|R01063|R01068|R01512|R01516|R01518|R01600|R01602|R01662|R01786|R01788|R02569|R02739|R03270|R04394|R05132|R05133|R05134|R07618|R10860|R13199
map00010	rn00010	Glycolysis / gluconeogenesis	iAPECO1_1312	iEC1349_Crooks	1	R01196	0		40	R00014|R00199|R00200|R00229|R00235|R00341|R00431|R00658|R00703|R00710|R00711|R00726|R00746|R00754|R00756|R00762|R00947|R00959|R01015|R01061|R01063|R01068|R01512|R01516|R01518|R01600|R01602|R01662|R01786|R01788|R02569|R02739|R03270|R04394|R05132|R05133|R05134|R07618|R10860|R13199
map00010	rn00010	Glycolysis / gluconeogenesis	iAPECO1_1312	iEC1356_Bl21DE3	1	R01196	1	R00755	40	R00014|R00199|R00200|R00229|R00235|R00341|R00431|R00658|R00703|R00710|R00711|R00726|R00746|R00754|R00756|R00762|R00947|R00959|R01015|R01061|R01063|R01068|R01512|R01516|R01518|R01600|R01602|R01662|R01786|R01788|R02569|R02739|R03270|R04394|R05132|R05133|R05134|R07618|R10860|R13199
map00010	rn00010	Glycolysis / gluconeogenesis	iAPECO1_1312	iEC1364_W	1	R01196	1	R00755	40	R00014|R00199|R00200|R00229|R00235|R00341|R00431|R00658|R00703|R00710|R00711|R00726|R00746|R00754|R00756|R00762|R00947|R00959|R01015|R01061|R01063|R01068|R01512|R01516|R01518|R01600|R01602|R01662|R01786|R01788|R02569|R02739|R03270|R04394|R05132|R05133|R05134|R07618|R10860|R13199
map00010	rn00010	Glycolysis / gluconeogenesis	iAPECO1_1312	iEC1368_DH5a	1	R01196	1	R00755	40	R00014|R00199|R00200|R00229|R00235|R00341|R00431|R00658|R00703|R00710|R00711|R00726|R00746|R00754|R00756|R00762|R00947|R00959|R01015|R01061|R01063|R01068|R01512|R01516|R01518|R01600|R01602|R01662|R01786|R01788|R02569|R02739|R03270|R04394|R05132|R05133|R05134|R07618|R10860|R13199
map00010	rn00010	Glycolysis / gluconeogenesis	iAPECO1_1312	iEC1372_W3110	1	R01196	0		40	R00014|R00199|R00200|R00229|R00235|R00341|R00431|R00658|R00703|R00710|R00711|R00726|R00746|R00754|R00756|R00762|R00947|R00959|R01015|R01061|R01063|R01068|R01512|R01516|R01518|R01600|R01602|R01662|R01786|R01788|R02569|R02739|R03270|R04394|R05132|R05133|R05134|R07618|R10860|R13199
map00010	rn00010	Glycolysis / gluconeogenesis	iAPECO1_1312	iJO1366	1	R01196	0		40	R00014|R00199|R00200|R00229|R00235|R00341|R00431|R00658|R00703|R00710|R00711|R00726|R00746|R00754|R00756|R00762|R00947|R00959|R01015|R01061|R01063|R01068|R01512|R01516|R01518|R01600|R01602|R01662|R01786|R01788|R02569|R02739|R03270|R04394|R05132|R05133|R05134|R07618|R10860|R13199
map00010	rn00010	Glycolysis / gluconeogenesis	iAPECO1_1312	iJR904	4	R00754|R01196|R01602|R01788	0		37	R00014|R00199|R00200|R00229|R00235|R00341|R00431|R00658|R00703|R00710|R00711|R00726|R00746|R00756|R00762|R00947|R00959|R01015|R01061|R01063|R01068|R01512|R01516|R01518|R01600|R01662|R01786|R02569|R02739|R03270|R04394|R05132|R05133|R05134|R07618|R10860|R13199
map00010	rn00010	Glycolysis / gluconeogenesis	iAPECO1_1312	iML1515	1	R01196	0		40	R00014|R00199|R00200|R00229|R00235|R00341|R00431|R00658|R00703|R00710|R00711|R00726|R00746|R00754|R00756|R00762|R00947|R00959|R01015|R01061|R01063|R01068|R01512|R01516|R01518|R01600|R01602|R01662|R01786|R01788|R02569|R02739|R03270|R04394|R05132|R05133|R05134|R07618|R10860|R13199
map00010	rn00010	Glycolysis / gluconeogenesis	iB21_1397	iEC1344_C	1	R01196	1	R00755	40	R00014|R00199|R00200|R00229|R00235|R00341|R00431|R00658|R00703|R00710|R00711|R00726|R00746|R00754|R00756|R00762|R00947|R00959|R01015|R01061|R01063|R01068|R01512|R01516|R01518|R01600|R01602|R01662|R01786|R01788|R02569|R02739|R03270|R04394|R05132|R05133|R05134|R07618|R10860|R13199
map00010	rn00010	Glycolysis / gluconeogenesis	iB21_1397	iEC1349_Crooks	1	R01196	0		40	R00014|R00199|R00200|R00229|R00235|R00341|R00431|R00658|R00703|R00710|R00711|R00726|R00746|R00754|R00756|R00762|R00947|R00959|R01015|R01061|R01063|R01068|R01512|R01516|R01518|R01600|R01602|R01662|R01786|R01788|R02569|R02739|R03270|R04394|R05132|R05133|R05134|R07618|R10860|R13199
map00010	rn00010	Glycolysis / gluconeogenesis	iB21_1397	iEC1356_Bl21DE3	1	R01196	1	R00755	40	R00014|R00199|R00200|R00229|R00235|R00341|R00431|R00658|R00703|R00710|R00711|R00726|R00746|R00754|R00756|R00762|R00947|R00959|R01015|R01061|R01063|R01068|R01512|R01516|R01518|R01600|R01602|R01662|R01786|R01788|R02569|R02739|R03270|R04394|R05132|R05133|R05134|R07618|R10860|R13199
map00010	rn00010	Glycolysis / gluconeogenesis	iB21_1397	iEC1364_W	1	R01196	1	R00755	40	R00014|R00199|R00200|R00229|R00235|R00341|R00431|R00658|R00703|R00710|R00711|R00726|R00746|R00754|R00756|R00762|R00947|R00959|R01015|R01061|R01063|R01068|R01512|R01516|R01518|R01600|R01602|R01662|R01786|R01788|R02569|R02739|R03270|R04394|R05132|R05133|R05134|R07618|R10860|R13199
map00010	rn00010	Glycolysis / gluconeogenesis	iB21_1397	iEC1368_DH5a	1	R01196	1	R00755	40	R00014|R00199|R00200|R00229|R00235|R00341|R00431|R00658|R00703|R00710|R00711|R00726|R00746|R00754|R00756|R00762|R00947|R00959|R01015|R01061|R01063|R01068|R01512|R01516|R01518|R01600|R01602|R01662|R01786|R01788|R02569|R02739|R03270|R04394|R05132|R05133|R05134|R07618|R10860|R13199
map00010	rn00010	Glycolysis / gluconeogenesis	iB21_1397	iEC1372_W3110	1	R01196	0		40	R00014|R00199|R00200|R00229|R00235|R00341|R00431|R00658|R00703|R00710|R00711|R00726|R00746|R00754|R00756|R00762|R00947|R00959|R01015|R01061|R01063|R01068|R01512|R01516|R01518|R01600|R01602|R01662|R01786|R01788|R02569|R02739|R03270|R04394|R05132|R05133|R05134|R07618|R10860|R13199
map00010	rn00010	Glycolysis / gluconeogenesis	iB21_1397	iJO1366	1	R01196	0		40	R00014|R00199|R00200|R00229|R00235|R00341|R00431|R00658|R00703|R00710|R00711|R00726|R00746|R00754|R00756|R00762|R00947|R00959|R01015|R01061|R01063|R01068|R01512|R01516|R01518|R01600|R01602|R01662|R01786|R01788|R02569|R02739|R03270|R04394|R05132|R05133|R05134|R07618|R10860|R13199
map00010	rn00010	Glycolysis / gluconeogenesis	iB21_1397	iJR904	4	R00754|R01196|R01602|R01788	0		37	R00014|R00199|R00200|R00229|R00235|R00341|R00431|R00658|R00703|R00710|R00711|R00726|R00746|R00756|R00762|R00947|R00959|R01015|R01061|R01063|R01068|R01512|R01516|R01518|R01600|R01662|R01786|R02569|R02739|R03270|R04394|R05132|R05133|R05134|R07618|R10860|R13199
map00010	rn00010	Glycolysis / gluconeogenesis	iB21_1397	iML1515	1	R01196	0		40	R00014|R00199|R00200|R00229|R00235|R00341|R00431|R00658|R00703|R00710|R00711|R00726|R00746|R00754|R00756|R00762|R00947|R00959|R01015|R01061|R01063|R01068|R01512|R01516|R01518|R01600|R01602|R01662|R01786|R01788|R02569|R02739|R03270|R04394|R05132|R05133|R05134|R07618|R10860|R13199
map00010	rn00010	Glycolysis / gluconeogenesis	iBWG_1329	iEC1344_C	1	R01196	1	R00755	40	R00014|R00199|R00200|R00229|R00235|R00341|R00431|R00658|R00703|R00710|R00711|R00726|R00746|R00754|R00756|R00762|R00947|R00959|R01015|R01061|R01063|R01068|R01512|R01516|R01518|R01600|R01602|R01662|R01786|R01788|R02569|R02739|R03270|R04394|R05132|R05133|R05134|R07618|R10860|R13199
map00010	rn00010	Glycolysis / gluconeogenesis	iBWG_1329	iEC1349_Crooks	1	R01196	0		40	R00014|R00199|R00200|R00229|R00235|R00341|R00431|R00658|R00703|R00710|R00711|R00726|R00746|R00754|R00756|R00762|R00947|R00959|R01015|R01061|R01063|R01068|R01512|R01516|R01518|R01600|R01602|R01662|R01786|R01788|R02569|R02739|R03270|R04394|R05132|R05133|R05134|R07618|R10860|R13199
map00010	rn00010	Glycolysis / gluconeogenesis	iBWG_1329	iEC1356_Bl21DE3	1	R01196	1	R00755	40	R00014|R00199|R00200|R00229|R00235|R00341|R00431|R00658|R00703|R00710|R00711|R00726|R00746|R00754|R00756|R00762|R00947|R00959|R01015|R01061|R01063|R01068|R01512|R01516|R01518|R01600|R01602|R01662|R01786|R01788|R02569|R02739|R03270|R04394|R05132|R05133|R05134|R07618|R10860|R13199
map00010	rn00010	Glycolysis / gluconeogenesis	iBWG_1329	iEC1364_W	1	R01196	1	R00755	40	R00014|R00199|R00200|R00229|R00235|R00341|R00431|R00658|R00703|R00710|R00711|R00726|R00746|R00754|R00756|R00762|R00947|R00959|R01015|R01061|R01063|R01068|R01512|R01516|R01518|R01600|R01602|R01662|R01786|R01788|R02569|R02739|R03270|R04394|R05132|R05133|R05134|R07618|R10860|R13199
map00010	rn00010	Glycolysis / gluconeogenesis	iBWG_1329	iEC1368_DH5a	1	R01196	1	R00755	40	R00014|R00199|R00200|R00229|R00235|R00341|R00431|R00658|R00703|R00710|R00711|R00726|R00746|R00754|R00756|R00762|R00947|R00959|R01015|R01061|R01063|R01068|R01512|R01516|R01518|R01600|R01602|R01662|R01786|R01788|R02569|R02739|R03270|R04394|R05132|R05133|R05134|R07618|R10860|R13199
map00010	rn00010	Glycolysis / gluconeogenesis	iBWG_1329	iEC1372_W3110	1	R01196	0		40	R00014|R00199|R00200|R00229|R00235|R00341|R00431|R00658|R00703|R00710|R00711|R00726|R00746|R00754|R00756|R00762|R00947|R00959|R01015|R01061|R01063|R01068|R01512|R01516|R01518|R01600|R01602|R01662|R01786|R01788|R02569|R02739|R03270|R04394|R05132|R05133|R05134|R07618|R10860|R13199
map00010	rn00010	Glycolysis / gluconeogenesis	iBWG_1329	iJO1366	1	R01196	0		40	R00014|R00199|R00200|R00229|R00235|R00341|R00431|R00658|R00703|R00710|R00711|R00726|R00746|R00754|R00756|R00762|R00947|R00959|R01015|R01061|R01063|R01068|R01512|R01516|R01518|R01600|R01602|R01662|R01786|R01788|R02569|R02739|R03270|R04394|R05132|R05133|R05134|R07618|R10860|R13199
map00010	rn00010	Glycolysis / gluconeogenesis	iBWG_1329	iJR904	4	R00754|R01196|R01602|R01788	0		37	R00014|R00199|R00200|R00229|R00235|R00341|R00431|R00658|R00703|R00710|R00711|R00726|R00746|R00756|R00762|R00947|R00959|R01015|R01061|R01063|R01068|R01512|R01516|R01518|R01600|R01662|R01786|R02569|R02739|R03270|R04394|R05132|R05133|R05134|R07618|R10860|R13199
map00010	rn00010	Glycolysis / gluconeogenesis	iBWG_1329	iML1515	1	R01196	0		40	R00014|R00199|R00200|R00229|R00235|R00341|R00431|R00658|R00703|R00710|R00711|R00726|R00746|R00754|R00756|R00762|R00947|R00959|R01015|R01061|R01063|R01068|R01512|R01516|R01518|R01600|R01602|R01662|R01786|R01788|R02569|R02739|R03270|R04394|R05132|R05133|R05134|R07618|R10860|R13199
map00010	rn00010	Glycolysis / gluconeogenesis	iE2348C_1286	iEC1344_C	1	R01196	1	R00755	40	R00014|R00199|R00200|R00229|R00235|R00341|R00431|R00658|R00703|R00710|R00711|R00726|R00746|R00754|R00756|R00762|R00947|R00959|R01015|R01061|R01063|R01068|R01512|R01516|R01518|R01600|R01602|R01662|R01786|R01788|R02569|R02739|R03270|R04394|R05132|R05133|R05134|R07618|R10860|R13199
map00010	rn00010	Glycolysis / gluconeogenesis	iE2348C_1286	iEC1349_Crooks	1	R01196	0		40	R00014|R00199|R00200|R00229|R00235|R00341|R00431|R00658|R00703|R00710|R00711|R00726|R00746|R00754|R00756|R00762|R00947|R00959|R01015|R01061|R01063|R01068|R01512|R01516|R01518|R01600|R01602|R01662|R01786|R01788|R02569|R02739|R03270|R04394|R05132|R05133|R05134|R07618|R10860|R13199
map00010	rn00010	Glycolysis / gluconeogenesis	iE2348C_1286	iEC1356_Bl21DE3	1	R01196	1	R00755	40	R00014|R00199|R00200|R00229|R00235|R00341|R00431|R00658|R00703|R00710|R00711|R00726|R00746|R00754|R00756|R00762|R00947|R00959|R01015|R01061|R01063|R01068|R01512|R01516|R01518|R01600|R01602|R01662|R01786|R01788|R02569|R02739|R03270|R04394|R05132|R05133|R05134|R07618|R10860|R13199
map00010	rn00010	Glycolysis / gluconeogenesis	iE2348C_1286	iEC1364_W	1	R01196	1	R00755	40	R00014|R00199|R00200|R00229|R00235|R00341|R00431|R00658|R00703|R00710|R00711|R00726|R00746|R00754|R00756|R00762|R00947|R00959|R01015|R01061|R01063|R01068|R01512|R01516|R01518|R01600|R01602|R01662|R01786|R01788|R02569|R02739|R03270|R04394|R05132|R05133|R05134|R07618|R10860|R13199
map00010	rn00010	Glycolysis / gluconeogenesis	iE2348C_1286	iEC1368_DH5a	1	R01196	1	R00755	40	R00014|R00199|R00200|R00229|R00235|R00341|R00431|R00658|R00703|R00710|R00711|R00726|R00746|R00754|R00756|R00762|R00947|R00959|R01015|R01061|R01063|R01068|R01512|R01516|R01518|R01600|R01602|R01662|R01786|R01788|R02569|R02739|R03270|R04394|R05132|R05133|R05134|R07618|R10860|R13199
map00010	rn00010	Glycolysis / gluconeogenesis	iE2348C_1286	iEC1372_W3110	1	R01196	0		40	R00014|R00199|R00200|R00229|R00235|R00341|R00431|R00658|R00703|R00710|R00711|R00726|R00746|R00754|R00756|R00762|R00947|R00959|R01015|R01061|R01063|R01068|R01512|R01516|R01518|R01600|R01602|R01662|R01786|R01788|R02569|R02739|R03270|R04394|R05132|R05133|R05134|R07618|R10860|R13199
map00010	rn00010	Glycolysis / gluconeogenesis	iE2348C_1286	iJO1366	1	R01196	0		40	R00014|R00199|R00200|R00229|R00235|R00341|R00431|R00658|R00703|R00710|R00711|R00726|R00746|R00754|R00756|R00762|R00947|R00959|R01015|R01061|R01063|R01068|R01512|R01516|R01518|R01600|R01602|R01662|R01786|R01788|R02569|R02739|R03270|R04394|R05132|R05133|R05134|R07618|R10860|R13199
map00010	rn00010	Glycolysis / gluconeogenesis	iE2348C_1286	iJR904	4	R00754|R01196|R01602|R01788	0		37	R00014|R00199|R00200|R00229|R00235|R00341|R00431|R00658|R00703|R00710|R00711|R00726|R00746|R00756|R00762|R00947|R00959|R01015|R01061|R01063|R01068|R01512|R01516|R01518|R01600|R01662|R01786|R02569|R02739|R03270|R04394|R05132|R05133|R05134|R07618|R10860|R13199
map00010	rn00010	Glycolysis / gluconeogenesis	iE2348C_1286	iML1515	1	R01196	0		40	R00014|R00199|R00200|R00229|R00235|R00341|R00431|R00658|R00703|R00710|R00711|R00726|R00746|R00754|R00756|R00762|R00947|R00959|R01015|R01061|R01063|R01068|R01512|R01516|R01518|R01600|R01602|R01662|R01786|R01788|R02569|R02739|R03270|R04394|R05132|R05133|R05134|R07618|R10860|R13199
map00010	rn00010	Glycolysis / gluconeogenesis	iEC042_1314	iEC1344_C	1	R01196	1	R00755	40	R00014|R00199|R00200|R00229|R00235|R00341|R00431|R00658|R00703|R00710|R00711|R00726|R00746|R00754|R00756|R00762|R00947|R00959|R01015|R01061|R01063|R01068|R01512|R01516|R01518|R01600|R01602|R01662|R01786|R01788|R02569|R02739|R03270|R04394|R05132|R05133|R05134|R07618|R10860|R13199
map00010	rn00010	Glycolysis / gluconeogenesis	iEC042_1314	iEC1349_Crooks	1	R01196	0		40	R00014|R00199|R00200|R00229|R00235|R00341|R00431|R00658|R00703|R00710|R00711|R00726|R00746|R00754|R00756|R00762|R00947|R00959|R01015|R01061|R01063|R01068|R01512|R01516|R01518|R01600|R01602|R01662|R01786|R01788|R02569|R02739|R03270|R04394|R05132|R05133|R05134|R07618|R10860|R13199
map00010	rn00010	Glycolysis / gluconeogenesis	iEC042_1314	iEC1356_Bl21DE3	1	R01196	1	R00755	40	R00014|R00199|R00200|R00229|R00235|R00341|R00431|R00658|R00703|R00710|R00711|R00726|R00746|R00754|R00756|R00762|R00947|R00959|R01015|R01061|R01063|R01068|R01512|R01516|R01518|R01600|R01602|R01662|R01786|R01788|R02569|R02739|R03270|R04394|R05132|R05133|R05134|R07618|R10860|R13199
map00010	rn00010	Glycolysis / gluconeogenesis	iEC042_1314	iEC1364_W	1	R01196	1	R00755	40	R00014|R00199|R00200|R00229|R00235|R00341|R00431|R00658|R00703|R00710|R00711|R00726|R00746|R00754|R00756|R00762|R00947|R00959|R01015|R01061|R01063|R01068|R01512|R01516|R01518|R01600|R01602|R01662|R01786|R01788|R02569|R02739|R03270|R04394|R05132|R05133|R05134|R07618|R10860|R13199
map00010	rn00010	Glycolysis / gluconeogenesis	iEC042_1314	iEC1368_DH5a	1	R01196	1	R00755	40	R00014|R00199|R00200|R00229|R00235|R00341|R00431|R00658|R00703|R00710|R00711|R00726|R00746|R00754|R00756|R00762|R00947|R00959|R01015|R01061|R01063|R01068|R01512|R01516|R01518|R01600|R01602|R01662|R01786|R01788|R02569|R02739|R03270|R04394|R05132|R05133|R05134|R07618|R10860|R13199
map00010	rn00010	Glycolysis / gluconeogenesis	iEC042_1314	iEC1372_W3110	1	R01196	0		40	R00014|R00199|R00200|R00229|R00235|R00341|R00431|R00658|R00703|R00710|R00711|R00726|R00746|R00754|R00756|R00762|R00947|R00959|R01015|R01061|R01063|R01068|R01512|R01516|R01518|R01600|R01602|R01662|R01786|R01788|R02569|R02739|R03270|R04394|R05132|R05133|R05134|R07618|R10860|R13199
map00010	rn00010	Glycolysis / gluconeogenesis	iEC042_1314	iJO1366	1	R01196	0		40	R00014|R00199|R00200|R00229|R00235|R00341|R00431|R00658|R00703|R00710|R00711|R00726|R00746|R00754|R00756|R00762|R00947|R00959|R01015|R01061|R01063|R01068|R01512|R01516|R01518|R01600|R01602|R01662|R01786|R01788|R02569|R02739|R03270|R04394|R05132|R05133|R05134|R07618|R10860|R13199
map00010	rn00010	Glycolysis / gluconeogenesis	iEC042_1314	iJR904	4	R00754|R01196|R01602|R01788	0		37	R00014|R00199|R00200|R00229|R00235|R00341|R00431|R00658|R00703|R00710|R00711|R00726|R00746|R00756|R00762|R00947|R00959|R01015|R01061|R01063|R01068|R01512|R01516|R01518|R01600|R01662|R01786|R02569|R02739|R03270|R04394|R05132|R05133|R05134|R07618|R10860|R13199
map00010	rn00010	Glycolysis / gluconeogenesis	iEC042_1314	iML1515	1	R01196	0		40	R00014|R00199|R00200|R00229|R00235|R00341|R00431|R00658|R00703|R00710|R00711|R00726|R00746|R00754|R00756|R00762|R00947|R00959|R01015|R01061|R01063|R01068|R01512|R01516|R01518|R01600|R01602|R01662|R01786|R01788|R02569|R02739|R03270|R04394|R05132|R05133|R05134|R07618|R10860|R13199
map00010	rn00010	Glycolysis / gluconeogenesis	iEC1344_C	iEC1349_Crooks	1	R00755	0		40	R00014|R00199|R00200|R00229|R00235|R00341|R00431|R00658|R00703|R00710|R00711|R00726|R00746|R00754|R00756|R00762|R00947|R00959|R01015|R01061|R01063|R01068|R01512|R01516|R01518|R01600|R01602|R01662|R01786|R01788|R02569|R02739|R03270|R04394|R05132|R05133|R05134|R07618|R10860|R13199
map00010	rn00010	Glycolysis / gluconeogenesis	iEC1344_C	iEC1372_W3110	1	R00755	0		40	R00014|R00199|R00200|R00229|R00235|R00341|R00431|R00658|R00703|R00710|R00711|R00726|R00746|R00754|R00756|R00762|R00947|R00959|R01015|R01061|R01063|R01068|R01512|R01516|R01518|R01600|R01602|R01662|R01786|R01788|R02569|R02739|R03270|R04394|R05132|R05133|R05134|R07618|R10860|R13199
map00010	rn00010	Glycolysis / gluconeogenesis	iEC1344_C	iEC55989_1330	1	R00755	1	R01196	40	R00014|R00199|R00200|R00229|R00235|R00341|R00431|R00658|R00703|R00710|R00711|R00726|R00746|R00754|R00756|R00762|R00947|R00959|R01015|R01061|R01063|R01068|R01512|R01516|R01518|R01600|R01602|R01662|R01786|R01788|R02569|R02739|R03270|R04394|R05132|R05133|R05134|R07618|R10860|R13199
map00010	rn00010	Glycolysis / gluconeogenesis	iEC1344_C	iECABU_c1320	1	R00755	1	R01196	40	R00014|R00199|R00200|R00229|R00235|R00341|R00431|R00658|R00703|R00710|R00711|R00726|R00746|R00754|R00756|R00762|R00947|R00959|R01015|R01061|R01063|R01068|R01512|R01516|R01518|R01600|R01602|R01662|R01786|R01788|R02569|R02739|R03270|R04394|R05132|R05133|R05134|R07618|R10860|R13199
map00010	rn00010	Glycolysis / gluconeogenesis	iEC1344_C	iECBD_1354	1	R00755	1	R01196	40	R00014|R00199|R00200|R00229|R00235|R00341|R00431|R00658|R00703|R00710|R00711|R00726|R00746|R00754|R00756|R00762|R00947|R00959|R01015|R01061|R01063|R01068|R01512|R01516|R01518|R01600|R01602|R01662|R01786|R01788|R02569|R02739|R03270|R04394|R05132|R05133|R05134|R07618|R10860|R13199
map00010	rn00010	Glycolysis / gluconeogenesis	iEC1344_C	iECB_1328	1	R00755	1	R01196	40	R00014|R00199|R00200|R00229|R00235|R00341|R00431|R00658|R00703|R00710|R00711|R00726|R00746|R00754|R00756|R00762|R00947|R00959|R01015|R01061|R01063|R01068|R01512|R01516|R01518|R01600|R01602|R01662|R01786|R01788|R02569|R02739|R03270|R04394|R05132|R05133|R05134|R07618|R10860|R13199
map00010	rn00010	Glycolysis / gluconeogenesis	iEC1344_C	iECDH10B_1368	1	R00755	1	R01196	40	R00014|R00199|R00200|R00229|R00235|R00341|R00431|R00658|R00703|R00710|R00711|R00726|R00746|R00754|R00756|R00762|R00947|R00959|R01015|R01061|R01063|R01068|R01512|R01516|R01518|R01600|R01602|R01662|R01786|R01788|R02569|R02739|R03270|R04394|R05132|R05133|R05134|R07618|R10860|R13199
map00010	rn00010	Glycolysis / gluconeogenesis	iEC1344_C	iECDH1ME8569_1439	1	R00755	1	R01196	40	R00014|R00199|R00200|R00229|R00235|R00341|R00431|R00658|R00703|R00710|R00711|R00726|R00746|R00754|R00756|R00762|R00947|R00959|R01015|R01061|R01063|R01068|R01512|R01516|R01518|R01600|R01602|R01662|R01786|R01788|R02569|R02739|R03270|R04394|R05132|R05133|R05134|R07618|R10860|R13199
map00010	rn00010	Glycolysis / gluconeogenesis	iEC1344_C	iECD_1391	1	R00755	1	R01196	40	R00014|R00199|R00200|R00229|R00235|R00341|R00431|R00658|R00703|R00710|R00711|R00726|R00746|R00754|R00756|R00762|R00947|R00959|R01015|R01061|R01063|R01068|R01512|R01516|R01518|R01600|R01602|R01662|R01786|R01788|R02569|R02739|R03270|R04394|R05132|R05133|R05134|R07618|R10860|R13199
map00010	rn00010	Glycolysis / gluconeogenesis	iEC1344_C	iECED1_1282	1	R00755	1	R01196	40	R00014|R00199|R00200|R00229|R00235|R00341|R00431|R00658|R00703|R00710|R00711|R00726|R00746|R00754|R00756|R00762|R00947|R00959|R01015|R01061|R01063|R01068|R01512|R01516|R01518|R01600|R01602|R01662|R01786|R01788|R02569|R02739|R03270|R04394|R05132|R05133|R05134|R07618|R10860|R13199
map00010	rn00010	Glycolysis / gluconeogenesis	iEC1344_C	iECH74115_1262	1	R00755	1	R01196	40	R00014|R00199|R00200|R00229|R00235|R00341|R00431|R00658|R00703|R00710|R00711|R00726|R00746|R00754|R00756|R00762|R00947|R00959|R01015|R01061|R01063|R01068|R01512|R01516|R01518|R01600|R01602|R01662|R01786|R01788|R02569|R02739|R03270|R04394|R05132|R05133|R05134|R07618|R10860|R13199
map00010	rn00010	Glycolysis / gluconeogenesis	iEC1344_C	iECIAI1_1343	1	R00755	1	R01196	40	R00014|R00199|R00200|R00229|R00235|R00341|R00431|R00658|R00703|R00710|R00711|R00726|R00746|R00754|R00756|R00762|R00947|R00959|R01015|R01061|R01063|R01068|R01512|R01516|R01518|R01600|R01602|R01662|R01786|R01788|R02569|R02739|R03270|R04394|R05132|R05133|R05134|R07618|R10860|R13199
map00010	rn00010	Glycolysis / gluconeogenesis	iEC1344_C	iECIAI39_1322	1	R00755	1	R01196	40	R00014|R00199|R00200|R00229|R00235|R00341|R00431|R00658|R00703|R00710|R00711|R00726|R00746|R00754|R00756|R00762|R00947|R00959|R01015|R01061|R01063|R01068|R01512|R01516|R01518|R01600|R01602|R01662|R01786|R01788|R02569|R02739|R03270|R04394|R05132|R05133|R05134|R07618|R10860|R13199
map00010	rn00010	Glycolysis / gluconeogenesis	iEC1344_C	iECNA114_1301	1	R00755	1	R01196	40	R00014|R00199|R00200|R00229|R00235|R00341|R00431|R00658|R00703|R00710|R00711|R00726|R00746|R00754|R00756|R00762|R00947|R00959|R01015|R01061|R01063|R01068|R01512|R01516|R01518|R01600|R01602|R01662|R01786|R01788|R02569|R02739|R03270|R04394|R05132|R05133|R05134|R07618|R10860|R13199
map00010	rn00010	Glycolysis / gluconeogenesis	iEC1344_C	iECO103_1326	1	R00755	1	R01196	40	R00014|R00199|R00200|R00229|R00235|R00341|R00431|R00658|R00703|R00710|R00711|R00726|R00746|R00754|R00756|R00762|R00947|R00959|R01015|R01061|R01063|R01068|R01512|R01516|R01518|R01600|R01602|R01662|R01786|R01788|R02569|R02739|R03270|R04394|R05132|R05133|R05134|R07618|R10860|R13199
map00010	rn00010	Glycolysis / gluconeogenesis	iEC1344_C	iECO111_1330	1	R00755	1	R01196	40	R00014|R00199|R00200|R00229|R00235|R00341|R00431|R00658|R00703|R00710|R00711|R00726|R00746|R00754|R00756|R00762|R00947|R00959|R01015|R01061|R01063|R01068|R01512|R01516|R01518|R01600|R01602|R01662|R01786|R01788|R02569|R02739|R03270|R04394|R05132|R05133|R05134|R07618|R10860|R13199
map00010	rn00010	Glycolysis / gluconeogenesis	iEC1344_C	iECO26_1355	1	R00755	1	R01196	40	R00014|R00199|R00200|R00229|R00235|R00341|R00431|R00658|R00703|R00710|R00711|R00726|R00746|R00754|R00756|R00762|R00947|R00959|R01015|R01061|R01063|R01068|R01512|R01516|R01518|R01600|R01602|R01662|R01786|R01788|R02569|R02739|R03270|R04394|R05132|R05133|R05134|R07618|R10860|R13199
map00010	rn00010	Glycolysis / gluconeogenesis	iEC1344_C	iECOK1_1307	1	R00755	1	R01196	40	R00014|R00199|R00200|R00229|R00235|R00341|R00431|R00658|R00703|R00710|R00711|R00726|R00746|R00754|R00756|R00762|R00947|R00959|R01015|R01061|R01063|R01068|R01512|R01516|R01518|R01600|R01602|R01662|R01786|R01788|R02569|R02739|R03270|R04394|R05132|R05133|R05134|R07618|R10860|R13199
map00010	rn00010	Glycolysis / gluconeogenesis	iEC1344_C	iECP_1309	1	R00755	1	R01196	40	R00014|R00199|R00200|R00229|R00235|R00341|R00431|R00658|R00703|R00710|R00711|R00726|R00746|R00754|R00756|R00762|R00947|R00959|R01015|R01061|R01063|R01068|R01512|R01516|R01518|R01600|R01602|R01662|R01786|R01788|R02569|R02739|R03270|R04394|R05132|R05133|R05134|R07618|R10860|R13199
map00010	rn00010	Glycolysis / gluconeogenesis	iEC1344_C	iECS88_1305	1	R00755	1	R01196	40	R00014|R00199|R00200|R00229|R00235|R00341|R00431|R00658|R00703|R00710|R00711|R00726|R00746|R00754|R00756|R00762|R00947|R00959|R01015|R01061|R01063|R01068|R01512|R01516|R01518|R01600|R01602|R01662|R01786|R01788|R02569|R02739|R03270|R04394|R05132|R05133|R05134|R07618|R10860|R13199
map00010	rn00010	Glycolysis / gluconeogenesis	iEC1344_C	iECSE_1348	1	R00755	1	R01196	40	R00014|R00199|R00200|R00229|R00235|R00341|R00431|R00658|R00703|R00710|R00711|R00726|R00746|R00754|R00756|R00762|R00947|R00959|R01015|R01061|R01063|R01068|R01512|R01516|R01518|R01600|R01602|R01662|R01786|R01788|R02569|R02739|R03270|R04394|R05132|R05133|R05134|R07618|R10860|R13199
map00010	rn00010	Glycolysis / gluconeogenesis	iEC1344_C	iECSF_1327	1	R00755	1	R01196	40	R00014|R00199|R00200|R00229|R00235|R00341|R00431|R00658|R00703|R00710|R00711|R00726|R00746|R00754|R00756|R00762|R00947|R00959|R01015|R01061|R01063|R01068|R01512|R01516|R01518|R01600|R01602|R01662|R01786|R01788|R02569|R02739|R03270|R04394|R05132|R05133|R05134|R07618|R10860|R13199
map00010	rn00010	Glycolysis / gluconeogenesis	iEC1344_C	iECSP_1301	1	R00755	1	R01196	40	R00014|R00199|R00200|R00229|R00235|R00341|R00431|R00658|R00703|R00710|R00711|R00726|R00746|R00754|R00756|R00762|R00947|R00959|R01015|R01061|R01063|R01068|R01512|R01516|R01518|R01600|R01602|R01662|R01786|R01788|R02569|R02739|R03270|R04394|R05132|R05133|R05134|R07618|R10860|R13199
map00010	rn00010	Glycolysis / gluconeogenesis	iEC1344_C	iECUMN_1333	1	R00755	1	R01196	40	R00014|R00199|R00200|R00229|R00235|R00341|R00431|R00658|R00703|R00710|R00711|R00726|R00746|R00754|R00756|R00762|R00947|R00959|R01015|R01061|R01063|R01068|R01512|R01516|R01518|R01600|R01602|R01662|R01786|R01788|R02569|R02739|R03270|R04394|R05132|R05133|R05134|R07618|R10860|R13199
map00010	rn00010	Glycolysis / gluconeogenesis	iEC1344_C	iECW_1372	1	R00755	1	R01196	40	R00014|R00199|R00200|R00229|R00235|R00341|R00431|R00658|R00703|R00710|R00711|R00726|R00746|R00754|R00756|R00762|R00947|R00959|R01015|R01061|R01063|R01068|R01512|R01516|R01518|R01600|R01602|R01662|R01786|R01788|R02569|R02739|R03270|R04394|R05132|R05133|R05134|R07618|R10860|R13199
map00010	rn00010	Glycolysis / gluconeogenesis	iEC1344_C	iECs_1301	1	R00755	1	R01196	40	R00014|R00199|R00200|R00229|R00235|R00341|R00431|R00658|R00703|R00710|R00711|R00726|R00746|R00754|R00756|R00762|R00947|R00959|R01015|R01061|R01063|R01068|R01512|R01516|R01518|R01600|R01602|R01662|R01786|R01788|R02569|R02739|R03270|R04394|R05132|R05133|R05134|R07618|R10860|R13199
map00010	rn00010	Glycolysis / gluconeogenesis	iEC1344_C	iEKO11_1354	1	R00755	1	R01196	40	R00014|R00199|R00200|R00229|R00235|R00341|R00431|R00658|R00703|R00710|R00711|R00726|R00746|R00754|R00756|R00762|R00947|R00959|R01015|R01061|R01063|R01068|R01512|R01516|R01518|R01600|R01602|R01662|R01786|R01788|R02569|R02739|R03270|R04394|R05132|R05133|R05134|R07618|R10860|R13199
map00010	rn00010	Glycolysis / gluconeogenesis	iEC1344_C	iETEC_1333	1	R00755	1	R01196	40	R00014|R00199|R00200|R00229|R00235|R00341|R00431|R00658|R00703|R00710|R00711|R00726|R00746|R00754|R00756|R00762|R00947|R00959|R01015|R01061|R01063|R01068|R01512|R01516|R01518|R01600|R01602|R01662|R01786|R01788|R02569|R02739|R03270|R04394|R05132|R05133|R05134|R07618|R10860|R13199
map00010	rn00010	Glycolysis / gluconeogenesis	iEC1344_C	iEcDH1_1363	1	R00755	1	R01196	40	R00014|R00199|R00200|R00229|R00235|R00341|R00431|R00658|R00703|R00710|R00711|R00726|R00746|R00754|R00756|R00762|R00947|R00959|R01015|R01061|R01063|R01068|R01512|R01516|R01518|R01600|R01602|R01662|R01786|R01788|R02569|R02739|R03270|R04394|R05132|R05133|R05134|R07618|R10860|R13199
map00010	rn00010	Glycolysis / gluconeogenesis	iEC1344_C	iEcE24377_1341	1	R00755	1	R01196	40	R00014|R00199|R00200|R00229|R00235|R00341|R00431|R00658|R00703|R00710|R00711|R00726|R00746|R00754|R00756|R00762|R00947|R00959|R01015|R01061|R01063|R01068|R01512|R01516|R01518|R01600|R01602|R01662|R01786|R01788|R02569|R02739|R03270|R04394|R05132|R05133|R05134|R07618|R10860|R13199
map00010	rn00010	Glycolysis / gluconeogenesis	iEC1344_C	iEcHS_1320	1	R00755	1	R01196	40	R00014|R00199|R00200|R00229|R00235|R00341|R00431|R00658|R00703|R00710|R00711|R00726|R00746|R00754|R00756|R00762|R00947|R00959|R01015|R01061|R01063|R01068|R01512|R01516|R01518|R01600|R01602|R01662|R01786|R01788|R02569|R02739|R03270|R04394|R05132|R05133|R05134|R07618|R10860|R13199
map00010	rn00010	Glycolysis / gluconeogenesis	iEC1344_C	iEcSMS35_1347	1	R00755	1	R01196	40	R00014|R00199|R00200|R00229|R00235|R00341|R00431|R00658|R00703|R00710|R00711|R00726|R00746|R00754|R00756|R00762|R00947|R00959|R01015|R01061|R01063|R01068|R01512|R01516|R01518|R01600|R01602|R01662|R01786|R01788|R02569|R02739|R03270|R04394|R05132|R05133|R05134|R07618|R10860|R13199
map00010	rn00010	Glycolysis / gluconeogenesis	iEC1344_C	iEcolC_1368	1	R00755	1	R01196	40	R00014|R00199|R00200|R00229|R00235|R00341|R00431|R00658|R00703|R00710|R00711|R00726|R00746|R00754|R00756|R00762|R00947|R00959|R01015|R01061|R01063|R01068|R01512|R01516|R01518|R01600|R01602|R01662|R01786|R01788|R02569|R02739|R03270|R04394|R05132|R05133|R05134|R07618|R10860|R13199
map00010	rn00010	Glycolysis / gluconeogenesis	iEC1344_C	iG2583_1286	1	R00755	1	R01196	40	R00014|R00199|R00200|R00229|R00235|R00341|R00431|R00658|R00703|R00710|R00711|R00726|R00746|R00754|R00756|R00762|R00947|R00959|R01015|R01061|R01063|R01068|R01512|R01516|R01518|R01600|R01602|R01662|R01786|R01788|R02569|R02739|R03270|R04394|R05132|R05133|R05134|R07618|R10860|R13199
map00010	rn00010	Glycolysis / gluconeogenesis	iEC1344_C	iJO1366	1	R00755	0		40	R00014|R00199|R00200|R00229|R00235|R00341|R00431|R00658|R00703|R00710|R00711|R00726|R00746|R00754|R00756|R00762|R00947|R00959|R01015|R01061|R01063|R01068|R01512|R01516|R01518|R01600|R01602|R01662|R01786|R01788|R02569|R02739|R03270|R04394|R05132|R05133|R05134|R07618|R10860|R13199
map00010	rn00010	Glycolysis / gluconeogenesis	iEC1344_C	iJR904	4	R00754|R00755|R01602|R01788	0		37	R00014|R00199|R00200|R00229|R00235|R00341|R00431|R00658|R00703|R00710|R00711|R00726|R00746|R00756|R00762|R00947|R00959|R01015|R01061|R01063|R01068|R01512|R01516|R01518|R01600|R01662|R01786|R02569|R02739|R03270|R04394|R05132|R05133|R05134|R07618|R10860|R13199
map00010	rn00010	Glycolysis / gluconeogenesis	iEC1344_C	iLF82_1304	1	R00755	1	R01196	40	R00014|R00199|R00200|R00229|R00235|R00341|R00431|R00658|R00703|R00710|R00711|R00726|R00746|R00754|R00756|R00762|R00947|R00959|R01015|R01061|R01063|R01068|R01512|R01516|R01518|R01600|R01602|R01662|R01786|R01788|R02569|R02739|R03270|R04394|R05132|R05133|R05134|R07618|R10860|R13199
map00010	rn00010	Glycolysis / gluconeogenesis	iEC1344_C	iML1515	1	R00755	0		40	R00014|R00199|R00200|R00229|R00235|R00341|R00431|R00658|R00703|R00710|R00711|R00726|R00746|R00754|R00756|R00762|R00947|R00959|R01015|R01061|R01063|R01068|R01512|R01516|R01518|R01600|R01602|R01662|R01786|R01788|R02569|R02739|R03270|R04394|R05132|R05133|R05134|R07618|R10860|R13199
map00010	rn00010	Glycolysis / gluconeogenesis	iEC1344_C	iNRG857_1313	1	R00755	1	R01196	40	R00014|R00199|R00200|R00229|R00235|R00341|R00431|R00658|R00703|R00710|R00711|R00726|R00746|R00754|R00756|R00762|R00947|R00959|R01015|R01061|R01063|R01068|R01512|R01516|R01518|R01600|R01602|R01662|R01786|R01788|R02569|R02739|R03270|R04394|R05132|R05133|R05134|R07618|R10860|R13199
map00010	rn00010	Glycolysis / gluconeogenesis	iEC1344_C	iUMN146_1321	1	R00755	1	R01196	40	R00014|R00199|R00200|R00229|R00235|R00341|R00431|R00658|R00703|R00710|R00711|R00726|R00746|R00754|R00756|R00762|R00947|R00959|R01015|R01061|R01063|R01068|R01512|R01516|R01518|R01600|R01602|R01662|R01786|R01788|R02569|R02739|R03270|R04394|R05132|R05133|R05134|R07618|R10860|R13199
map00010	rn00010	Glycolysis / gluconeogenesis	iEC1344_C	iUMNK88_1353	1	R00755	1	R01196	40	R00014|R00199|R00200|R00229|R00235|R00341|R00431|R00658|R00703|R00710|R00711|R00726|R00746|R00754|R00756|R00762|R00947|R00959|R01015|R01061|R01063|R01068|R01512|R01516|R01518|R01600|R01602|R01662|R01786|R01788|R02569|R02739|R03270|R04394|R05132|R05133|R05134|R07618|R10860|R13199
map00010	rn00010	Glycolysis / gluconeogenesis	iEC1344_C	iUTI89_1310	1	R00755	1	R01196	40	R00014|R00199|R00200|R00229|R00235|R00341|R00431|R00658|R00703|R00710|R00711|R00726|R00746|R00754|R00756|R00762|R00947|R00959|R01015|R01061|R01063|R01068|R01512|R01516|R01518|R01600|R01602|R01662|R01786|R01788|R02569|R02739|R03270|R04394|R05132|R05133|R05134|R07618|R10860|R13199
map00010	rn00010	Glycolysis / gluconeogenesis	iEC1344_C	iWFL_1372	1	R00755	1	R01196	40	R00014|R00199|R00200|R00229|R00235|R00341|R00431|R00658|R00703|R00710|R00711|R00726|R00746|R00754|R00756|R00762|R00947|R00959|R01015|R01061|R01063|R01068|R01512|R01516|R01518|R01600|R01602|R01662|R01786|R01788|R02569|R02739|R03270|R04394|R05132|R05133|R05134|R07618|R10860|R13199
map00010	rn00010	Glycolysis / gluconeogenesis	iEC1344_C	iY75_1357	1	R00755	1	R01196	40	R00014|R00199|R00200|R00229|R00235|R00341|R00431|R00658|R00703|R00710|R00711|R00726|R00746|R00754|R00756|R00762|R00947|R00959|R01015|R01061|R01063|R01068|R01512|R01516|R01518|R01600|R01602|R01662|R01786|R01788|R02569|R02739|R03270|R04394|R05132|R05133|R05134|R07618|R10860|R13199
map00010	rn00010	Glycolysis / gluconeogenesis	iEC1344_C	iZ_1308	1	R00755	1	R01196	40	R00014|R00199|R00200|R00229|R00235|R00341|R00431|R00658|R00703|R00710|R00711|R00726|R00746|R00754|R00756|R00762|R00947|R00959|R01015|R01061|R01063|R01068|R01512|R01516|R01518|R01600|R01602|R01662|R01786|R01788|R02569|R02739|R03270|R04394|R05132|R05133|R05134|R07618|R10860|R13199
map00010	rn00010	Glycolysis / gluconeogenesis	iEC1344_C	ic_1306	1	R00755	1	R01196	40	R00014|R00199|R00200|R00229|R00235|R00341|R00431|R00658|R00703|R00710|R00711|R00726|R00746|R00754|R00756|R00762|R00947|R00959|R01015|R01061|R01063|R01068|R01512|R01516|R01518|R01600|R01602|R01662|R01786|R01788|R02569|R02739|R03270|R04394|R05132|R05133|R05134|R07618|R10860|R13199
map00010	rn00010	Glycolysis / gluconeogenesis	iEC1349_Crooks	iEC1356_Bl21DE3	0		1	R00755	40	R00014|R00199|R00200|R00229|R00235|R00341|R00431|R00658|R00703|R00710|R00711|R00726|R00746|R00754|R00756|R00762|R00947|R00959|R01015|R01061|R01063|R01068|R01512|R01516|R01518|R01600|R01602|R01662|R01786|R01788|R02569|R02739|R03270|R04394|R05132|R05133|R05134|R07618|R10860|R13199
map00010	rn00010	Glycolysis / gluconeogenesis	iEC1349_Crooks	iEC1364_W	0		1	R00755	40	R00014|R00199|R00200|R00229|R00235|R00341|R00431|R00658|R00703|R00710|R00711|R00726|R00746|R00754|R00756|R00762|R00947|R00959|R01015|R01061|R01063|R01068|R01512|R01516|R01518|R01600|R01602|R01662|R01786|R01788|R02569|R02739|R03270|R04394|R05132|R05133|R05134|R07618|R10860|R13199
map00010	rn00010	Glycolysis / gluconeogenesis	iEC1349_Crooks	iEC1368_DH5a	0		1	R00755	40	R00014|R00199|R00200|R00229|R00235|R00341|R00431|R00658|R00703|R00710|R00711|R00726|R00746|R00754|R00756|R00762|R00947|R00959|R01015|R01061|R01063|R01068|R01512|R01516|R01518|R01600|R01602|R01662|R01786|R01788|R02569|R02739|R03270|R04394|R05132|R05133|R05134|R07618|R10860|R13199
map00010	rn00010	Glycolysis / gluconeogenesis	iEC1349_Crooks	iEC55989_1330	0		1	R01196	40	R00014|R00199|R00200|R00229|R00235|R00341|R00431|R00658|R00703|R00710|R00711|R00726|R00746|R00754|R00756|R00762|R00947|R00959|R01015|R01061|R01063|R01068|R01512|R01516|R01518|R01600|R01602|R01662|R01786|R01788|R02569|R02739|R03270|R04394|R05132|R05133|R05134|R07618|R10860|R13199
map00010	rn00010	Glycolysis / gluconeogenesis	iEC1349_Crooks	iECABU_c1320	0		1	R01196	40	R00014|R00199|R00200|R00229|R00235|R00341|R00431|R00658|R00703|R00710|R00711|R00726|R00746|R00754|R00756|R00762|R00947|R00959|R01015|R01061|R01063|R01068|R01512|R01516|R01518|R01600|R01602|R01662|R01786|R01788|R02569|R02739|R03270|R04394|R05132|R05133|R05134|R07618|R10860|R13199
map00010	rn00010	Glycolysis / gluconeogenesis	iEC1349_Crooks	iECBD_1354	0		1	R01196	40	R00014|R00199|R00200|R00229|R00235|R00341|R00431|R00658|R00703|R00710|R00711|R00726|R00746|R00754|R00756|R00762|R00947|R00959|R01015|R01061|R01063|R01068|R01512|R01516|R01518|R01600|R01602|R01662|R01786|R01788|R02569|R02739|R03270|R04394|R05132|R05133|R05134|R07618|R10860|R13199
map00010	rn00010	Glycolysis / gluconeogenesis	iEC1349_Crooks	iECB_1328	0		1	R01196	40	R00014|R00199|R00200|R00229|R00235|R00341|R00431|R00658|R00703|R00710|R00711|R00726|R00746|R00754|R00756|R00762|R00947|R00959|R01015|R01061|R01063|R01068|R01512|R01516|R01518|R01600|R01602|R01662|R01786|R01788|R02569|R02739|R03270|R04394|R05132|R05133|R05134|R07618|R10860|R13199
map00010	rn00010	Glycolysis / gluconeogenesis	iEC1349_Crooks	iECDH10B_1368	0		1	R01196	40	R00014|R00199|R00200|R00229|R00235|R00341|R00431|R00658|R00703|R00710|R00711|R00726|R00746|R00754|R00756|R00762|R00947|R00959|R01015|R01061|R01063|R01068|R01512|R01516|R01518|R01600|R01602|R01662|R01786|R01788|R02569|R02739|R03270|R04394|R05132|R05133|R05134|R07618|R10860|R13199
map00010	rn00010	Glycolysis / gluconeogenesis	iEC1349_Crooks	iECDH1ME8569_1439	0		1	R01196	40	R00014|R00199|R00200|R00229|R00235|R00341|R00431|R00658|R00703|R00710|R00711|R00726|R00746|R00754|R00756|R00762|R00947|R00959|R01015|R01061|R01063|R01068|R01512|R01516|R01518|R01600|R01602|R01662|R01786|R01788|R02569|R02739|R03270|R04394|R05132|R05133|R05134|R07618|R10860|R13199
map00010	rn00010	Glycolysis / gluconeogenesis	iEC1349_Crooks	iECD_1391	0		1	R01196	40	R00014|R00199|R00200|R00229|R00235|R00341|R00431|R00658|R00703|R00710|R00711|R00726|R00746|R00754|R00756|R00762|R00947|R00959|R01015|R01061|R01063|R01068|R01512|R01516|R01518|R01600|R01602|R01662|R01786|R01788|R02569|R02739|R03270|R04394|R05132|R05133|R05134|R07618|R10860|R13199
map00010	rn00010	Glycolysis / gluconeogenesis	iEC1349_Crooks	iECED1_1282	0		1	R01196	40	R00014|R00199|R00200|R00229|R00235|R00341|R00431|R00658|R00703|R00710|R00711|R00726|R00746|R00754|R00756|R00762|R00947|R00959|R01015|R01061|R01063|R01068|R01512|R01516|R01518|R01600|R01602|R01662|R01786|R01788|R02569|R02739|R03270|R04394|R05132|R05133|R05134|R07618|R10860|R13199
map00010	rn00010	Glycolysis / gluconeogenesis	iEC1349_Crooks	iECH74115_1262	0		1	R01196	40	R00014|R00199|R00200|R00229|R00235|R00341|R00431|R00658|R00703|R00710|R00711|R00726|R00746|R00754|R00756|R00762|R00947|R00959|R01015|R01061|R01063|R01068|R01512|R01516|R01518|R01600|R01602|R01662|R01786|R01788|R02569|R02739|R03270|R04394|R05132|R05133|R05134|R07618|R10860|R13199
map00010	rn00010	Glycolysis / gluconeogenesis	iEC1349_Crooks	iECIAI1_1343	0		1	R01196	40	R00014|R00199|R00200|R00229|R00235|R00341|R00431|R00658|R00703|R00710|R00711|R00726|R00746|R00754|R00756|R00762|R00947|R00959|R01015|R01061|R01063|R01068|R01512|R01516|R01518|R01600|R01602|R01662|R01786|R01788|R02569|R02739|R03270|R04394|R05132|R05133|R05134|R07618|R10860|R13199
map00010	rn00010	Glycolysis / gluconeogenesis	iEC1349_Crooks	iECIAI39_1322	0		1	R01196	40	R00014|R00199|R00200|R00229|R00235|R00341|R00431|R00658|R00703|R00710|R00711|R00726|R00746|R00754|R00756|R00762|R00947|R00959|R01015|R01061|R01063|R01068|R01512|R01516|R01518|R01600|R01602|R01662|R01786|R01788|R02569|R02739|R03270|R04394|R05132|R05133|R05134|R07618|R10860|R13199
map00010	rn00010	Glycolysis / gluconeogenesis	iEC1349_Crooks	iECNA114_1301	0		1	R01196	40	R00014|R00199|R00200|R00229|R00235|R00341|R00431|R00658|R00703|R00710|R00711|R00726|R00746|R00754|R00756|R00762|R00947|R00959|R01015|R01061|R01063|R01068|R01512|R01516|R01518|R01600|R01602|R01662|R01786|R01788|R02569|R02739|R03270|R04394|R05132|R05133|R05134|R07618|R10860|R13199
map00010	rn00010	Glycolysis / gluconeogenesis	iEC1349_Crooks	iECO103_1326	0		1	R01196	40	R00014|R00199|R00200|R00229|R00235|R00341|R00431|R00658|R00703|R00710|R00711|R00726|R00746|R00754|R00756|R00762|R00947|R00959|R01015|R01061|R01063|R01068|R01512|R01516|R01518|R01600|R01602|R01662|R01786|R01788|R02569|R02739|R03270|R04394|R05132|R05133|R05134|R07618|R10860|R13199
map00010	rn00010	Glycolysis / gluconeogenesis	iEC1349_Crooks	iECO111_1330	0		1	R01196	40	R00014|R00199|R00200|R00229|R00235|R00341|R00431|R00658|R00703|R00710|R00711|R00726|R00746|R00754|R00756|R00762|R00947|R00959|R01015|R01061|R01063|R01068|R01512|R01516|R01518|R01600|R01602|R01662|R01786|R01788|R02569|R02739|R03270|R04394|R05132|R05133|R05134|R07618|R10860|R13199
map00010	rn00010	Glycolysis / gluconeogenesis	iEC1349_Crooks	iECO26_1355	0		1	R01196	40	R00014|R00199|R00200|R00229|R00235|R00341|R00431|R00658|R00703|R00710|R00711|R00726|R00746|R00754|R00756|R00762|R00947|R00959|R01015|R01061|R01063|R01068|R01512|R01516|R01518|R01600|R01602|R01662|R01786|R01788|R02569|R02739|R03270|R04394|R05132|R05133|R05134|R07618|R10860|R13199
map00010	rn00010	Glycolysis / gluconeogenesis	iEC1349_Crooks	iECOK1_1307	0		1	R01196	40	R00014|R00199|R00200|R00229|R00235|R00341|R00431|R00658|R00703|R00710|R00711|R00726|R00746|R00754|R00756|R00762|R00947|R00959|R01015|R01061|R01063|R01068|R01512|R01516|R01518|R01600|R01602|R01662|R01786|R01788|R02569|R02739|R03270|R04394|R05132|R05133|R05134|R07618|R10860|R13199
map00010	rn00010	Glycolysis / gluconeogenesis	iEC1349_Crooks	iECP_1309	0		1	R01196	40	R00014|R00199|R00200|R00229|R00235|R00341|R00431|R00658|R00703|R00710|R00711|R00726|R00746|R00754|R00756|R00762|R00947|R00959|R01015|R01061|R01063|R01068|R01512|R01516|R01518|R01600|R01602|R01662|R01786|R01788|R02569|R02739|R03270|R04394|R05132|R05133|R05134|R07618|R10860|R13199
map00010	rn00010	Glycolysis / gluconeogenesis	iEC1349_Crooks	iECS88_1305	0		1	R01196	40	R00014|R00199|R00200|R00229|R00235|R00341|R00431|R00658|R00703|R00710|R00711|R00726|R00746|R00754|R00756|R00762|R00947|R00959|R01015|R01061|R01063|R01068|R01512|R01516|R01518|R01600|R01602|R01662|R01786|R01788|R02569|R02739|R03270|R04394|R05132|R05133|R05134|R07618|R10860|R13199
map00010	rn00010	Glycolysis / gluconeogenesis	iEC1349_Crooks	iECSE_1348	0		1	R01196	40	R00014|R00199|R00200|R00229|R00235|R00341|R00431|R00658|R00703|R00710|R00711|R00726|R00746|R00754|R00756|R00762|R00947|R00959|R01015|R01061|R01063|R01068|R01512|R01516|R01518|R01600|R01602|R01662|R01786|R01788|R02569|R02739|R03270|R04394|R05132|R05133|R05134|R07618|R10860|R13199
map00010	rn00010	Glycolysis / gluconeogenesis	iEC1349_Crooks	iECSF_1327	0		1	R01196	40	R00014|R00199|R00200|R00229|R00235|R00341|R00431|R00658|R00703|R00710|R00711|R00726|R00746|R00754|R00756|R00762|R00947|R00959|R01015|R01061|R01063|R01068|R01512|R01516|R01518|R01600|R01602|R01662|R01786|R01788|R02569|R02739|R03270|R04394|R05132|R05133|R05134|R07618|R10860|R13199
map00010	rn00010	Glycolysis / gluconeogenesis	iEC1349_Crooks	iECSP_1301	0		1	R01196	40	R00014|R00199|R00200|R00229|R00235|R00341|R00431|R00658|R00703|R00710|R00711|R00726|R00746|R00754|R00756|R00762|R00947|R00959|R01015|R01061|R01063|R01068|R01512|R01516|R01518|R01600|R01602|R01662|R01786|R01788|R02569|R02739|R03270|R04394|R05132|R05133|R05134|R07618|R10860|R13199
map00010	rn00010	Glycolysis / gluconeogenesis	iEC1349_Crooks	iECUMN_1333	0		1	R01196	40	R00014|R00199|R00200|R00229|R00235|R00341|R00431|R00658|R00703|R00710|R00711|R00726|R00746|R00754|R00756|R00762|R00947|R00959|R01015|R01061|R01063|R01068|R01512|R01516|R01518|R01600|R01602|R01662|R01786|R01788|R02569|R02739|R03270|R04394|R05132|R05133|R05134|R07618|R10860|R13199
map00010	rn00010	Glycolysis / gluconeogenesis	iEC1349_Crooks	iECW_1372	0		1	R01196	40	R00014|R00199|R00200|R00229|R00235|R00341|R00431|R00658|R00703|R00710|R00711|R00726|R00746|R00754|R00756|R00762|R00947|R00959|R01015|R01061|R01063|R01068|R01512|R01516|R01518|R01600|R01602|R01662|R01786|R01788|R02569|R02739|R03270|R04394|R05132|R05133|R05134|R07618|R10860|R13199
map00010	rn00010	Glycolysis / gluconeogenesis	iEC1349_Crooks	iECs_1301	0		1	R01196	40	R00014|R00199|R00200|R00229|R00235|R00341|R00431|R00658|R00703|R00710|R00711|R00726|R00746|R00754|R00756|R00762|R00947|R00959|R01015|R01061|R01063|R01068|R01512|R01516|R01518|R01600|R01602|R01662|R01786|R01788|R02569|R02739|R03270|R04394|R05132|R05133|R05134|R07618|R10860|R13199
map00010	rn00010	Glycolysis / gluconeogenesis	iEC1349_Crooks	iEKO11_1354	0		1	R01196	40	R00014|R00199|R00200|R00229|R00235|R00341|R00431|R00658|R00703|R00710|R00711|R00726|R00746|R00754|R00756|R00762|R00947|R00959|R01015|R01061|R01063|R01068|R01512|R01516|R01518|R01600|R01602|R01662|R01786|R01788|R02569|R02739|R03270|R04394|R05132|R05133|R05134|R07618|R10860|R13199
map00010	rn00010	Glycolysis / gluconeogenesis	iEC1349_Crooks	iETEC_1333	0		1	R01196	40	R00014|R00199|R00200|R00229|R00235|R00341|R00431|R00658|R00703|R00710|R00711|R00726|R00746|R00754|R00756|R00762|R00947|R00959|R01015|R01061|R01063|R01068|R01512|R01516|R01518|R01600|R01602|R01662|R01786|R01788|R02569|R02739|R03270|R04394|R05132|R05133|R05134|R07618|R10860|R13199
map00010	rn00010	Glycolysis / gluconeogenesis	iEC1349_Crooks	iEcDH1_1363	0		1	R01196	40	R00014|R00199|R00200|R00229|R00235|R00341|R00431|R00658|R00703|R00710|R00711|R00726|R00746|R00754|R00756|R00762|R00947|R00959|R01015|R01061|R01063|R01068|R01512|R01516|R01518|R01600|R01602|R01662|R01786|R01788|R02569|R02739|R03270|R04394|R05132|R05133|R05134|R07618|R10860|R13199
map00010	rn00010	Glycolysis / gluconeogenesis	iEC1349_Crooks	iEcE24377_1341	0		1	R01196	40	R00014|R00199|R00200|R00229|R00235|R00341|R00431|R00658|R00703|R00710|R00711|R00726|R00746|R00754|R00756|R00762|R00947|R00959|R01015|R01061|R01063|R01068|R01512|R01516|R01518|R01600|R01602|R01662|R01786|R01788|R02569|R02739|R03270|R04394|R05132|R05133|R05134|R07618|R10860|R13199
map00010	rn00010	Glycolysis / gluconeogenesis	iEC1349_Crooks	iEcHS_1320	0		1	R01196	40	R00014|R00199|R00200|R00229|R00235|R00341|R00431|R00658|R00703|R00710|R00711|R00726|R00746|R00754|R00756|R00762|R00947|R00959|R01015|R01061|R01063|R01068|R01512|R01516|R01518|R01600|R01602|R01662|R01786|R01788|R02569|R02739|R03270|R04394|R05132|R05133|R05134|R07618|R10860|R13199
map00010	rn00010	Glycolysis / gluconeogenesis	iEC1349_Crooks	iEcSMS35_1347	0		1	R01196	40	R00014|R00199|R00200|R00229|R00235|R00341|R00431|R00658|R00703|R00710|R00711|R00726|R00746|R00754|R00756|R00762|R00947|R00959|R01015|R01061|R01063|R01068|R01512|R01516|R01518|R01600|R01602|R01662|R01786|R01788|R02569|R02739|R03270|R04394|R05132|R05133|R05134|R07618|R10860|R13199
map00010	rn00010	Glycolysis / gluconeogenesis	iEC1349_Crooks	iEcolC_1368	0		1	R01196	40	R00014|R00199|R00200|R00229|R00235|R00341|R00431|R00658|R00703|R00710|R00711|R00726|R00746|R00754|R00756|R00762|R00947|R00959|R01015|R01061|R01063|R01068|R01512|R01516|R01518|R01600|R01602|R01662|R01786|R01788|R02569|R02739|R03270|R04394|R05132|R05133|R05134|R07618|R10860|R13199
map00010	rn00010	Glycolysis / gluconeogenesis	iEC1349_Crooks	iG2583_1286	0		1	R01196	40	R00014|R00199|R00200|R00229|R00235|R00341|R00431|R00658|R00703|R00710|R00711|R00726|R00746|R00754|R00756|R00762|R00947|R00959|R01015|R01061|R01063|R01068|R01512|R01516|R01518|R01600|R01602|R01662|R01786|R01788|R02569|R02739|R03270|R04394|R05132|R05133|R05134|R07618|R10860|R13199
map00010	rn00010	Glycolysis / gluconeogenesis	iEC1349_Crooks	iJR904	3	R00754|R01602|R01788	0		37	R00014|R00199|R00200|R00229|R00235|R00341|R00431|R00658|R00703|R00710|R00711|R00726|R00746|R00756|R00762|R00947|R00959|R01015|R01061|R01063|R01068|R01512|R01516|R01518|R01600|R01662|R01786|R02569|R02739|R03270|R04394|R05132|R05133|R05134|R07618|R10860|R13199
map00010	rn00010	Glycolysis / gluconeogenesis	iEC1349_Crooks	iLF82_1304	0		1	R01196	40	R00014|R00199|R00200|R00229|R00235|R00341|R00431|R00658|R00703|R00710|R00711|R00726|R00746|R00754|R00756|R00762|R00947|R00959|R01015|R01061|R01063|R01068|R01512|R01516|R01518|R01600|R01602|R01662|R01786|R01788|R02569|R02739|R03270|R04394|R05132|R05133|R05134|R07618|R10860|R13199
map00010	rn00010	Glycolysis / gluconeogenesis	iEC1349_Crooks	iNRG857_1313	0		1	R01196	40	R00014|R00199|R00200|R00229|R00235|R00341|R00431|R00658|R00703|R00710|R00711|R00726|R00746|R00754|R00756|R00762|R00947|R00959|R01015|R01061|R01063|R01068|R01512|R01516|R01518|R01600|R01602|R01662|R01786|R01788|R02569|R02739|R03270|R04394|R05132|R05133|R05134|R07618|R10860|R13199
map00010	rn00010	Glycolysis / gluconeogenesis	iEC1349_Crooks	iUMN146_1321	0		1	R01196	40	R00014|R00199|R00200|R00229|R00235|R00341|R00431|R00658|R00703|R00710|R00711|R00726|R00746|R00754|R00756|R00762|R00947|R00959|R01015|R01061|R01063|R01068|R01512|R01516|R01518|R01600|R01602|R01662|R01786|R01788|R02569|R02739|R03270|R04394|R05132|R05133|R05134|R07618|R10860|R13199
map00010	rn00010	Glycolysis / gluconeogenesis	iEC1349_Crooks	iUMNK88_1353	0		1	R01196	40	R00014|R00199|R00200|R00229|R00235|R00341|R00431|R00658|R00703|R00710|R00711|R00726|R00746|R00754|R00756|R00762|R00947|R00959|R01015|R01061|R01063|R01068|R01512|R01516|R01518|R01600|R01602|R01662|R01786|R01788|R02569|R02739|R03270|R04394|R05132|R05133|R05134|R07618|R10860|R13199
map00010	rn00010	Glycolysis / gluconeogenesis	iEC1349_Crooks	iUTI89_1310	0		1	R01196	40	R00014|R00199|R00200|R00229|R00235|R00341|R00431|R00658|R00703|R00710|R00711|R00726|R00746|R00754|R00756|R00762|R00947|R00959|R01015|R01061|R01063|R01068|R01512|R01516|R01518|R01600|R01602|R01662|R01786|R01788|R02569|R02739|R03270|R04394|R05132|R05133|R05134|R07618|R10860|R13199
map00010	rn00010	Glycolysis / gluconeogenesis	iEC1349_Crooks	iWFL_1372	0		1	R01196	40	R00014|R00199|R00200|R00229|R00235|R00341|R00431|R00658|R00703|R00710|R00711|R00726|R00746|R00754|R00756|R00762|R00947|R00959|R01015|R01061|R01063|R01068|R01512|R01516|R01518|R01600|R01602|R01662|R01786|R01788|R02569|R02739|R03270|R04394|R05132|R05133|R05134|R07618|R10860|R13199
map00010	rn00010	Glycolysis / gluconeogenesis	iEC1349_Crooks	iY75_1357	0		1	R01196	40	R00014|R00199|R00200|R00229|R00235|R00341|R00431|R00658|R00703|R00710|R00711|R00726|R00746|R00754|R00756|R00762|R00947|R00959|R01015|R01061|R01063|R01068|R01512|R01516|R01518|R01600|R01602|R01662|R01786|R01788|R02569|R02739|R03270|R04394|R05132|R05133|R05134|R07618|R10860|R13199
map00010	rn00010	Glycolysis / gluconeogenesis	iEC1349_Crooks	iZ_1308	0		1	R01196	40	R00014|R00199|R00200|R00229|R00235|R00341|R00431|R00658|R00703|R00710|R00711|R00726|R00746|R00754|R00756|R00762|R00947|R00959|R01015|R01061|R01063|R01068|R01512|R01516|R01518|R01600|R01602|R01662|R01786|R01788|R02569|R02739|R03270|R04394|R05132|R05133|R05134|R07618|R10860|R13199
map00010	rn00010	Glycolysis / gluconeogenesis	iEC1349_Crooks	ic_1306	0		1	R01196	40	R00014|R00199|R00200|R00229|R00235|R00341|R00431|R00658|R00703|R00710|R00711|R00726|R00746|R00754|R00756|R00762|R00947|R00959|R01015|R01061|R01063|R01068|R01512|R01516|R01518|R01600|R01602|R01662|R01786|R01788|R02569|R02739|R03270|R04394|R05132|R05133|R05134|R07618|R10860|R13199
map00010	rn00010	Glycolysis / gluconeogenesis	iEC1356_Bl21DE3	iEC1372_W3110	1	R00755	0		40	R00014|R00199|R00200|R00229|R00235|R00341|R00431|R00658|R00703|R00710|R00711|R00726|R00746|R00754|R00756|R00762|R00947|R00959|R01015|R01061|R01063|R01068|R01512|R01516|R01518|R01600|R01602|R01662|R01786|R01788|R02569|R02739|R03270|R04394|R05132|R05133|R05134|R07618|R10860|R13199
map00010	rn00010	Glycolysis / gluconeogenesis	iEC1356_Bl21DE3	iEC55989_1330	1	R00755	1	R01196	40	R00014|R00199|R00200|R00229|R00235|R00341|R00431|R00658|R00703|R00710|R00711|R00726|R00746|R00754|R00756|R00762|R00947|R00959|R01015|R01061|R01063|R01068|R01512|R01516|R01518|R01600|R01602|R01662|R01786|R01788|R02569|R02739|R03270|R04394|R05132|R05133|R05134|R07618|R10860|R13199
map00010	rn00010	Glycolysis / gluconeogenesis	iEC1356_Bl21DE3	iECABU_c1320	1	R00755	1	R01196	40	R00014|R00199|R00200|R00229|R00235|R00341|R00431|R00658|R00703|R00710|R00711|R00726|R00746|R00754|R00756|R00762|R00947|R00959|R01015|R01061|R01063|R01068|R01512|R01516|R01518|R01600|R01602|R01662|R01786|R01788|R02569|R02739|R03270|R04394|R05132|R05133|R05134|R07618|R10860|R13199
map00010	rn00010	Glycolysis / gluconeogenesis	iEC1356_Bl21DE3	iECBD_1354	1	R00755	1	R01196	40	R00014|R00199|R00200|R00229|R00235|R00341|R00431|R00658|R00703|R00710|R00711|R00726|R00746|R00754|R00756|R00762|R00947|R00959|R01015|R01061|R01063|R01068|R01512|R01516|R01518|R01600|R01602|R01662|R01786|R01788|R02569|R02739|R03270|R04394|R05132|R05133|R05134|R07618|R10860|R13199
map00010	rn00010	Glycolysis / gluconeogenesis	iEC1356_Bl21DE3	iECB_1328	1	R00755	1	R01196	40	R00014|R00199|R00200|R00229|R00235|R00341|R00431|R00658|R00703|R00710|R00711|R00726|R00746|R00754|R00756|R00762|R00947|R00959|R01015|R01061|R01063|R01068|R01512|R01516|R01518|R01600|R01602|R01662|R01786|R01788|R02569|R02739|R03270|R04394|R05132|R05133|R05134|R07618|R10860|R13199
map00010	rn00010	Glycolysis / gluconeogenesis	iEC1356_Bl21DE3	iECDH10B_1368	1	R00755	1	R01196	40	R00014|R00199|R00200|R00229|R00235|R00341|R00431|R00658|R00703|R00710|R00711|R00726|R00746|R00754|R00756|R00762|R00947|R00959|R01015|R01061|R01063|R01068|R01512|R01516|R01518|R01600|R01602|R01662|R01786|R01788|R02569|R02739|R03270|R04394|R05132|R05133|R05134|R07618|R10860|R13199
map00010	rn00010	Glycolysis / gluconeogenesis	iEC1356_Bl21DE3	iECDH1ME8569_1439	1	R00755	1	R01196	40	R00014|R00199|R00200|R00229|R00235|R00341|R00431|R00658|R00703|R00710|R00711|R00726|R00746|R00754|R00756|R00762|R00947|R00959|R01015|R01061|R01063|R01068|R01512|R01516|R01518|R01600|R01602|R01662|R01786|R01788|R02569|R02739|R03270|R04394|R05132|R05133|R05134|R07618|R10860|R13199
map00010	rn00010	Glycolysis / gluconeogenesis	iEC1356_Bl21DE3	iECD_1391	1	R00755	1	R01196	40	R00014|R00199|R00200|R00229|R00235|R00341|R00431|R00658|R00703|R00710|R00711|R00726|R00746|R00754|R00756|R00762|R00947|R00959|R01015|R01061|R01063|R01068|R01512|R01516|R01518|R01600|R01602|R01662|R01786|R01788|R02569|R02739|R03270|R04394|R05132|R05133|R05134|R07618|R10860|R13199
map00010	rn00010	Glycolysis / gluconeogenesis	iEC1356_Bl21DE3	iECED1_1282	1	R00755	1	R01196	40	R00014|R00199|R00200|R00229|R00235|R00341|R00431|R00658|R00703|R00710|R00711|R00726|R00746|R00754|R00756|R00762|R00947|R00959|R01015|R01061|R01063|R01068|R01512|R01516|R01518|R01600|R01602|R01662|R01786|R01788|R02569|R02739|R03270|R04394|R05132|R05133|R05134|R07618|R10860|R13199
map00010	rn00010	Glycolysis / gluconeogenesis	iEC1356_Bl21DE3	iECH74115_1262	1	R00755	1	R01196	40	R00014|R00199|R00200|R00229|R00235|R00341|R00431|R00658|R00703|R00710|R00711|R00726|R00746|R00754|R00756|R00762|R00947|R00959|R01015|R01061|R01063|R01068|R01512|R01516|R01518|R01600|R01602|R01662|R01786|R01788|R02569|R02739|R03270|R04394|R05132|R05133|R05134|R07618|R10860|R13199
map00010	rn00010	Glycolysis / gluconeogenesis	iEC1356_Bl21DE3	iECIAI1_1343	1	R00755	1	R01196	40	R00014|R00199|R00200|R00229|R00235|R00341|R00431|R00658|R00703|R00710|R00711|R00726|R00746|R00754|R00756|R00762|R00947|R00959|R01015|R01061|R01063|R01068|R01512|R01516|R01518|R01600|R01602|R01662|R01786|R01788|R02569|R02739|R03270|R04394|R05132|R05133|R05134|R07618|R10860|R13199
map00010	rn00010	Glycolysis / gluconeogenesis	iEC1356_Bl21DE3	iECIAI39_1322	1	R00755	1	R01196	40	R00014|R00199|R00200|R00229|R00235|R00341|R00431|R00658|R00703|R00710|R00711|R00726|R00746|R00754|R00756|R00762|R00947|R00959|R01015|R01061|R01063|R01068|R01512|R01516|R01518|R01600|R01602|R01662|R01786|R01788|R02569|R02739|R03270|R04394|R05132|R05133|R05134|R07618|R10860|R13199
map00010	rn00010	Glycolysis / gluconeogenesis	iEC1356_Bl21DE3	iECNA114_1301	1	R00755	1	R01196	40	R00014|R00199|R00200|R00229|R00235|R00341|R00431|R00658|R00703|R00710|R00711|R00726|R00746|R00754|R00756|R00762|R00947|R00959|R01015|R01061|R01063|R01068|R01512|R01516|R01518|R01600|R01602|R01662|R01786|R01788|R02569|R02739|R03270|R04394|R05132|R05133|R05134|R07618|R10860|R13199
map00010	rn00010	Glycolysis / gluconeogenesis	iEC1356_Bl21DE3	iECO103_1326	1	R00755	1	R01196	40	R00014|R00199|R00200|R00229|R00235|R00341|R00431|R00658|R00703|R00710|R00711|R00726|R00746|R00754|R00756|R00762|R00947|R00959|R01015|R01061|R01063|R01068|R01512|R01516|R01518|R01600|R01602|R01662|R01786|R01788|R02569|R02739|R03270|R04394|R05132|R05133|R05134|R07618|R10860|R13199
map00010	rn00010	Glycolysis / gluconeogenesis	iEC1356_Bl21DE3	iECO111_1330	1	R00755	1	R01196	40	R00014|R00199|R00200|R00229|R00235|R00341|R00431|R00658|R00703|R00710|R00711|R00726|R00746|R00754|R00756|R00762|R00947|R00959|R01015|R01061|R01063|R01068|R01512|R01516|R01518|R01600|R01602|R01662|R01786|R01788|R02569|R02739|R03270|R04394|R05132|R05133|R05134|R07618|R10860|R13199
map00010	rn00010	Glycolysis / gluconeogenesis	iEC1356_Bl21DE3	iECO26_1355	1	R00755	1	R01196	40	R00014|R00199|R00200|R00229|R00235|R00341|R00431|R00658|R00703|R00710|R00711|R00726|R00746|R00754|R00756|R00762|R00947|R00959|R01015|R01061|R01063|R01068|R01512|R01516|R01518|R01600|R01602|R01662|R01786|R01788|R02569|R02739|R03270|R04394|R05132|R05133|R05134|R07618|R10860|R13199
map00010	rn00010	Glycolysis / gluconeogenesis	iEC1356_Bl21DE3	iECOK1_1307	1	R00755	1	R01196	40	R00014|R00199|R00200|R00229|R00235|R00341|R00431|R00658|R00703|R00710|R00711|R00726|R00746|R00754|R00756|R00762|R00947|R00959|R01015|R01061|R01063|R01068|R01512|R01516|R01518|R01600|R01602|R01662|R01786|R01788|R02569|R02739|R03270|R04394|R05132|R05133|R05134|R07618|R10860|R13199
map00010	rn00010	Glycolysis / gluconeogenesis	iEC1356_Bl21DE3	iECP_1309	1	R00755	1	R01196	40	R00014|R00199|R00200|R00229|R00235|R00341|R00431|R00658|R00703|R00710|R00711|R00726|R00746|R00754|R00756|R00762|R00947|R00959|R01015|R01061|R01063|R01068|R01512|R01516|R01518|R01600|R01602|R01662|R01786|R01788|R02569|R02739|R03270|R04394|R05132|R05133|R05134|R07618|R10860|R13199
map00010	rn00010	Glycolysis / gluconeogenesis	iEC1356_Bl21DE3	iECS88_1305	1	R00755	1	R01196	40	R00014|R00199|R00200|R00229|R00235|R00341|R00431|R00658|R00703|R00710|R00711|R00726|R00746|R00754|R00756|R00762|R00947|R00959|R01015|R01061|R01063|R01068|R01512|R01516|R01518|R01600|R01602|R01662|R01786|R01788|R02569|R02739|R03270|R04394|R05132|R05133|R05134|R07618|R10860|R13199
map00010	rn00010	Glycolysis / gluconeogenesis	iEC1356_Bl21DE3	iECSE_1348	1	R00755	1	R01196	40	R00014|R00199|R00200|R00229|R00235|R00341|R00431|R00658|R00703|R00710|R00711|R00726|R00746|R00754|R00756|R00762|R00947|R00959|R01015|R01061|R01063|R01068|R01512|R01516|R01518|R01600|R01602|R01662|R01786|R01788|R02569|R02739|R03270|R04394|R05132|R05133|R05134|R07618|R10860|R13199
map00010	rn00010	Glycolysis / gluconeogenesis	iEC1356_Bl21DE3	iECSF_1327	1	R00755	1	R01196	40	R00014|R00199|R00200|R00229|R00235|R00341|R00431|R00658|R00703|R00710|R00711|R00726|R00746|R00754|R00756|R00762|R00947|R00959|R01015|R01061|R01063|R01068|R01512|R01516|R01518|R01600|R01602|R01662|R01786|R01788|R02569|R02739|R03270|R04394|R05132|R05133|R05134|R07618|R10860|R13199
map00010	rn00010	Glycolysis / gluconeogenesis	iEC1356_Bl21DE3	iECSP_1301	1	R00755	1	R01196	40	R00014|R00199|R00200|R00229|R00235|R00341|R00431|R00658|R00703|R00710|R00711|R00726|R00746|R00754|R00756|R00762|R00947|R00959|R01015|R01061|R01063|R01068|R01512|R01516|R01518|R01600|R01602|R01662|R01786|R01788|R02569|R02739|R03270|R04394|R05132|R05133|R05134|R07618|R10860|R13199
map00010	rn00010	Glycolysis / gluconeogenesis	iEC1356_Bl21DE3	iECUMN_1333	1	R00755	1	R01196	40	R00014|R00199|R00200|R00229|R00235|R00341|R00431|R00658|R00703|R00710|R00711|R00726|R00746|R00754|R00756|R00762|R00947|R00959|R01015|R01061|R01063|R01068|R01512|R01516|R01518|R01600|R01602|R01662|R01786|R01788|R02569|R02739|R03270|R04394|R05132|R05133|R05134|R07618|R10860|R13199
map00010	rn00010	Glycolysis / gluconeogenesis	iEC1356_Bl21DE3	iECW_1372	1	R00755	1	R01196	40	R00014|R00199|R00200|R00229|R00235|R00341|R00431|R00658|R00703|R00710|R00711|R00726|R00746|R00754|R00756|R00762|R00947|R00959|R01015|R01061|R01063|R01068|R01512|R01516|R01518|R01600|R01602|R01662|R01786|R01788|R02569|R02739|R03270|R04394|R05132|R05133|R05134|R07618|R10860|R13199
map00010	rn00010	Glycolysis / gluconeogenesis	iEC1356_Bl21DE3	iECs_1301	1	R00755	1	R01196	40	R00014|R00199|R00200|R00229|R00235|R00341|R00431|R00658|R00703|R00710|R00711|R00726|R00746|R00754|R00756|R00762|R00947|R00959|R01015|R01061|R01063|R01068|R01512|R01516|R01518|R01600|R01602|R01662|R01786|R01788|R02569|R02739|R03270|R04394|R05132|R05133|R05134|R07618|R10860|R13199
map00010	rn00010	Glycolysis / gluconeogenesis	iEC1356_Bl21DE3	iEKO11_1354	1	R00755	1	R01196	40	R00014|R00199|R00200|R00229|R00235|R00341|R00431|R00658|R00703|R00710|R00711|R00726|R00746|R00754|R00756|R00762|R00947|R00959|R01015|R01061|R01063|R01068|R01512|R01516|R01518|R01600|R01602|R01662|R01786|R01788|R02569|R02739|R03270|R04394|R05132|R05133|R05134|R07618|R10860|R13199
map00010	rn00010	Glycolysis / gluconeogenesis	iEC1356_Bl21DE3	iETEC_1333	1	R00755	1	R01196	40	R00014|R00199|R00200|R00229|R00235|R00341|R00431|R00658|R00703|R00710|R00711|R00726|R00746|R00754|R00756|R00762|R00947|R00959|R01015|R01061|R01063|R01068|R01512|R01516|R01518|R01600|R01602|R01662|R01786|R01788|R02569|R02739|R03270|R04394|R05132|R05133|R05134|R07618|R10860|R13199
map00010	rn00010	Glycolysis / gluconeogenesis	iEC1356_Bl21DE3	iEcDH1_1363	1	R00755	1	R01196	40	R00014|R00199|R00200|R00229|R00235|R00341|R00431|R00658|R00703|R00710|R00711|R00726|R00746|R00754|R00756|R00762|R00947|R00959|R01015|R01061|R01063|R01068|R01512|R01516|R01518|R01600|R01602|R01662|R01786|R01788|R02569|R02739|R03270|R04394|R05132|R05133|R05134|R07618|R10860|R13199
map00010	rn00010	Glycolysis / gluconeogenesis	iEC1356_Bl21DE3	iEcE24377_1341	1	R00755	1	R01196	40	R00014|R00199|R00200|R00229|R00235|R00341|R00431|R00658|R00703|R00710|R00711|R00726|R00746|R00754|R00756|R00762|R00947|R00959|R01015|R01061|R01063|R01068|R01512|R01516|R01518|R01600|R01602|R01662|R01786|R01788|R02569|R02739|R03270|R04394|R05132|R05133|R05134|R07618|R10860|R13199
map00010	rn00010	Glycolysis / gluconeogenesis	iEC1356_Bl21DE3	iEcHS_1320	1	R00755	1	R01196	40	R00014|R00199|R00200|R00229|R00235|R00341|R00431|R00658|R00703|R00710|R00711|R00726|R00746|R00754|R00756|R00762|R00947|R00959|R01015|R01061|R01063|R01068|R01512|R01516|R01518|R01600|R01602|R01662|R01786|R01788|R02569|R02739|R03270|R04394|R05132|R05133|R05134|R07618|R10860|R13199
map00010	rn00010	Glycolysis / gluconeogenesis	iEC1356_Bl21DE3	iEcSMS35_1347	1	R00755	1	R01196	40	R00014|R00199|R00200|R00229|R00235|R00341|R00431|R00658|R00703|R00710|R00711|R00726|R00746|R00754|R00756|R00762|R00947|R00959|R01015|R01061|R01063|R01068|R01512|R01516|R01518|R01600|R01602|R01662|R01786|R01788|R02569|R02739|R03270|R04394|R05132|R05133|R05134|R07618|R10860|R13199
map00010	rn00010	Glycolysis / gluconeogenesis	iEC1356_Bl21DE3	iEcolC_1368	1	R00755	1	R01196	40	R00014|R00199|R00200|R00229|R00235|R00341|R00431|R00658|R00703|R00710|R00711|R00726|R00746|R00754|R00756|R00762|R00947|R00959|R01015|R01061|R01063|R01068|R01512|R01516|R01518|R01600|R01602|R01662|R01786|R01788|R02569|R02739|R03270|R04394|R05132|R05133|R05134|R07618|R10860|R13199
map00010	rn00010	Glycolysis / gluconeogenesis	iEC1356_Bl21DE3	iG2583_1286	1	R00755	1	R01196	40	R00014|R00199|R00200|R00229|R00235|R00341|R00431|R00658|R00703|R00710|R00711|R00726|R00746|R00754|R00756|R00762|R00947|R00959|R01015|R01061|R01063|R01068|R01512|R01516|R01518|R01600|R01602|R01662|R01786|R01788|R02569|R02739|R03270|R04394|R05132|R05133|R05134|R07618|R10860|R13199
map00010	rn00010	Glycolysis / gluconeogenesis	iEC1356_Bl21DE3	iJO1366	1	R00755	0		40	R00014|R00199|R00200|R00229|R00235|R00341|R00431|R00658|R00703|R00710|R00711|R00726|R00746|R00754|R00756|R00762|R00947|R00959|R01015|R01061|R01063|R01068|R01512|R01516|R01518|R01600|R01602|R01662|R01786|R01788|R02569|R02739|R03270|R04394|R05132|R05133|R05134|R07618|R10860|R13199
map00010	rn00010	Glycolysis / gluconeogenesis	iEC1356_Bl21DE3	iJR904	4	R00754|R00755|R01602|R01788	0		37	R00014|R00199|R00200|R00229|R00235|R00341|R00431|R00658|R00703|R00710|R00711|R00726|R00746|R00756|R00762|R00947|R00959|R01015|R01061|R01063|R01068|R01512|R01516|R01518|R01600|R01662|R01786|R02569|R02739|R03270|R04394|R05132|R05133|R05134|R07618|R10860|R13199
map00010	rn00010	Glycolysis / gluconeogenesis	iEC1356_Bl21DE3	iLF82_1304	1	R00755	1	R01196	40	R00014|R00199|R00200|R00229|R00235|R00341|R00431|R00658|R00703|R00710|R00711|R00726|R00746|R00754|R00756|R00762|R00947|R00959|R01015|R01061|R01063|R01068|R01512|R01516|R01518|R01600|R01602|R01662|R01786|R01788|R02569|R02739|R03270|R04394|R05132|R05133|R05134|R07618|R10860|R13199
map00010	rn00010	Glycolysis / gluconeogenesis	iEC1356_Bl21DE3	iML1515	1	R00755	0		40	R00014|R00199|R00200|R00229|R00235|R00341|R00431|R00658|R00703|R00710|R00711|R00726|R00746|R00754|R00756|R00762|R00947|R00959|R01015|R01061|R01063|R01068|R01512|R01516|R01518|R01600|R01602|R01662|R01786|R01788|R02569|R02739|R03270|R04394|R05132|R05133|R05134|R07618|R10860|R13199
map00010	rn00010	Glycolysis / gluconeogenesis	iEC1356_Bl21DE3	iNRG857_1313	1	R00755	1	R01196	40	R00014|R00199|R00200|R00229|R00235|R00341|R00431|R00658|R00703|R00710|R00711|R00726|R00746|R00754|R00756|R00762|R00947|R00959|R01015|R01061|R01063|R01068|R01512|R01516|R01518|R01600|R01602|R01662|R01786|R01788|R02569|R02739|R03270|R04394|R05132|R05133|R05134|R07618|R10860|R13199
map00010	rn00010	Glycolysis / gluconeogenesis	iEC1356_Bl21DE3	iUMN146_1321	1	R00755	1	R01196	40	R00014|R00199|R00200|R00229|R00235|R00341|R00431|R00658|R00703|R00710|R00711|R00726|R00746|R00754|R00756|R00762|R00947|R00959|R01015|R01061|R01063|R01068|R01512|R01516|R01518|R01600|R01602|R01662|R01786|R01788|R02569|R02739|R03270|R04394|R05132|R05133|R05134|R07618|R10860|R13199
map00010	rn00010	Glycolysis / gluconeogenesis	iEC1356_Bl21DE3	iUMNK88_1353	1	R00755	1	R01196	40	R00014|R00199|R00200|R00229|R00235|R00341|R00431|R00658|R00703|R00710|R00711|R00726|R00746|R00754|R00756|R00762|R00947|R00959|R01015|R01061|R01063|R01068|R01512|R01516|R01518|R01600|R01602|R01662|R01786|R01788|R02569|R02739|R03270|R04394|R05132|R05133|R05134|R07618|R10860|R13199
map00010	rn00010	Glycolysis / gluconeogenesis	iEC1356_Bl21DE3	iUTI89_1310	1	R00755	1	R01196	40	R00014|R00199|R00200|R00229|R00235|R00341|R00431|R00658|R00703|R00710|R00711|R00726|R00746|R00754|R00756|R00762|R00947|R00959|R01015|R01061|R01063|R01068|R01512|R01516|R01518|R01600|R01602|R01662|R01786|R01788|R02569|R02739|R03270|R04394|R05132|R05133|R05134|R07618|R10860|R13199
map00010	rn00010	Glycolysis / gluconeogenesis	iEC1356_Bl21DE3	iWFL_1372	1	R00755	1	R01196	40	R00014|R00199|R00200|R00229|R00235|R00341|R00431|R00658|R00703|R00710|R00711|R00726|R00746|R00754|R00756|R00762|R00947|R00959|R01015|R01061|R01063|R01068|R01512|R01516|R01518|R01600|R01602|R01662|R01786|R01788|R02569|R02739|R03270|R04394|R05132|R05133|R05134|R07618|R10860|R13199
map00010	rn00010	Glycolysis / gluconeogenesis	iEC1356_Bl21DE3	iY75_1357	1	R00755	1	R01196	40	R00014|R00199|R00200|R00229|R00235|R00341|R00431|R00658|R00703|R00710|R00711|R00726|R00746|R00754|R00756|R00762|R00947|R00959|R01015|R01061|R01063|R01068|R01512|R01516|R01518|R01600|R01602|R01662|R01786|R01788|R02569|R02739|R03270|R04394|R05132|R05133|R05134|R07618|R10860|R13199
map00010	rn00010	Glycolysis / gluconeogenesis	iEC1356_Bl21DE3	iZ_1308	1	R00755	1	R01196	40	R00014|R00199|R00200|R00229|R00235|R00341|R00431|R00658|R00703|R00710|R00711|R00726|R00746|R00754|R00756|R00762|R00947|R00959|R01015|R01061|R01063|R01068|R01512|R01516|R01518|R01600|R01602|R01662|R01786|R01788|R02569|R02739|R03270|R04394|R05132|R05133|R05134|R07618|R10860|R13199
map00010	rn00010	Glycolysis / gluconeogenesis	iEC1356_Bl21DE3	ic_1306	1	R00755	1	R01196	40	R00014|R00199|R00200|R00229|R00235|R00341|R00431|R00658|R00703|R00710|R00711|R00726|R00746|R00754|R00756|R00762|R00947|R00959|R01015|R01061|R01063|R01068|R01512|R01516|R01518|R01600|R01602|R01662|R01786|R01788|R02569|R02739|R03270|R04394|R05132|R05133|R05134|R07618|R10860|R13199
map00010	rn00010	Glycolysis / gluconeogenesis	iEC1364_W	iEC1372_W3110	1	R00755	0		40	R00014|R00199|R00200|R00229|R00235|R00341|R00431|R00658|R00703|R00710|R00711|R00726|R00746|R00754|R00756|R00762|R00947|R00959|R01015|R01061|R01063|R01068|R01512|R01516|R01518|R01600|R01602|R01662|R01786|R01788|R02569|R02739|R03270|R04394|R05132|R05133|R05134|R07618|R10860|R13199
map00010	rn00010	Glycolysis / gluconeogenesis	iEC1364_W	iEC55989_1330	1	R00755	1	R01196	40	R00014|R00199|R00200|R00229|R00235|R00341|R00431|R00658|R00703|R00710|R00711|R00726|R00746|R00754|R00756|R00762|R00947|R00959|R01015|R01061|R01063|R01068|R01512|R01516|R01518|R01600|R01602|R01662|R01786|R01788|R02569|R02739|R03270|R04394|R05132|R05133|R05134|R07618|R10860|R13199
map00010	rn00010	Glycolysis / gluconeogenesis	iEC1364_W	iECABU_c1320	1	R00755	1	R01196	40	R00014|R00199|R00200|R00229|R00235|R00341|R00431|R00658|R00703|R00710|R00711|R00726|R00746|R00754|R00756|R00762|R00947|R00959|R01015|R01061|R01063|R01068|R01512|R01516|R01518|R01600|R01602|R01662|R01786|R01788|R02569|R02739|R03270|R04394|R05132|R05133|R05134|R07618|R10860|R13199
map00010	rn00010	Glycolysis / gluconeogenesis	iEC1364_W	iECBD_1354	1	R00755	1	R01196	40	R00014|R00199|R00200|R00229|R00235|R00341|R00431|R00658|R00703|R00710|R00711|R00726|R00746|R00754|R00756|R00762|R00947|R00959|R01015|R01061|R01063|R01068|R01512|R01516|R01518|R01600|R01602|R01662|R01786|R01788|R02569|R02739|R03270|R04394|R05132|R05133|R05134|R07618|R10860|R13199
map00010	rn00010	Glycolysis / gluconeogenesis	iEC1364_W	iECB_1328	1	R00755	1	R01196	40	R00014|R00199|R00200|R00229|R00235|R00341|R00431|R00658|R00703|R00710|R00711|R00726|R00746|R00754|R00756|R00762|R00947|R00959|R01015|R01061|R01063|R01068|R01512|R01516|R01518|R01600|R01602|R01662|R01786|R01788|R02569|R02739|R03270|R04394|R05132|R05133|R05134|R07618|R10860|R13199
map00010	rn00010	Glycolysis / gluconeogenesis	iEC1364_W	iECDH10B_1368	1	R00755	1	R01196	40	R00014|R00199|R00200|R00229|R00235|R00341|R00431|R00658|R00703|R00710|R00711|R00726|R00746|R00754|R00756|R00762|R00947|R00959|R01015|R01061|R01063|R01068|R01512|R01516|R01518|R01600|R01602|R01662|R01786|R01788|R02569|R02739|R03270|R04394|R05132|R05133|R05134|R07618|R10860|R13199
map00010	rn00010	Glycolysis / gluconeogenesis	iEC1364_W	iECDH1ME8569_1439	1	R00755	1	R01196	40	R00014|R00199|R00200|R00229|R00235|R00341|R00431|R00658|R00703|R00710|R00711|R00726|R00746|R00754|R00756|R00762|R00947|R00959|R01015|R01061|R01063|R01068|R01512|R01516|R01518|R01600|R01602|R01662|R01786|R01788|R02569|R02739|R03270|R04394|R05132|R05133|R05134|R07618|R10860|R13199
map00010	rn00010	Glycolysis / gluconeogenesis	iEC1364_W	iECD_1391	1	R00755	1	R01196	40	R00014|R00199|R00200|R00229|R00235|R00341|R00431|R00658|R00703|R00710|R00711|R00726|R00746|R00754|R00756|R00762|R00947|R00959|R01015|R01061|R01063|R01068|R01512|R01516|R01518|R01600|R01602|R01662|R01786|R01788|R02569|R02739|R03270|R04394|R05132|R05133|R05134|R07618|R10860|R13199
map00010	rn00010	Glycolysis / gluconeogenesis	iEC1364_W	iECED1_1282	1	R00755	1	R01196	40	R00014|R00199|R00200|R00229|R00235|R00341|R00431|R00658|R00703|R00710|R00711|R00726|R00746|R00754|R00756|R00762|R00947|R00959|R01015|R01061|R01063|R01068|R01512|R01516|R01518|R01600|R01602|R01662|R01786|R01788|R02569|R02739|R03270|R04394|R05132|R05133|R05134|R07618|R10860|R13199
map00010	rn00010	Glycolysis / gluconeogenesis	iEC1364_W	iECH74115_1262	1	R00755	1	R01196	40	R00014|R00199|R00200|R00229|R00235|R00341|R00431|R00658|R00703|R00710|R00711|R00726|R00746|R00754|R00756|R00762|R00947|R00959|R01015|R01061|R01063|R01068|R01512|R01516|R01518|R01600|R01602|R01662|R01786|R01788|R02569|R02739|R03270|R04394|R05132|R05133|R05134|R07618|R10860|R13199
map00010	rn00010	Glycolysis / gluconeogenesis	iEC1364_W	iECIAI1_1343	1	R00755	1	R01196	40	R00014|R00199|R00200|R00229|R00235|R00341|R00431|R00658|R00703|R00710|R00711|R00726|R00746|R00754|R00756|R00762|R00947|R00959|R01015|R01061|R01063|R01068|R01512|R01516|R01518|R01600|R01602|R01662|R01786|R01788|R02569|R02739|R03270|R04394|R05132|R05133|R05134|R07618|R10860|R13199
map00010	rn00010	Glycolysis / gluconeogenesis	iEC1364_W	iECIAI39_1322	1	R00755	1	R01196	40	R00014|R00199|R00200|R00229|R00235|R00341|R00431|R00658|R00703|R00710|R00711|R00726|R00746|R00754|R00756|R00762|R00947|R00959|R01015|R01061|R01063|R01068|R01512|R01516|R01518|R01600|R01602|R01662|R01786|R01788|R02569|R02739|R03270|R04394|R05132|R05133|R05134|R07618|R10860|R13199
map00010	rn00010	Glycolysis / gluconeogenesis	iEC1364_W	iECNA114_1301	1	R00755	1	R01196	40	R00014|R00199|R00200|R00229|R00235|R00341|R00431|R00658|R00703|R00710|R00711|R00726|R00746|R00754|R00756|R00762|R00947|R00959|R01015|R01061|R01063|R01068|R01512|R01516|R01518|R01600|R01602|R01662|R01786|R01788|R02569|R02739|R03270|R04394|R05132|R05133|R05134|R07618|R10860|R13199
map00010	rn00010	Glycolysis / gluconeogenesis	iEC1364_W	iECO103_1326	1	R00755	1	R01196	40	R00014|R00199|R00200|R00229|R00235|R00341|R00431|R00658|R00703|R00710|R00711|R00726|R00746|R00754|R00756|R00762|R00947|R00959|R01015|R01061|R01063|R01068|R01512|R01516|R01518|R01600|R01602|R01662|R01786|R01788|R02569|R02739|R03270|R04394|R05132|R05133|R05134|R07618|R10860|R13199
map00010	rn00010	Glycolysis / gluconeogenesis	iEC1364_W	iECO111_1330	1	R00755	1	R01196	40	R00014|R00199|R00200|R00229|R00235|R00341|R00431|R00658|R00703|R00710|R00711|R00726|R00746|R00754|R00756|R00762|R00947|R00959|R01015|R01061|R01063|R01068|R01512|R01516|R01518|R01600|R01602|R01662|R01786|R01788|R02569|R02739|R03270|R04394|R05132|R05133|R05134|R07618|R10860|R13199
map00010	rn00010	Glycolysis / gluconeogenesis	iEC1364_W	iECO26_1355	1	R00755	1	R01196	40	R00014|R00199|R00200|R00229|R00235|R00341|R00431|R00658|R00703|R00710|R00711|R00726|R00746|R00754|R00756|R00762|R00947|R00959|R01015|R01061|R01063|R01068|R01512|R01516|R01518|R01600|R01602|R01662|R01786|R01788|R02569|R02739|R03270|R04394|R05132|R05133|R05134|R07618|R10860|R13199
map00010	rn00010	Glycolysis / gluconeogenesis	iEC1364_W	iECOK1_1307	1	R00755	1	R01196	40	R00014|R00199|R00200|R00229|R00235|R00341|R00431|R00658|R00703|R00710|R00711|R00726|R00746|R00754|R00756|R00762|R00947|R00959|R01015|R01061|R01063|R01068|R01512|R01516|R01518|R01600|R01602|R01662|R01786|R01788|R02569|R02739|R03270|R04394|R05132|R05133|R05134|R07618|R10860|R13199
map00010	rn00010	Glycolysis / gluconeogenesis	iEC1364_W	iECP_1309	1	R00755	1	R01196	40	R00014|R00199|R00200|R00229|R00235|R00341|R00431|R00658|R00703|R00710|R00711|R00726|R00746|R00754|R00756|R00762|R00947|R00959|R01015|R01061|R01063|R01068|R01512|R01516|R01518|R01600|R01602|R01662|R01786|R01788|R02569|R02739|R03270|R04394|R05132|R05133|R05134|R07618|R10860|R13199
map00010	rn00010	Glycolysis / gluconeogenesis	iEC1364_W	iECS88_1305	1	R00755	1	R01196	40	R00014|R00199|R00200|R00229|R00235|R00341|R00431|R00658|R00703|R00710|R00711|R00726|R00746|R00754|R00756|R00762|R00947|R00959|R01015|R01061|R01063|R01068|R01512|R01516|R01518|R01600|R01602|R01662|R01786|R01788|R02569|R02739|R03270|R04394|R05132|R05133|R05134|R07618|R10860|R13199
map00010	rn00010	Glycolysis / gluconeogenesis	iEC1364_W	iECSE_1348	1	R00755	1	R01196	40	R00014|R00199|R00200|R00229|R00235|R00341|R00431|R00658|R00703|R00710|R00711|R00726|R00746|R00754|R00756|R00762|R00947|R00959|R01015|R01061|R01063|R01068|R01512|R01516|R01518|R01600|R01602|R01662|R01786|R01788|R02569|R02739|R03270|R04394|R05132|R05133|R05134|R07618|R10860|R13199
map00010	rn00010	Glycolysis / gluconeogenesis	iEC1364_W	iECSF_1327	1	R00755	1	R01196	40	R00014|R00199|R00200|R00229|R00235|R00341|R00431|R00658|R00703|R00710|R00711|R00726|R00746|R00754|R00756|R00762|R00947|R00959|R01015|R01061|R01063|R01068|R01512|R01516|R01518|R01600|R01602|R01662|R01786|R01788|R02569|R02739|R03270|R04394|R05132|R05133|R05134|R07618|R10860|R13199
map00010	rn00010	Glycolysis / gluconeogenesis	iEC1364_W	iECSP_1301	1	R00755	1	R01196	40	R00014|R00199|R00200|R00229|R00235|R00341|R00431|R00658|R00703|R00710|R00711|R00726|R00746|R00754|R00756|R00762|R00947|R00959|R01015|R01061|R01063|R01068|R01512|R01516|R01518|R01600|R01602|R01662|R01786|R01788|R02569|R02739|R03270|R04394|R05132|R05133|R05134|R07618|R10860|R13199
map00010	rn00010	Glycolysis / gluconeogenesis	iEC1364_W	iECUMN_1333	1	R00755	1	R01196	40	R00014|R00199|R00200|R00229|R00235|R00341|R00431|R00658|R00703|R00710|R00711|R00726|R00746|R00754|R00756|R00762|R00947|R00959|R01015|R01061|R01063|R01068|R01512|R01516|R01518|R01600|R01602|R01662|R01786|R01788|R02569|R02739|R03270|R04394|R05132|R05133|R05134|R07618|R10860|R13199
map00010	rn00010	Glycolysis / gluconeogenesis	iEC1364_W	iECW_1372	1	R00755	1	R01196	40	R00014|R00199|R00200|R00229|R00235|R00341|R00431|R00658|R00703|R00710|R00711|R00726|R00746|R00754|R00756|R00762|R00947|R00959|R01015|R01061|R01063|R01068|R01512|R01516|R01518|R01600|R01602|R01662|R01786|R01788|R02569|R02739|R03270|R04394|R05132|R05133|R05134|R07618|R10860|R13199
map00010	rn00010	Glycolysis / gluconeogenesis	iEC1364_W	iECs_1301	1	R00755	1	R01196	40	R00014|R00199|R00200|R00229|R00235|R00341|R00431|R00658|R00703|R00710|R00711|R00726|R00746|R00754|R00756|R00762|R00947|R00959|R01015|R01061|R01063|R01068|R01512|R01516|R01518|R01600|R01602|R01662|R01786|R01788|R02569|R02739|R03270|R04394|R05132|R05133|R05134|R07618|R10860|R13199
map00010	rn00010	Glycolysis / gluconeogenesis	iEC1364_W	iEKO11_1354	1	R00755	1	R01196	40	R00014|R00199|R00200|R00229|R00235|R00341|R00431|R00658|R00703|R00710|R00711|R00726|R00746|R00754|R00756|R00762|R00947|R00959|R01015|R01061|R01063|R01068|R01512|R01516|R01518|R01600|R01602|R01662|R01786|R01788|R02569|R02739|R03270|R04394|R05132|R05133|R05134|R07618|R10860|R13199
map00010	rn00010	Glycolysis / gluconeogenesis	iEC1364_W	iETEC_1333	1	R00755	1	R01196	40	R00014|R00199|R00200|R00229|R00235|R00341|R00431|R00658|R00703|R00710|R00711|R00726|R00746|R00754|R00756|R00762|R00947|R00959|R01015|R01061|R01063|R01068|R01512|R01516|R01518|R01600|R01602|R01662|R01786|R01788|R02569|R02739|R03270|R04394|R05132|R05133|R05134|R07618|R10860|R13199
map00010	rn00010	Glycolysis / gluconeogenesis	iEC1364_W	iEcDH1_1363	1	R00755	1	R01196	40	R00014|R00199|R00200|R00229|R00235|R00341|R00431|R00658|R00703|R00710|R00711|R00726|R00746|R00754|R00756|R00762|R00947|R00959|R01015|R01061|R01063|R01068|R01512|R01516|R01518|R01600|R01602|R01662|R01786|R01788|R02569|R02739|R03270|R04394|R05132|R05133|R05134|R07618|R10860|R13199
map00010	rn00010	Glycolysis / gluconeogenesis	iEC1364_W	iEcE24377_1341	1	R00755	1	R01196	40	R00014|R00199|R00200|R00229|R00235|R00341|R00431|R00658|R00703|R00710|R00711|R00726|R00746|R00754|R00756|R00762|R00947|R00959|R01015|R01061|R01063|R01068|R01512|R01516|R01518|R01600|R01602|R01662|R01786|R01788|R02569|R02739|R03270|R04394|R05132|R05133|R05134|R07618|R10860|R13199
map00010	rn00010	Glycolysis / gluconeogenesis	iEC1364_W	iEcHS_1320	1	R00755	1	R01196	40	R00014|R00199|R00200|R00229|R00235|R00341|R00431|R00658|R00703|R00710|R00711|R00726|R00746|R00754|R00756|R00762|R00947|R00959|R01015|R01061|R01063|R01068|R01512|R01516|R01518|R01600|R01602|R01662|R01786|R01788|R02569|R02739|R03270|R04394|R05132|R05133|R05134|R07618|R10860|R13199
map00010	rn00010	Glycolysis / gluconeogenesis	iEC1364_W	iEcSMS35_1347	1	R00755	1	R01196	40	R00014|R00199|R00200|R00229|R00235|R00341|R00431|R00658|R00703|R00710|R00711|R00726|R00746|R00754|R00756|R00762|R00947|R00959|R01015|R01061|R01063|R01068|R01512|R01516|R01518|R01600|R01602|R01662|R01786|R01788|R02569|R02739|R03270|R04394|R05132|R05133|R05134|R07618|R10860|R13199
map00010	rn00010	Glycolysis / gluconeogenesis	iEC1364_W	iEcolC_1368	1	R00755	1	R01196	40	R00014|R00199|R00200|R00229|R00235|R00341|R00431|R00658|R00703|R00710|R00711|R00726|R00746|R00754|R00756|R00762|R00947|R00959|R01015|R01061|R01063|R01068|R01512|R01516|R01518|R01600|R01602|R01662|R01786|R01788|R02569|R02739|R03270|R04394|R05132|R05133|R05134|R07618|R10860|R13199
map00010	rn00010	Glycolysis / gluconeogenesis	iEC1364_W	iG2583_1286	1	R00755	1	R01196	40	R00014|R00199|R00200|R00229|R00235|R00341|R00431|R00658|R00703|R00710|R00711|R00726|R00746|R00754|R00756|R00762|R00947|R00959|R01015|R01061|R01063|R01068|R01512|R01516|R01518|R01600|R01602|R01662|R01786|R01788|R02569|R02739|R03270|R04394|R05132|R05133|R05134|R07618|R10860|R13199
map00010	rn00010	Glycolysis / gluconeogenesis	iEC1364_W	iJO1366	1	R00755	0		40	R00014|R00199|R00200|R00229|R00235|R00341|R00431|R00658|R00703|R00710|R00711|R00726|R00746|R00754|R00756|R00762|R00947|R00959|R01015|R01061|R01063|R01068|R01512|R01516|R01518|R01600|R01602|R01662|R01786|R01788|R02569|R02739|R03270|R04394|R05132|R05133|R05134|R07618|R10860|R13199
map00010	rn00010	Glycolysis / gluconeogenesis	iEC1364_W	iJR904	4	R00754|R00755|R01602|R01788	0		37	R00014|R00199|R00200|R00229|R00235|R00341|R00431|R00658|R00703|R00710|R00711|R00726|R00746|R00756|R00762|R00947|R00959|R01015|R01061|R01063|R01068|R01512|R01516|R01518|R01600|R01662|R01786|R02569|R02739|R03270|R04394|R05132|R05133|R05134|R07618|R10860|R13199
map00010	rn00010	Glycolysis / gluconeogenesis	iEC1364_W	iLF82_1304	1	R00755	1	R01196	40	R00014|R00199|R00200|R00229|R00235|R00341|R00431|R00658|R00703|R00710|R00711|R00726|R00746|R00754|R00756|R00762|R00947|R00959|R01015|R01061|R01063|R01068|R01512|R01516|R01518|R01600|R01602|R01662|R01786|R01788|R02569|R02739|R03270|R04394|R05132|R05133|R05134|R07618|R10860|R13199
map00010	rn00010	Glycolysis / gluconeogenesis	iEC1364_W	iML1515	1	R00755	0		40	R00014|R00199|R00200|R00229|R00235|R00341|R00431|R00658|R00703|R00710|R00711|R00726|R00746|R00754|R00756|R00762|R00947|R00959|R01015|R01061|R01063|R01068|R01512|R01516|R01518|R01600|R01602|R01662|R01786|R01788|R02569|R02739|R03270|R04394|R05132|R05133|R05134|R07618|R10860|R13199
map00010	rn00010	Glycolysis / gluconeogenesis	iEC1364_W	iNRG857_1313	1	R00755	1	R01196	40	R00014|R00199|R00200|R00229|R00235|R00341|R00431|R00658|R00703|R00710|R00711|R00726|R00746|R00754|R00756|R00762|R00947|R00959|R01015|R01061|R01063|R01068|R01512|R01516|R01518|R01600|R01602|R01662|R01786|R01788|R02569|R02739|R03270|R04394|R05132|R05133|R05134|R07618|R10860|R13199
map00010	rn00010	Glycolysis / gluconeogenesis	iEC1364_W	iUMN146_1321	1	R00755	1	R01196	40	R00014|R00199|R00200|R00229|R00235|R00341|R00431|R00658|R00703|R00710|R00711|R00726|R00746|R00754|R00756|R00762|R00947|R00959|R01015|R01061|R01063|R01068|R01512|R01516|R01518|R01600|R01602|R01662|R01786|R01788|R02569|R02739|R03270|R04394|R05132|R05133|R05134|R07618|R10860|R13199
map00010	rn00010	Glycolysis / gluconeogenesis	iEC1364_W	iUMNK88_1353	1	R00755	1	R01196	40	R00014|R00199|R00200|R00229|R00235|R00341|R00431|R00658|R00703|R00710|R00711|R00726|R00746|R00754|R00756|R00762|R00947|R00959|R01015|R01061|R01063|R01068|R01512|R01516|R01518|R01600|R01602|R01662|R01786|R01788|R02569|R02739|R03270|R04394|R05132|R05133|R05134|R07618|R10860|R13199
map00010	rn00010	Glycolysis / gluconeogenesis	iEC1364_W	iUTI89_1310	1	R00755	1	R01196	40	R00014|R00199|R00200|R00229|R00235|R00341|R00431|R00658|R00703|R00710|R00711|R00726|R00746|R00754|R00756|R00762|R00947|R00959|R01015|R01061|R01063|R01068|R01512|R01516|R01518|R01600|R01602|R01662|R01786|R01788|R02569|R02739|R03270|R04394|R05132|R05133|R05134|R07618|R10860|R13199
map00010	rn00010	Glycolysis / gluconeogenesis	iEC1364_W	iWFL_1372	1	R00755	1	R01196	40	R00014|R00199|R00200|R00229|R00235|R00341|R00431|R00658|R00703|R00710|R00711|R00726|R00746|R00754|R00756|R00762|R00947|R00959|R01015|R01061|R01063|R01068|R01512|R01516|R01518|R01600|R01602|R01662|R01786|R01788|R02569|R02739|R03270|R04394|R05132|R05133|R05134|R07618|R10860|R13199
map00010	rn00010	Glycolysis / gluconeogenesis	iEC1364_W	iY75_1357	1	R00755	1	R01196	40	R00014|R00199|R00200|R00229|R00235|R00341|R00431|R00658|R00703|R00710|R00711|R00726|R00746|R00754|R00756|R00762|R00947|R00959|R01015|R01061|R01063|R01068|R01512|R01516|R01518|R01600|R01602|R01662|R01786|R01788|R02569|R02739|R03270|R04394|R05132|R05133|R05134|R07618|R10860|R13199
map00010	rn00010	Glycolysis / gluconeogenesis	iEC1364_W	iZ_1308	1	R00755	1	R01196	40	R00014|R00199|R00200|R00229|R00235|R00341|R00431|R00658|R00703|R00710|R00711|R00726|R00746|R00754|R00756|R00762|R00947|R00959|R01015|R01061|R01063|R01068|R01512|R01516|R01518|R01600|R01602|R01662|R01786|R01788|R02569|R02739|R03270|R04394|R05132|R05133|R05134|R07618|R10860|R13199
map00010	rn00010	Glycolysis / gluconeogenesis	iEC1364_W	ic_1306	1	R00755	1	R01196	40	R00014|R00199|R00200|R00229|R00235|R00341|R00431|R00658|R00703|R00710|R00711|R00726|R00746|R00754|R00756|R00762|R00947|R00959|R01015|R01061|R01063|R01068|R01512|R01516|R01518|R01600|R01602|R01662|R01786|R01788|R02569|R02739|R03270|R04394|R05132|R05133|R05134|R07618|R10860|R13199
map00010	rn00010	Glycolysis / gluconeogenesis	iEC1368_DH5a	iEC1372_W3110	1	R00755	0		40	R00014|R00199|R00200|R00229|R00235|R00341|R00431|R00658|R00703|R00710|R00711|R00726|R00746|R00754|R00756|R00762|R00947|R00959|R01015|R01061|R01063|R01068|R01512|R01516|R01518|R01600|R01602|R01662|R01786|R01788|R02569|R02739|R03270|R04394|R05132|R05133|R05134|R07618|R10860|R13199
map00010	rn00010	Glycolysis / gluconeogenesis	iEC1368_DH5a	iEC55989_1330	1	R00755	1	R01196	40	R00014|R00199|R00200|R00229|R00235|R00341|R00431|R00658|R00703|R00710|R00711|R00726|R00746|R00754|R00756|R00762|R00947|R00959|R01015|R01061|R01063|R01068|R01512|R01516|R01518|R01600|R01602|R01662|R01786|R01788|R02569|R02739|R03270|R04394|R05132|R05133|R05134|R07618|R10860|R13199
map00010	rn00010	Glycolysis / gluconeogenesis	iEC1368_DH5a	iECABU_c1320	1	R00755	1	R01196	40	R00014|R00199|R00200|R00229|R00235|R00341|R00431|R00658|R00703|R00710|R00711|R00726|R00746|R00754|R00756|R00762|R00947|R00959|R01015|R01061|R01063|R01068|R01512|R01516|R01518|R01600|R01602|R01662|R01786|R01788|R02569|R02739|R03270|R04394|R05132|R05133|R05134|R07618|R10860|R13199
map00010	rn00010	Glycolysis / gluconeogenesis	iEC1368_DH5a	iECBD_1354	1	R00755	1	R01196	40	R00014|R00199|R00200|R00229|R00235|R00341|R00431|R00658|R00703|R00710|R00711|R00726|R00746|R00754|R00756|R00762|R00947|R00959|R01015|R01061|R01063|R01068|R01512|R01516|R01518|R01600|R01602|R01662|R01786|R01788|R02569|R02739|R03270|R04394|R05132|R05133|R05134|R07618|R10860|R13199
map00010	rn00010	Glycolysis / gluconeogenesis	iEC1368_DH5a	iECB_1328	1	R00755	1	R01196	40	R00014|R00199|R00200|R00229|R00235|R00341|R00431|R00658|R00703|R00710|R00711|R00726|R00746|R00754|R00756|R00762|R00947|R00959|R01015|R01061|R01063|R01068|R01512|R01516|R01518|R01600|R01602|R01662|R01786|R01788|R02569|R02739|R03270|R04394|R05132|R05133|R05134|R07618|R10860|R13199
map00010	rn00010	Glycolysis / gluconeogenesis	iEC1368_DH5a	iECDH10B_1368	1	R00755	1	R01196	40	R00014|R00199|R00200|R00229|R00235|R00341|R00431|R00658|R00703|R00710|R00711|R00726|R00746|R00754|R00756|R00762|R00947|R00959|R01015|R01061|R01063|R01068|R01512|R01516|R01518|R01600|R01602|R01662|R01786|R01788|R02569|R02739|R03270|R04394|R05132|R05133|R05134|R07618|R10860|R13199
map00010	rn00010	Glycolysis / gluconeogenesis	iEC1368_DH5a	iECDH1ME8569_1439	1	R00755	1	R01196	40	R00014|R00199|R00200|R00229|R00235|R00341|R00431|R00658|R00703|R00710|R00711|R00726|R00746|R00754|R00756|R00762|R00947|R00959|R01015|R01061|R01063|R01068|R01512|R01516|R01518|R01600|R01602|R01662|R01786|R01788|R02569|R02739|R03270|R04394|R05132|R05133|R05134|R07618|R10860|R13199
map00010	rn00010	Glycolysis / gluconeogenesis	iEC1368_DH5a	iECD_1391	1	R00755	1	R01196	40	R00014|R00199|R00200|R00229|R00235|R00341|R00431|R00658|R00703|R00710|R00711|R00726|R00746|R00754|R00756|R00762|R00947|R00959|R01015|R01061|R01063|R01068|R01512|R01516|R01518|R01600|R01602|R01662|R01786|R01788|R02569|R02739|R03270|R04394|R05132|R05133|R05134|R07618|R10860|R13199
map00010	rn00010	Glycolysis / gluconeogenesis	iEC1368_DH5a	iECED1_1282	1	R00755	1	R01196	40	R00014|R00199|R00200|R00229|R00235|R00341|R00431|R00658|R00703|R00710|R00711|R00726|R00746|R00754|R00756|R00762|R00947|R00959|R01015|R01061|R01063|R01068|R01512|R01516|R01518|R01600|R01602|R01662|R01786|R01788|R02569|R02739|R03270|R04394|R05132|R05133|R05134|R07618|R10860|R13199
map00010	rn00010	Glycolysis / gluconeogenesis	iEC1368_DH5a	iECH74115_1262	1	R00755	1	R01196	40	R00014|R00199|R00200|R00229|R00235|R00341|R00431|R00658|R00703|R00710|R00711|R00726|R00746|R00754|R00756|R00762|R00947|R00959|R01015|R01061|R01063|R01068|R01512|R01516|R01518|R01600|R01602|R01662|R01786|R01788|R02569|R02739|R03270|R04394|R05132|R05133|R05134|R07618|R10860|R13199
map00010	rn00010	Glycolysis / gluconeogenesis	iEC1368_DH5a	iECIAI1_1343	1	R00755	1	R01196	40	R00014|R00199|R00200|R00229|R00235|R00341|R00431|R00658|R00703|R00710|R00711|R00726|R00746|R00754|R00756|R00762|R00947|R00959|R01015|R01061|R01063|R01068|R01512|R01516|R01518|R01600|R01602|R01662|R01786|R01788|R02569|R02739|R03270|R04394|R05132|R05133|R05134|R07618|R10860|R13199
map00010	rn00010	Glycolysis / gluconeogenesis	iEC1368_DH5a	iECIAI39_1322	1	R00755	1	R01196	40	R00014|R00199|R00200|R00229|R00235|R00341|R00431|R00658|R00703|R00710|R00711|R00726|R00746|R00754|R00756|R00762|R00947|R00959|R01015|R01061|R01063|R01068|R01512|R01516|R01518|R01600|R01602|R01662|R01786|R01788|R02569|R02739|R03270|R04394|R05132|R05133|R05134|R07618|R10860|R13199
map00010	rn00010	Glycolysis / gluconeogenesis	iEC1368_DH5a	iECNA114_1301	1	R00755	1	R01196	40	R00014|R00199|R00200|R00229|R00235|R00341|R00431|R00658|R00703|R00710|R00711|R00726|R00746|R00754|R00756|R00762|R00947|R00959|R01015|R01061|R01063|R01068|R01512|R01516|R01518|R01600|R01602|R01662|R01786|R01788|R02569|R02739|R03270|R04394|R05132|R05133|R05134|R07618|R10860|R13199
map00010	rn00010	Glycolysis / gluconeogenesis	iEC1368_DH5a	iECO103_1326	1	R00755	1	R01196	40	R00014|R00199|R00200|R00229|R00235|R00341|R00431|R00658|R00703|R00710|R00711|R00726|R00746|R00754|R00756|R00762|R00947|R00959|R01015|R01061|R01063|R01068|R01512|R01516|R01518|R01600|R01602|R01662|R01786|R01788|R02569|R02739|R03270|R04394|R05132|R05133|R05134|R07618|R10860|R13199
map00010	rn00010	Glycolysis / gluconeogenesis	iEC1368_DH5a	iECO111_1330	1	R00755	1	R01196	40	R00014|R00199|R00200|R00229|R00235|R00341|R00431|R00658|R00703|R00710|R00711|R00726|R00746|R00754|R00756|R00762|R00947|R00959|R01015|R01061|R01063|R01068|R01512|R01516|R01518|R01600|R01602|R01662|R01786|R01788|R02569|R02739|R03270|R04394|R05132|R05133|R05134|R07618|R10860|R13199
map00010	rn00010	Glycolysis / gluconeogenesis	iEC1368_DH5a	iECO26_1355	1	R00755	1	R01196	40	R00014|R00199|R00200|R00229|R00235|R00341|R00431|R00658|R00703|R00710|R00711|R00726|R00746|R00754|R00756|R00762|R00947|R00959|R01015|R01061|R01063|R01068|R01512|R01516|R01518|R01600|R01602|R01662|R01786|R01788|R02569|R02739|R03270|R04394|R05132|R05133|R05134|R07618|R10860|R13199
map00010	rn00010	Glycolysis / gluconeogenesis	iEC1368_DH5a	iECOK1_1307	1	R00755	1	R01196	40	R00014|R00199|R00200|R00229|R00235|R00341|R00431|R00658|R00703|R00710|R00711|R00726|R00746|R00754|R00756|R00762|R00947|R00959|R01015|R01061|R01063|R01068|R01512|R01516|R01518|R01600|R01602|R01662|R01786|R01788|R02569|R02739|R03270|R04394|R05132|R05133|R05134|R07618|R10860|R13199
map00010	rn00010	Glycolysis / gluconeogenesis	iEC1368_DH5a	iECP_1309	1	R00755	1	R01196	40	R00014|R00199|R00200|R00229|R00235|R00341|R00431|R00658|R00703|R00710|R00711|R00726|R00746|R00754|R00756|R00762|R00947|R00959|R01015|R01061|R01063|R01068|R01512|R01516|R01518|R01600|R01602|R01662|R01786|R01788|R02569|R02739|R03270|R04394|R05132|R05133|R05134|R07618|R10860|R13199
map00010	rn00010	Glycolysis / gluconeogenesis	iEC1368_DH5a	iECS88_1305	1	R00755	1	R01196	40	R00014|R00199|R00200|R00229|R00235|R00341|R00431|R00658|R00703|R00710|R00711|R00726|R00746|R00754|R00756|R00762|R00947|R00959|R01015|R01061|R01063|R01068|R01512|R01516|R01518|R01600|R01602|R01662|R01786|R01788|R02569|R02739|R03270|R04394|R05132|R05133|R05134|R07618|R10860|R13199
map00010	rn00010	Glycolysis / gluconeogenesis	iEC1368_DH5a	iECSE_1348	1	R00755	1	R01196	40	R00014|R00199|R00200|R00229|R00235|R00341|R00431|R00658|R00703|R00710|R00711|R00726|R00746|R00754|R00756|R00762|R00947|R00959|R01015|R01061|R01063|R01068|R01512|R01516|R01518|R01600|R01602|R01662|R01786|R01788|R02569|R02739|R03270|R04394|R05132|R05133|R05134|R07618|R10860|R13199
map00010	rn00010	Glycolysis / gluconeogenesis	iEC1368_DH5a	iECSF_1327	1	R00755	1	R01196	40	R00014|R00199|R00200|R00229|R00235|R00341|R00431|R00658|R00703|R00710|R00711|R00726|R00746|R00754|R00756|R00762|R00947|R00959|R01015|R01061|R01063|R01068|R01512|R01516|R01518|R01600|R01602|R01662|R01786|R01788|R02569|R02739|R03270|R04394|R05132|R05133|R05134|R07618|R10860|R13199
map00010	rn00010	Glycolysis / gluconeogenesis	iEC1368_DH5a	iECSP_1301	1	R00755	1	R01196	40	R00014|R00199|R00200|R00229|R00235|R00341|R00431|R00658|R00703|R00710|R00711|R00726|R00746|R00754|R00756|R00762|R00947|R00959|R01015|R01061|R01063|R01068|R01512|R01516|R01518|R01600|R01602|R01662|R01786|R01788|R02569|R02739|R03270|R04394|R05132|R05133|R05134|R07618|R10860|R13199
map00010	rn00010	Glycolysis / gluconeogenesis	iEC1368_DH5a	iECUMN_1333	1	R00755	1	R01196	40	R00014|R00199|R00200|R00229|R00235|R00341|R00431|R00658|R00703|R00710|R00711|R00726|R00746|R00754|R00756|R00762|R00947|R00959|R01015|R01061|R01063|R01068|R01512|R01516|R01518|R01600|R01602|R01662|R01786|R01788|R02569|R02739|R03270|R04394|R05132|R05133|R05134|R07618|R10860|R13199
map00010	rn00010	Glycolysis / gluconeogenesis	iEC1368_DH5a	iECW_1372	1	R00755	1	R01196	40	R00014|R00199|R00200|R00229|R00235|R00341|R00431|R00658|R00703|R00710|R00711|R00726|R00746|R00754|R00756|R00762|R00947|R00959|R01015|R01061|R01063|R01068|R01512|R01516|R01518|R01600|R01602|R01662|R01786|R01788|R02569|R02739|R03270|R04394|R05132|R05133|R05134|R07618|R10860|R13199
map00010	rn00010	Glycolysis / gluconeogenesis	iEC1368_DH5a	iECs_1301	1	R00755	1	R01196	40	R00014|R00199|R00200|R00229|R00235|R00341|R00431|R00658|R00703|R00710|R00711|R00726|R00746|R00754|R00756|R00762|R00947|R00959|R01015|R01061|R01063|R01068|R01512|R01516|R01518|R01600|R01602|R01662|R01786|R01788|R02569|R02739|R03270|R04394|R05132|R05133|R05134|R07618|R10860|R13199
map00010	rn00010	Glycolysis / gluconeogenesis	iEC1368_DH5a	iEKO11_1354	1	R00755	1	R01196	40	R00014|R00199|R00200|R00229|R00235|R00341|R00431|R00658|R00703|R00710|R00711|R00726|R00746|R00754|R00756|R00762|R00947|R00959|R01015|R01061|R01063|R01068|R01512|R01516|R01518|R01600|R01602|R01662|R01786|R01788|R02569|R02739|R03270|R04394|R05132|R05133|R05134|R07618|R10860|R13199
map00010	rn00010	Glycolysis / gluconeogenesis	iEC1368_DH5a	iETEC_1333	1	R00755	1	R01196	40	R00014|R00199|R00200|R00229|R00235|R00341|R00431|R00658|R00703|R00710|R00711|R00726|R00746|R00754|R00756|R00762|R00947|R00959|R01015|R01061|R01063|R01068|R01512|R01516|R01518|R01600|R01602|R01662|R01786|R01788|R02569|R02739|R03270|R04394|R05132|R05133|R05134|R07618|R10860|R13199
map00010	rn00010	Glycolysis / gluconeogenesis	iEC1368_DH5a	iEcDH1_1363	1	R00755	1	R01196	40	R00014|R00199|R00200|R00229|R00235|R00341|R00431|R00658|R00703|R00710|R00711|R00726|R00746|R00754|R00756|R00762|R00947|R00959|R01015|R01061|R01063|R01068|R01512|R01516|R01518|R01600|R01602|R01662|R01786|R01788|R02569|R02739|R03270|R04394|R05132|R05133|R05134|R07618|R10860|R13199
map00010	rn00010	Glycolysis / gluconeogenesis	iEC1368_DH5a	iEcE24377_1341	1	R00755	1	R01196	40	R00014|R00199|R00200|R00229|R00235|R00341|R00431|R00658|R00703|R00710|R00711|R00726|R00746|R00754|R00756|R00762|R00947|R00959|R01015|R01061|R01063|R01068|R01512|R01516|R01518|R01600|R01602|R01662|R01786|R01788|R02569|R02739|R03270|R04394|R05132|R05133|R05134|R07618|R10860|R13199
map00010	rn00010	Glycolysis / gluconeogenesis	iEC1368_DH5a	iEcHS_1320	1	R00755	1	R01196	40	R00014|R00199|R00200|R00229|R00235|R00341|R00431|R00658|R00703|R00710|R00711|R00726|R00746|R00754|R00756|R00762|R00947|R00959|R01015|R01061|R01063|R01068|R01512|R01516|R01518|R01600|R01602|R01662|R01786|R01788|R02569|R02739|R03270|R04394|R05132|R05133|R05134|R07618|R10860|R13199
map00010	rn00010	Glycolysis / gluconeogenesis	iEC1368_DH5a	iEcSMS35_1347	1	R00755	1	R01196	40	R00014|R00199|R00200|R00229|R00235|R00341|R00431|R00658|R00703|R00710|R00711|R00726|R00746|R00754|R00756|R00762|R00947|R00959|R01015|R01061|R01063|R01068|R01512|R01516|R01518|R01600|R01602|R01662|R01786|R01788|R02569|R02739|R03270|R04394|R05132|R05133|R05134|R07618|R10860|R13199
map00010	rn00010	Glycolysis / gluconeogenesis	iEC1368_DH5a	iEcolC_1368	1	R00755	1	R01196	40	R00014|R00199|R00200|R00229|R00235|R00341|R00431|R00658|R00703|R00710|R00711|R00726|R00746|R00754|R00756|R00762|R00947|R00959|R01015|R01061|R01063|R01068|R01512|R01516|R01518|R01600|R01602|R01662|R01786|R01788|R02569|R02739|R03270|R04394|R05132|R05133|R05134|R07618|R10860|R13199
map00010	rn00010	Glycolysis / gluconeogenesis	iEC1368_DH5a	iG2583_1286	1	R00755	1	R01196	40	R00014|R00199|R00200|R00229|R00235|R00341|R00431|R00658|R00703|R00710|R00711|R00726|R00746|R00754|R00756|R00762|R00947|R00959|R01015|R01061|R01063|R01068|R01512|R01516|R01518|R01600|R01602|R01662|R01786|R01788|R02569|R02739|R03270|R04394|R05132|R05133|R05134|R07618|R10860|R13199
map00010	rn00010	Glycolysis / gluconeogenesis	iEC1368_DH5a	iJO1366	1	R00755	0		40	R00014|R00199|R00200|R00229|R00235|R00341|R00431|R00658|R00703|R00710|R00711|R00726|R00746|R00754|R00756|R00762|R00947|R00959|R01015|R01061|R01063|R01068|R01512|R01516|R01518|R01600|R01602|R01662|R01786|R01788|R02569|R02739|R03270|R04394|R05132|R05133|R05134|R07618|R10860|R13199
map00010	rn00010	Glycolysis / gluconeogenesis	iEC1368_DH5a	iJR904	4	R00754|R00755|R01602|R01788	0		37	R00014|R00199|R00200|R00229|R00235|R00341|R00431|R00658|R00703|R00710|R00711|R00726|R00746|R00756|R00762|R00947|R00959|R01015|R01061|R01063|R01068|R01512|R01516|R01518|R01600|R01662|R01786|R02569|R02739|R03270|R04394|R05132|R05133|R05134|R07618|R10860|R13199
map00010	rn00010	Glycolysis / gluconeogenesis	iEC1368_DH5a	iLF82_1304	1	R00755	1	R01196	40	R00014|R00199|R00200|R00229|R00235|R00341|R00431|R00658|R00703|R00710|R00711|R00726|R00746|R00754|R00756|R00762|R00947|R00959|R01015|R01061|R01063|R01068|R01512|R01516|R01518|R01600|R01602|R01662|R01786|R01788|R02569|R02739|R03270|R04394|R05132|R05133|R05134|R07618|R10860|R13199
map00010	rn00010	Glycolysis / gluconeogenesis	iEC1368_DH5a	iML1515	1	R00755	0		40	R00014|R00199|R00200|R00229|R00235|R00341|R00431|R00658|R00703|R00710|R00711|R00726|R00746|R00754|R00756|R00762|R00947|R00959|R01015|R01061|R01063|R01068|R01512|R01516|R01518|R01600|R01602|R01662|R01786|R01788|R02569|R02739|R03270|R04394|R05132|R05133|R05134|R07618|R10860|R13199
map00010	rn00010	Glycolysis / gluconeogenesis	iEC1368_DH5a	iNRG857_1313	1	R00755	1	R01196	40	R00014|R00199|R00200|R00229|R00235|R00341|R00431|R00658|R00703|R00710|R00711|R00726|R00746|R00754|R00756|R00762|R00947|R00959|R01015|R01061|R01063|R01068|R01512|R01516|R01518|R01600|R01602|R01662|R01786|R01788|R02569|R02739|R03270|R04394|R05132|R05133|R05134|R07618|R10860|R13199
map00010	rn00010	Glycolysis / gluconeogenesis	iEC1368_DH5a	iUMN146_1321	1	R00755	1	R01196	40	R00014|R00199|R00200|R00229|R00235|R00341|R00431|R00658|R00703|R00710|R00711|R00726|R00746|R00754|R00756|R00762|R00947|R00959|R01015|R01061|R01063|R01068|R01512|R01516|R01518|R01600|R01602|R01662|R01786|R01788|R02569|R02739|R03270|R04394|R05132|R05133|R05134|R07618|R10860|R13199
map00010	rn00010	Glycolysis / gluconeogenesis	iEC1368_DH5a	iUMNK88_1353	1	R00755	1	R01196	40	R00014|R00199|R00200|R00229|R00235|R00341|R00431|R00658|R00703|R00710|R00711|R00726|R00746|R00754|R00756|R00762|R00947|R00959|R01015|R01061|R01063|R01068|R01512|R01516|R01518|R01600|R01602|R01662|R01786|R01788|R02569|R02739|R03270|R04394|R05132|R05133|R05134|R07618|R10860|R13199
map00010	rn00010	Glycolysis / gluconeogenesis	iEC1368_DH5a	iUTI89_1310	1	R00755	1	R01196	40	R00014|R00199|R00200|R00229|R00235|R00341|R00431|R00658|R00703|R00710|R00711|R00726|R00746|R00754|R00756|R00762|R00947|R00959|R01015|R01061|R01063|R01068|R01512|R01516|R01518|R01600|R01602|R01662|R01786|R01788|R02569|R02739|R03270|R04394|R05132|R05133|R05134|R07618|R10860|R13199
map00010	rn00010	Glycolysis / gluconeogenesis	iEC1368_DH5a	iWFL_1372	1	R00755	1	R01196	40	R00014|R00199|R00200|R00229|R00235|R00341|R00431|R00658|R00703|R00710|R00711|R00726|R00746|R00754|R00756|R00762|R00947|R00959|R01015|R01061|R01063|R01068|R01512|R01516|R01518|R01600|R01602|R01662|R01786|R01788|R02569|R02739|R03270|R04394|R05132|R05133|R05134|R07618|R10860|R13199
map00010	rn00010	Glycolysis / gluconeogenesis	iEC1368_DH5a	iY75_1357	1	R00755	1	R01196	40	R00014|R00199|R00200|R00229|R00235|R00341|R00431|R00658|R00703|R00710|R00711|R00726|R00746|R00754|R00756|R00762|R00947|R00959|R01015|R01061|R01063|R01068|R01512|R01516|R01518|R01600|R01602|R01662|R01786|R01788|R02569|R02739|R03270|R04394|R05132|R05133|R05134|R07618|R10860|R13199
map00010	rn00010	Glycolysis / gluconeogenesis	iEC1368_DH5a	iZ_1308	1	R00755	1	R01196	40	R00014|R00199|R00200|R00229|R00235|R00341|R00431|R00658|R00703|R00710|R00711|R00726|R00746|R00754|R00756|R00762|R00947|R00959|R01015|R01061|R01063|R01068|R01512|R01516|R01518|R01600|R01602|R01662|R01786|R01788|R02569|R02739|R03270|R04394|R05132|R05133|R05134|R07618|R10860|R13199
map00010	rn00010	Glycolysis / gluconeogenesis	iEC1368_DH5a	ic_1306	1	R00755	1	R01196	40	R00014|R00199|R00200|R00229|R00235|R00341|R00431|R00658|R00703|R00710|R00711|R00726|R00746|R00754|R00756|R00762|R00947|R00959|R01015|R01061|R01063|R01068|R01512|R01516|R01518|R01600|R01602|R01662|R01786|R01788|R02569|R02739|R03270|R04394|R05132|R05133|R05134|R07618|R10860|R13199
map00010	rn00010	Glycolysis / gluconeogenesis	iEC1372_W3110	iEC55989_1330	0		1	R01196	40	R00014|R00199|R00200|R00229|R00235|R00341|R00431|R00658|R00703|R00710|R00711|R00726|R00746|R00754|R00756|R00762|R00947|R00959|R01015|R01061|R01063|R01068|R01512|R01516|R01518|R01600|R01602|R01662|R01786|R01788|R02569|R02739|R03270|R04394|R05132|R05133|R05134|R07618|R10860|R13199
map00010	rn00010	Glycolysis / gluconeogenesis	iEC1372_W3110	iECABU_c1320	0		1	R01196	40	R00014|R00199|R00200|R00229|R00235|R00341|R00431|R00658|R00703|R00710|R00711|R00726|R00746|R00754|R00756|R00762|R00947|R00959|R01015|R01061|R01063|R01068|R01512|R01516|R01518|R01600|R01602|R01662|R01786|R01788|R02569|R02739|R03270|R04394|R05132|R05133|R05134|R07618|R10860|R13199
map00010	rn00010	Glycolysis / gluconeogenesis	iEC1372_W3110	iECBD_1354	0		1	R01196	40	R00014|R00199|R00200|R00229|R00235|R00341|R00431|R00658|R00703|R00710|R00711|R00726|R00746|R00754|R00756|R00762|R00947|R00959|R01015|R01061|R01063|R01068|R01512|R01516|R01518|R01600|R01602|R01662|R01786|R01788|R02569|R02739|R03270|R04394|R05132|R05133|R05134|R07618|R10860|R13199
map00010	rn00010	Glycolysis / gluconeogenesis	iEC1372_W3110	iECB_1328	0		1	R01196	40	R00014|R00199|R00200|R00229|R00235|R00341|R00431|R00658|R00703|R00710|R00711|R00726|R00746|R00754|R00756|R00762|R00947|R00959|R01015|R01061|R01063|R01068|R01512|R01516|R01518|R01600|R01602|R01662|R01786|R01788|R02569|R02739|R03270|R04394|R05132|R05133|R05134|R07618|R10860|R13199
map00010	rn00010	Glycolysis / gluconeogenesis	iEC1372_W3110	iECDH10B_1368	0		1	R01196	40	R00014|R00199|R00200|R00229|R00235|R00341|R00431|R00658|R00703|R00710|R00711|R00726|R00746|R00754|R00756|R00762|R00947|R00959|R01015|R01061|R01063|R01068|R01512|R01516|R01518|R01600|R01602|R01662|R01786|R01788|R02569|R02739|R03270|R04394|R05132|R05133|R05134|R07618|R10860|R13199
map00010	rn00010	Glycolysis / gluconeogenesis	iEC1372_W3110	iECDH1ME8569_1439	0		1	R01196	40	R00014|R00199|R00200|R00229|R00235|R00341|R00431|R00658|R00703|R00710|R00711|R00726|R00746|R00754|R00756|R00762|R00947|R00959|R01015|R01061|R01063|R01068|R01512|R01516|R01518|R01600|R01602|R01662|R01786|R01788|R02569|R02739|R03270|R04394|R05132|R05133|R05134|R07618|R10860|R13199
map00010	rn00010	Glycolysis / gluconeogenesis	iEC1372_W3110	iECD_1391	0		1	R01196	40	R00014|R00199|R00200|R00229|R00235|R00341|R00431|R00658|R00703|R00710|R00711|R00726|R00746|R00754|R00756|R00762|R00947|R00959|R01015|R01061|R01063|R01068|R01512|R01516|R01518|R01600|R01602|R01662|R01786|R01788|R02569|R02739|R03270|R04394|R05132|R05133|R05134|R07618|R10860|R13199
map00010	rn00010	Glycolysis / gluconeogenesis	iEC1372_W3110	iECED1_1282	0		1	R01196	40	R00014|R00199|R00200|R00229|R00235|R00341|R00431|R00658|R00703|R00710|R00711|R00726|R00746|R00754|R00756|R00762|R00947|R00959|R01015|R01061|R01063|R01068|R01512|R01516|R01518|R01600|R01602|R01662|R01786|R01788|R02569|R02739|R03270|R04394|R05132|R05133|R05134|R07618|R10860|R13199
map00010	rn00010	Glycolysis / gluconeogenesis	iEC1372_W3110	iECH74115_1262	0		1	R01196	40	R00014|R00199|R00200|R00229|R00235|R00341|R00431|R00658|R00703|R00710|R00711|R00726|R00746|R00754|R00756|R00762|R00947|R00959|R01015|R01061|R01063|R01068|R01512|R01516|R01518|R01600|R01602|R01662|R01786|R01788|R02569|R02739|R03270|R04394|R05132|R05133|R05134|R07618|R10860|R13199
map00010	rn00010	Glycolysis / gluconeogenesis	iEC1372_W3110	iECIAI1_1343	0		1	R01196	40	R00014|R00199|R00200|R00229|R00235|R00341|R00431|R00658|R00703|R00710|R00711|R00726|R00746|R00754|R00756|R00762|R00947|R00959|R01015|R01061|R01063|R01068|R01512|R01516|R01518|R01600|R01602|R01662|R01786|R01788|R02569|R02739|R03270|R04394|R05132|R05133|R05134|R07618|R10860|R13199
map00010	rn00010	Glycolysis / gluconeogenesis	iEC1372_W3110	iECIAI39_1322	0		1	R01196	40	R00014|R00199|R00200|R00229|R00235|R00341|R00431|R00658|R00703|R00710|R00711|R00726|R00746|R00754|R00756|R00762|R00947|R00959|R01015|R01061|R01063|R01068|R01512|R01516|R01518|R01600|R01602|R01662|R01786|R01788|R02569|R02739|R03270|R04394|R05132|R05133|R05134|R07618|R10860|R13199
map00010	rn00010	Glycolysis / gluconeogenesis	iEC1372_W3110	iECNA114_1301	0		1	R01196	40	R00014|R00199|R00200|R00229|R00235|R00341|R00431|R00658|R00703|R00710|R00711|R00726|R00746|R00754|R00756|R00762|R00947|R00959|R01015|R01061|R01063|R01068|R01512|R01516|R01518|R01600|R01602|R01662|R01786|R01788|R02569|R02739|R03270|R04394|R05132|R05133|R05134|R07618|R10860|R13199
map00010	rn00010	Glycolysis / gluconeogenesis	iEC1372_W3110	iECO103_1326	0		1	R01196	40	R00014|R00199|R00200|R00229|R00235|R00341|R00431|R00658|R00703|R00710|R00711|R00726|R00746|R00754|R00756|R00762|R00947|R00959|R01015|R01061|R01063|R01068|R01512|R01516|R01518|R01600|R01602|R01662|R01786|R01788|R02569|R02739|R03270|R04394|R05132|R05133|R05134|R07618|R10860|R13199
map00010	rn00010	Glycolysis / gluconeogenesis	iEC1372_W3110	iECO111_1330	0		1	R01196	40	R00014|R00199|R00200|R00229|R00235|R00341|R00431|R00658|R00703|R00710|R00711|R00726|R00746|R00754|R00756|R00762|R00947|R00959|R01015|R01061|R01063|R01068|R01512|R01516|R01518|R01600|R01602|R01662|R01786|R01788|R02569|R02739|R03270|R04394|R05132|R05133|R05134|R07618|R10860|R13199
map00010	rn00010	Glycolysis / gluconeogenesis	iEC1372_W3110	iECO26_1355	0		1	R01196	40	R00014|R00199|R00200|R00229|R00235|R00341|R00431|R00658|R00703|R00710|R00711|R00726|R00746|R00754|R00756|R00762|R00947|R00959|R01015|R01061|R01063|R01068|R01512|R01516|R01518|R01600|R01602|R01662|R01786|R01788|R02569|R02739|R03270|R04394|R05132|R05133|R05134|R07618|R10860|R13199
map00010	rn00010	Glycolysis / gluconeogenesis	iEC1372_W3110	iECOK1_1307	0		1	R01196	40	R00014|R00199|R00200|R00229|R00235|R00341|R00431|R00658|R00703|R00710|R00711|R00726|R00746|R00754|R00756|R00762|R00947|R00959|R01015|R01061|R01063|R01068|R01512|R01516|R01518|R01600|R01602|R01662|R01786|R01788|R02569|R02739|R03270|R04394|R05132|R05133|R05134|R07618|R10860|R13199
map00010	rn00010	Glycolysis / gluconeogenesis	iEC1372_W3110	iECP_1309	0		1	R01196	40	R00014|R00199|R00200|R00229|R00235|R00341|R00431|R00658|R00703|R00710|R00711|R00726|R00746|R00754|R00756|R00762|R00947|R00959|R01015|R01061|R01063|R01068|R01512|R01516|R01518|R01600|R01602|R01662|R01786|R01788|R02569|R02739|R03270|R04394|R05132|R05133|R05134|R07618|R10860|R13199
map00010	rn00010	Glycolysis / gluconeogenesis	iEC1372_W3110	iECS88_1305	0		1	R01196	40	R00014|R00199|R00200|R00229|R00235|R00341|R00431|R00658|R00703|R00710|R00711|R00726|R00746|R00754|R00756|R00762|R00947|R00959|R01015|R01061|R01063|R01068|R01512|R01516|R01518|R01600|R01602|R01662|R01786|R01788|R02569|R02739|R03270|R04394|R05132|R05133|R05134|R07618|R10860|R13199
map00010	rn00010	Glycolysis / gluconeogenesis	iEC1372_W3110	iECSE_1348	0		1	R01196	40	R00014|R00199|R00200|R00229|R00235|R00341|R00431|R00658|R00703|R00710|R00711|R00726|R00746|R00754|R00756|R00762|R00947|R00959|R01015|R01061|R01063|R01068|R01512|R01516|R01518|R01600|R01602|R01662|R01786|R01788|R02569|R02739|R03270|R04394|R05132|R05133|R05134|R07618|R10860|R13199
map00010	rn00010	Glycolysis / gluconeogenesis	iEC1372_W3110	iECSF_1327	0		1	R01196	40	R00014|R00199|R00200|R00229|R00235|R00341|R00431|R00658|R00703|R00710|R00711|R00726|R00746|R00754|R00756|R00762|R00947|R00959|R01015|R01061|R01063|R01068|R01512|R01516|R01518|R01600|R01602|R01662|R01786|R01788|R02569|R02739|R03270|R04394|R05132|R05133|R05134|R07618|R10860|R13199
map00010	rn00010	Glycolysis / gluconeogenesis	iEC1372_W3110	iECSP_1301	0		1	R01196	40	R00014|R00199|R00200|R00229|R00235|R00341|R00431|R00658|R00703|R00710|R00711|R00726|R00746|R00754|R00756|R00762|R00947|R00959|R01015|R01061|R01063|R01068|R01512|R01516|R01518|R01600|R01602|R01662|R01786|R01788|R02569|R02739|R03270|R04394|R05132|R05133|R05134|R07618|R10860|R13199
map00010	rn00010	Glycolysis / gluconeogenesis	iEC1372_W3110	iECUMN_1333	0		1	R01196	40	R00014|R00199|R00200|R00229|R00235|R00341|R00431|R00658|R00703|R00710|R00711|R00726|R00746|R00754|R00756|R00762|R00947|R00959|R01015|R01061|R01063|R01068|R01512|R01516|R01518|R01600|R01602|R01662|R01786|R01788|R02569|R02739|R03270|R04394|R05132|R05133|R05134|R07618|R10860|R13199
map00010	rn00010	Glycolysis / gluconeogenesis	iEC1372_W3110	iECW_1372	0		1	R01196	40	R00014|R00199|R00200|R00229|R00235|R00341|R00431|R00658|R00703|R00710|R00711|R00726|R00746|R00754|R00756|R00762|R00947|R00959|R01015|R01061|R01063|R01068|R01512|R01516|R01518|R01600|R01602|R01662|R01786|R01788|R02569|R02739|R03270|R04394|R05132|R05133|R05134|R07618|R10860|R13199
map00010	rn00010	Glycolysis / gluconeogenesis	iEC1372_W3110	iECs_1301	0		1	R01196	40	R00014|R00199|R00200|R00229|R00235|R00341|R00431|R00658|R00703|R00710|R00711|R00726|R00746|R00754|R00756|R00762|R00947|R00959|R01015|R01061|R01063|R01068|R01512|R01516|R01518|R01600|R01602|R01662|R01786|R01788|R02569|R02739|R03270|R04394|R05132|R05133|R05134|R07618|R10860|R13199
map00010	rn00010	Glycolysis / gluconeogenesis	iEC1372_W3110	iEKO11_1354	0		1	R01196	40	R00014|R00199|R00200|R00229|R00235|R00341|R00431|R00658|R00703|R00710|R00711|R00726|R00746|R00754|R00756|R00762|R00947|R00959|R01015|R01061|R01063|R01068|R01512|R01516|R01518|R01600|R01602|R01662|R01786|R01788|R02569|R02739|R03270|R04394|R05132|R05133|R05134|R07618|R10860|R13199
map00010	rn00010	Glycolysis / gluconeogenesis	iEC1372_W3110	iETEC_1333	0		1	R01196	40	R00014|R00199|R00200|R00229|R00235|R00341|R00431|R00658|R00703|R00710|R00711|R00726|R00746|R00754|R00756|R00762|R00947|R00959|R01015|R01061|R01063|R01068|R01512|R01516|R01518|R01600|R01602|R01662|R01786|R01788|R02569|R02739|R03270|R04394|R05132|R05133|R05134|R07618|R10860|R13199
map00010	rn00010	Glycolysis / gluconeogenesis	iEC1372_W3110	iEcDH1_1363	0		1	R01196	40	R00014|R00199|R00200|R00229|R00235|R00341|R00431|R00658|R00703|R00710|R00711|R00726|R00746|R00754|R00756|R00762|R00947|R00959|R01015|R01061|R01063|R01068|R01512|R01516|R01518|R01600|R01602|R01662|R01786|R01788|R02569|R02739|R03270|R04394|R05132|R05133|R05134|R07618|R10860|R13199
map00010	rn00010	Glycolysis / gluconeogenesis	iEC1372_W3110	iEcE24377_1341	0		1	R01196	40	R00014|R00199|R00200|R00229|R00235|R00341|R00431|R00658|R00703|R00710|R00711|R00726|R00746|R00754|R00756|R00762|R00947|R00959|R01015|R01061|R01063|R01068|R01512|R01516|R01518|R01600|R01602|R01662|R01786|R01788|R02569|R02739|R03270|R04394|R05132|R05133|R05134|R07618|R10860|R13199
map00010	rn00010	Glycolysis / gluconeogenesis	iEC1372_W3110	iEcHS_1320	0		1	R01196	40	R00014|R00199|R00200|R00229|R00235|R00341|R00431|R00658|R00703|R00710|R00711|R00726|R00746|R00754|R00756|R00762|R00947|R00959|R01015|R01061|R01063|R01068|R01512|R01516|R01518|R01600|R01602|R01662|R01786|R01788|R02569|R02739|R03270|R04394|R05132|R05133|R05134|R07618|R10860|R13199
map00010	rn00010	Glycolysis / gluconeogenesis	iEC1372_W3110	iEcSMS35_1347	0		1	R01196	40	R00014|R00199|R00200|R00229|R00235|R00341|R00431|R00658|R00703|R00710|R00711|R00726|R00746|R00754|R00756|R00762|R00947|R00959|R01015|R01061|R01063|R01068|R01512|R01516|R01518|R01600|R01602|R01662|R01786|R01788|R02569|R02739|R03270|R04394|R05132|R05133|R05134|R07618|R10860|R13199
map00010	rn00010	Glycolysis / gluconeogenesis	iEC1372_W3110	iEcolC_1368	0		1	R01196	40	R00014|R00199|R00200|R00229|R00235|R00341|R00431|R00658|R00703|R00710|R00711|R00726|R00746|R00754|R00756|R00762|R00947|R00959|R01015|R01061|R01063|R01068|R01512|R01516|R01518|R01600|R01602|R01662|R01786|R01788|R02569|R02739|R03270|R04394|R05132|R05133|R05134|R07618|R10860|R13199
map00010	rn00010	Glycolysis / gluconeogenesis	iEC1372_W3110	iG2583_1286	0		1	R01196	40	R00014|R00199|R00200|R00229|R00235|R00341|R00431|R00658|R00703|R00710|R00711|R00726|R00746|R00754|R00756|R00762|R00947|R00959|R01015|R01061|R01063|R01068|R01512|R01516|R01518|R01600|R01602|R01662|R01786|R01788|R02569|R02739|R03270|R04394|R05132|R05133|R05134|R07618|R10860|R13199
map00010	rn00010	Glycolysis / gluconeogenesis	iEC1372_W3110	iJR904	3	R00754|R01602|R01788	0		37	R00014|R00199|R00200|R00229|R00235|R00341|R00431|R00658|R00703|R00710|R00711|R00726|R00746|R00756|R00762|R00947|R00959|R01015|R01061|R01063|R01068|R01512|R01516|R01518|R01600|R01662|R01786|R02569|R02739|R03270|R04394|R05132|R05133|R05134|R07618|R10860|R13199
map00010	rn00010	Glycolysis / gluconeogenesis	iEC1372_W3110	iLF82_1304	0		1	R01196	40	R00014|R00199|R00200|R00229|R00235|R00341|R00431|R00658|R00703|R00710|R00711|R00726|R00746|R00754|R00756|R00762|R00947|R00959|R01015|R01061|R01063|R01068|R01512|R01516|R01518|R01600|R01602|R01662|R01786|R01788|R02569|R02739|R03270|R04394|R05132|R05133|R05134|R07618|R10860|R13199
map00010	rn00010	Glycolysis / gluconeogenesis	iEC1372_W3110	iNRG857_1313	0		1	R01196	40	R00014|R00199|R00200|R00229|R00235|R00341|R00431|R00658|R00703|R00710|R00711|R00726|R00746|R00754|R00756|R00762|R00947|R00959|R01015|R01061|R01063|R01068|R01512|R01516|R01518|R01600|R01602|R01662|R01786|R01788|R02569|R02739|R03270|R04394|R05132|R05133|R05134|R07618|R10860|R13199
map00010	rn00010	Glycolysis / gluconeogenesis	iEC1372_W3110	iUMN146_1321	0		1	R01196	40	R00014|R00199|R00200|R00229|R00235|R00341|R00431|R00658|R00703|R00710|R00711|R00726|R00746|R00754|R00756|R00762|R00947|R00959|R01015|R01061|R01063|R01068|R01512|R01516|R01518|R01600|R01602|R01662|R01786|R01788|R02569|R02739|R03270|R04394|R05132|R05133|R05134|R07618|R10860|R13199
map00010	rn00010	Glycolysis / gluconeogenesis	iEC1372_W3110	iUMNK88_1353	0		1	R01196	40	R00014|R00199|R00200|R00229|R00235|R00341|R00431|R00658|R00703|R00710|R00711|R00726|R00746|R00754|R00756|R00762|R00947|R00959|R01015|R01061|R01063|R01068|R01512|R01516|R01518|R01600|R01602|R01662|R01786|R01788|R02569|R02739|R03270|R04394|R05132|R05133|R05134|R07618|R10860|R13199
map00010	rn00010	Glycolysis / gluconeogenesis	iEC1372_W3110	iUTI89_1310	0		1	R01196	40	R00014|R00199|R00200|R00229|R00235|R00341|R00431|R00658|R00703|R00710|R00711|R00726|R00746|R00754|R00756|R00762|R00947|R00959|R01015|R01061|R01063|R01068|R01512|R01516|R01518|R01600|R01602|R01662|R01786|R01788|R02569|R02739|R03270|R04394|R05132|R05133|R05134|R07618|R10860|R13199
map00010	rn00010	Glycolysis / gluconeogenesis	iEC1372_W3110	iWFL_1372	0		1	R01196	40	R00014|R00199|R00200|R00229|R00235|R00341|R00431|R00658|R00703|R00710|R00711|R00726|R00746|R00754|R00756|R00762|R00947|R00959|R01015|R01061|R01063|R01068|R01512|R01516|R01518|R01600|R01602|R01662|R01786|R01788|R02569|R02739|R03270|R04394|R05132|R05133|R05134|R07618|R10860|R13199
map00010	rn00010	Glycolysis / gluconeogenesis	iEC1372_W3110	iY75_1357	0		1	R01196	40	R00014|R00199|R00200|R00229|R00235|R00341|R00431|R00658|R00703|R00710|R00711|R00726|R00746|R00754|R00756|R00762|R00947|R00959|R01015|R01061|R01063|R01068|R01512|R01516|R01518|R01600|R01602|R01662|R01786|R01788|R02569|R02739|R03270|R04394|R05132|R05133|R05134|R07618|R10860|R13199
map00010	rn00010	Glycolysis / gluconeogenesis	iEC1372_W3110	iZ_1308	0		1	R01196	40	R00014|R00199|R00200|R00229|R00235|R00341|R00431|R00658|R00703|R00710|R00711|R00726|R00746|R00754|R00756|R00762|R00947|R00959|R01015|R01061|R01063|R01068|R01512|R01516|R01518|R01600|R01602|R01662|R01786|R01788|R02569|R02739|R03270|R04394|R05132|R05133|R05134|R07618|R10860|R13199
map00010	rn00010	Glycolysis / gluconeogenesis	iEC1372_W3110	ic_1306	0		1	R01196	40	R00014|R00199|R00200|R00229|R00235|R00341|R00431|R00658|R00703|R00710|R00711|R00726|R00746|R00754|R00756|R00762|R00947|R00959|R01015|R01061|R01063|R01068|R01512|R01516|R01518|R01600|R01602|R01662|R01786|R01788|R02569|R02739|R03270|R04394|R05132|R05133|R05134|R07618|R10860|R13199
map00010	rn00010	Glycolysis / gluconeogenesis	iEC55989_1330	iJO1366	1	R01196	0		40	R00014|R00199|R00200|R00229|R00235|R00341|R00431|R00658|R00703|R00710|R00711|R00726|R00746|R00754|R00756|R00762|R00947|R00959|R01015|R01061|R01063|R01068|R01512|R01516|R01518|R01600|R01602|R01662|R01786|R01788|R02569|R02739|R03270|R04394|R05132|R05133|R05134|R07618|R10860|R13199
map00010	rn00010	Glycolysis / gluconeogenesis	iEC55989_1330	iJR904	4	R00754|R01196|R01602|R01788	0		37	R00014|R00199|R00200|R00229|R00235|R00341|R00431|R00658|R00703|R00710|R00711|R00726|R00746|R00756|R00762|R00947|R00959|R01015|R01061|R01063|R01068|R01512|R01516|R01518|R01600|R01662|R01786|R02569|R02739|R03270|R04394|R05132|R05133|R05134|R07618|R10860|R13199
map00010	rn00010	Glycolysis / gluconeogenesis	iEC55989_1330	iML1515	1	R01196	0		40	R00014|R00199|R00200|R00229|R00235|R00341|R00431|R00658|R00703|R00710|R00711|R00726|R00746|R00754|R00756|R00762|R00947|R00959|R01015|R01061|R01063|R01068|R01512|R01516|R01518|R01600|R01602|R01662|R01786|R01788|R02569|R02739|R03270|R04394|R05132|R05133|R05134|R07618|R10860|R13199
map00010	rn00010	Glycolysis / gluconeogenesis	iECABU_c1320	iJO1366	1	R01196	0		40	R00014|R00199|R00200|R00229|R00235|R00341|R00431|R00658|R00703|R00710|R00711|R00726|R00746|R00754|R00756|R00762|R00947|R00959|R01015|R01061|R01063|R01068|R01512|R01516|R01518|R01600|R01602|R01662|R01786|R01788|R02569|R02739|R03270|R04394|R05132|R05133|R05134|R07618|R10860|R13199
map00010	rn00010	Glycolysis / gluconeogenesis	iECABU_c1320	iJR904	4	R00754|R01196|R01602|R01788	0		37	R00014|R00199|R00200|R00229|R00235|R00341|R00431|R00658|R00703|R00710|R00711|R00726|R00746|R00756|R00762|R00947|R00959|R01015|R01061|R01063|R01068|R01512|R01516|R01518|R01600|R01662|R01786|R02569|R02739|R03270|R04394|R05132|R05133|R05134|R07618|R10860|R13199
map00010	rn00010	Glycolysis / gluconeogenesis	iECABU_c1320	iML1515	1	R01196	0		40	R00014|R00199|R00200|R00229|R00235|R00341|R00431|R00658|R00703|R00710|R00711|R00726|R00746|R00754|R00756|R00762|R00947|R00959|R01015|R01061|R01063|R01068|R01512|R01516|R01518|R01600|R01602|R01662|R01786|R01788|R02569|R02739|R03270|R04394|R05132|R05133|R05134|R07618|R10860|R13199
map00010	rn00010	Glycolysis / gluconeogenesis	iECBD_1354	iJO1366	1	R01196	0		40	R00014|R00199|R00200|R00229|R00235|R00341|R00431|R00658|R00703|R00710|R00711|R00726|R00746|R00754|R00756|R00762|R00947|R00959|R01015|R01061|R01063|R01068|R01512|R01516|R01518|R01600|R01602|R01662|R01786|R01788|R02569|R02739|R03270|R04394|R05132|R05133|R05134|R07618|R10860|R13199
map00010	rn00010	Glycolysis / gluconeogenesis	iECBD_1354	iJR904	4	R00754|R01196|R01602|R01788	0		37	R00014|R00199|R00200|R00229|R00235|R00341|R00431|R00658|R00703|R00710|R00711|R00726|R00746|R00756|R00762|R00947|R00959|R01015|R01061|R01063|R01068|R01512|R01516|R01518|R01600|R01662|R01786|R02569|R02739|R03270|R04394|R05132|R05133|R05134|R07618|R10860|R13199
map00010	rn00010	Glycolysis / gluconeogenesis	iECBD_1354	iML1515	1	R01196	0		40	R00014|R00199|R00200|R00229|R00235|R00341|R00431|R00658|R00703|R00710|R00711|R00726|R00746|R00754|R00756|R00762|R00947|R00959|R01015|R01061|R01063|R01068|R01512|R01516|R01518|R01600|R01602|R01662|R01786|R01788|R02569|R02739|R03270|R04394|R05132|R05133|R05134|R07618|R10860|R13199
map00010	rn00010	Glycolysis / gluconeogenesis	iECB_1328	iJO1366	1	R01196	0		40	R00014|R00199|R00200|R00229|R00235|R00341|R00431|R00658|R00703|R00710|R00711|R00726|R00746|R00754|R00756|R00762|R00947|R00959|R01015|R01061|R01063|R01068|R01512|R01516|R01518|R01600|R01602|R01662|R01786|R01788|R02569|R02739|R03270|R04394|R05132|R05133|R05134|R07618|R10860|R13199
map00010	rn00010	Glycolysis / gluconeogenesis	iECB_1328	iJR904	4	R00754|R01196|R01602|R01788	0		37	R00014|R00199|R00200|R00229|R00235|R00341|R00431|R00658|R00703|R00710|R00711|R00726|R00746|R00756|R00762|R00947|R00959|R01015|R01061|R01063|R01068|R01512|R01516|R01518|R01600|R01662|R01786|R02569|R02739|R03270|R04394|R05132|R05133|R05134|R07618|R10860|R13199
map00010	rn00010	Glycolysis / gluconeogenesis	iECB_1328	iML1515	1	R01196	0		40	R00014|R00199|R00200|R00229|R00235|R00341|R00431|R00658|R00703|R00710|R00711|R00726|R00746|R00754|R00756|R00762|R00947|R00959|R01015|R01061|R01063|R01068|R01512|R01516|R01518|R01600|R01602|R01662|R01786|R01788|R02569|R02739|R03270|R04394|R05132|R05133|R05134|R07618|R10860|R13199
map00010	rn00010	Glycolysis / gluconeogenesis	iECDH10B_1368	iJO1366	1	R01196	0		40	R00014|R00199|R00200|R00229|R00235|R00341|R00431|R00658|R00703|R00710|R00711|R00726|R00746|R00754|R00756|R00762|R00947|R00959|R01015|R01061|R01063|R01068|R01512|R01516|R01518|R01600|R01602|R01662|R01786|R01788|R02569|R02739|R03270|R04394|R05132|R05133|R05134|R07618|R10860|R13199
map00010	rn00010	Glycolysis / gluconeogenesis	iECDH10B_1368	iJR904	4	R00754|R01196|R01602|R01788	0		37	R00014|R00199|R00200|R00229|R00235|R00341|R00431|R00658|R00703|R00710|R00711|R00726|R00746|R00756|R00762|R00947|R00959|R01015|R01061|R01063|R01068|R01512|R01516|R01518|R01600|R01662|R01786|R02569|R02739|R03270|R04394|R05132|R05133|R05134|R07618|R10860|R13199
map00010	rn00010	Glycolysis / gluconeogenesis	iECDH10B_1368	iML1515	1	R01196	0		40	R00014|R00199|R00200|R00229|R00235|R00341|R00431|R00658|R00703|R00710|R00711|R00726|R00746|R00754|R00756|R00762|R00947|R00959|R01015|R01061|R01063|R01068|R01512|R01516|R01518|R01600|R01602|R01662|R01786|R01788|R02569|R02739|R03270|R04394|R05132|R05133|R05134|R07618|R10860|R13199
map00010	rn00010	Glycolysis / gluconeogenesis	iECDH1ME8569_1439	iJO1366	1	R01196	0		40	R00014|R00199|R00200|R00229|R00235|R00341|R00431|R00658|R00703|R00710|R00711|R00726|R00746|R00754|R00756|R00762|R00947|R00959|R01015|R01061|R01063|R01068|R01512|R01516|R01518|R01600|R01602|R01662|R01786|R01788|R02569|R02739|R03270|R04394|R05132|R05133|R05134|R07618|R10860|R13199
map00010	rn00010	Glycolysis / gluconeogenesis	iECDH1ME8569_1439	iJR904	4	R00754|R01196|R01602|R01788	0		37	R00014|R00199|R00200|R00229|R00235|R00341|R00431|R00658|R00703|R00710|R00711|R00726|R00746|R00756|R00762|R00947|R00959|R01015|R01061|R01063|R01068|R01512|R01516|R01518|R01600|R01662|R01786|R02569|R02739|R03270|R04394|R05132|R05133|R05134|R07618|R10860|R13199
map00010	rn00010	Glycolysis / gluconeogenesis	iECDH1ME8569_1439	iML1515	1	R01196	0		40	R00014|R00199|R00200|R00229|R00235|R00341|R00431|R00658|R00703|R00710|R00711|R00726|R00746|R00754|R00756|R00762|R00947|R00959|R01015|R01061|R01063|R01068|R01512|R01516|R01518|R01600|R01602|R01662|R01786|R01788|R02569|R02739|R03270|R04394|R05132|R05133|R05134|R07618|R10860|R13199
map00010	rn00010	Glycolysis / gluconeogenesis	iECD_1391	iJO1366	1	R01196	0		40	R00014|R00199|R00200|R00229|R00235|R00341|R00431|R00658|R00703|R00710|R00711|R00726|R00746|R00754|R00756|R00762|R00947|R00959|R01015|R01061|R01063|R01068|R01512|R01516|R01518|R01600|R01602|R01662|R01786|R01788|R02569|R02739|R03270|R04394|R05132|R05133|R05134|R07618|R10860|R13199
map00010	rn00010	Glycolysis / gluconeogenesis	iECD_1391	iJR904	4	R00754|R01196|R01602|R01788	0		37	R00014|R00199|R00200|R00229|R00235|R00341|R00431|R00658|R00703|R00710|R00711|R00726|R00746|R00756|R00762|R00947|R00959|R01015|R01061|R01063|R01068|R01512|R01516|R01518|R01600|R01662|R01786|R02569|R02739|R03270|R04394|R05132|R05133|R05134|R07618|R10860|R13199
map00010	rn00010	Glycolysis / gluconeogenesis	iECD_1391	iML1515	1	R01196	0		40	R00014|R00199|R00200|R00229|R00235|R00341|R00431|R00658|R00703|R00710|R00711|R00726|R00746|R00754|R00756|R00762|R00947|R00959|R01015|R01061|R01063|R01068|R01512|R01516|R01518|R01600|R01602|R01662|R01786|R01788|R02569|R02739|R03270|R04394|R05132|R05133|R05134|R07618|R10860|R13199
map00010	rn00010	Glycolysis / gluconeogenesis	iECED1_1282	iJO1366	1	R01196	0		40	R00014|R00199|R00200|R00229|R00235|R00341|R00431|R00658|R00703|R00710|R00711|R00726|R00746|R00754|R00756|R00762|R00947|R00959|R01015|R01061|R01063|R01068|R01512|R01516|R01518|R01600|R01602|R01662|R01786|R01788|R02569|R02739|R03270|R04394|R05132|R05133|R05134|R07618|R10860|R13199
map00010	rn00010	Glycolysis / gluconeogenesis	iECED1_1282	iJR904	4	R00754|R01196|R01602|R01788	0		37	R00014|R00199|R00200|R00229|R00235|R00341|R00431|R00658|R00703|R00710|R00711|R00726|R00746|R00756|R00762|R00947|R00959|R01015|R01061|R01063|R01068|R01512|R01516|R01518|R01600|R01662|R01786|R02569|R02739|R03270|R04394|R05132|R05133|R05134|R07618|R10860|R13199
map00010	rn00010	Glycolysis / gluconeogenesis	iECED1_1282	iML1515	1	R01196	0		40	R00014|R00199|R00200|R00229|R00235|R00341|R00431|R00658|R00703|R00710|R00711|R00726|R00746|R00754|R00756|R00762|R00947|R00959|R01015|R01061|R01063|R01068|R01512|R01516|R01518|R01600|R01602|R01662|R01786|R01788|R02569|R02739|R03270|R04394|R05132|R05133|R05134|R07618|R10860|R13199
map00010	rn00010	Glycolysis / gluconeogenesis	iECH74115_1262	iJO1366	1	R01196	0		40	R00014|R00199|R00200|R00229|R00235|R00341|R00431|R00658|R00703|R00710|R00711|R00726|R00746|R00754|R00756|R00762|R00947|R00959|R01015|R01061|R01063|R01068|R01512|R01516|R01518|R01600|R01602|R01662|R01786|R01788|R02569|R02739|R03270|R04394|R05132|R05133|R05134|R07618|R10860|R13199
map00010	rn00010	Glycolysis / gluconeogenesis	iECH74115_1262	iJR904	4	R00754|R01196|R01602|R01788	0		37	R00014|R00199|R00200|R00229|R00235|R00341|R00431|R00658|R00703|R00710|R00711|R00726|R00746|R00756|R00762|R00947|R00959|R01015|R01061|R01063|R01068|R01512|R01516|R01518|R01600|R01662|R01786|R02569|R02739|R03270|R04394|R05132|R05133|R05134|R07618|R10860|R13199
map00010	rn00010	Glycolysis / gluconeogenesis	iECH74115_1262	iML1515	1	R01196	0		40	R00014|R00199|R00200|R00229|R00235|R00341|R00431|R00658|R00703|R00710|R00711|R00726|R00746|R00754|R00756|R00762|R00947|R00959|R01015|R01061|R01063|R01068|R01512|R01516|R01518|R01600|R01602|R01662|R01786|R01788|R02569|R02739|R03270|R04394|R05132|R05133|R05134|R07618|R10860|R13199
map00010	rn00010	Glycolysis / gluconeogenesis	iECIAI1_1343	iJO1366	1	R01196	0		40	R00014|R00199|R00200|R00229|R00235|R00341|R00431|R00658|R00703|R00710|R00711|R00726|R00746|R00754|R00756|R00762|R00947|R00959|R01015|R01061|R01063|R01068|R01512|R01516|R01518|R01600|R01602|R01662|R01786|R01788|R02569|R02739|R03270|R04394|R05132|R05133|R05134|R07618|R10860|R13199
map00010	rn00010	Glycolysis / gluconeogenesis	iECIAI1_1343	iJR904	4	R00754|R01196|R01602|R01788	0		37	R00014|R00199|R00200|R00229|R00235|R00341|R00431|R00658|R00703|R00710|R00711|R00726|R00746|R00756|R00762|R00947|R00959|R01015|R01061|R01063|R01068|R01512|R01516|R01518|R01600|R01662|R01786|R02569|R02739|R03270|R04394|R05132|R05133|R05134|R07618|R10860|R13199
map00010	rn00010	Glycolysis / gluconeogenesis	iECIAI1_1343	iML1515	1	R01196	0		40	R00014|R00199|R00200|R00229|R00235|R00341|R00431|R00658|R00703|R00710|R00711|R00726|R00746|R00754|R00756|R00762|R00947|R00959|R01015|R01061|R01063|R01068|R01512|R01516|R01518|R01600|R01602|R01662|R01786|R01788|R02569|R02739|R03270|R04394|R05132|R05133|R05134|R07618|R10860|R13199
map00010	rn00010	Glycolysis / gluconeogenesis	iECIAI39_1322	iJO1366	1	R01196	0		40	R00014|R00199|R00200|R00229|R00235|R00341|R00431|R00658|R00703|R00710|R00711|R00726|R00746|R00754|R00756|R00762|R00947|R00959|R01015|R01061|R01063|R01068|R01512|R01516|R01518|R01600|R01602|R01662|R01786|R01788|R02569|R02739|R03270|R04394|R05132|R05133|R05134|R07618|R10860|R13199
map00010	rn00010	Glycolysis / gluconeogenesis	iECIAI39_1322	iJR904	4	R00754|R01196|R01602|R01788	0		37	R00014|R00199|R00200|R00229|R00235|R00341|R00431|R00658|R00703|R00710|R00711|R00726|R00746|R00756|R00762|R00947|R00959|R01015|R01061|R01063|R01068|R01512|R01516|R01518|R01600|R01662|R01786|R02569|R02739|R03270|R04394|R05132|R05133|R05134|R07618|R10860|R13199
map00010	rn00010	Glycolysis / gluconeogenesis	iECIAI39_1322	iML1515	1	R01196	0		40	R00014|R00199|R00200|R00229|R00235|R00341|R00431|R00658|R00703|R00710|R00711|R00726|R00746|R00754|R00756|R00762|R00947|R00959|R01015|R01061|R01063|R01068|R01512|R01516|R01518|R01600|R01602|R01662|R01786|R01788|R02569|R02739|R03270|R04394|R05132|R05133|R05134|R07618|R10860|R13199
map00010	rn00010	Glycolysis / gluconeogenesis	iECNA114_1301	iJO1366	1	R01196	0		40	R00014|R00199|R00200|R00229|R00235|R00341|R00431|R00658|R00703|R00710|R00711|R00726|R00746|R00754|R00756|R00762|R00947|R00959|R01015|R01061|R01063|R01068|R01512|R01516|R01518|R01600|R01602|R01662|R01786|R01788|R02569|R02739|R03270|R04394|R05132|R05133|R05134|R07618|R10860|R13199
map00010	rn00010	Glycolysis / gluconeogenesis	iECNA114_1301	iJR904	4	R00754|R01196|R01602|R01788	0		37	R00014|R00199|R00200|R00229|R00235|R00341|R00431|R00658|R00703|R00710|R00711|R00726|R00746|R00756|R00762|R00947|R00959|R01015|R01061|R01063|R01068|R01512|R01516|R01518|R01600|R01662|R01786|R02569|R02739|R03270|R04394|R05132|R05133|R05134|R07618|R10860|R13199
map00010	rn00010	Glycolysis / gluconeogenesis	iECNA114_1301	iML1515	1	R01196	0		40	R00014|R00199|R00200|R00229|R00235|R00341|R00431|R00658|R00703|R00710|R00711|R00726|R00746|R00754|R00756|R00762|R00947|R00959|R01015|R01061|R01063|R01068|R01512|R01516|R01518|R01600|R01602|R01662|R01786|R01788|R02569|R02739|R03270|R04394|R05132|R05133|R05134|R07618|R10860|R13199
map00010	rn00010	Glycolysis / gluconeogenesis	iECO103_1326	iJO1366	1	R01196	0		40	R00014|R00199|R00200|R00229|R00235|R00341|R00431|R00658|R00703|R00710|R00711|R00726|R00746|R00754|R00756|R00762|R00947|R00959|R01015|R01061|R01063|R01068|R01512|R01516|R01518|R01600|R01602|R01662|R01786|R01788|R02569|R02739|R03270|R04394|R05132|R05133|R05134|R07618|R10860|R13199
map00010	rn00010	Glycolysis / gluconeogenesis	iECO103_1326	iJR904	4	R00754|R01196|R01602|R01788	0		37	R00014|R00199|R00200|R00229|R00235|R00341|R00431|R00658|R00703|R00710|R00711|R00726|R00746|R00756|R00762|R00947|R00959|R01015|R01061|R01063|R01068|R01512|R01516|R01518|R01600|R01662|R01786|R02569|R02739|R03270|R04394|R05132|R05133|R05134|R07618|R10860|R13199
map00010	rn00010	Glycolysis / gluconeogenesis	iECO103_1326	iML1515	1	R01196	0		40	R00014|R00199|R00200|R00229|R00235|R00341|R00431|R00658|R00703|R00710|R00711|R00726|R00746|R00754|R00756|R00762|R00947|R00959|R01015|R01061|R01063|R01068|R01512|R01516|R01518|R01600|R01602|R01662|R01786|R01788|R02569|R02739|R03270|R04394|R05132|R05133|R05134|R07618|R10860|R13199
map00010	rn00010	Glycolysis / gluconeogenesis	iECO111_1330	iJO1366	1	R01196	0		40	R00014|R00199|R00200|R00229|R00235|R00341|R00431|R00658|R00703|R00710|R00711|R00726|R00746|R00754|R00756|R00762|R00947|R00959|R01015|R01061|R01063|R01068|R01512|R01516|R01518|R01600|R01602|R01662|R01786|R01788|R02569|R02739|R03270|R04394|R05132|R05133|R05134|R07618|R10860|R13199
map00010	rn00010	Glycolysis / gluconeogenesis	iECO111_1330	iJR904	4	R00754|R01196|R01602|R01788	0		37	R00014|R00199|R00200|R00229|R00235|R00341|R00431|R00658|R00703|R00710|R00711|R00726|R00746|R00756|R00762|R00947|R00959|R01015|R01061|R01063|R01068|R01512|R01516|R01518|R01600|R01662|R01786|R02569|R02739|R03270|R04394|R05132|R05133|R05134|R07618|R10860|R13199
map00010	rn00010	Glycolysis / gluconeogenesis	iECO111_1330	iML1515	1	R01196	0		40	R00014|R00199|R00200|R00229|R00235|R00341|R00431|R00658|R00703|R00710|R00711|R00726|R00746|R00754|R00756|R00762|R00947|R00959|R01015|R01061|R01063|R01068|R01512|R01516|R01518|R01600|R01602|R01662|R01786|R01788|R02569|R02739|R03270|R04394|R05132|R05133|R05134|R07618|R10860|R13199
map00010	rn00010	Glycolysis / gluconeogenesis	iECO26_1355	iJO1366	1	R01196	0		40	R00014|R00199|R00200|R00229|R00235|R00341|R00431|R00658|R00703|R00710|R00711|R00726|R00746|R00754|R00756|R00762|R00947|R00959|R01015|R01061|R01063|R01068|R01512|R01516|R01518|R01600|R01602|R01662|R01786|R01788|R02569|R02739|R03270|R04394|R05132|R05133|R05134|R07618|R10860|R13199
map00010	rn00010	Glycolysis / gluconeogenesis	iECO26_1355	iJR904	4	R00754|R01196|R01602|R01788	0		37	R00014|R00199|R00200|R00229|R00235|R00341|R00431|R00658|R00703|R00710|R00711|R00726|R00746|R00756|R00762|R00947|R00959|R01015|R01061|R01063|R01068|R01512|R01516|R01518|R01600|R01662|R01786|R02569|R02739|R03270|R04394|R05132|R05133|R05134|R07618|R10860|R13199
map00010	rn00010	Glycolysis / gluconeogenesis	iECO26_1355	iML1515	1	R01196	0		40	R00014|R00199|R00200|R00229|R00235|R00341|R00431|R00658|R00703|R00710|R00711|R00726|R00746|R00754|R00756|R00762|R00947|R00959|R01015|R01061|R01063|R01068|R01512|R01516|R01518|R01600|R01602|R01662|R01786|R01788|R02569|R02739|R03270|R04394|R05132|R05133|R05134|R07618|R10860|R13199
map00010	rn00010	Glycolysis / gluconeogenesis	iECOK1_1307	iJO1366	1	R01196	0		40	R00014|R00199|R00200|R00229|R00235|R00341|R00431|R00658|R00703|R00710|R00711|R00726|R00746|R00754|R00756|R00762|R00947|R00959|R01015|R01061|R01063|R01068|R01512|R01516|R01518|R01600|R01602|R01662|R01786|R01788|R02569|R02739|R03270|R04394|R05132|R05133|R05134|R07618|R10860|R13199
map00010	rn00010	Glycolysis / gluconeogenesis	iECOK1_1307	iJR904	4	R00754|R01196|R01602|R01788	0		37	R00014|R00199|R00200|R00229|R00235|R00341|R00431|R00658|R00703|R00710|R00711|R00726|R00746|R00756|R00762|R00947|R00959|R01015|R01061|R01063|R01068|R01512|R01516|R01518|R01600|R01662|R01786|R02569|R02739|R03270|R04394|R05132|R05133|R05134|R07618|R10860|R13199
map00010	rn00010	Glycolysis / gluconeogenesis	iECOK1_1307	iML1515	1	R01196	0		40	R00014|R00199|R00200|R00229|R00235|R00341|R00431|R00658|R00703|R00710|R00711|R00726|R00746|R00754|R00756|R00762|R00947|R00959|R01015|R01061|R01063|R01068|R01512|R01516|R01518|R01600|R01602|R01662|R01786|R01788|R02569|R02739|R03270|R04394|R05132|R05133|R05134|R07618|R10860|R13199
map00010	rn00010	Glycolysis / gluconeogenesis	iECP_1309	iJO1366	1	R01196	0		40	R00014|R00199|R00200|R00229|R00235|R00341|R00431|R00658|R00703|R00710|R00711|R00726|R00746|R00754|R00756|R00762|R00947|R00959|R01015|R01061|R01063|R01068|R01512|R01516|R01518|R01600|R01602|R01662|R01786|R01788|R02569|R02739|R03270|R04394|R05132|R05133|R05134|R07618|R10860|R13199
map00010	rn00010	Glycolysis / gluconeogenesis	iECP_1309	iJR904	4	R00754|R01196|R01602|R01788	0		37	R00014|R00199|R00200|R00229|R00235|R00341|R00431|R00658|R00703|R00710|R00711|R00726|R00746|R00756|R00762|R00947|R00959|R01015|R01061|R01063|R01068|R01512|R01516|R01518|R01600|R01662|R01786|R02569|R02739|R03270|R04394|R05132|R05133|R05134|R07618|R10860|R13199
map00010	rn00010	Glycolysis / gluconeogenesis	iECP_1309	iML1515	1	R01196	0		40	R00014|R00199|R00200|R00229|R00235|R00341|R00431|R00658|R00703|R00710|R00711|R00726|R00746|R00754|R00756|R00762|R00947|R00959|R01015|R01061|R01063|R01068|R01512|R01516|R01518|R01600|R01602|R01662|R01786|R01788|R02569|R02739|R03270|R04394|R05132|R05133|R05134|R07618|R10860|R13199
map00010	rn00010	Glycolysis / gluconeogenesis	iECS88_1305	iJO1366	1	R01196	0		40	R00014|R00199|R00200|R00229|R00235|R00341|R00431|R00658|R00703|R00710|R00711|R00726|R00746|R00754|R00756|R00762|R00947|R00959|R01015|R01061|R01063|R01068|R01512|R01516|R01518|R01600|R01602|R01662|R01786|R01788|R02569|R02739|R03270|R04394|R05132|R05133|R05134|R07618|R10860|R13199
map00010	rn00010	Glycolysis / gluconeogenesis	iECS88_1305	iJR904	4	R00754|R01196|R01602|R01788	0		37	R00014|R00199|R00200|R00229|R00235|R00341|R00431|R00658|R00703|R00710|R00711|R00726|R00746|R00756|R00762|R00947|R00959|R01015|R01061|R01063|R01068|R01512|R01516|R01518|R01600|R01662|R01786|R02569|R02739|R03270|R04394|R05132|R05133|R05134|R07618|R10860|R13199
map00010	rn00010	Glycolysis / gluconeogenesis	iECS88_1305	iML1515	1	R01196	0		40	R00014|R00199|R00200|R00229|R00235|R00341|R00431|R00658|R00703|R00710|R00711|R00726|R00746|R00754|R00756|R00762|R00947|R00959|R01015|R01061|R01063|R01068|R01512|R01516|R01518|R01600|R01602|R01662|R01786|R01788|R02569|R02739|R03270|R04394|R05132|R05133|R05134|R07618|R10860|R13199
map00010	rn00010	Glycolysis / gluconeogenesis	iECSE_1348	iJO1366	1	R01196	0		40	R00014|R00199|R00200|R00229|R00235|R00341|R00431|R00658|R00703|R00710|R00711|R00726|R00746|R00754|R00756|R00762|R00947|R00959|R01015|R01061|R01063|R01068|R01512|R01516|R01518|R01600|R01602|R01662|R01786|R01788|R02569|R02739|R03270|R04394|R05132|R05133|R05134|R07618|R10860|R13199
map00010	rn00010	Glycolysis / gluconeogenesis	iECSE_1348	iJR904	4	R00754|R01196|R01602|R01788	0		37	R00014|R00199|R00200|R00229|R00235|R00341|R00431|R00658|R00703|R00710|R00711|R00726|R00746|R00756|R00762|R00947|R00959|R01015|R01061|R01063|R01068|R01512|R01516|R01518|R01600|R01662|R01786|R02569|R02739|R03270|R04394|R05132|R05133|R05134|R07618|R10860|R13199
map00010	rn00010	Glycolysis / gluconeogenesis	iECSE_1348	iML1515	1	R01196	0		40	R00014|R00199|R00200|R00229|R00235|R00341|R00431|R00658|R00703|R00710|R00711|R00726|R00746|R00754|R00756|R00762|R00947|R00959|R01015|R01061|R01063|R01068|R01512|R01516|R01518|R01600|R01602|R01662|R01786|R01788|R02569|R02739|R03270|R04394|R05132|R05133|R05134|R07618|R10860|R13199
map00010	rn00010	Glycolysis / gluconeogenesis	iECSF_1327	iJO1366	1	R01196	0		40	R00014|R00199|R00200|R00229|R00235|R00341|R00431|R00658|R00703|R00710|R00711|R00726|R00746|R00754|R00756|R00762|R00947|R00959|R01015|R01061|R01063|R01068|R01512|R01516|R01518|R01600|R01602|R01662|R01786|R01788|R02569|R02739|R03270|R04394|R05132|R05133|R05134|R07618|R10860|R13199
map00010	rn00010	Glycolysis / gluconeogenesis	iECSF_1327	iJR904	4	R00754|R01196|R01602|R01788	0		37	R00014|R00199|R00200|R00229|R00235|R00341|R00431|R00658|R00703|R00710|R00711|R00726|R00746|R00756|R00762|R00947|R00959|R01015|R01061|R01063|R01068|R01512|R01516|R01518|R01600|R01662|R01786|R02569|R02739|R03270|R04394|R05132|R05133|R05134|R07618|R10860|R13199
map00010	rn00010	Glycolysis / gluconeogenesis	iECSF_1327	iML1515	1	R01196	0		40	R00014|R00199|R00200|R00229|R00235|R00341|R00431|R00658|R00703|R00710|R00711|R00726|R00746|R00754|R00756|R00762|R00947|R00959|R01015|R01061|R01063|R01068|R01512|R01516|R01518|R01600|R01602|R01662|R01786|R01788|R02569|R02739|R03270|R04394|R05132|R05133|R05134|R07618|R10860|R13199
map00010	rn00010	Glycolysis / gluconeogenesis	iECSP_1301	iJO1366	1	R01196	0		40	R00014|R00199|R00200|R00229|R00235|R00341|R00431|R00658|R00703|R00710|R00711|R00726|R00746|R00754|R00756|R00762|R00947|R00959|R01015|R01061|R01063|R01068|R01512|R01516|R01518|R01600|R01602|R01662|R01786|R01788|R02569|R02739|R03270|R04394|R05132|R05133|R05134|R07618|R10860|R13199
map00010	rn00010	Glycolysis / gluconeogenesis	iECSP_1301	iJR904	4	R00754|R01196|R01602|R01788	0		37	R00014|R00199|R00200|R00229|R00235|R00341|R00431|R00658|R00703|R00710|R00711|R00726|R00746|R00756|R00762|R00947|R00959|R01015|R01061|R01063|R01068|R01512|R01516|R01518|R01600|R01662|R01786|R02569|R02739|R03270|R04394|R05132|R05133|R05134|R07618|R10860|R13199
map00010	rn00010	Glycolysis / gluconeogenesis	iECSP_1301	iML1515	1	R01196	0		40	R00014|R00199|R00200|R00229|R00235|R00341|R00431|R00658|R00703|R00710|R00711|R00726|R00746|R00754|R00756|R00762|R00947|R00959|R01015|R01061|R01063|R01068|R01512|R01516|R01518|R01600|R01602|R01662|R01786|R01788|R02569|R02739|R03270|R04394|R05132|R05133|R05134|R07618|R10860|R13199
map00010	rn00010	Glycolysis / gluconeogenesis	iECUMN_1333	iJO1366	1	R01196	0		40	R00014|R00199|R00200|R00229|R00235|R00341|R00431|R00658|R00703|R00710|R00711|R00726|R00746|R00754|R00756|R00762|R00947|R00959|R01015|R01061|R01063|R01068|R01512|R01516|R01518|R01600|R01602|R01662|R01786|R01788|R02569|R02739|R03270|R04394|R05132|R05133|R05134|R07618|R10860|R13199
map00010	rn00010	Glycolysis / gluconeogenesis	iECUMN_1333	iJR904	4	R00754|R01196|R01602|R01788	0		37	R00014|R00199|R00200|R00229|R00235|R00341|R00431|R00658|R00703|R00710|R00711|R00726|R00746|R00756|R00762|R00947|R00959|R01015|R01061|R01063|R01068|R01512|R01516|R01518|R01600|R01662|R01786|R02569|R02739|R03270|R04394|R05132|R05133|R05134|R07618|R10860|R13199
map00010	rn00010	Glycolysis / gluconeogenesis	iECUMN_1333	iML1515	1	R01196	0		40	R00014|R00199|R00200|R00229|R00235|R00341|R00431|R00658|R00703|R00710|R00711|R00726|R00746|R00754|R00756|R00762|R00947|R00959|R01015|R01061|R01063|R01068|R01512|R01516|R01518|R01600|R01602|R01662|R01786|R01788|R02569|R02739|R03270|R04394|R05132|R05133|R05134|R07618|R10860|R13199
map00010	rn00010	Glycolysis / gluconeogenesis	iECW_1372	iJO1366	1	R01196	0		40	R00014|R00199|R00200|R00229|R00235|R00341|R00431|R00658|R00703|R00710|R00711|R00726|R00746|R00754|R00756|R00762|R00947|R00959|R01015|R01061|R01063|R01068|R01512|R01516|R01518|R01600|R01602|R01662|R01786|R01788|R02569|R02739|R03270|R04394|R05132|R05133|R05134|R07618|R10860|R13199
map00010	rn00010	Glycolysis / gluconeogenesis	iECW_1372	iJR904	4	R00754|R01196|R01602|R01788	0		37	R00014|R00199|R00200|R00229|R00235|R00341|R00431|R00658|R00703|R00710|R00711|R00726|R00746|R00756|R00762|R00947|R00959|R01015|R01061|R01063|R01068|R01512|R01516|R01518|R01600|R01662|R01786|R02569|R02739|R03270|R04394|R05132|R05133|R05134|R07618|R10860|R13199
map00010	rn00010	Glycolysis / gluconeogenesis	iECW_1372	iML1515	1	R01196	0		40	R00014|R00199|R00200|R00229|R00235|R00341|R00431|R00658|R00703|R00710|R00711|R00726|R00746|R00754|R00756|R00762|R00947|R00959|R01015|R01061|R01063|R01068|R01512|R01516|R01518|R01600|R01602|R01662|R01786|R01788|R02569|R02739|R03270|R04394|R05132|R05133|R05134|R07618|R10860|R13199
map00010	rn00010	Glycolysis / gluconeogenesis	iECs_1301	iJO1366	1	R01196	0		40	R00014|R00199|R00200|R00229|R00235|R00341|R00431|R00658|R00703|R00710|R00711|R00726|R00746|R00754|R00756|R00762|R00947|R00959|R01015|R01061|R01063|R01068|R01512|R01516|R01518|R01600|R01602|R01662|R01786|R01788|R02569|R02739|R03270|R04394|R05132|R05133|R05134|R07618|R10860|R13199
map00010	rn00010	Glycolysis / gluconeogenesis	iECs_1301	iJR904	4	R00754|R01196|R01602|R01788	0		37	R00014|R00199|R00200|R00229|R00235|R00341|R00431|R00658|R00703|R00710|R00711|R00726|R00746|R00756|R00762|R00947|R00959|R01015|R01061|R01063|R01068|R01512|R01516|R01518|R01600|R01662|R01786|R02569|R02739|R03270|R04394|R05132|R05133|R05134|R07618|R10860|R13199
map00010	rn00010	Glycolysis / gluconeogenesis	iECs_1301	iML1515	1	R01196	0		40	R00014|R00199|R00200|R00229|R00235|R00341|R00431|R00658|R00703|R00710|R00711|R00726|R00746|R00754|R00756|R00762|R00947|R00959|R01015|R01061|R01063|R01068|R01512|R01516|R01518|R01600|R01602|R01662|R01786|R01788|R02569|R02739|R03270|R04394|R05132|R05133|R05134|R07618|R10860|R13199
map00010	rn00010	Glycolysis / gluconeogenesis	iEKO11_1354	iJO1366	1	R01196	0		40	R00014|R00199|R00200|R00229|R00235|R00341|R00431|R00658|R00703|R00710|R00711|R00726|R00746|R00754|R00756|R00762|R00947|R00959|R01015|R01061|R01063|R01068|R01512|R01516|R01518|R01600|R01602|R01662|R01786|R01788|R02569|R02739|R03270|R04394|R05132|R05133|R05134|R07618|R10860|R13199
map00010	rn00010	Glycolysis / gluconeogenesis	iEKO11_1354	iJR904	4	R00754|R01196|R01602|R01788	0		37	R00014|R00199|R00200|R00229|R00235|R00341|R00431|R00658|R00703|R00710|R00711|R00726|R00746|R00756|R00762|R00947|R00959|R01015|R01061|R01063|R01068|R01512|R01516|R01518|R01600|R01662|R01786|R02569|R02739|R03270|R04394|R05132|R05133|R05134|R07618|R10860|R13199
map00010	rn00010	Glycolysis / gluconeogenesis	iEKO11_1354	iML1515	1	R01196	0		40	R00014|R00199|R00200|R00229|R00235|R00341|R00431|R00658|R00703|R00710|R00711|R00726|R00746|R00754|R00756|R00762|R00947|R00959|R01015|R01061|R01063|R01068|R01512|R01516|R01518|R01600|R01602|R01662|R01786|R01788|R02569|R02739|R03270|R04394|R05132|R05133|R05134|R07618|R10860|R13199
map00010	rn00010	Glycolysis / gluconeogenesis	iETEC_1333	iJO1366	1	R01196	0		40	R00014|R00199|R00200|R00229|R00235|R00341|R00431|R00658|R00703|R00710|R00711|R00726|R00746|R00754|R00756|R00762|R00947|R00959|R01015|R01061|R01063|R01068|R01512|R01516|R01518|R01600|R01602|R01662|R01786|R01788|R02569|R02739|R03270|R04394|R05132|R05133|R05134|R07618|R10860|R13199
map00010	rn00010	Glycolysis / gluconeogenesis	iETEC_1333	iJR904	4	R00754|R01196|R01602|R01788	0		37	R00014|R00199|R00200|R00229|R00235|R00341|R00431|R00658|R00703|R00710|R00711|R00726|R00746|R00756|R00762|R00947|R00959|R01015|R01061|R01063|R01068|R01512|R01516|R01518|R01600|R01662|R01786|R02569|R02739|R03270|R04394|R05132|R05133|R05134|R07618|R10860|R13199
map00010	rn00010	Glycolysis / gluconeogenesis	iETEC_1333	iML1515	1	R01196	0		40	R00014|R00199|R00200|R00229|R00235|R00341|R00431|R00658|R00703|R00710|R00711|R00726|R00746|R00754|R00756|R00762|R00947|R00959|R01015|R01061|R01063|R01068|R01512|R01516|R01518|R01600|R01602|R01662|R01786|R01788|R02569|R02739|R03270|R04394|R05132|R05133|R05134|R07618|R10860|R13199
map00010	rn00010	Glycolysis / gluconeogenesis	iEcDH1_1363	iJO1366	1	R01196	0		40	R00014|R00199|R00200|R00229|R00235|R00341|R00431|R00658|R00703|R00710|R00711|R00726|R00746|R00754|R00756|R00762|R00947|R00959|R01015|R01061|R01063|R01068|R01512|R01516|R01518|R01600|R01602|R01662|R01786|R01788|R02569|R02739|R03270|R04394|R05132|R05133|R05134|R07618|R10860|R13199
map00010	rn00010	Glycolysis / gluconeogenesis	iEcDH1_1363	iJR904	4	R00754|R01196|R01602|R01788	0		37	R00014|R00199|R00200|R00229|R00235|R00341|R00431|R00658|R00703|R00710|R00711|R00726|R00746|R00756|R00762|R00947|R00959|R01015|R01061|R01063|R01068|R01512|R01516|R01518|R01600|R01662|R01786|R02569|R02739|R03270|R04394|R05132|R05133|R05134|R07618|R10860|R13199
map00010	rn00010	Glycolysis / gluconeogenesis	iEcDH1_1363	iML1515	1	R01196	0		40	R00014|R00199|R00200|R00229|R00235|R00341|R00431|R00658|R00703|R00710|R00711|R00726|R00746|R00754|R00756|R00762|R00947|R00959|R01015|R01061|R01063|R01068|R01512|R01516|R01518|R01600|R01602|R01662|R01786|R01788|R02569|R02739|R03270|R04394|R05132|R05133|R05134|R07618|R10860|R13199
map00010	rn00010	Glycolysis / gluconeogenesis	iEcE24377_1341	iJO1366	1	R01196	0		40	R00014|R00199|R00200|R00229|R00235|R00341|R00431|R00658|R00703|R00710|R00711|R00726|R00746|R00754|R00756|R00762|R00947|R00959|R01015|R01061|R01063|R01068|R01512|R01516|R01518|R01600|R01602|R01662|R01786|R01788|R02569|R02739|R03270|R04394|R05132|R05133|R05134|R07618|R10860|R13199
map00010	rn00010	Glycolysis / gluconeogenesis	iEcE24377_1341	iJR904	4	R00754|R01196|R01602|R01788	0		37	R00014|R00199|R00200|R00229|R00235|R00341|R00431|R00658|R00703|R00710|R00711|R00726|R00746|R00756|R00762|R00947|R00959|R01015|R01061|R01063|R01068|R01512|R01516|R01518|R01600|R01662|R01786|R02569|R02739|R03270|R04394|R05132|R05133|R05134|R07618|R10860|R13199
map00010	rn00010	Glycolysis / gluconeogenesis	iEcE24377_1341	iML1515	1	R01196	0		40	R00014|R00199|R00200|R00229|R00235|R00341|R00431|R00658|R00703|R00710|R00711|R00726|R00746|R00754|R00756|R00762|R00947|R00959|R01015|R01061|R01063|R01068|R01512|R01516|R01518|R01600|R01602|R01662|R01786|R01788|R02569|R02739|R03270|R04394|R05132|R05133|R05134|R07618|R10860|R13199
map00010	rn00010	Glycolysis / gluconeogenesis	iEcHS_1320	iJO1366	1	R01196	0		40	R00014|R00199|R00200|R00229|R00235|R00341|R00431|R00658|R00703|R00710|R00711|R00726|R00746|R00754|R00756|R00762|R00947|R00959|R01015|R01061|R01063|R01068|R01512|R01516|R01518|R01600|R01602|R01662|R01786|R01788|R02569|R02739|R03270|R04394|R05132|R05133|R05134|R07618|R10860|R13199
map00010	rn00010	Glycolysis / gluconeogenesis	iEcHS_1320	iJR904	4	R00754|R01196|R01602|R01788	0		37	R00014|R00199|R00200|R00229|R00235|R00341|R00431|R00658|R00703|R00710|R00711|R00726|R00746|R00756|R00762|R00947|R00959|R01015|R01061|R01063|R01068|R01512|R01516|R01518|R01600|R01662|R01786|R02569|R02739|R03270|R04394|R05132|R05133|R05134|R07618|R10860|R13199
map00010	rn00010	Glycolysis / gluconeogenesis	iEcHS_1320	iML1515	1	R01196	0		40	R00014|R00199|R00200|R00229|R00235|R00341|R00431|R00658|R00703|R00710|R00711|R00726|R00746|R00754|R00756|R00762|R00947|R00959|R01015|R01061|R01063|R01068|R01512|R01516|R01518|R01600|R01602|R01662|R01786|R01788|R02569|R02739|R03270|R04394|R05132|R05133|R05134|R07618|R10860|R13199
map00010	rn00010	Glycolysis / gluconeogenesis	iEcSMS35_1347	iJO1366	1	R01196	0		40	R00014|R00199|R00200|R00229|R00235|R00341|R00431|R00658|R00703|R00710|R00711|R00726|R00746|R00754|R00756|R00762|R00947|R00959|R01015|R01061|R01063|R01068|R01512|R01516|R01518|R01600|R01602|R01662|R01786|R01788|R02569|R02739|R03270|R04394|R05132|R05133|R05134|R07618|R10860|R13199
map00010	rn00010	Glycolysis / gluconeogenesis	iEcSMS35_1347	iJR904	4	R00754|R01196|R01602|R01788	0		37	R00014|R00199|R00200|R00229|R00235|R00341|R00431|R00658|R00703|R00710|R00711|R00726|R00746|R00756|R00762|R00947|R00959|R01015|R01061|R01063|R01068|R01512|R01516|R01518|R01600|R01662|R01786|R02569|R02739|R03270|R04394|R05132|R05133|R05134|R07618|R10860|R13199
map00010	rn00010	Glycolysis / gluconeogenesis	iEcSMS35_1347	iML1515	1	R01196	0		40	R00014|R00199|R00200|R00229|R00235|R00341|R00431|R00658|R00703|R00710|R00711|R00726|R00746|R00754|R00756|R00762|R00947|R00959|R01015|R01061|R01063|R01068|R01512|R01516|R01518|R01600|R01602|R01662|R01786|R01788|R02569|R02739|R03270|R04394|R05132|R05133|R05134|R07618|R10860|R13199
map00010	rn00010	Glycolysis / gluconeogenesis	iEcolC_1368	iJO1366	1	R01196	0		40	R00014|R00199|R00200|R00229|R00235|R00341|R00431|R00658|R00703|R00710|R00711|R00726|R00746|R00754|R00756|R00762|R00947|R00959|R01015|R01061|R01063|R01068|R01512|R01516|R01518|R01600|R01602|R01662|R01786|R01788|R02569|R02739|R03270|R04394|R05132|R05133|R05134|R07618|R10860|R13199
map00010	rn00010	Glycolysis / gluconeogenesis	iEcolC_1368	iJR904	4	R00754|R01196|R01602|R01788	0		37	R00014|R00199|R00200|R00229|R00235|R00341|R00431|R00658|R00703|R00710|R00711|R00726|R00746|R00756|R00762|R00947|R00959|R01015|R01061|R01063|R01068|R01512|R01516|R01518|R01600|R01662|R01786|R02569|R02739|R03270|R04394|R05132|R05133|R05134|R07618|R10860|R13199
map00010	rn00010	Glycolysis / gluconeogenesis	iEcolC_1368	iML1515	1	R01196	0		40	R00014|R00199|R00200|R00229|R00235|R00341|R00431|R00658|R00703|R00710|R00711|R00726|R00746|R00754|R00756|R00762|R00947|R00959|R01015|R01061|R01063|R01068|R01512|R01516|R01518|R01600|R01602|R01662|R01786|R01788|R02569|R02739|R03270|R04394|R05132|R05133|R05134|R07618|R10860|R13199
map00010	rn00010	Glycolysis / gluconeogenesis	iG2583_1286	iJO1366	1	R01196	0		40	R00014|R00199|R00200|R00229|R00235|R00341|R00431|R00658|R00703|R00710|R00711|R00726|R00746|R00754|R00756|R00762|R00947|R00959|R01015|R01061|R01063|R01068|R01512|R01516|R01518|R01600|R01602|R01662|R01786|R01788|R02569|R02739|R03270|R04394|R05132|R05133|R05134|R07618|R10860|R13199
map00010	rn00010	Glycolysis / gluconeogenesis	iG2583_1286	iJR904	4	R00754|R01196|R01602|R01788	0		37	R00014|R00199|R00200|R00229|R00235|R00341|R00431|R00658|R00703|R00710|R00711|R00726|R00746|R00756|R00762|R00947|R00959|R01015|R01061|R01063|R01068|R01512|R01516|R01518|R01600|R01662|R01786|R02569|R02739|R03270|R04394|R05132|R05133|R05134|R07618|R10860|R13199
map00010	rn00010	Glycolysis / gluconeogenesis	iG2583_1286	iML1515	1	R01196	0		40	R00014|R00199|R00200|R00229|R00235|R00341|R00431|R00658|R00703|R00710|R00711|R00726|R00746|R00754|R00756|R00762|R00947|R00959|R01015|R01061|R01063|R01068|R01512|R01516|R01518|R01600|R01602|R01662|R01786|R01788|R02569|R02739|R03270|R04394|R05132|R05133|R05134|R07618|R10860|R13199
map00010	rn00010	Glycolysis / gluconeogenesis	iJO1366	iJR904	3	R00754|R01602|R01788	0		37	R00014|R00199|R00200|R00229|R00235|R00341|R00431|R00658|R00703|R00710|R00711|R00726|R00746|R00756|R00762|R00947|R00959|R01015|R01061|R01063|R01068|R01512|R01516|R01518|R01600|R01662|R01786|R02569|R02739|R03270|R04394|R05132|R05133|R05134|R07618|R10860|R13199
map00010	rn00010	Glycolysis / gluconeogenesis	iJO1366	iLF82_1304	0		1	R01196	40	R00014|R00199|R00200|R00229|R00235|R00341|R00431|R00658|R00703|R00710|R00711|R00726|R00746|R00754|R00756|R00762|R00947|R00959|R01015|R01061|R01063|R01068|R01512|R01516|R01518|R01600|R01602|R01662|R01786|R01788|R02569|R02739|R03270|R04394|R05132|R05133|R05134|R07618|R10860|R13199
map00010	rn00010	Glycolysis / gluconeogenesis	iJO1366	iNRG857_1313	0		1	R01196	40	R00014|R00199|R00200|R00229|R00235|R00341|R00431|R00658|R00703|R00710|R00711|R00726|R00746|R00754|R00756|R00762|R00947|R00959|R01015|R01061|R01063|R01068|R01512|R01516|R01518|R01600|R01602|R01662|R01786|R01788|R02569|R02739|R03270|R04394|R05132|R05133|R05134|R07618|R10860|R13199
map00010	rn00010	Glycolysis / gluconeogenesis	iJO1366	iUMN146_1321	0		1	R01196	40	R00014|R00199|R00200|R00229|R00235|R00341|R00431|R00658|R00703|R00710|R00711|R00726|R00746|R00754|R00756|R00762|R00947|R00959|R01015|R01061|R01063|R01068|R01512|R01516|R01518|R01600|R01602|R01662|R01786|R01788|R02569|R02739|R03270|R04394|R05132|R05133|R05134|R07618|R10860|R13199
map00010	rn00010	Glycolysis / gluconeogenesis	iJO1366	iUMNK88_1353	0		1	R01196	40	R00014|R00199|R00200|R00229|R00235|R00341|R00431|R00658|R00703|R00710|R00711|R00726|R00746|R00754|R00756|R00762|R00947|R00959|R01015|R01061|R01063|R01068|R01512|R01516|R01518|R01600|R01602|R01662|R01786|R01788|R02569|R02739|R03270|R04394|R05132|R05133|R05134|R07618|R10860|R13199
map00010	rn00010	Glycolysis / gluconeogenesis	iJO1366	iUTI89_1310	0		1	R01196	40	R00014|R00199|R00200|R00229|R00235|R00341|R00431|R00658|R00703|R00710|R00711|R00726|R00746|R00754|R00756|R00762|R00947|R00959|R01015|R01061|R01063|R01068|R01512|R01516|R01518|R01600|R01602|R01662|R01786|R01788|R02569|R02739|R03270|R04394|R05132|R05133|R05134|R07618|R10860|R13199
map00010	rn00010	Glycolysis / gluconeogenesis	iJO1366	iWFL_1372	0		1	R01196	40	R00014|R00199|R00200|R00229|R00235|R00341|R00431|R00658|R00703|R00710|R00711|R00726|R00746|R00754|R00756|R00762|R00947|R00959|R01015|R01061|R01063|R01068|R01512|R01516|R01518|R01600|R01602|R01662|R01786|R01788|R02569|R02739|R03270|R04394|R05132|R05133|R05134|R07618|R10860|R13199
map00010	rn00010	Glycolysis / gluconeogenesis	iJO1366	iY75_1357	0		1	R01196	40	R00014|R00199|R00200|R00229|R00235|R00341|R00431|R00658|R00703|R00710|R00711|R00726|R00746|R00754|R00756|R00762|R00947|R00959|R01015|R01061|R01063|R01068|R01512|R01516|R01518|R01600|R01602|R01662|R01786|R01788|R02569|R02739|R03270|R04394|R05132|R05133|R05134|R07618|R10860|R13199
map00010	rn00010	Glycolysis / gluconeogenesis	iJO1366	iZ_1308	0		1	R01196	40	R00014|R00199|R00200|R00229|R00235|R00341|R00431|R00658|R00703|R00710|R00711|R00726|R00746|R00754|R00756|R00762|R00947|R00959|R01015|R01061|R01063|R01068|R01512|R01516|R01518|R01600|R01602|R01662|R01786|R01788|R02569|R02739|R03270|R04394|R05132|R05133|R05134|R07618|R10860|R13199
map00010	rn00010	Glycolysis / gluconeogenesis	iJO1366	ic_1306	0		1	R01196	40	R00014|R00199|R00200|R00229|R00235|R00341|R00431|R00658|R00703|R00710|R00711|R00726|R00746|R00754|R00756|R00762|R00947|R00959|R01015|R01061|R01063|R01068|R01512|R01516|R01518|R01600|R01602|R01662|R01786|R01788|R02569|R02739|R03270|R04394|R05132|R05133|R05134|R07618|R10860|R13199
map00010	rn00010	Glycolysis / gluconeogenesis	iJR904	iLF82_1304	0		4	R00754|R01196|R01602|R01788	37	R00014|R00199|R00200|R00229|R00235|R00341|R00431|R00658|R00703|R00710|R00711|R00726|R00746|R00756|R00762|R00947|R00959|R01015|R01061|R01063|R01068|R01512|R01516|R01518|R01600|R01662|R01786|R02569|R02739|R03270|R04394|R05132|R05133|R05134|R07618|R10860|R13199
map00010	rn00010	Glycolysis / gluconeogenesis	iJR904	iML1515	0		3	R00754|R01602|R01788	37	R00014|R00199|R00200|R00229|R00235|R00341|R00431|R00658|R00703|R00710|R00711|R00726|R00746|R00756|R00762|R00947|R00959|R01015|R01061|R01063|R01068|R01512|R01516|R01518|R01600|R01662|R01786|R02569|R02739|R03270|R04394|R05132|R05133|R05134|R07618|R10860|R13199
map00010	rn00010	Glycolysis / gluconeogenesis	iJR904	iNRG857_1313	0		4	R00754|R01196|R01602|R01788	37	R00014|R00199|R00200|R00229|R00235|R00341|R00431|R00658|R00703|R00710|R00711|R00726|R00746|R00756|R00762|R00947|R00959|R01015|R01061|R01063|R01068|R01512|R01516|R01518|R01600|R01662|R01786|R02569|R02739|R03270|R04394|R05132|R05133|R05134|R07618|R10860|R13199
map00010	rn00010	Glycolysis / gluconeogenesis	iJR904	iUMN146_1321	0		4	R00754|R01196|R01602|R01788	37	R00014|R00199|R00200|R00229|R00235|R00341|R00431|R00658|R00703|R00710|R00711|R00726|R00746|R00756|R00762|R00947|R00959|R01015|R01061|R01063|R01068|R01512|R01516|R01518|R01600|R01662|R01786|R02569|R02739|R03270|R04394|R05132|R05133|R05134|R07618|R10860|R13199
map00010	rn00010	Glycolysis / gluconeogenesis	iJR904	iUMNK88_1353	0		4	R00754|R01196|R01602|R01788	37	R00014|R00199|R00200|R00229|R00235|R00341|R00431|R00658|R00703|R00710|R00711|R00726|R00746|R00756|R00762|R00947|R00959|R01015|R01061|R01063|R01068|R01512|R01516|R01518|R01600|R01662|R01786|R02569|R02739|R03270|R04394|R05132|R05133|R05134|R07618|R10860|R13199
map00010	rn00010	Glycolysis / gluconeogenesis	iJR904	iUTI89_1310	0		4	R00754|R01196|R01602|R01788	37	R00014|R00199|R00200|R00229|R00235|R00341|R00431|R00658|R00703|R00710|R00711|R00726|R00746|R00756|R00762|R00947|R00959|R01015|R01061|R01063|R01068|R01512|R01516|R01518|R01600|R01662|R01786|R02569|R02739|R03270|R04394|R05132|R05133|R05134|R07618|R10860|R13199
map00010	rn00010	Glycolysis / gluconeogenesis	iJR904	iWFL_1372	0		4	R00754|R01196|R01602|R01788	37	R00014|R00199|R00200|R00229|R00235|R00341|R00431|R00658|R00703|R00710|R00711|R00726|R00746|R00756|R00762|R00947|R00959|R01015|R01061|R01063|R01068|R01512|R01516|R01518|R01600|R01662|R01786|R02569|R02739|R03270|R04394|R05132|R05133|R05134|R07618|R10860|R13199
map00010	rn00010	Glycolysis / gluconeogenesis	iJR904	iY75_1357	0		4	R00754|R01196|R01602|R01788	37	R00014|R00199|R00200|R00229|R00235|R00341|R00431|R00658|R00703|R00710|R00711|R00726|R00746|R00756|R00762|R00947|R00959|R01015|R01061|R01063|R01068|R01512|R01516|R01518|R01600|R01662|R01786|R02569|R02739|R03270|R04394|R05132|R05133|R05134|R07618|R10860|R13199
map00010	rn00010	Glycolysis / gluconeogenesis	iJR904	iZ_1308	0		4	R00754|R01196|R01602|R01788	37	R00014|R00199|R00200|R00229|R00235|R00341|R00431|R00658|R00703|R00710|R00711|R00726|R00746|R00756|R00762|R00947|R00959|R01015|R01061|R01063|R01068|R01512|R01516|R01518|R01600|R01662|R01786|R02569|R02739|R03270|R04394|R05132|R05133|R05134|R07618|R10860|R13199
map00010	rn00010	Glycolysis / gluconeogenesis	iJR904	ic_1306	0		4	R00754|R01196|R01602|R01788	37	R00014|R00199|R00200|R00229|R00235|R00341|R00431|R00658|R00703|R00710|R00711|R00726|R00746|R00756|R00762|R00947|R00959|R01015|R01061|R01063|R01068|R01512|R01516|R01518|R01600|R01662|R01786|R02569|R02739|R03270|R04394|R05132|R05133|R05134|R07618|R10860|R13199
map00010	rn00010	Glycolysis / gluconeogenesis	iLF82_1304	iML1515	1	R01196	0		40	R00014|R00199|R00200|R00229|R00235|R00341|R00431|R00658|R00703|R00710|R00711|R00726|R00746|R00754|R00756|R00762|R00947|R00959|R01015|R01061|R01063|R01068|R01512|R01516|R01518|R01600|R01602|R01662|R01786|R01788|R02569|R02739|R03270|R04394|R05132|R05133|R05134|R07618|R10860|R13199
map00010	rn00010	Glycolysis / gluconeogenesis	iML1515	iNRG857_1313	0		1	R01196	40	R00014|R00199|R00200|R00229|R00235|R00341|R00431|R00658|R00703|R00710|R00711|R00726|R00746|R00754|R00756|R00762|R00947|R00959|R01015|R01061|R01063|R01068|R01512|R01516|R01518|R01600|R01602|R01662|R01786|R01788|R02569|R02739|R03270|R04394|R05132|R05133|R05134|R07618|R10860|R13199
map00010	rn00010	Glycolysis / gluconeogenesis	iML1515	iUMN146_1321	0		1	R01196	40	R00014|R00199|R00200|R00229|R00235|R00341|R00431|R00658|R00703|R00710|R00711|R00726|R00746|R00754|R00756|R00762|R00947|R00959|R01015|R01061|R01063|R01068|R01512|R01516|R01518|R01600|R01602|R01662|R01786|R01788|R02569|R02739|R03270|R04394|R05132|R05133|R05134|R07618|R10860|R13199
map00010	rn00010	Glycolysis / gluconeogenesis	iML1515	iUMNK88_1353	0		1	R01196	40	R00014|R00199|R00200|R00229|R00235|R00341|R00431|R00658|R00703|R00710|R00711|R00726|R00746|R00754|R00756|R00762|R00947|R00959|R01015|R01061|R01063|R01068|R01512|R01516|R01518|R01600|R01602|R01662|R01786|R01788|R02569|R02739|R03270|R04394|R05132|R05133|R05134|R07618|R10860|R13199
map00010	rn00010	Glycolysis / gluconeogenesis	iML1515	iUTI89_1310	0		1	R01196	40	R00014|R00199|R00200|R00229|R00235|R00341|R00431|R00658|R00703|R00710|R00711|R00726|R00746|R00754|R00756|R00762|R00947|R00959|R01015|R01061|R01063|R01068|R01512|R01516|R01518|R01600|R01602|R01662|R01786|R01788|R02569|R02739|R03270|R04394|R05132|R05133|R05134|R07618|R10860|R13199
map00010	rn00010	Glycolysis / gluconeogenesis	iML1515	iWFL_1372	0		1	R01196	40	R00014|R00199|R00200|R00229|R00235|R00341|R00431|R00658|R00703|R00710|R00711|R00726|R00746|R00754|R00756|R00762|R00947|R00959|R01015|R01061|R01063|R01068|R01512|R01516|R01518|R01600|R01602|R01662|R01786|R01788|R02569|R02739|R03270|R04394|R05132|R05133|R05134|R07618|R10860|R13199
map00010	rn00010	Glycolysis / gluconeogenesis	iML1515	iY75_1357	0		1	R01196	40	R00014|R00199|R00200|R00229|R00235|R00341|R00431|R00658|R00703|R00710|R00711|R00726|R00746|R00754|R00756|R00762|R00947|R00959|R01015|R01061|R01063|R01068|R01512|R01516|R01518|R01600|R01602|R01662|R01786|R01788|R02569|R02739|R03270|R04394|R05132|R05133|R05134|R07618|R10860|R13199
map00010	rn00010	Glycolysis / gluconeogenesis	iML1515	iZ_1308	0		1	R01196	40	R00014|R00199|R00200|R00229|R00235|R00341|R00431|R00658|R00703|R00710|R00711|R00726|R00746|R00754|R00756|R00762|R00947|R00959|R01015|R01061|R01063|R01068|R01512|R01516|R01518|R01600|R01602|R01662|R01786|R01788|R02569|R02739|R03270|R04394|R05132|R05133|R05134|R07618|R10860|R13199
map00010	rn00010	Glycolysis / gluconeogenesis	iML1515	ic_1306	0		1	R01196	40	R00014|R00199|R00200|R00229|R00235|R00341|R00431|R00658|R00703|R00710|R00711|R00726|R00746|R00754|R00756|R00762|R00947|R00959|R01015|R01061|R01063|R01068|R01512|R01516|R01518|R01600|R01602|R01662|R01786|R01788|R02569|R02739|R03270|R04394|R05132|R05133|R05134|R07618|R10860|R13199
map00020	rn00020	Citrate cycle (TCA cycle)	iAF1260	iAPECO1_1312	0		1	R01196	22	R00014|R00268|R00341|R00342|R00351|R00352|R00361|R00405|R00431|R00621|R00709|R00726|R01082|R01325|R01899|R01900|R02164|R02569|R02570|R03270|R03316|R07618
map00020	rn00020	Citrate cycle (TCA cycle)	iAF1260	iB21_1397	0		1	R01196	22	R00014|R00268|R00341|R00342|R00351|R00352|R00361|R00405|R00431|R00621|R00709|R00726|R01082|R01325|R01899|R01900|R02164|R02569|R02570|R03270|R03316|R07618
map00020	rn00020	Citrate cycle (TCA cycle)	iAF1260	iBWG_1329	0		1	R01196	22	R00014|R00268|R00341|R00342|R00351|R00352|R00361|R00405|R00431|R00621|R00709|R00726|R01082|R01325|R01899|R01900|R02164|R02569|R02570|R03270|R03316|R07618
map00020	rn00020	Citrate cycle (TCA cycle)	iAF1260	iE2348C_1286	0		1	R01196	22	R00014|R00268|R00341|R00342|R00351|R00352|R00361|R00405|R00431|R00621|R00709|R00726|R01082|R01325|R01899|R01900|R02164|R02569|R02570|R03270|R03316|R07618
map00020	rn00020	Citrate cycle (TCA cycle)	iAF1260	iEC042_1314	0		1	R01196	22	R00014|R00268|R00341|R00342|R00351|R00352|R00361|R00405|R00431|R00621|R00709|R00726|R01082|R01325|R01899|R01900|R02164|R02569|R02570|R03270|R03316|R07618
map00020	rn00020	Citrate cycle (TCA cycle)	iAF1260	iEC55989_1330	0		1	R01196	22	R00014|R00268|R00341|R00342|R00351|R00352|R00361|R00405|R00431|R00621|R00709|R00726|R01082|R01325|R01899|R01900|R02164|R02569|R02570|R03270|R03316|R07618
map00020	rn00020	Citrate cycle (TCA cycle)	iAF1260	iECABU_c1320	0		1	R01196	22	R00014|R00268|R00341|R00342|R00351|R00352|R00361|R00405|R00431|R00621|R00709|R00726|R01082|R01325|R01899|R01900|R02164|R02569|R02570|R03270|R03316|R07618
map00020	rn00020	Citrate cycle (TCA cycle)	iAF1260	iECBD_1354	0		1	R01196	22	R00014|R00268|R00341|R00342|R00351|R00352|R00361|R00405|R00431|R00621|R00709|R00726|R01082|R01325|R01899|R01900|R02164|R02569|R02570|R03270|R03316|R07618
map00020	rn00020	Citrate cycle (TCA cycle)	iAF1260	iECB_1328	0		1	R01196	22	R00014|R00268|R00341|R00342|R00351|R00352|R00361|R00405|R00431|R00621|R00709|R00726|R01082|R01325|R01899|R01900|R02164|R02569|R02570|R03270|R03316|R07618
map00020	rn00020	Citrate cycle (TCA cycle)	iAF1260	iECDH10B_1368	0		1	R01196	22	R00014|R00268|R00341|R00342|R00351|R00352|R00361|R00405|R00431|R00621|R00709|R00726|R01082|R01325|R01899|R01900|R02164|R02569|R02570|R03270|R03316|R07618
map00020	rn00020	Citrate cycle (TCA cycle)	iAF1260	iECDH1ME8569_1439	0		1	R01196	22	R00014|R00268|R00341|R00342|R00351|R00352|R00361|R00405|R00431|R00621|R00709|R00726|R01082|R01325|R01899|R01900|R02164|R02569|R02570|R03270|R03316|R07618
map00020	rn00020	Citrate cycle (TCA cycle)	iAF1260	iECD_1391	0		1	R01196	22	R00014|R00268|R00341|R00342|R00351|R00352|R00361|R00405|R00431|R00621|R00709|R00726|R01082|R01325|R01899|R01900|R02164|R02569|R02570|R03270|R03316|R07618
map00020	rn00020	Citrate cycle (TCA cycle)	iAF1260	iECED1_1282	0		1	R01196	22	R00014|R00268|R00341|R00342|R00351|R00352|R00361|R00405|R00431|R00621|R00709|R00726|R01082|R01325|R01899|R01900|R02164|R02569|R02570|R03270|R03316|R07618
map00020	rn00020	Citrate cycle (TCA cycle)	iAF1260	iECH74115_1262	0		1	R01196	22	R00014|R00268|R00341|R00342|R00351|R00352|R00361|R00405|R00431|R00621|R00709|R00726|R01082|R01325|R01899|R01900|R02164|R02569|R02570|R03270|R03316|R07618
map00020	rn00020	Citrate cycle (TCA cycle)	iAF1260	iECIAI1_1343	0		1	R01196	22	R00014|R00268|R00341|R00342|R00351|R00352|R00361|R00405|R00431|R00621|R00709|R00726|R01082|R01325|R01899|R01900|R02164|R02569|R02570|R03270|R03316|R07618
map00020	rn00020	Citrate cycle (TCA cycle)	iAF1260	iECIAI39_1322	0		1	R01196	22	R00014|R00268|R00341|R00342|R00351|R00352|R00361|R00405|R00431|R00621|R00709|R00726|R01082|R01325|R01899|R01900|R02164|R02569|R02570|R03270|R03316|R07618
map00020	rn00020	Citrate cycle (TCA cycle)	iAF1260	iECNA114_1301	0		1	R01196	22	R00014|R00268|R00341|R00342|R00351|R00352|R00361|R00405|R00431|R00621|R00709|R00726|R01082|R01325|R01899|R01900|R02164|R02569|R02570|R03270|R03316|R07618
map00020	rn00020	Citrate cycle (TCA cycle)	iAF1260	iECO103_1326	0		1	R01196	22	R00014|R00268|R00341|R00342|R00351|R00352|R00361|R00405|R00431|R00621|R00709|R00726|R01082|R01325|R01899|R01900|R02164|R02569|R02570|R03270|R03316|R07618
map00020	rn00020	Citrate cycle (TCA cycle)	iAF1260	iECO111_1330	0		1	R01196	22	R00014|R00268|R00341|R00342|R00351|R00352|R00361|R00405|R00431|R00621|R00709|R00726|R01082|R01325|R01899|R01900|R02164|R02569|R02570|R03270|R03316|R07618
map00020	rn00020	Citrate cycle (TCA cycle)	iAF1260	iECO26_1355	0		1	R01196	22	R00014|R00268|R00341|R00342|R00351|R00352|R00361|R00405|R00431|R00621|R00709|R00726|R01082|R01325|R01899|R01900|R02164|R02569|R02570|R03270|R03316|R07618
map00020	rn00020	Citrate cycle (TCA cycle)	iAF1260	iECOK1_1307	0		1	R01196	22	R00014|R00268|R00341|R00342|R00351|R00352|R00361|R00405|R00431|R00621|R00709|R00726|R01082|R01325|R01899|R01900|R02164|R02569|R02570|R03270|R03316|R07618
map00020	rn00020	Citrate cycle (TCA cycle)	iAF1260	iECP_1309	0		1	R01196	22	R00014|R00268|R00341|R00342|R00351|R00352|R00361|R00405|R00431|R00621|R00709|R00726|R01082|R01325|R01899|R01900|R02164|R02569|R02570|R03270|R03316|R07618
map00020	rn00020	Citrate cycle (TCA cycle)	iAF1260	iECS88_1305	0		1	R01196	22	R00014|R00268|R00341|R00342|R00351|R00352|R00361|R00405|R00431|R00621|R00709|R00726|R01082|R01325|R01899|R01900|R02164|R02569|R02570|R03270|R03316|R07618
map00020	rn00020	Citrate cycle (TCA cycle)	iAF1260	iECSE_1348	0		1	R01196	22	R00014|R00268|R00341|R00342|R00351|R00352|R00361|R00405|R00431|R00621|R00709|R00726|R01082|R01325|R01899|R01900|R02164|R02569|R02570|R03270|R03316|R07618
map00020	rn00020	Citrate cycle (TCA cycle)	iAF1260	iECSF_1327	0		1	R01196	22	R00014|R00268|R00341|R00342|R00351|R00352|R00361|R00405|R00431|R00621|R00709|R00726|R01082|R01325|R01899|R01900|R02164|R02569|R02570|R03270|R03316|R07618
map00020	rn00020	Citrate cycle (TCA cycle)	iAF1260	iECSP_1301	0		1	R01196	22	R00014|R00268|R00341|R00342|R00351|R00352|R00361|R00405|R00431|R00621|R00709|R00726|R01082|R01325|R01899|R01900|R02164|R02569|R02570|R03270|R03316|R07618
map00020	rn00020	Citrate cycle (TCA cycle)	iAF1260	iECUMN_1333	0		1	R01196	22	R00014|R00268|R00341|R00342|R00351|R00352|R00361|R00405|R00431|R00621|R00709|R00726|R01082|R01325|R01899|R01900|R02164|R02569|R02570|R03270|R03316|R07618
map00020	rn00020	Citrate cycle (TCA cycle)	iAF1260	iECW_1372	0		1	R01196	22	R00014|R00268|R00341|R00342|R00351|R00352|R00361|R00405|R00431|R00621|R00709|R00726|R01082|R01325|R01899|R01900|R02164|R02569|R02570|R03270|R03316|R07618
map00020	rn00020	Citrate cycle (TCA cycle)	iAF1260	iECs_1301	0		1	R01196	22	R00014|R00268|R00341|R00342|R00351|R00352|R00361|R00405|R00431|R00621|R00709|R00726|R01082|R01325|R01899|R01900|R02164|R02569|R02570|R03270|R03316|R07618
map00020	rn00020	Citrate cycle (TCA cycle)	iAF1260	iEKO11_1354	0		1	R01196	22	R00014|R00268|R00341|R00342|R00351|R00352|R00361|R00405|R00431|R00621|R00709|R00726|R01082|R01325|R01899|R01900|R02164|R02569|R02570|R03270|R03316|R07618
map00020	rn00020	Citrate cycle (TCA cycle)	iAF1260	iETEC_1333	0		1	R01196	22	R00014|R00268|R00341|R00342|R00351|R00352|R00361|R00405|R00431|R00621|R00709|R00726|R01082|R01325|R01899|R01900|R02164|R02569|R02570|R03270|R03316|R07618
map00020	rn00020	Citrate cycle (TCA cycle)	iAF1260	iEcDH1_1363	0		1	R01196	22	R00014|R00268|R00341|R00342|R00351|R00352|R00361|R00405|R00431|R00621|R00709|R00726|R01082|R01325|R01899|R01900|R02164|R02569|R02570|R03270|R03316|R07618
map00020	rn00020	Citrate cycle (TCA cycle)	iAF1260	iEcE24377_1341	0		1	R01196	22	R00014|R00268|R00341|R00342|R00351|R00352|R00361|R00405|R00431|R00621|R00709|R00726|R01082|R01325|R01899|R01900|R02164|R02569|R02570|R03270|R03316|R07618
map00020	rn00020	Citrate cycle (TCA cycle)	iAF1260	iEcHS_1320	0		1	R01196	22	R00014|R00268|R00341|R00342|R00351|R00352|R00361|R00405|R00431|R00621|R00709|R00726|R01082|R01325|R01899|R01900|R02164|R02569|R02570|R03270|R03316|R07618
map00020	rn00020	Citrate cycle (TCA cycle)	iAF1260	iEcSMS35_1347	0		1	R01196	22	R00014|R00268|R00341|R00342|R00351|R00352|R00361|R00405|R00431|R00621|R00709|R00726|R01082|R01325|R01899|R01900|R02164|R02569|R02570|R03270|R03316|R07618
map00020	rn00020	Citrate cycle (TCA cycle)	iAF1260	iEcolC_1368	0		1	R01196	22	R00014|R00268|R00341|R00342|R00351|R00352|R00361|R00405|R00431|R00621|R00709|R00726|R01082|R01325|R01899|R01900|R02164|R02569|R02570|R03270|R03316|R07618
map00020	rn00020	Citrate cycle (TCA cycle)	iAF1260	iG2583_1286	0		1	R01196	22	R00014|R00268|R00341|R00342|R00351|R00352|R00361|R00405|R00431|R00621|R00709|R00726|R01082|R01325|R01899|R01900|R02164|R02569|R02570|R03270|R03316|R07618
map00020	rn00020	Citrate cycle (TCA cycle)	iAF1260	iLF82_1304	0		1	R01196	22	R00014|R00268|R00341|R00342|R00351|R00352|R00361|R00405|R00431|R00621|R00709|R00726|R01082|R01325|R01899|R01900|R02164|R02569|R02570|R03270|R03316|R07618
map00020	rn00020	Citrate cycle (TCA cycle)	iAF1260	iNRG857_1313	0		1	R01196	22	R00014|R00268|R00341|R00342|R00351|R00352|R00361|R00405|R00431|R00621|R00709|R00726|R01082|R01325|R01899|R01900|R02164|R02569|R02570|R03270|R03316|R07618
map00020	rn00020	Citrate cycle (TCA cycle)	iAF1260	iUMN146_1321	0		1	R01196	22	R00014|R00268|R00341|R00342|R00351|R00352|R00361|R00405|R00431|R00621|R00709|R00726|R01082|R01325|R01899|R01900|R02164|R02569|R02570|R03270|R03316|R07618
map00020	rn00020	Citrate cycle (TCA cycle)	iAF1260	iUMNK88_1353	0		1	R01196	22	R00014|R00268|R00341|R00342|R00351|R00352|R00361|R00405|R00431|R00621|R00709|R00726|R01082|R01325|R01899|R01900|R02164|R02569|R02570|R03270|R03316|R07618
map00020	rn00020	Citrate cycle (TCA cycle)	iAF1260	iUTI89_1310	0		1	R01196	22	R00014|R00268|R00341|R00342|R00351|R00352|R00361|R00405|R00431|R00621|R00709|R00726|R01082|R01325|R01899|R01900|R02164|R02569|R02570|R03270|R03316|R07618
map00020	rn00020	Citrate cycle (TCA cycle)	iAF1260	iWFL_1372	0		1	R01196	22	R00014|R00268|R00341|R00342|R00351|R00352|R00361|R00405|R00431|R00621|R00709|R00726|R01082|R01325|R01899|R01900|R02164|R02569|R02570|R03270|R03316|R07618
map00020	rn00020	Citrate cycle (TCA cycle)	iAF1260	iY75_1357	0		1	R01196	22	R00014|R00268|R00341|R00342|R00351|R00352|R00361|R00405|R00431|R00621|R00709|R00726|R01082|R01325|R01899|R01900|R02164|R02569|R02570|R03270|R03316|R07618
map00020	rn00020	Citrate cycle (TCA cycle)	iAF1260	iZ_1308	0		1	R01196	22	R00014|R00268|R00341|R00342|R00351|R00352|R00361|R00405|R00431|R00621|R00709|R00726|R01082|R01325|R01899|R01900|R02164|R02569|R02570|R03270|R03316|R07618
map00020	rn00020	Citrate cycle (TCA cycle)	iAF1260	ic_1306	0		1	R01196	22	R00014|R00268|R00341|R00342|R00351|R00352|R00361|R00405|R00431|R00621|R00709|R00726|R01082|R01325|R01899|R01900|R02164|R02569|R02570|R03270|R03316|R07618
map00020	rn00020	Citrate cycle (TCA cycle)	iAF1260b	iAPECO1_1312	0		1	R01196	22	R00014|R00268|R00341|R00342|R00351|R00352|R00361|R00405|R00431|R00621|R00709|R00726|R01082|R01325|R01899|R01900|R02164|R02569|R02570|R03270|R03316|R07618
map00020	rn00020	Citrate cycle (TCA cycle)	iAF1260b	iB21_1397	0		1	R01196	22	R00014|R00268|R00341|R00342|R00351|R00352|R00361|R00405|R00431|R00621|R00709|R00726|R01082|R01325|R01899|R01900|R02164|R02569|R02570|R03270|R03316|R07618
map00020	rn00020	Citrate cycle (TCA cycle)	iAF1260b	iBWG_1329	0		1	R01196	22	R00014|R00268|R00341|R00342|R00351|R00352|R00361|R00405|R00431|R00621|R00709|R00726|R01082|R01325|R01899|R01900|R02164|R02569|R02570|R03270|R03316|R07618
map00020	rn00020	Citrate cycle (TCA cycle)	iAF1260b	iE2348C_1286	0		1	R01196	22	R00014|R00268|R00341|R00342|R00351|R00352|R00361|R00405|R00431|R00621|R00709|R00726|R01082|R01325|R01899|R01900|R02164|R02569|R02570|R03270|R03316|R07618
map00020	rn00020	Citrate cycle (TCA cycle)	iAF1260b	iEC042_1314	0		1	R01196	22	R00014|R00268|R00341|R00342|R00351|R00352|R00361|R00405|R00431|R00621|R00709|R00726|R01082|R01325|R01899|R01900|R02164|R02569|R02570|R03270|R03316|R07618
map00020	rn00020	Citrate cycle (TCA cycle)	iAF1260b	iEC55989_1330	0		1	R01196	22	R00014|R00268|R00341|R00342|R00351|R00352|R00361|R00405|R00431|R00621|R00709|R00726|R01082|R01325|R01899|R01900|R02164|R02569|R02570|R03270|R03316|R07618
map00020	rn00020	Citrate cycle (TCA cycle)	iAF1260b	iECABU_c1320	0		1	R01196	22	R00014|R00268|R00341|R00342|R00351|R00352|R00361|R00405|R00431|R00621|R00709|R00726|R01082|R01325|R01899|R01900|R02164|R02569|R02570|R03270|R03316|R07618
map00020	rn00020	Citrate cycle (TCA cycle)	iAF1260b	iECBD_1354	0		1	R01196	22	R00014|R00268|R00341|R00342|R00351|R00352|R00361|R00405|R00431|R00621|R00709|R00726|R01082|R01325|R01899|R01900|R02164|R02569|R02570|R03270|R03316|R07618
map00020	rn00020	Citrate cycle (TCA cycle)	iAF1260b	iECB_1328	0		1	R01196	22	R00014|R00268|R00341|R00342|R00351|R00352|R00361|R00405|R00431|R00621|R00709|R00726|R01082|R01325|R01899|R01900|R02164|R02569|R02570|R03270|R03316|R07618
map00020	rn00020	Citrate cycle (TCA cycle)	iAF1260b	iECDH10B_1368	0		1	R01196	22	R00014|R00268|R00341|R00342|R00351|R00352|R00361|R00405|R00431|R00621|R00709|R00726|R01082|R01325|R01899|R01900|R02164|R02569|R02570|R03270|R03316|R07618
map00020	rn00020	Citrate cycle (TCA cycle)	iAF1260b	iECDH1ME8569_1439	0		1	R01196	22	R00014|R00268|R00341|R00342|R00351|R00352|R00361|R00405|R00431|R00621|R00709|R00726|R01082|R01325|R01899|R01900|R02164|R02569|R02570|R03270|R03316|R07618
map00020	rn00020	Citrate cycle (TCA cycle)	iAF1260b	iECD_1391	0		1	R01196	22	R00014|R00268|R00341|R00342|R00351|R00352|R00361|R00405|R00431|R00621|R00709|R00726|R01082|R01325|R01899|R01900|R02164|R02569|R02570|R03270|R03316|R07618
map00020	rn00020	Citrate cycle (TCA cycle)	iAF1260b	iECED1_1282	0		1	R01196	22	R00014|R00268|R00341|R00342|R00351|R00352|R00361|R00405|R00431|R00621|R00709|R00726|R01082|R01325|R01899|R01900|R02164|R02569|R02570|R03270|R03316|R07618
map00020	rn00020	Citrate cycle (TCA cycle)	iAF1260b	iECH74115_1262	0		1	R01196	22	R00014|R00268|R00341|R00342|R00351|R00352|R00361|R00405|R00431|R00621|R00709|R00726|R01082|R01325|R01899|R01900|R02164|R02569|R02570|R03270|R03316|R07618
map00020	rn00020	Citrate cycle (TCA cycle)	iAF1260b	iECIAI1_1343	0		1	R01196	22	R00014|R00268|R00341|R00342|R00351|R00352|R00361|R00405|R00431|R00621|R00709|R00726|R01082|R01325|R01899|R01900|R02164|R02569|R02570|R03270|R03316|R07618
map00020	rn00020	Citrate cycle (TCA cycle)	iAF1260b	iECIAI39_1322	0		1	R01196	22	R00014|R00268|R00341|R00342|R00351|R00352|R00361|R00405|R00431|R00621|R00709|R00726|R01082|R01325|R01899|R01900|R02164|R02569|R02570|R03270|R03316|R07618
map00020	rn00020	Citrate cycle (TCA cycle)	iAF1260b	iECNA114_1301	0		1	R01196	22	R00014|R00268|R00341|R00342|R00351|R00352|R00361|R00405|R00431|R00621|R00709|R00726|R01082|R01325|R01899|R01900|R02164|R02569|R02570|R03270|R03316|R07618
map00020	rn00020	Citrate cycle (TCA cycle)	iAF1260b	iECO103_1326	0		1	R01196	22	R00014|R00268|R00341|R00342|R00351|R00352|R00361|R00405|R00431|R00621|R00709|R00726|R01082|R01325|R01899|R01900|R02164|R02569|R02570|R03270|R03316|R07618
map00020	rn00020	Citrate cycle (TCA cycle)	iAF1260b	iECO111_1330	0		1	R01196	22	R00014|R00268|R00341|R00342|R00351|R00352|R00361|R00405|R00431|R00621|R00709|R00726|R01082|R01325|R01899|R01900|R02164|R02569|R02570|R03270|R03316|R07618
map00020	rn00020	Citrate cycle (TCA cycle)	iAF1260b	iECO26_1355	0		1	R01196	22	R00014|R00268|R00341|R00342|R00351|R00352|R00361|R00405|R00431|R00621|R00709|R00726|R01082|R01325|R01899|R01900|R02164|R02569|R02570|R03270|R03316|R07618
map00020	rn00020	Citrate cycle (TCA cycle)	iAF1260b	iECOK1_1307	0		1	R01196	22	R00014|R00268|R00341|R00342|R00351|R00352|R00361|R00405|R00431|R00621|R00709|R00726|R01082|R01325|R01899|R01900|R02164|R02569|R02570|R03270|R03316|R07618
map00020	rn00020	Citrate cycle (TCA cycle)	iAF1260b	iECP_1309	0		1	R01196	22	R00014|R00268|R00341|R00342|R00351|R00352|R00361|R00405|R00431|R00621|R00709|R00726|R01082|R01325|R01899|R01900|R02164|R02569|R02570|R03270|R03316|R07618
map00020	rn00020	Citrate cycle (TCA cycle)	iAF1260b	iECS88_1305	0		1	R01196	22	R00014|R00268|R00341|R00342|R00351|R00352|R00361|R00405|R00431|R00621|R00709|R00726|R01082|R01325|R01899|R01900|R02164|R02569|R02570|R03270|R03316|R07618
map00020	rn00020	Citrate cycle (TCA cycle)	iAF1260b	iECSE_1348	0		1	R01196	22	R00014|R00268|R00341|R00342|R00351|R00352|R00361|R00405|R00431|R00621|R00709|R00726|R01082|R01325|R01899|R01900|R02164|R02569|R02570|R03270|R03316|R07618
map00020	rn00020	Citrate cycle (TCA cycle)	iAF1260b	iECSF_1327	0		1	R01196	22	R00014|R00268|R00341|R00342|R00351|R00352|R00361|R00405|R00431|R00621|R00709|R00726|R01082|R01325|R01899|R01900|R02164|R02569|R02570|R03270|R03316|R07618
map00020	rn00020	Citrate cycle (TCA cycle)	iAF1260b	iECSP_1301	0		1	R01196	22	R00014|R00268|R00341|R00342|R00351|R00352|R00361|R00405|R00431|R00621|R00709|R00726|R01082|R01325|R01899|R01900|R02164|R02569|R02570|R03270|R03316|R07618
map00020	rn00020	Citrate cycle (TCA cycle)	iAF1260b	iECUMN_1333	0		1	R01196	22	R00014|R00268|R00341|R00342|R00351|R00352|R00361|R00405|R00431|R00621|R00709|R00726|R01082|R01325|R01899|R01900|R02164|R02569|R02570|R03270|R03316|R07618
map00020	rn00020	Citrate cycle (TCA cycle)	iAF1260b	iECW_1372	0		1	R01196	22	R00014|R00268|R00341|R00342|R00351|R00352|R00361|R00405|R00431|R00621|R00709|R00726|R01082|R01325|R01899|R01900|R02164|R02569|R02570|R03270|R03316|R07618
map00020	rn00020	Citrate cycle (TCA cycle)	iAF1260b	iECs_1301	0		1	R01196	22	R00014|R00268|R00341|R00342|R00351|R00352|R00361|R00405|R00431|R00621|R00709|R00726|R01082|R01325|R01899|R01900|R02164|R02569|R02570|R03270|R03316|R07618
map00020	rn00020	Citrate cycle (TCA cycle)	iAF1260b	iEKO11_1354	0		1	R01196	22	R00014|R00268|R00341|R00342|R00351|R00352|R00361|R00405|R00431|R00621|R00709|R00726|R01082|R01325|R01899|R01900|R02164|R02569|R02570|R03270|R03316|R07618
map00020	rn00020	Citrate cycle (TCA cycle)	iAF1260b	iETEC_1333	0		1	R01196	22	R00014|R00268|R00341|R00342|R00351|R00352|R00361|R00405|R00431|R00621|R00709|R00726|R01082|R01325|R01899|R01900|R02164|R02569|R02570|R03270|R03316|R07618
map00020	rn00020	Citrate cycle (TCA cycle)	iAF1260b	iEcDH1_1363	0		1	R01196	22	R00014|R00268|R00341|R00342|R00351|R00352|R00361|R00405|R00431|R00621|R00709|R00726|R01082|R01325|R01899|R01900|R02164|R02569|R02570|R03270|R03316|R07618
map00020	rn00020	Citrate cycle (TCA cycle)	iAF1260b	iEcE24377_1341	0		1	R01196	22	R00014|R00268|R00341|R00342|R00351|R00352|R00361|R00405|R00431|R00621|R00709|R00726|R01082|R01325|R01899|R01900|R02164|R02569|R02570|R03270|R03316|R07618
map00020	rn00020	Citrate cycle (TCA cycle)	iAF1260b	iEcHS_1320	0		1	R01196	22	R00014|R00268|R00341|R00342|R00351|R00352|R00361|R00405|R00431|R00621|R00709|R00726|R01082|R01325|R01899|R01900|R02164|R02569|R02570|R03270|R03316|R07618
map00020	rn00020	Citrate cycle (TCA cycle)	iAF1260b	iEcSMS35_1347	0		1	R01196	22	R00014|R00268|R00341|R00342|R00351|R00352|R00361|R00405|R00431|R00621|R00709|R00726|R01082|R01325|R01899|R01900|R02164|R02569|R02570|R03270|R03316|R07618
map00020	rn00020	Citrate cycle (TCA cycle)	iAF1260b	iEcolC_1368	0		1	R01196	22	R00014|R00268|R00341|R00342|R00351|R00352|R00361|R00405|R00431|R00621|R00709|R00726|R01082|R01325|R01899|R01900|R02164|R02569|R02570|R03270|R03316|R07618
map00020	rn00020	Citrate cycle (TCA cycle)	iAF1260b	iG2583_1286	0		1	R01196	22	R00014|R00268|R00341|R00342|R00351|R00352|R00361|R00405|R00431|R00621|R00709|R00726|R01082|R01325|R01899|R01900|R02164|R02569|R02570|R03270|R03316|R07618
map00020	rn00020	Citrate cycle (TCA cycle)	iAF1260b	iLF82_1304	0		1	R01196	22	R00014|R00268|R00341|R00342|R00351|R00352|R00361|R00405|R00431|R00621|R00709|R00726|R01082|R01325|R01899|R01900|R02164|R02569|R02570|R03270|R03316|R07618
map00020	rn00020	Citrate cycle (TCA cycle)	iAF1260b	iNRG857_1313	0		1	R01196	22	R00014|R00268|R00341|R00342|R00351|R00352|R00361|R00405|R00431|R00621|R00709|R00726|R01082|R01325|R01899|R01900|R02164|R02569|R02570|R03270|R03316|R07618
map00020	rn00020	Citrate cycle (TCA cycle)	iAF1260b	iUMN146_1321	0		1	R01196	22	R00014|R00268|R00341|R00342|R00351|R00352|R00361|R00405|R00431|R00621|R00709|R00726|R01082|R01325|R01899|R01900|R02164|R02569|R02570|R03270|R03316|R07618
map00020	rn00020	Citrate cycle (TCA cycle)	iAF1260b	iUMNK88_1353	0		1	R01196	22	R00014|R00268|R00341|R00342|R00351|R00352|R00361|R00405|R00431|R00621|R00709|R00726|R01082|R01325|R01899|R01900|R02164|R02569|R02570|R03270|R03316|R07618
map00020	rn00020	Citrate cycle (TCA cycle)	iAF1260b	iUTI89_1310	0		1	R01196	22	R00014|R00268|R00341|R00342|R00351|R00352|R00361|R00405|R00431|R00621|R00709|R00726|R01082|R01325|R01899|R01900|R02164|R02569|R02570|R03270|R03316|R07618
map00020	rn00020	Citrate cycle (TCA cycle)	iAF1260b	iWFL_1372	0		1	R01196	22	R00014|R00268|R00341|R00342|R00351|R00352|R00361|R00405|R00431|R00621|R00709|R00726|R01082|R01325|R01899|R01900|R02164|R02569|R02570|R03270|R03316|R07618
map00020	rn00020	Citrate cycle (TCA cycle)	iAF1260b	iY75_1357	0		1	R01196	22	R00014|R00268|R00341|R00342|R00351|R00352|R00361|R00405|R00431|R00621|R00709|R00726|R01082|R01325|R01899|R01900|R02164|R02569|R02570|R03270|R03316|R07618
map00020	rn00020	Citrate cycle (TCA cycle)	iAF1260b	iZ_1308	0		1	R01196	22	R00014|R00268|R00341|R00342|R00351|R00352|R00361|R00405|R00431|R00621|R00709|R00726|R01082|R01325|R01899|R01900|R02164|R02569|R02570|R03270|R03316|R07618
map00020	rn00020	Citrate cycle (TCA cycle)	iAF1260b	ic_1306	0		1	R01196	22	R00014|R00268|R00341|R00342|R00351|R00352|R00361|R00405|R00431|R00621|R00709|R00726|R01082|R01325|R01899|R01900|R02164|R02569|R02570|R03270|R03316|R07618
map00020	rn00020	Citrate cycle (TCA cycle)	iAPECO1_1312	iEC1344_C	1	R01196	0		22	R00014|R00268|R00341|R00342|R00351|R00352|R00361|R00405|R00431|R00621|R00709|R00726|R01082|R01325|R01899|R01900|R02164|R02569|R02570|R03270|R03316|R07618
map00020	rn00020	Citrate cycle (TCA cycle)	iAPECO1_1312	iEC1349_Crooks	1	R01196	0		22	R00014|R00268|R00341|R00342|R00351|R00352|R00361|R00405|R00431|R00621|R00709|R00726|R01082|R01325|R01899|R01900|R02164|R02569|R02570|R03270|R03316|R07618
map00020	rn00020	Citrate cycle (TCA cycle)	iAPECO1_1312	iEC1356_Bl21DE3	1	R01196	0		22	R00014|R00268|R00341|R00342|R00351|R00352|R00361|R00405|R00431|R00621|R00709|R00726|R01082|R01325|R01899|R01900|R02164|R02569|R02570|R03270|R03316|R07618
map00020	rn00020	Citrate cycle (TCA cycle)	iAPECO1_1312	iEC1364_W	1	R01196	0		22	R00014|R00268|R00341|R00342|R00351|R00352|R00361|R00405|R00431|R00621|R00709|R00726|R01082|R01325|R01899|R01900|R02164|R02569|R02570|R03270|R03316|R07618
map00020	rn00020	Citrate cycle (TCA cycle)	iAPECO1_1312	iEC1368_DH5a	1	R01196	0		22	R00014|R00268|R00341|R00342|R00351|R00352|R00361|R00405|R00431|R00621|R00709|R00726|R01082|R01325|R01899|R01900|R02164|R02569|R02570|R03270|R03316|R07618
map00020	rn00020	Citrate cycle (TCA cycle)	iAPECO1_1312	iEC1372_W3110	1	R01196	0		22	R00014|R00268|R00341|R00342|R00351|R00352|R00361|R00405|R00431|R00621|R00709|R00726|R01082|R01325|R01899|R01900|R02164|R02569|R02570|R03270|R03316|R07618
map00020	rn00020	Citrate cycle (TCA cycle)	iAPECO1_1312	iJO1366	1	R01196	0		22	R00014|R00268|R00341|R00342|R00351|R00352|R00361|R00405|R00431|R00621|R00709|R00726|R01082|R01325|R01899|R01900|R02164|R02569|R02570|R03270|R03316|R07618
map00020	rn00020	Citrate cycle (TCA cycle)	iAPECO1_1312	iJR904	1	R01196	0		22	R00014|R00268|R00341|R00342|R00351|R00352|R00361|R00405|R00431|R00621|R00709|R00726|R01082|R01325|R01899|R01900|R02164|R02569|R02570|R03270|R03316|R07618
map00020	rn00020	Citrate cycle (TCA cycle)	iAPECO1_1312	iML1515	1	R01196	0		22	R00014|R00268|R00341|R00342|R00351|R00352|R00361|R00405|R00431|R00621|R00709|R00726|R01082|R01325|R01899|R01900|R02164|R02569|R02570|R03270|R03316|R07618
map00020	rn00020	Citrate cycle (TCA cycle)	iB21_1397	iEC1344_C	1	R01196	0		22	R00014|R00268|R00341|R00342|R00351|R00352|R00361|R00405|R00431|R00621|R00709|R00726|R01082|R01325|R01899|R01900|R02164|R02569|R02570|R03270|R03316|R07618
map00020	rn00020	Citrate cycle (TCA cycle)	iB21_1397	iEC1349_Crooks	1	R01196	0		22	R00014|R00268|R00341|R00342|R00351|R00352|R00361|R00405|R00431|R00621|R00709|R00726|R01082|R01325|R01899|R01900|R02164|R02569|R02570|R03270|R03316|R07618
map00020	rn00020	Citrate cycle (TCA cycle)	iB21_1397	iEC1356_Bl21DE3	1	R01196	0		22	R00014|R00268|R00341|R00342|R00351|R00352|R00361|R00405|R00431|R00621|R00709|R00726|R01082|R01325|R01899|R01900|R02164|R02569|R02570|R03270|R03316|R07618
map00020	rn00020	Citrate cycle (TCA cycle)	iB21_1397	iEC1364_W	1	R01196	0		22	R00014|R00268|R00341|R00342|R00351|R00352|R00361|R00405|R00431|R00621|R00709|R00726|R01082|R01325|R01899|R01900|R02164|R02569|R02570|R03270|R03316|R07618
map00020	rn00020	Citrate cycle (TCA cycle)	iB21_1397	iEC1368_DH5a	1	R01196	0		22	R00014|R00268|R00341|R00342|R00351|R00352|R00361|R00405|R00431|R00621|R00709|R00726|R01082|R01325|R01899|R01900|R02164|R02569|R02570|R03270|R03316|R07618
map00020	rn00020	Citrate cycle (TCA cycle)	iB21_1397	iEC1372_W3110	1	R01196	0		22	R00014|R00268|R00341|R00342|R00351|R00352|R00361|R00405|R00431|R00621|R00709|R00726|R01082|R01325|R01899|R01900|R02164|R02569|R02570|R03270|R03316|R07618
map00020	rn00020	Citrate cycle (TCA cycle)	iB21_1397	iJO1366	1	R01196	0		22	R00014|R00268|R00341|R00342|R00351|R00352|R00361|R00405|R00431|R00621|R00709|R00726|R01082|R01325|R01899|R01900|R02164|R02569|R02570|R03270|R03316|R07618
map00020	rn00020	Citrate cycle (TCA cycle)	iB21_1397	iJR904	1	R01196	0		22	R00014|R00268|R00341|R00342|R00351|R00352|R00361|R00405|R00431|R00621|R00709|R00726|R01082|R01325|R01899|R01900|R02164|R02569|R02570|R03270|R03316|R07618
map00020	rn00020	Citrate cycle (TCA cycle)	iB21_1397	iML1515	1	R01196	0		22	R00014|R00268|R00341|R00342|R00351|R00352|R00361|R00405|R00431|R00621|R00709|R00726|R01082|R01325|R01899|R01900|R02164|R02569|R02570|R03270|R03316|R07618
map00020	rn00020	Citrate cycle (TCA cycle)	iBWG_1329	iEC1344_C	1	R01196	0		22	R00014|R00268|R00341|R00342|R00351|R00352|R00361|R00405|R00431|R00621|R00709|R00726|R01082|R01325|R01899|R01900|R02164|R02569|R02570|R03270|R03316|R07618
map00020	rn00020	Citrate cycle (TCA cycle)	iBWG_1329	iEC1349_Crooks	1	R01196	0		22	R00014|R00268|R00341|R00342|R00351|R00352|R00361|R00405|R00431|R00621|R00709|R00726|R01082|R01325|R01899|R01900|R02164|R02569|R02570|R03270|R03316|R07618
map00020	rn00020	Citrate cycle (TCA cycle)	iBWG_1329	iEC1356_Bl21DE3	1	R01196	0		22	R00014|R00268|R00341|R00342|R00351|R00352|R00361|R00405|R00431|R00621|R00709|R00726|R01082|R01325|R01899|R01900|R02164|R02569|R02570|R03270|R03316|R07618
map00020	rn00020	Citrate cycle (TCA cycle)	iBWG_1329	iEC1364_W	1	R01196	0		22	R00014|R00268|R00341|R00342|R00351|R00352|R00361|R00405|R00431|R00621|R00709|R00726|R01082|R01325|R01899|R01900|R02164|R02569|R02570|R03270|R03316|R07618
map00020	rn00020	Citrate cycle (TCA cycle)	iBWG_1329	iEC1368_DH5a	1	R01196	0		22	R00014|R00268|R00341|R00342|R00351|R00352|R00361|R00405|R00431|R00621|R00709|R00726|R01082|R01325|R01899|R01900|R02164|R02569|R02570|R03270|R03316|R07618
map00020	rn00020	Citrate cycle (TCA cycle)	iBWG_1329	iEC1372_W3110	1	R01196	0		22	R00014|R00268|R00341|R00342|R00351|R00352|R00361|R00405|R00431|R00621|R00709|R00726|R01082|R01325|R01899|R01900|R02164|R02569|R02570|R03270|R03316|R07618
map00020	rn00020	Citrate cycle (TCA cycle)	iBWG_1329	iJO1366	1	R01196	0		22	R00014|R00268|R00341|R00342|R00351|R00352|R00361|R00405|R00431|R00621|R00709|R00726|R01082|R01325|R01899|R01900|R02164|R02569|R02570|R03270|R03316|R07618
map00020	rn00020	Citrate cycle (TCA cycle)	iBWG_1329	iJR904	1	R01196	0		22	R00014|R00268|R00341|R00342|R00351|R00352|R00361|R00405|R00431|R00621|R00709|R00726|R01082|R01325|R01899|R01900|R02164|R02569|R02570|R03270|R03316|R07618
map00020	rn00020	Citrate cycle (TCA cycle)	iBWG_1329	iML1515	1	R01196	0		22	R00014|R00268|R00341|R00342|R00351|R00352|R00361|R00405|R00431|R00621|R00709|R00726|R01082|R01325|R01899|R01900|R02164|R02569|R02570|R03270|R03316|R07618
map00020	rn00020	Citrate cycle (TCA cycle)	iE2348C_1286	iEC1344_C	1	R01196	0		22	R00014|R00268|R00341|R00342|R00351|R00352|R00361|R00405|R00431|R00621|R00709|R00726|R01082|R01325|R01899|R01900|R02164|R02569|R02570|R03270|R03316|R07618
map00020	rn00020	Citrate cycle (TCA cycle)	iE2348C_1286	iEC1349_Crooks	1	R01196	0		22	R00014|R00268|R00341|R00342|R00351|R00352|R00361|R00405|R00431|R00621|R00709|R00726|R01082|R01325|R01899|R01900|R02164|R02569|R02570|R03270|R03316|R07618
map00020	rn00020	Citrate cycle (TCA cycle)	iE2348C_1286	iEC1356_Bl21DE3	1	R01196	0		22	R00014|R00268|R00341|R00342|R00351|R00352|R00361|R00405|R00431|R00621|R00709|R00726|R01082|R01325|R01899|R01900|R02164|R02569|R02570|R03270|R03316|R07618
map00020	rn00020	Citrate cycle (TCA cycle)	iE2348C_1286	iEC1364_W	1	R01196	0		22	R00014|R00268|R00341|R00342|R00351|R00352|R00361|R00405|R00431|R00621|R00709|R00726|R01082|R01325|R01899|R01900|R02164|R02569|R02570|R03270|R03316|R07618
map00020	rn00020	Citrate cycle (TCA cycle)	iE2348C_1286	iEC1368_DH5a	1	R01196	0		22	R00014|R00268|R00341|R00342|R00351|R00352|R00361|R00405|R00431|R00621|R00709|R00726|R01082|R01325|R01899|R01900|R02164|R02569|R02570|R03270|R03316|R07618
map00020	rn00020	Citrate cycle (TCA cycle)	iE2348C_1286	iEC1372_W3110	1	R01196	0		22	R00014|R00268|R00341|R00342|R00351|R00352|R00361|R00405|R00431|R00621|R00709|R00726|R01082|R01325|R01899|R01900|R02164|R02569|R02570|R03270|R03316|R07618
map00020	rn00020	Citrate cycle (TCA cycle)	iE2348C_1286	iJO1366	1	R01196	0		22	R00014|R00268|R00341|R00342|R00351|R00352|R00361|R00405|R00431|R00621|R00709|R00726|R01082|R01325|R01899|R01900|R02164|R02569|R02570|R03270|R03316|R07618
map00020	rn00020	Citrate cycle (TCA cycle)	iE2348C_1286	iJR904	1	R01196	0		22	R00014|R00268|R00341|R00342|R00351|R00352|R00361|R00405|R00431|R00621|R00709|R00726|R01082|R01325|R01899|R01900|R02164|R02569|R02570|R03270|R03316|R07618
map00020	rn00020	Citrate cycle (TCA cycle)	iE2348C_1286	iML1515	1	R01196	0		22	R00014|R00268|R00341|R00342|R00351|R00352|R00361|R00405|R00431|R00621|R00709|R00726|R01082|R01325|R01899|R01900|R02164|R02569|R02570|R03270|R03316|R07618
map00020	rn00020	Citrate cycle (TCA cycle)	iEC042_1314	iEC1344_C	1	R01196	0		22	R00014|R00268|R00341|R00342|R00351|R00352|R00361|R00405|R00431|R00621|R00709|R00726|R01082|R01325|R01899|R01900|R02164|R02569|R02570|R03270|R03316|R07618
map00020	rn00020	Citrate cycle (TCA cycle)	iEC042_1314	iEC1349_Crooks	1	R01196	0		22	R00014|R00268|R00341|R00342|R00351|R00352|R00361|R00405|R00431|R00621|R00709|R00726|R01082|R01325|R01899|R01900|R02164|R02569|R02570|R03270|R03316|R07618
map00020	rn00020	Citrate cycle (TCA cycle)	iEC042_1314	iEC1356_Bl21DE3	1	R01196	0		22	R00014|R00268|R00341|R00342|R00351|R00352|R00361|R00405|R00431|R00621|R00709|R00726|R01082|R01325|R01899|R01900|R02164|R02569|R02570|R03270|R03316|R07618
map00020	rn00020	Citrate cycle (TCA cycle)	iEC042_1314	iEC1364_W	1	R01196	0		22	R00014|R00268|R00341|R00342|R00351|R00352|R00361|R00405|R00431|R00621|R00709|R00726|R01082|R01325|R01899|R01900|R02164|R02569|R02570|R03270|R03316|R07618
map00020	rn00020	Citrate cycle (TCA cycle)	iEC042_1314	iEC1368_DH5a	1	R01196	0		22	R00014|R00268|R00341|R00342|R00351|R00352|R00361|R00405|R00431|R00621|R00709|R00726|R01082|R01325|R01899|R01900|R02164|R02569|R02570|R03270|R03316|R07618
map00020	rn00020	Citrate cycle (TCA cycle)	iEC042_1314	iEC1372_W3110	1	R01196	0		22	R00014|R00268|R00341|R00342|R00351|R00352|R00361|R00405|R00431|R00621|R00709|R00726|R01082|R01325|R01899|R01900|R02164|R02569|R02570|R03270|R03316|R07618
map00020	rn00020	Citrate cycle (TCA cycle)	iEC042_1314	iJO1366	1	R01196	0		22	R00014|R00268|R00341|R00342|R00351|R00352|R00361|R00405|R00431|R00621|R00709|R00726|R01082|R01325|R01899|R01900|R02164|R02569|R02570|R03270|R03316|R07618
map00020	rn00020	Citrate cycle (TCA cycle)	iEC042_1314	iJR904	1	R01196	0		22	R00014|R00268|R00341|R00342|R00351|R00352|R00361|R00405|R00431|R00621|R00709|R00726|R01082|R01325|R01899|R01900|R02164|R02569|R02570|R03270|R03316|R07618
map00020	rn00020	Citrate cycle (TCA cycle)	iEC042_1314	iML1515	1	R01196	0		22	R00014|R00268|R00341|R00342|R00351|R00352|R00361|R00405|R00431|R00621|R00709|R00726|R01082|R01325|R01899|R01900|R02164|R02569|R02570|R03270|R03316|R07618
map00020	rn00020	Citrate cycle (TCA cycle)	iEC1344_C	iEC55989_1330	0		1	R01196	22	R00014|R00268|R00341|R00342|R00351|R00352|R00361|R00405|R00431|R00621|R00709|R00726|R01082|R01325|R01899|R01900|R02164|R02569|R02570|R03270|R03316|R07618
map00020	rn00020	Citrate cycle (TCA cycle)	iEC1344_C	iECABU_c1320	0		1	R01196	22	R00014|R00268|R00341|R00342|R00351|R00352|R00361|R00405|R00431|R00621|R00709|R00726|R01082|R01325|R01899|R01900|R02164|R02569|R02570|R03270|R03316|R07618
map00020	rn00020	Citrate cycle (TCA cycle)	iEC1344_C	iECBD_1354	0		1	R01196	22	R00014|R00268|R00341|R00342|R00351|R00352|R00361|R00405|R00431|R00621|R00709|R00726|R01082|R01325|R01899|R01900|R02164|R02569|R02570|R03270|R03316|R07618
map00020	rn00020	Citrate cycle (TCA cycle)	iEC1344_C	iECB_1328	0		1	R01196	22	R00014|R00268|R00341|R00342|R00351|R00352|R00361|R00405|R00431|R00621|R00709|R00726|R01082|R01325|R01899|R01900|R02164|R02569|R02570|R03270|R03316|R07618
map00020	rn00020	Citrate cycle (TCA cycle)	iEC1344_C	iECDH10B_1368	0		1	R01196	22	R00014|R00268|R00341|R00342|R00351|R00352|R00361|R00405|R00431|R00621|R00709|R00726|R01082|R01325|R01899|R01900|R02164|R02569|R02570|R03270|R03316|R07618
map00020	rn00020	Citrate cycle (TCA cycle)	iEC1344_C	iECDH1ME8569_1439	0		1	R01196	22	R00014|R00268|R00341|R00342|R00351|R00352|R00361|R00405|R00431|R00621|R00709|R00726|R01082|R01325|R01899|R01900|R02164|R02569|R02570|R03270|R03316|R07618
map00020	rn00020	Citrate cycle (TCA cycle)	iEC1344_C	iECD_1391	0		1	R01196	22	R00014|R00268|R00341|R00342|R00351|R00352|R00361|R00405|R00431|R00621|R00709|R00726|R01082|R01325|R01899|R01900|R02164|R02569|R02570|R03270|R03316|R07618
map00020	rn00020	Citrate cycle (TCA cycle)	iEC1344_C	iECED1_1282	0		1	R01196	22	R00014|R00268|R00341|R00342|R00351|R00352|R00361|R00405|R00431|R00621|R00709|R00726|R01082|R01325|R01899|R01900|R02164|R02569|R02570|R03270|R03316|R07618
map00020	rn00020	Citrate cycle (TCA cycle)	iEC1344_C	iECH74115_1262	0		1	R01196	22	R00014|R00268|R00341|R00342|R00351|R00352|R00361|R00405|R00431|R00621|R00709|R00726|R01082|R01325|R01899|R01900|R02164|R02569|R02570|R03270|R03316|R07618
map00020	rn00020	Citrate cycle (TCA cycle)	iEC1344_C	iECIAI1_1343	0		1	R01196	22	R00014|R00268|R00341|R00342|R00351|R00352|R00361|R00405|R00431|R00621|R00709|R00726|R01082|R01325|R01899|R01900|R02164|R02569|R02570|R03270|R03316|R07618
map00020	rn00020	Citrate cycle (TCA cycle)	iEC1344_C	iECIAI39_1322	0		1	R01196	22	R00014|R00268|R00341|R00342|R00351|R00352|R00361|R00405|R00431|R00621|R00709|R00726|R01082|R01325|R01899|R01900|R02164|R02569|R02570|R03270|R03316|R07618
map00020	rn00020	Citrate cycle (TCA cycle)	iEC1344_C	iECNA114_1301	0		1	R01196	22	R00014|R00268|R00341|R00342|R00351|R00352|R00361|R00405|R00431|R00621|R00709|R00726|R01082|R01325|R01899|R01900|R02164|R02569|R02570|R03270|R03316|R07618
map00020	rn00020	Citrate cycle (TCA cycle)	iEC1344_C	iECO103_1326	0		1	R01196	22	R00014|R00268|R00341|R00342|R00351|R00352|R00361|R00405|R00431|R00621|R00709|R00726|R01082|R01325|R01899|R01900|R02164|R02569|R02570|R03270|R03316|R07618
map00020	rn00020	Citrate cycle (TCA cycle)	iEC1344_C	iECO111_1330	0		1	R01196	22	R00014|R00268|R00341|R00342|R00351|R00352|R00361|R00405|R00431|R00621|R00709|R00726|R01082|R01325|R01899|R01900|R02164|R02569|R02570|R03270|R03316|R07618
map00020	rn00020	Citrate cycle (TCA cycle)	iEC1344_C	iECO26_1355	0		1	R01196	22	R00014|R00268|R00341|R00342|R00351|R00352|R00361|R00405|R00431|R00621|R00709|R00726|R01082|R01325|R01899|R01900|R02164|R02569|R02570|R03270|R03316|R07618
map00020	rn00020	Citrate cycle (TCA cycle)	iEC1344_C	iECOK1_1307	0		1	R01196	22	R00014|R00268|R00341|R00342|R00351|R00352|R00361|R00405|R00431|R00621|R00709|R00726|R01082|R01325|R01899|R01900|R02164|R02569|R02570|R03270|R03316|R07618
map00020	rn00020	Citrate cycle (TCA cycle)	iEC1344_C	iECP_1309	0		1	R01196	22	R00014|R00268|R00341|R00342|R00351|R00352|R00361|R00405|R00431|R00621|R00709|R00726|R01082|R01325|R01899|R01900|R02164|R02569|R02570|R03270|R03316|R07618
map00020	rn00020	Citrate cycle (TCA cycle)	iEC1344_C	iECS88_1305	0		1	R01196	22	R00014|R00268|R00341|R00342|R00351|R00352|R00361|R00405|R00431|R00621|R00709|R00726|R01082|R01325|R01899|R01900|R02164|R02569|R02570|R03270|R03316|R07618
map00020	rn00020	Citrate cycle (TCA cycle)	iEC1344_C	iECSE_1348	0		1	R01196	22	R00014|R00268|R00341|R00342|R00351|R00352|R00361|R00405|R00431|R00621|R00709|R00726|R01082|R01325|R01899|R01900|R02164|R02569|R02570|R03270|R03316|R07618
map00020	rn00020	Citrate cycle (TCA cycle)	iEC1344_C	iECSF_1327	0		1	R01196	22	R00014|R00268|R00341|R00342|R00351|R00352|R00361|R00405|R00431|R00621|R00709|R00726|R01082|R01325|R01899|R01900|R02164|R02569|R02570|R03270|R03316|R07618
map00020	rn00020	Citrate cycle (TCA cycle)	iEC1344_C	iECSP_1301	0		1	R01196	22	R00014|R00268|R00341|R00342|R00351|R00352|R00361|R00405|R00431|R00621|R00709|R00726|R01082|R01325|R01899|R01900|R02164|R02569|R02570|R03270|R03316|R07618
map00020	rn00020	Citrate cycle (TCA cycle)	iEC1344_C	iECUMN_1333	0		1	R01196	22	R00014|R00268|R00341|R00342|R00351|R00352|R00361|R00405|R00431|R00621|R00709|R00726|R01082|R01325|R01899|R01900|R02164|R02569|R02570|R03270|R03316|R07618
map00020	rn00020	Citrate cycle (TCA cycle)	iEC1344_C	iECW_1372	0		1	R01196	22	R00014|R00268|R00341|R00342|R00351|R00352|R00361|R00405|R00431|R00621|R00709|R00726|R01082|R01325|R01899|R01900|R02164|R02569|R02570|R03270|R03316|R07618
map00020	rn00020	Citrate cycle (TCA cycle)	iEC1344_C	iECs_1301	0		1	R01196	22	R00014|R00268|R00341|R00342|R00351|R00352|R00361|R00405|R00431|R00621|R00709|R00726|R01082|R01325|R01899|R01900|R02164|R02569|R02570|R03270|R03316|R07618
map00020	rn00020	Citrate cycle (TCA cycle)	iEC1344_C	iEKO11_1354	0		1	R01196	22	R00014|R00268|R00341|R00342|R00351|R00352|R00361|R00405|R00431|R00621|R00709|R00726|R01082|R01325|R01899|R01900|R02164|R02569|R02570|R03270|R03316|R07618
map00020	rn00020	Citrate cycle (TCA cycle)	iEC1344_C	iETEC_1333	0		1	R01196	22	R00014|R00268|R00341|R00342|R00351|R00352|R00361|R00405|R00431|R00621|R00709|R00726|R01082|R01325|R01899|R01900|R02164|R02569|R02570|R03270|R03316|R07618
map00020	rn00020	Citrate cycle (TCA cycle)	iEC1344_C	iEcDH1_1363	0		1	R01196	22	R00014|R00268|R00341|R00342|R00351|R00352|R00361|R00405|R00431|R00621|R00709|R00726|R01082|R01325|R01899|R01900|R02164|R02569|R02570|R03270|R03316|R07618
map00020	rn00020	Citrate cycle (TCA cycle)	iEC1344_C	iEcE24377_1341	0		1	R01196	22	R00014|R00268|R00341|R00342|R00351|R00352|R00361|R00405|R00431|R00621|R00709|R00726|R01082|R01325|R01899|R01900|R02164|R02569|R02570|R03270|R03316|R07618
map00020	rn00020	Citrate cycle (TCA cycle)	iEC1344_C	iEcHS_1320	0		1	R01196	22	R00014|R00268|R00341|R00342|R00351|R00352|R00361|R00405|R00431|R00621|R00709|R00726|R01082|R01325|R01899|R01900|R02164|R02569|R02570|R03270|R03316|R07618
map00020	rn00020	Citrate cycle (TCA cycle)	iEC1344_C	iEcSMS35_1347	0		1	R01196	22	R00014|R00268|R00341|R00342|R00351|R00352|R00361|R00405|R00431|R00621|R00709|R00726|R01082|R01325|R01899|R01900|R02164|R02569|R02570|R03270|R03316|R07618
map00020	rn00020	Citrate cycle (TCA cycle)	iEC1344_C	iEcolC_1368	0		1	R01196	22	R00014|R00268|R00341|R00342|R00351|R00352|R00361|R00405|R00431|R00621|R00709|R00726|R01082|R01325|R01899|R01900|R02164|R02569|R02570|R03270|R03316|R07618
map00020	rn00020	Citrate cycle (TCA cycle)	iEC1344_C	iG2583_1286	0		1	R01196	22	R00014|R00268|R00341|R00342|R00351|R00352|R00361|R00405|R00431|R00621|R00709|R00726|R01082|R01325|R01899|R01900|R02164|R02569|R02570|R03270|R03316|R07618
map00020	rn00020	Citrate cycle (TCA cycle)	iEC1344_C	iLF82_1304	0		1	R01196	22	R00014|R00268|R00341|R00342|R00351|R00352|R00361|R00405|R00431|R00621|R00709|R00726|R01082|R01325|R01899|R01900|R02164|R02569|R02570|R03270|R03316|R07618
map00020	rn00020	Citrate cycle (TCA cycle)	iEC1344_C	iNRG857_1313	0		1	R01196	22	R00014|R00268|R00341|R00342|R00351|R00352|R00361|R00405|R00431|R00621|R00709|R00726|R01082|R01325|R01899|R01900|R02164|R02569|R02570|R03270|R03316|R07618
map00020	rn00020	Citrate cycle (TCA cycle)	iEC1344_C	iUMN146_1321	0		1	R01196	22	R00014|R00268|R00341|R00342|R00351|R00352|R00361|R00405|R00431|R00621|R00709|R00726|R01082|R01325|R01899|R01900|R02164|R02569|R02570|R03270|R03316|R07618
map00020	rn00020	Citrate cycle (TCA cycle)	iEC1344_C	iUMNK88_1353	0		1	R01196	22	R00014|R00268|R00341|R00342|R00351|R00352|R00361|R00405|R00431|R00621|R00709|R00726|R01082|R01325|R01899|R01900|R02164|R02569|R02570|R03270|R03316|R07618
map00020	rn00020	Citrate cycle (TCA cycle)	iEC1344_C	iUTI89_1310	0		1	R01196	22	R00014|R00268|R00341|R00342|R00351|R00352|R00361|R00405|R00431|R00621|R00709|R00726|R01082|R01325|R01899|R01900|R02164|R02569|R02570|R03270|R03316|R07618
map00020	rn00020	Citrate cycle (TCA cycle)	iEC1344_C	iWFL_1372	0		1	R01196	22	R00014|R00268|R00341|R00342|R00351|R00352|R00361|R00405|R00431|R00621|R00709|R00726|R01082|R01325|R01899|R01900|R02164|R02569|R02570|R03270|R03316|R07618
map00020	rn00020	Citrate cycle (TCA cycle)	iEC1344_C	iY75_1357	0		1	R01196	22	R00014|R00268|R00341|R00342|R00351|R00352|R00361|R00405|R00431|R00621|R00709|R00726|R01082|R01325|R01899|R01900|R02164|R02569|R02570|R03270|R03316|R07618
map00020	rn00020	Citrate cycle (TCA cycle)	iEC1344_C	iZ_1308	0		1	R01196	22	R00014|R00268|R00341|R00342|R00351|R00352|R00361|R00405|R00431|R00621|R00709|R00726|R01082|R01325|R01899|R01900|R02164|R02569|R02570|R03270|R03316|R07618
map00020	rn00020	Citrate cycle (TCA cycle)	iEC1344_C	ic_1306	0		1	R01196	22	R00014|R00268|R00341|R00342|R00351|R00352|R00361|R00405|R00431|R00621|R00709|R00726|R01082|R01325|R01899|R01900|R02164|R02569|R02570|R03270|R03316|R07618
map00020	rn00020	Citrate cycle (TCA cycle)	iEC1349_Crooks	iEC55989_1330	0		1	R01196	22	R00014|R00268|R00341|R00342|R00351|R00352|R00361|R00405|R00431|R00621|R00709|R00726|R01082|R01325|R01899|R01900|R02164|R02569|R02570|R03270|R03316|R07618
map00020	rn00020	Citrate cycle (TCA cycle)	iEC1349_Crooks	iECABU_c1320	0		1	R01196	22	R00014|R00268|R00341|R00342|R00351|R00352|R00361|R00405|R00431|R00621|R00709|R00726|R01082|R01325|R01899|R01900|R02164|R02569|R02570|R03270|R03316|R07618
map00020	rn00020	Citrate cycle (TCA cycle)	iEC1349_Crooks	iECBD_1354	0		1	R01196	22	R00014|R00268|R00341|R00342|R00351|R00352|R00361|R00405|R00431|R00621|R00709|R00726|R01082|R01325|R01899|R01900|R02164|R02569|R02570|R03270|R03316|R07618
map00020	rn00020	Citrate cycle (TCA cycle)	iEC1349_Crooks	iECB_1328	0		1	R01196	22	R00014|R00268|R00341|R00342|R00351|R00352|R00361|R00405|R00431|R00621|R00709|R00726|R01082|R01325|R01899|R01900|R02164|R02569|R02570|R03270|R03316|R07618
map00020	rn00020	Citrate cycle (TCA cycle)	iEC1349_Crooks	iECDH10B_1368	0		1	R01196	22	R00014|R00268|R00341|R00342|R00351|R00352|R00361|R00405|R00431|R00621|R00709|R00726|R01082|R01325|R01899|R01900|R02164|R02569|R02570|R03270|R03316|R07618
map00020	rn00020	Citrate cycle (TCA cycle)	iEC1349_Crooks	iECDH1ME8569_1439	0		1	R01196	22	R00014|R00268|R00341|R00342|R00351|R00352|R00361|R00405|R00431|R00621|R00709|R00726|R01082|R01325|R01899|R01900|R02164|R02569|R02570|R03270|R03316|R07618
map00020	rn00020	Citrate cycle (TCA cycle)	iEC1349_Crooks	iECD_1391	0		1	R01196	22	R00014|R00268|R00341|R00342|R00351|R00352|R00361|R00405|R00431|R00621|R00709|R00726|R01082|R01325|R01899|R01900|R02164|R02569|R02570|R03270|R03316|R07618
map00020	rn00020	Citrate cycle (TCA cycle)	iEC1349_Crooks	iECED1_1282	0		1	R01196	22	R00014|R00268|R00341|R00342|R00351|R00352|R00361|R00405|R00431|R00621|R00709|R00726|R01082|R01325|R01899|R01900|R02164|R02569|R02570|R03270|R03316|R07618
map00020	rn00020	Citrate cycle (TCA cycle)	iEC1349_Crooks	iECH74115_1262	0		1	R01196	22	R00014|R00268|R00341|R00342|R00351|R00352|R00361|R00405|R00431|R00621|R00709|R00726|R01082|R01325|R01899|R01900|R02164|R02569|R02570|R03270|R03316|R07618
map00020	rn00020	Citrate cycle (TCA cycle)	iEC1349_Crooks	iECIAI1_1343	0		1	R01196	22	R00014|R00268|R00341|R00342|R00351|R00352|R00361|R00405|R00431|R00621|R00709|R00726|R01082|R01325|R01899|R01900|R02164|R02569|R02570|R03270|R03316|R07618
map00020	rn00020	Citrate cycle (TCA cycle)	iEC1349_Crooks	iECIAI39_1322	0		1	R01196	22	R00014|R00268|R00341|R00342|R00351|R00352|R00361|R00405|R00431|R00621|R00709|R00726|R01082|R01325|R01899|R01900|R02164|R02569|R02570|R03270|R03316|R07618
map00020	rn00020	Citrate cycle (TCA cycle)	iEC1349_Crooks	iECNA114_1301	0		1	R01196	22	R00014|R00268|R00341|R00342|R00351|R00352|R00361|R00405|R00431|R00621|R00709|R00726|R01082|R01325|R01899|R01900|R02164|R02569|R02570|R03270|R03316|R07618
map00020	rn00020	Citrate cycle (TCA cycle)	iEC1349_Crooks	iECO103_1326	0		1	R01196	22	R00014|R00268|R00341|R00342|R00351|R00352|R00361|R00405|R00431|R00621|R00709|R00726|R01082|R01325|R01899|R01900|R02164|R02569|R02570|R03270|R03316|R07618
map00020	rn00020	Citrate cycle (TCA cycle)	iEC1349_Crooks	iECO111_1330	0		1	R01196	22	R00014|R00268|R00341|R00342|R00351|R00352|R00361|R00405|R00431|R00621|R00709|R00726|R01082|R01325|R01899|R01900|R02164|R02569|R02570|R03270|R03316|R07618
map00020	rn00020	Citrate cycle (TCA cycle)	iEC1349_Crooks	iECO26_1355	0		1	R01196	22	R00014|R00268|R00341|R00342|R00351|R00352|R00361|R00405|R00431|R00621|R00709|R00726|R01082|R01325|R01899|R01900|R02164|R02569|R02570|R03270|R03316|R07618
map00020	rn00020	Citrate cycle (TCA cycle)	iEC1349_Crooks	iECOK1_1307	0		1	R01196	22	R00014|R00268|R00341|R00342|R00351|R00352|R00361|R00405|R00431|R00621|R00709|R00726|R01082|R01325|R01899|R01900|R02164|R02569|R02570|R03270|R03316|R07618
map00020	rn00020	Citrate cycle (TCA cycle)	iEC1349_Crooks	iECP_1309	0		1	R01196	22	R00014|R00268|R00341|R00342|R00351|R00352|R00361|R00405|R00431|R00621|R00709|R00726|R01082|R01325|R01899|R01900|R02164|R02569|R02570|R03270|R03316|R07618
map00020	rn00020	Citrate cycle (TCA cycle)	iEC1349_Crooks	iECS88_1305	0		1	R01196	22	R00014|R00268|R00341|R00342|R00351|R00352|R00361|R00405|R00431|R00621|R00709|R00726|R01082|R01325|R01899|R01900|R02164|R02569|R02570|R03270|R03316|R07618
map00020	rn00020	Citrate cycle (TCA cycle)	iEC1349_Crooks	iECSE_1348	0		1	R01196	22	R00014|R00268|R00341|R00342|R00351|R00352|R00361|R00405|R00431|R00621|R00709|R00726|R01082|R01325|R01899|R01900|R02164|R02569|R02570|R03270|R03316|R07618
map00020	rn00020	Citrate cycle (TCA cycle)	iEC1349_Crooks	iECSF_1327	0		1	R01196	22	R00014|R00268|R00341|R00342|R00351|R00352|R00361|R00405|R00431|R00621|R00709|R00726|R01082|R01325|R01899|R01900|R02164|R02569|R02570|R03270|R03316|R07618
map00020	rn00020	Citrate cycle (TCA cycle)	iEC1349_Crooks	iECSP_1301	0		1	R01196	22	R00014|R00268|R00341|R00342|R00351|R00352|R00361|R00405|R00431|R00621|R00709|R00726|R01082|R01325|R01899|R01900|R02164|R02569|R02570|R03270|R03316|R07618
map00020	rn00020	Citrate cycle (TCA cycle)	iEC1349_Crooks	iECUMN_1333	0		1	R01196	22	R00014|R00268|R00341|R00342|R00351|R00352|R00361|R00405|R00431|R00621|R00709|R00726|R01082|R01325|R01899|R01900|R02164|R02569|R02570|R03270|R03316|R07618
map00020	rn00020	Citrate cycle (TCA cycle)	iEC1349_Crooks	iECW_1372	0		1	R01196	22	R00014|R00268|R00341|R00342|R00351|R00352|R00361|R00405|R00431|R00621|R00709|R00726|R01082|R01325|R01899|R01900|R02164|R02569|R02570|R03270|R03316|R07618
map00020	rn00020	Citrate cycle (TCA cycle)	iEC1349_Crooks	iECs_1301	0		1	R01196	22	R00014|R00268|R00341|R00342|R00351|R00352|R00361|R00405|R00431|R00621|R00709|R00726|R01082|R01325|R01899|R01900|R02164|R02569|R02570|R03270|R03316|R07618
map00020	rn00020	Citrate cycle (TCA cycle)	iEC1349_Crooks	iEKO11_1354	0		1	R01196	22	R00014|R00268|R00341|R00342|R00351|R00352|R00361|R00405|R00431|R00621|R00709|R00726|R01082|R01325|R01899|R01900|R02164|R02569|R02570|R03270|R03316|R07618
map00020	rn00020	Citrate cycle (TCA cycle)	iEC1349_Crooks	iETEC_1333	0		1	R01196	22	R00014|R00268|R00341|R00342|R00351|R00352|R00361|R00405|R00431|R00621|R00709|R00726|R01082|R01325|R01899|R01900|R02164|R02569|R02570|R03270|R03316|R07618
map00020	rn00020	Citrate cycle (TCA cycle)	iEC1349_Crooks	iEcDH1_1363	0		1	R01196	22	R00014|R00268|R00341|R00342|R00351|R00352|R00361|R00405|R00431|R00621|R00709|R00726|R01082|R01325|R01899|R01900|R02164|R02569|R02570|R03270|R03316|R07618
map00020	rn00020	Citrate cycle (TCA cycle)	iEC1349_Crooks	iEcE24377_1341	0		1	R01196	22	R00014|R00268|R00341|R00342|R00351|R00352|R00361|R00405|R00431|R00621|R00709|R00726|R01082|R01325|R01899|R01900|R02164|R02569|R02570|R03270|R03316|R07618
map00020	rn00020	Citrate cycle (TCA cycle)	iEC1349_Crooks	iEcHS_1320	0		1	R01196	22	R00014|R00268|R00341|R00342|R00351|R00352|R00361|R00405|R00431|R00621|R00709|R00726|R01082|R01325|R01899|R01900|R02164|R02569|R02570|R03270|R03316|R07618
map00020	rn00020	Citrate cycle (TCA cycle)	iEC1349_Crooks	iEcSMS35_1347	0		1	R01196	22	R00014|R00268|R00341|R00342|R00351|R00352|R00361|R00405|R00431|R00621|R00709|R00726|R01082|R01325|R01899|R01900|R02164|R02569|R02570|R03270|R03316|R07618
map00020	rn00020	Citrate cycle (TCA cycle)	iEC1349_Crooks	iEcolC_1368	0		1	R01196	22	R00014|R00268|R00341|R00342|R00351|R00352|R00361|R00405|R00431|R00621|R00709|R00726|R01082|R01325|R01899|R01900|R02164|R02569|R02570|R03270|R03316|R07618
map00020	rn00020	Citrate cycle (TCA cycle)	iEC1349_Crooks	iG2583_1286	0		1	R01196	22	R00014|R00268|R00341|R00342|R00351|R00352|R00361|R00405|R00431|R00621|R00709|R00726|R01082|R01325|R01899|R01900|R02164|R02569|R02570|R03270|R03316|R07618
map00020	rn00020	Citrate cycle (TCA cycle)	iEC1349_Crooks	iLF82_1304	0		1	R01196	22	R00014|R00268|R00341|R00342|R00351|R00352|R00361|R00405|R00431|R00621|R00709|R00726|R01082|R01325|R01899|R01900|R02164|R02569|R02570|R03270|R03316|R07618
map00020	rn00020	Citrate cycle (TCA cycle)	iEC1349_Crooks	iNRG857_1313	0		1	R01196	22	R00014|R00268|R00341|R00342|R00351|R00352|R00361|R00405|R00431|R00621|R00709|R00726|R01082|R01325|R01899|R01900|R02164|R02569|R02570|R03270|R03316|R07618
map00020	rn00020	Citrate cycle (TCA cycle)	iEC1349_Crooks	iUMN146_1321	0		1	R01196	22	R00014|R00268|R00341|R00342|R00351|R00352|R00361|R00405|R00431|R00621|R00709|R00726|R01082|R01325|R01899|R01900|R02164|R02569|R02570|R03270|R03316|R07618
map00020	rn00020	Citrate cycle (TCA cycle)	iEC1349_Crooks	iUMNK88_1353	0		1	R01196	22	R00014|R00268|R00341|R00342|R00351|R00352|R00361|R00405|R00431|R00621|R00709|R00726|R01082|R01325|R01899|R01900|R02164|R02569|R02570|R03270|R03316|R07618
map00020	rn00020	Citrate cycle (TCA cycle)	iEC1349_Crooks	iUTI89_1310	0		1	R01196	22	R00014|R00268|R00341|R00342|R00351|R00352|R00361|R00405|R00431|R00621|R00709|R00726|R01082|R01325|R01899|R01900|R02164|R02569|R02570|R03270|R03316|R07618
map00020	rn00020	Citrate cycle (TCA cycle)	iEC1349_Crooks	iWFL_1372	0		1	R01196	22	R00014|R00268|R00341|R00342|R00351|R00352|R00361|R00405|R00431|R00621|R00709|R00726|R01082|R01325|R01899|R01900|R02164|R02569|R02570|R03270|R03316|R07618
map00020	rn00020	Citrate cycle (TCA cycle)	iEC1349_Crooks	iY75_1357	0		1	R01196	22	R00014|R00268|R00341|R00342|R00351|R00352|R00361|R00405|R00431|R00621|R00709|R00726|R01082|R01325|R01899|R01900|R02164|R02569|R02570|R03270|R03316|R07618
map00020	rn00020	Citrate cycle (TCA cycle)	iEC1349_Crooks	iZ_1308	0		1	R01196	22	R00014|R00268|R00341|R00342|R00351|R00352|R00361|R00405|R00431|R00621|R00709|R00726|R01082|R01325|R01899|R01900|R02164|R02569|R02570|R03270|R03316|R07618
map00020	rn00020	Citrate cycle (TCA cycle)	iEC1349_Crooks	ic_1306	0		1	R01196	22	R00014|R00268|R00341|R00342|R00351|R00352|R00361|R00405|R00431|R00621|R00709|R00726|R01082|R01325|R01899|R01900|R02164|R02569|R02570|R03270|R03316|R07618
map00020	rn00020	Citrate cycle (TCA cycle)	iEC1356_Bl21DE3	iEC55989_1330	0		1	R01196	22	R00014|R00268|R00341|R00342|R00351|R00352|R00361|R00405|R00431|R00621|R00709|R00726|R01082|R01325|R01899|R01900|R02164|R02569|R02570|R03270|R03316|R07618
map00020	rn00020	Citrate cycle (TCA cycle)	iEC1356_Bl21DE3	iECABU_c1320	0		1	R01196	22	R00014|R00268|R00341|R00342|R00351|R00352|R00361|R00405|R00431|R00621|R00709|R00726|R01082|R01325|R01899|R01900|R02164|R02569|R02570|R03270|R03316|R07618
map00020	rn00020	Citrate cycle (TCA cycle)	iEC1356_Bl21DE3	iECBD_1354	0		1	R01196	22	R00014|R00268|R00341|R00342|R00351|R00352|R00361|R00405|R00431|R00621|R00709|R00726|R01082|R01325|R01899|R01900|R02164|R02569|R02570|R03270|R03316|R07618
map00020	rn00020	Citrate cycle (TCA cycle)	iEC1356_Bl21DE3	iECB_1328	0		1	R01196	22	R00014|R00268|R00341|R00342|R00351|R00352|R00361|R00405|R00431|R00621|R00709|R00726|R01082|R01325|R01899|R01900|R02164|R02569|R02570|R03270|R03316|R07618
map00020	rn00020	Citrate cycle (TCA cycle)	iEC1356_Bl21DE3	iECDH10B_1368	0		1	R01196	22	R00014|R00268|R00341|R00342|R00351|R00352|R00361|R00405|R00431|R00621|R00709|R00726|R01082|R01325|R01899|R01900|R02164|R02569|R02570|R03270|R03316|R07618
map00020	rn00020	Citrate cycle (TCA cycle)	iEC1356_Bl21DE3	iECDH1ME8569_1439	0		1	R01196	22	R00014|R00268|R00341|R00342|R00351|R00352|R00361|R00405|R00431|R00621|R00709|R00726|R01082|R01325|R01899|R01900|R02164|R02569|R02570|R03270|R03316|R07618
map00020	rn00020	Citrate cycle (TCA cycle)	iEC1356_Bl21DE3	iECD_1391	0		1	R01196	22	R00014|R00268|R00341|R00342|R00351|R00352|R00361|R00405|R00431|R00621|R00709|R00726|R01082|R01325|R01899|R01900|R02164|R02569|R02570|R03270|R03316|R07618
map00020	rn00020	Citrate cycle (TCA cycle)	iEC1356_Bl21DE3	iECED1_1282	0		1	R01196	22	R00014|R00268|R00341|R00342|R00351|R00352|R00361|R00405|R00431|R00621|R00709|R00726|R01082|R01325|R01899|R01900|R02164|R02569|R02570|R03270|R03316|R07618
map00020	rn00020	Citrate cycle (TCA cycle)	iEC1356_Bl21DE3	iECH74115_1262	0		1	R01196	22	R00014|R00268|R00341|R00342|R00351|R00352|R00361|R00405|R00431|R00621|R00709|R00726|R01082|R01325|R01899|R01900|R02164|R02569|R02570|R03270|R03316|R07618
map00020	rn00020	Citrate cycle (TCA cycle)	iEC1356_Bl21DE3	iECIAI1_1343	0		1	R01196	22	R00014|R00268|R00341|R00342|R00351|R00352|R00361|R00405|R00431|R00621|R00709|R00726|R01082|R01325|R01899|R01900|R02164|R02569|R02570|R03270|R03316|R07618
map00020	rn00020	Citrate cycle (TCA cycle)	iEC1356_Bl21DE3	iECIAI39_1322	0		1	R01196	22	R00014|R00268|R00341|R00342|R00351|R00352|R00361|R00405|R00431|R00621|R00709|R00726|R01082|R01325|R01899|R01900|R02164|R02569|R02570|R03270|R03316|R07618
map00020	rn00020	Citrate cycle (TCA cycle)	iEC1356_Bl21DE3	iECNA114_1301	0		1	R01196	22	R00014|R00268|R00341|R00342|R00351|R00352|R00361|R00405|R00431|R00621|R00709|R00726|R01082|R01325|R01899|R01900|R02164|R02569|R02570|R03270|R03316|R07618
map00020	rn00020	Citrate cycle (TCA cycle)	iEC1356_Bl21DE3	iECO103_1326	0		1	R01196	22	R00014|R00268|R00341|R00342|R00351|R00352|R00361|R00405|R00431|R00621|R00709|R00726|R01082|R01325|R01899|R01900|R02164|R02569|R02570|R03270|R03316|R07618
map00020	rn00020	Citrate cycle (TCA cycle)	iEC1356_Bl21DE3	iECO111_1330	0		1	R01196	22	R00014|R00268|R00341|R00342|R00351|R00352|R00361|R00405|R00431|R00621|R00709|R00726|R01082|R01325|R01899|R01900|R02164|R02569|R02570|R03270|R03316|R07618
map00020	rn00020	Citrate cycle (TCA cycle)	iEC1356_Bl21DE3	iECO26_1355	0		1	R01196	22	R00014|R00268|R00341|R00342|R00351|R00352|R00361|R00405|R00431|R00621|R00709|R00726|R01082|R01325|R01899|R01900|R02164|R02569|R02570|R03270|R03316|R07618
map00020	rn00020	Citrate cycle (TCA cycle)	iEC1356_Bl21DE3	iECOK1_1307	0		1	R01196	22	R00014|R00268|R00341|R00342|R00351|R00352|R00361|R00405|R00431|R00621|R00709|R00726|R01082|R01325|R01899|R01900|R02164|R02569|R02570|R03270|R03316|R07618
map00020	rn00020	Citrate cycle (TCA cycle)	iEC1356_Bl21DE3	iECP_1309	0		1	R01196	22	R00014|R00268|R00341|R00342|R00351|R00352|R00361|R00405|R00431|R00621|R00709|R00726|R01082|R01325|R01899|R01900|R02164|R02569|R02570|R03270|R03316|R07618
map00020	rn00020	Citrate cycle (TCA cycle)	iEC1356_Bl21DE3	iECS88_1305	0		1	R01196	22	R00014|R00268|R00341|R00342|R00351|R00352|R00361|R00405|R00431|R00621|R00709|R00726|R01082|R01325|R01899|R01900|R02164|R02569|R02570|R03270|R03316|R07618
map00020	rn00020	Citrate cycle (TCA cycle)	iEC1356_Bl21DE3	iECSE_1348	0		1	R01196	22	R00014|R00268|R00341|R00342|R00351|R00352|R00361|R00405|R00431|R00621|R00709|R00726|R01082|R01325|R01899|R01900|R02164|R02569|R02570|R03270|R03316|R07618
map00020	rn00020	Citrate cycle (TCA cycle)	iEC1356_Bl21DE3	iECSF_1327	0		1	R01196	22	R00014|R00268|R00341|R00342|R00351|R00352|R00361|R00405|R00431|R00621|R00709|R00726|R01082|R01325|R01899|R01900|R02164|R02569|R02570|R03270|R03316|R07618
map00020	rn00020	Citrate cycle (TCA cycle)	iEC1356_Bl21DE3	iECSP_1301	0		1	R01196	22	R00014|R00268|R00341|R00342|R00351|R00352|R00361|R00405|R00431|R00621|R00709|R00726|R01082|R01325|R01899|R01900|R02164|R02569|R02570|R03270|R03316|R07618
map00020	rn00020	Citrate cycle (TCA cycle)	iEC1356_Bl21DE3	iECUMN_1333	0		1	R01196	22	R00014|R00268|R00341|R00342|R00351|R00352|R00361|R00405|R00431|R00621|R00709|R00726|R01082|R01325|R01899|R01900|R02164|R02569|R02570|R03270|R03316|R07618
map00020	rn00020	Citrate cycle (TCA cycle)	iEC1356_Bl21DE3	iECW_1372	0		1	R01196	22	R00014|R00268|R00341|R00342|R00351|R00352|R00361|R00405|R00431|R00621|R00709|R00726|R01082|R01325|R01899|R01900|R02164|R02569|R02570|R03270|R03316|R07618
map00020	rn00020	Citrate cycle (TCA cycle)	iEC1356_Bl21DE3	iECs_1301	0		1	R01196	22	R00014|R00268|R00341|R00342|R00351|R00352|R00361|R00405|R00431|R00621|R00709|R00726|R01082|R01325|R01899|R01900|R02164|R02569|R02570|R03270|R03316|R07618
map00020	rn00020	Citrate cycle (TCA cycle)	iEC1356_Bl21DE3	iEKO11_1354	0		1	R01196	22	R00014|R00268|R00341|R00342|R00351|R00352|R00361|R00405|R00431|R00621|R00709|R00726|R01082|R01325|R01899|R01900|R02164|R02569|R02570|R03270|R03316|R07618
map00020	rn00020	Citrate cycle (TCA cycle)	iEC1356_Bl21DE3	iETEC_1333	0		1	R01196	22	R00014|R00268|R00341|R00342|R00351|R00352|R00361|R00405|R00431|R00621|R00709|R00726|R01082|R01325|R01899|R01900|R02164|R02569|R02570|R03270|R03316|R07618
map00020	rn00020	Citrate cycle (TCA cycle)	iEC1356_Bl21DE3	iEcDH1_1363	0		1	R01196	22	R00014|R00268|R00341|R00342|R00351|R00352|R00361|R00405|R00431|R00621|R00709|R00726|R01082|R01325|R01899|R01900|R02164|R02569|R02570|R03270|R03316|R07618
map00020	rn00020	Citrate cycle (TCA cycle)	iEC1356_Bl21DE3	iEcE24377_1341	0		1	R01196	22	R00014|R00268|R00341|R00342|R00351|R00352|R00361|R00405|R00431|R00621|R00709|R00726|R01082|R01325|R01899|R01900|R02164|R02569|R02570|R03270|R03316|R07618
map00020	rn00020	Citrate cycle (TCA cycle)	iEC1356_Bl21DE3	iEcHS_1320	0		1	R01196	22	R00014|R00268|R00341|R00342|R00351|R00352|R00361|R00405|R00431|R00621|R00709|R00726|R01082|R01325|R01899|R01900|R02164|R02569|R02570|R03270|R03316|R07618
map00020	rn00020	Citrate cycle (TCA cycle)	iEC1356_Bl21DE3	iEcSMS35_1347	0		1	R01196	22	R00014|R00268|R00341|R00342|R00351|R00352|R00361|R00405|R00431|R00621|R00709|R00726|R01082|R01325|R01899|R01900|R02164|R02569|R02570|R03270|R03316|R07618
map00020	rn00020	Citrate cycle (TCA cycle)	iEC1356_Bl21DE3	iEcolC_1368	0		1	R01196	22	R00014|R00268|R00341|R00342|R00351|R00352|R00361|R00405|R00431|R00621|R00709|R00726|R01082|R01325|R01899|R01900|R02164|R02569|R02570|R03270|R03316|R07618
map00020	rn00020	Citrate cycle (TCA cycle)	iEC1356_Bl21DE3	iG2583_1286	0		1	R01196	22	R00014|R00268|R00341|R00342|R00351|R00352|R00361|R00405|R00431|R00621|R00709|R00726|R01082|R01325|R01899|R01900|R02164|R02569|R02570|R03270|R03316|R07618
map00020	rn00020	Citrate cycle (TCA cycle)	iEC1356_Bl21DE3	iLF82_1304	0		1	R01196	22	R00014|R00268|R00341|R00342|R00351|R00352|R00361|R00405|R00431|R00621|R00709|R00726|R01082|R01325|R01899|R01900|R02164|R02569|R02570|R03270|R03316|R07618
map00020	rn00020	Citrate cycle (TCA cycle)	iEC1356_Bl21DE3	iNRG857_1313	0		1	R01196	22	R00014|R00268|R00341|R00342|R00351|R00352|R00361|R00405|R00431|R00621|R00709|R00726|R01082|R01325|R01899|R01900|R02164|R02569|R02570|R03270|R03316|R07618
map00020	rn00020	Citrate cycle (TCA cycle)	iEC1356_Bl21DE3	iUMN146_1321	0		1	R01196	22	R00014|R00268|R00341|R00342|R00351|R00352|R00361|R00405|R00431|R00621|R00709|R00726|R01082|R01325|R01899|R01900|R02164|R02569|R02570|R03270|R03316|R07618
map00020	rn00020	Citrate cycle (TCA cycle)	iEC1356_Bl21DE3	iUMNK88_1353	0		1	R01196	22	R00014|R00268|R00341|R00342|R00351|R00352|R00361|R00405|R00431|R00621|R00709|R00726|R01082|R01325|R01899|R01900|R02164|R02569|R02570|R03270|R03316|R07618
map00020	rn00020	Citrate cycle (TCA cycle)	iEC1356_Bl21DE3	iUTI89_1310	0		1	R01196	22	R00014|R00268|R00341|R00342|R00351|R00352|R00361|R00405|R00431|R00621|R00709|R00726|R01082|R01325|R01899|R01900|R02164|R02569|R02570|R03270|R03316|R07618
map00020	rn00020	Citrate cycle (TCA cycle)	iEC1356_Bl21DE3	iWFL_1372	0		1	R01196	22	R00014|R00268|R00341|R00342|R00351|R00352|R00361|R00405|R00431|R00621|R00709|R00726|R01082|R01325|R01899|R01900|R02164|R02569|R02570|R03270|R03316|R07618
map00020	rn00020	Citrate cycle (TCA cycle)	iEC1356_Bl21DE3	iY75_1357	0		1	R01196	22	R00014|R00268|R00341|R00342|R00351|R00352|R00361|R00405|R00431|R00621|R00709|R00726|R01082|R01325|R01899|R01900|R02164|R02569|R02570|R03270|R03316|R07618
map00020	rn00020	Citrate cycle (TCA cycle)	iEC1356_Bl21DE3	iZ_1308	0		1	R01196	22	R00014|R00268|R00341|R00342|R00351|R00352|R00361|R00405|R00431|R00621|R00709|R00726|R01082|R01325|R01899|R01900|R02164|R02569|R02570|R03270|R03316|R07618
map00020	rn00020	Citrate cycle (TCA cycle)	iEC1356_Bl21DE3	ic_1306	0		1	R01196	22	R00014|R00268|R00341|R00342|R00351|R00352|R00361|R00405|R00431|R00621|R00709|R00726|R01082|R01325|R01899|R01900|R02164|R02569|R02570|R03270|R03316|R07618
map00020	rn00020	Citrate cycle (TCA cycle)	iEC1364_W	iEC55989_1330	0		1	R01196	22	R00014|R00268|R00341|R00342|R00351|R00352|R00361|R00405|R00431|R00621|R00709|R00726|R01082|R01325|R01899|R01900|R02164|R02569|R02570|R03270|R03316|R07618
map00020	rn00020	Citrate cycle (TCA cycle)	iEC1364_W	iECABU_c1320	0		1	R01196	22	R00014|R00268|R00341|R00342|R00351|R00352|R00361|R00405|R00431|R00621|R00709|R00726|R01082|R01325|R01899|R01900|R02164|R02569|R02570|R03270|R03316|R07618
map00020	rn00020	Citrate cycle (TCA cycle)	iEC1364_W	iECBD_1354	0		1	R01196	22	R00014|R00268|R00341|R00342|R00351|R00352|R00361|R00405|R00431|R00621|R00709|R00726|R01082|R01325|R01899|R01900|R02164|R02569|R02570|R03270|R03316|R07618
map00020	rn00020	Citrate cycle (TCA cycle)	iEC1364_W	iECB_1328	0		1	R01196	22	R00014|R00268|R00341|R00342|R00351|R00352|R00361|R00405|R00431|R00621|R00709|R00726|R01082|R01325|R01899|R01900|R02164|R02569|R02570|R03270|R03316|R07618
map00020	rn00020	Citrate cycle (TCA cycle)	iEC1364_W	iECDH10B_1368	0		1	R01196	22	R00014|R00268|R00341|R00342|R00351|R00352|R00361|R00405|R00431|R00621|R00709|R00726|R01082|R01325|R01899|R01900|R02164|R02569|R02570|R03270|R03316|R07618
map00020	rn00020	Citrate cycle (TCA cycle)	iEC1364_W	iECDH1ME8569_1439	0		1	R01196	22	R00014|R00268|R00341|R00342|R00351|R00352|R00361|R00405|R00431|R00621|R00709|R00726|R01082|R01325|R01899|R01900|R02164|R02569|R02570|R03270|R03316|R07618
map00020	rn00020	Citrate cycle (TCA cycle)	iEC1364_W	iECD_1391	0		1	R01196	22	R00014|R00268|R00341|R00342|R00351|R00352|R00361|R00405|R00431|R00621|R00709|R00726|R01082|R01325|R01899|R01900|R02164|R02569|R02570|R03270|R03316|R07618
map00020	rn00020	Citrate cycle (TCA cycle)	iEC1364_W	iECED1_1282	0		1	R01196	22	R00014|R00268|R00341|R00342|R00351|R00352|R00361|R00405|R00431|R00621|R00709|R00726|R01082|R01325|R01899|R01900|R02164|R02569|R02570|R03270|R03316|R07618
map00020	rn00020	Citrate cycle (TCA cycle)	iEC1364_W	iECH74115_1262	0		1	R01196	22	R00014|R00268|R00341|R00342|R00351|R00352|R00361|R00405|R00431|R00621|R00709|R00726|R01082|R01325|R01899|R01900|R02164|R02569|R02570|R03270|R03316|R07618
map00020	rn00020	Citrate cycle (TCA cycle)	iEC1364_W	iECIAI1_1343	0		1	R01196	22	R00014|R00268|R00341|R00342|R00351|R00352|R00361|R00405|R00431|R00621|R00709|R00726|R01082|R01325|R01899|R01900|R02164|R02569|R02570|R03270|R03316|R07618
map00020	rn00020	Citrate cycle (TCA cycle)	iEC1364_W	iECIAI39_1322	0		1	R01196	22	R00014|R00268|R00341|R00342|R00351|R00352|R00361|R00405|R00431|R00621|R00709|R00726|R01082|R01325|R01899|R01900|R02164|R02569|R02570|R03270|R03316|R07618
map00020	rn00020	Citrate cycle (TCA cycle)	iEC1364_W	iECNA114_1301	0		1	R01196	22	R00014|R00268|R00341|R00342|R00351|R00352|R00361|R00405|R00431|R00621|R00709|R00726|R01082|R01325|R01899|R01900|R02164|R02569|R02570|R03270|R03316|R07618
map00020	rn00020	Citrate cycle (TCA cycle)	iEC1364_W	iECO103_1326	0		1	R01196	22	R00014|R00268|R00341|R00342|R00351|R00352|R00361|R00405|R00431|R00621|R00709|R00726|R01082|R01325|R01899|R01900|R02164|R02569|R02570|R03270|R03316|R07618
map00020	rn00020	Citrate cycle (TCA cycle)	iEC1364_W	iECO111_1330	0		1	R01196	22	R00014|R00268|R00341|R00342|R00351|R00352|R00361|R00405|R00431|R00621|R00709|R00726|R01082|R01325|R01899|R01900|R02164|R02569|R02570|R03270|R03316|R07618
map00020	rn00020	Citrate cycle (TCA cycle)	iEC1364_W	iECO26_1355	0		1	R01196	22	R00014|R00268|R00341|R00342|R00351|R00352|R00361|R00405|R00431|R00621|R00709|R00726|R01082|R01325|R01899|R01900|R02164|R02569|R02570|R03270|R03316|R07618
map00020	rn00020	Citrate cycle (TCA cycle)	iEC1364_W	iECOK1_1307	0		1	R01196	22	R00014|R00268|R00341|R00342|R00351|R00352|R00361|R00405|R00431|R00621|R00709|R00726|R01082|R01325|R01899|R01900|R02164|R02569|R02570|R03270|R03316|R07618
map00020	rn00020	Citrate cycle (TCA cycle)	iEC1364_W	iECP_1309	0		1	R01196	22	R00014|R00268|R00341|R00342|R00351|R00352|R00361|R00405|R00431|R00621|R00709|R00726|R01082|R01325|R01899|R01900|R02164|R02569|R02570|R03270|R03316|R07618
map00020	rn00020	Citrate cycle (TCA cycle)	iEC1364_W	iECS88_1305	0		1	R01196	22	R00014|R00268|R00341|R00342|R00351|R00352|R00361|R00405|R00431|R00621|R00709|R00726|R01082|R01325|R01899|R01900|R02164|R02569|R02570|R03270|R03316|R07618
map00020	rn00020	Citrate cycle (TCA cycle)	iEC1364_W	iECSE_1348	0		1	R01196	22	R00014|R00268|R00341|R00342|R00351|R00352|R00361|R00405|R00431|R00621|R00709|R00726|R01082|R01325|R01899|R01900|R02164|R02569|R02570|R03270|R03316|R07618
map00020	rn00020	Citrate cycle (TCA cycle)	iEC1364_W	iECSF_1327	0		1	R01196	22	R00014|R00268|R00341|R00342|R00351|R00352|R00361|R00405|R00431|R00621|R00709|R00726|R01082|R01325|R01899|R01900|R02164|R02569|R02570|R03270|R03316|R07618
map00020	rn00020	Citrate cycle (TCA cycle)	iEC1364_W	iECSP_1301	0		1	R01196	22	R00014|R00268|R00341|R00342|R00351|R00352|R00361|R00405|R00431|R00621|R00709|R00726|R01082|R01325|R01899|R01900|R02164|R02569|R02570|R03270|R03316|R07618
map00020	rn00020	Citrate cycle (TCA cycle)	iEC1364_W	iECUMN_1333	0		1	R01196	22	R00014|R00268|R00341|R00342|R00351|R00352|R00361|R00405|R00431|R00621|R00709|R00726|R01082|R01325|R01899|R01900|R02164|R02569|R02570|R03270|R03316|R07618
map00020	rn00020	Citrate cycle (TCA cycle)	iEC1364_W	iECW_1372	0		1	R01196	22	R00014|R00268|R00341|R00342|R00351|R00352|R00361|R00405|R00431|R00621|R00709|R00726|R01082|R01325|R01899|R01900|R02164|R02569|R02570|R03270|R03316|R07618
map00020	rn00020	Citrate cycle (TCA cycle)	iEC1364_W	iECs_1301	0		1	R01196	22	R00014|R00268|R00341|R00342|R00351|R00352|R00361|R00405|R00431|R00621|R00709|R00726|R01082|R01325|R01899|R01900|R02164|R02569|R02570|R03270|R03316|R07618
map00020	rn00020	Citrate cycle (TCA cycle)	iEC1364_W	iEKO11_1354	0		1	R01196	22	R00014|R00268|R00341|R00342|R00351|R00352|R00361|R00405|R00431|R00621|R00709|R00726|R01082|R01325|R01899|R01900|R02164|R02569|R02570|R03270|R03316|R07618
map00020	rn00020	Citrate cycle (TCA cycle)	iEC1364_W	iETEC_1333	0		1	R01196	22	R00014|R00268|R00341|R00342|R00351|R00352|R00361|R00405|R00431|R00621|R00709|R00726|R01082|R01325|R01899|R01900|R02164|R02569|R02570|R03270|R03316|R07618
map00020	rn00020	Citrate cycle (TCA cycle)	iEC1364_W	iEcDH1_1363	0		1	R01196	22	R00014|R00268|R00341|R00342|R00351|R00352|R00361|R00405|R00431|R00621|R00709|R00726|R01082|R01325|R01899|R01900|R02164|R02569|R02570|R03270|R03316|R07618
map00020	rn00020	Citrate cycle (TCA cycle)	iEC1364_W	iEcE24377_1341	0		1	R01196	22	R00014|R00268|R00341|R00342|R00351|R00352|R00361|R00405|R00431|R00621|R00709|R00726|R01082|R01325|R01899|R01900|R02164|R02569|R02570|R03270|R03316|R07618
map00020	rn00020	Citrate cycle (TCA cycle)	iEC1364_W	iEcHS_1320	0		1	R01196	22	R00014|R00268|R00341|R00342|R00351|R00352|R00361|R00405|R00431|R00621|R00709|R00726|R01082|R01325|R01899|R01900|R02164|R02569|R02570|R03270|R03316|R07618
map00020	rn00020	Citrate cycle (TCA cycle)	iEC1364_W	iEcSMS35_1347	0		1	R01196	22	R00014|R00268|R00341|R00342|R00351|R00352|R00361|R00405|R00431|R00621|R00709|R00726|R01082|R01325|R01899|R01900|R02164|R02569|R02570|R03270|R03316|R07618
map00020	rn00020	Citrate cycle (TCA cycle)	iEC1364_W	iEcolC_1368	0		1	R01196	22	R00014|R00268|R00341|R00342|R00351|R00352|R00361|R00405|R00431|R00621|R00709|R00726|R01082|R01325|R01899|R01900|R02164|R02569|R02570|R03270|R03316|R07618
map00020	rn00020	Citrate cycle (TCA cycle)	iEC1364_W	iG2583_1286	0		1	R01196	22	R00014|R00268|R00341|R00342|R00351|R00352|R00361|R00405|R00431|R00621|R00709|R00726|R01082|R01325|R01899|R01900|R02164|R02569|R02570|R03270|R03316|R07618
map00020	rn00020	Citrate cycle (TCA cycle)	iEC1364_W	iLF82_1304	0		1	R01196	22	R00014|R00268|R00341|R00342|R00351|R00352|R00361|R00405|R00431|R00621|R00709|R00726|R01082|R01325|R01899|R01900|R02164|R02569|R02570|R03270|R03316|R07618
map00020	rn00020	Citrate cycle (TCA cycle)	iEC1364_W	iNRG857_1313	0		1	R01196	22	R00014|R00268|R00341|R00342|R00351|R00352|R00361|R00405|R00431|R00621|R00709|R00726|R01082|R01325|R01899|R01900|R02164|R02569|R02570|R03270|R03316|R07618
map00020	rn00020	Citrate cycle (TCA cycle)	iEC1364_W	iUMN146_1321	0		1	R01196	22	R00014|R00268|R00341|R00342|R00351|R00352|R00361|R00405|R00431|R00621|R00709|R00726|R01082|R01325|R01899|R01900|R02164|R02569|R02570|R03270|R03316|R07618
map00020	rn00020	Citrate cycle (TCA cycle)	iEC1364_W	iUMNK88_1353	0		1	R01196	22	R00014|R00268|R00341|R00342|R00351|R00352|R00361|R00405|R00431|R00621|R00709|R00726|R01082|R01325|R01899|R01900|R02164|R02569|R02570|R03270|R03316|R07618
map00020	rn00020	Citrate cycle (TCA cycle)	iEC1364_W	iUTI89_1310	0		1	R01196	22	R00014|R00268|R00341|R00342|R00351|R00352|R00361|R00405|R00431|R00621|R00709|R00726|R01082|R01325|R01899|R01900|R02164|R02569|R02570|R03270|R03316|R07618
map00020	rn00020	Citrate cycle (TCA cycle)	iEC1364_W	iWFL_1372	0		1	R01196	22	R00014|R00268|R00341|R00342|R00351|R00352|R00361|R00405|R00431|R00621|R00709|R00726|R01082|R01325|R01899|R01900|R02164|R02569|R02570|R03270|R03316|R07618
map00020	rn00020	Citrate cycle (TCA cycle)	iEC1364_W	iY75_1357	0		1	R01196	22	R00014|R00268|R00341|R00342|R00351|R00352|R00361|R00405|R00431|R00621|R00709|R00726|R01082|R01325|R01899|R01900|R02164|R02569|R02570|R03270|R03316|R07618
map00020	rn00020	Citrate cycle (TCA cycle)	iEC1364_W	iZ_1308	0		1	R01196	22	R00014|R00268|R00341|R00342|R00351|R00352|R00361|R00405|R00431|R00621|R00709|R00726|R01082|R01325|R01899|R01900|R02164|R02569|R02570|R03270|R03316|R07618
map00020	rn00020	Citrate cycle (TCA cycle)	iEC1364_W	ic_1306	0		1	R01196	22	R00014|R00268|R00341|R00342|R00351|R00352|R00361|R00405|R00431|R00621|R00709|R00726|R01082|R01325|R01899|R01900|R02164|R02569|R02570|R03270|R03316|R07618
map00020	rn00020	Citrate cycle (TCA cycle)	iEC1368_DH5a	iEC55989_1330	0		1	R01196	22	R00014|R00268|R00341|R00342|R00351|R00352|R00361|R00405|R00431|R00621|R00709|R00726|R01082|R01325|R01899|R01900|R02164|R02569|R02570|R03270|R03316|R07618
map00020	rn00020	Citrate cycle (TCA cycle)	iEC1368_DH5a	iECABU_c1320	0		1	R01196	22	R00014|R00268|R00341|R00342|R00351|R00352|R00361|R00405|R00431|R00621|R00709|R00726|R01082|R01325|R01899|R01900|R02164|R02569|R02570|R03270|R03316|R07618
map00020	rn00020	Citrate cycle (TCA cycle)	iEC1368_DH5a	iECBD_1354	0		1	R01196	22	R00014|R00268|R00341|R00342|R00351|R00352|R00361|R00405|R00431|R00621|R00709|R00726|R01082|R01325|R01899|R01900|R02164|R02569|R02570|R03270|R03316|R07618
map00020	rn00020	Citrate cycle (TCA cycle)	iEC1368_DH5a	iECB_1328	0		1	R01196	22	R00014|R00268|R00341|R00342|R00351|R00352|R00361|R00405|R00431|R00621|R00709|R00726|R01082|R01325|R01899|R01900|R02164|R02569|R02570|R03270|R03316|R07618
map00020	rn00020	Citrate cycle (TCA cycle)	iEC1368_DH5a	iECDH10B_1368	0		1	R01196	22	R00014|R00268|R00341|R00342|R00351|R00352|R00361|R00405|R00431|R00621|R00709|R00726|R01082|R01325|R01899|R01900|R02164|R02569|R02570|R03270|R03316|R07618
map00020	rn00020	Citrate cycle (TCA cycle)	iEC1368_DH5a	iECDH1ME8569_1439	0		1	R01196	22	R00014|R00268|R00341|R00342|R00351|R00352|R00361|R00405|R00431|R00621|R00709|R00726|R01082|R01325|R01899|R01900|R02164|R02569|R02570|R03270|R03316|R07618
map00020	rn00020	Citrate cycle (TCA cycle)	iEC1368_DH5a	iECD_1391	0		1	R01196	22	R00014|R00268|R00341|R00342|R00351|R00352|R00361|R00405|R00431|R00621|R00709|R00726|R01082|R01325|R01899|R01900|R02164|R02569|R02570|R03270|R03316|R07618
map00020	rn00020	Citrate cycle (TCA cycle)	iEC1368_DH5a	iECED1_1282	0		1	R01196	22	R00014|R00268|R00341|R00342|R00351|R00352|R00361|R00405|R00431|R00621|R00709|R00726|R01082|R01325|R01899|R01900|R02164|R02569|R02570|R03270|R03316|R07618
map00020	rn00020	Citrate cycle (TCA cycle)	iEC1368_DH5a	iECH74115_1262	0		1	R01196	22	R00014|R00268|R00341|R00342|R00351|R00352|R00361|R00405|R00431|R00621|R00709|R00726|R01082|R01325|R01899|R01900|R02164|R02569|R02570|R03270|R03316|R07618
map00020	rn00020	Citrate cycle (TCA cycle)	iEC1368_DH5a	iECIAI1_1343	0		1	R01196	22	R00014|R00268|R00341|R00342|R00351|R00352|R00361|R00405|R00431|R00621|R00709|R00726|R01082|R01325|R01899|R01900|R02164|R02569|R02570|R03270|R03316|R07618
map00020	rn00020	Citrate cycle (TCA cycle)	iEC1368_DH5a	iECIAI39_1322	0		1	R01196	22	R00014|R00268|R00341|R00342|R00351|R00352|R00361|R00405|R00431|R00621|R00709|R00726|R01082|R01325|R01899|R01900|R02164|R02569|R02570|R03270|R03316|R07618
map00020	rn00020	Citrate cycle (TCA cycle)	iEC1368_DH5a	iECNA114_1301	0		1	R01196	22	R00014|R00268|R00341|R00342|R00351|R00352|R00361|R00405|R00431|R00621|R00709|R00726|R01082|R01325|R01899|R01900|R02164|R02569|R02570|R03270|R03316|R07618
map00020	rn00020	Citrate cycle (TCA cycle)	iEC1368_DH5a	iECO103_1326	0		1	R01196	22	R00014|R00268|R00341|R00342|R00351|R00352|R00361|R00405|R00431|R00621|R00709|R00726|R01082|R01325|R01899|R01900|R02164|R02569|R02570|R03270|R03316|R07618
map00020	rn00020	Citrate cycle (TCA cycle)	iEC1368_DH5a	iECO111_1330	0		1	R01196	22	R00014|R00268|R00341|R00342|R00351|R00352|R00361|R00405|R00431|R00621|R00709|R00726|R01082|R01325|R01899|R01900|R02164|R02569|R02570|R03270|R03316|R07618
map00020	rn00020	Citrate cycle (TCA cycle)	iEC1368_DH5a	iECO26_1355	0		1	R01196	22	R00014|R00268|R00341|R00342|R00351|R00352|R00361|R00405|R00431|R00621|R00709|R00726|R01082|R01325|R01899|R01900|R02164|R02569|R02570|R03270|R03316|R07618
map00020	rn00020	Citrate cycle (TCA cycle)	iEC1368_DH5a	iECOK1_1307	0		1	R01196	22	R00014|R00268|R00341|R00342|R00351|R00352|R00361|R00405|R00431|R00621|R00709|R00726|R01082|R01325|R01899|R01900|R02164|R02569|R02570|R03270|R03316|R07618
map00020	rn00020	Citrate cycle (TCA cycle)	iEC1368_DH5a	iECP_1309	0		1	R01196	22	R00014|R00268|R00341|R00342|R00351|R00352|R00361|R00405|R00431|R00621|R00709|R00726|R01082|R01325|R01899|R01900|R02164|R02569|R02570|R03270|R03316|R07618
map00020	rn00020	Citrate cycle (TCA cycle)	iEC1368_DH5a	iECS88_1305	0		1	R01196	22	R00014|R00268|R00341|R00342|R00351|R00352|R00361|R00405|R00431|R00621|R00709|R00726|R01082|R01325|R01899|R01900|R02164|R02569|R02570|R03270|R03316|R07618
map00020	rn00020	Citrate cycle (TCA cycle)	iEC1368_DH5a	iECSE_1348	0		1	R01196	22	R00014|R00268|R00341|R00342|R00351|R00352|R00361|R00405|R00431|R00621|R00709|R00726|R01082|R01325|R01899|R01900|R02164|R02569|R02570|R03270|R03316|R07618
map00020	rn00020	Citrate cycle (TCA cycle)	iEC1368_DH5a	iECSF_1327	0		1	R01196	22	R00014|R00268|R00341|R00342|R00351|R00352|R00361|R00405|R00431|R00621|R00709|R00726|R01082|R01325|R01899|R01900|R02164|R02569|R02570|R03270|R03316|R07618
map00020	rn00020	Citrate cycle (TCA cycle)	iEC1368_DH5a	iECSP_1301	0		1	R01196	22	R00014|R00268|R00341|R00342|R00351|R00352|R00361|R00405|R00431|R00621|R00709|R00726|R01082|R01325|R01899|R01900|R02164|R02569|R02570|R03270|R03316|R07618
map00020	rn00020	Citrate cycle (TCA cycle)	iEC1368_DH5a	iECUMN_1333	0		1	R01196	22	R00014|R00268|R00341|R00342|R00351|R00352|R00361|R00405|R00431|R00621|R00709|R00726|R01082|R01325|R01899|R01900|R02164|R02569|R02570|R03270|R03316|R07618
map00020	rn00020	Citrate cycle (TCA cycle)	iEC1368_DH5a	iECW_1372	0		1	R01196	22	R00014|R00268|R00341|R00342|R00351|R00352|R00361|R00405|R00431|R00621|R00709|R00726|R01082|R01325|R01899|R01900|R02164|R02569|R02570|R03270|R03316|R07618
map00020	rn00020	Citrate cycle (TCA cycle)	iEC1368_DH5a	iECs_1301	0		1	R01196	22	R00014|R00268|R00341|R00342|R00351|R00352|R00361|R00405|R00431|R00621|R00709|R00726|R01082|R01325|R01899|R01900|R02164|R02569|R02570|R03270|R03316|R07618
map00020	rn00020	Citrate cycle (TCA cycle)	iEC1368_DH5a	iEKO11_1354	0		1	R01196	22	R00014|R00268|R00341|R00342|R00351|R00352|R00361|R00405|R00431|R00621|R00709|R00726|R01082|R01325|R01899|R01900|R02164|R02569|R02570|R03270|R03316|R07618
map00020	rn00020	Citrate cycle (TCA cycle)	iEC1368_DH5a	iETEC_1333	0		1	R01196	22	R00014|R00268|R00341|R00342|R00351|R00352|R00361|R00405|R00431|R00621|R00709|R00726|R01082|R01325|R01899|R01900|R02164|R02569|R02570|R03270|R03316|R07618
map00020	rn00020	Citrate cycle (TCA cycle)	iEC1368_DH5a	iEcDH1_1363	0		1	R01196	22	R00014|R00268|R00341|R00342|R00351|R00352|R00361|R00405|R00431|R00621|R00709|R00726|R01082|R01325|R01899|R01900|R02164|R02569|R02570|R03270|R03316|R07618
map00020	rn00020	Citrate cycle (TCA cycle)	iEC1368_DH5a	iEcE24377_1341	0		1	R01196	22	R00014|R00268|R00341|R00342|R00351|R00352|R00361|R00405|R00431|R00621|R00709|R00726|R01082|R01325|R01899|R01900|R02164|R02569|R02570|R03270|R03316|R07618
map00020	rn00020	Citrate cycle (TCA cycle)	iEC1368_DH5a	iEcHS_1320	0		1	R01196	22	R00014|R00268|R00341|R00342|R00351|R00352|R00361|R00405|R00431|R00621|R00709|R00726|R01082|R01325|R01899|R01900|R02164|R02569|R02570|R03270|R03316|R07618
map00020	rn00020	Citrate cycle (TCA cycle)	iEC1368_DH5a	iEcSMS35_1347	0		1	R01196	22	R00014|R00268|R00341|R00342|R00351|R00352|R00361|R00405|R00431|R00621|R00709|R00726|R01082|R01325|R01899|R01900|R02164|R02569|R02570|R03270|R03316|R07618
map00020	rn00020	Citrate cycle (TCA cycle)	iEC1368_DH5a	iEcolC_1368	0		1	R01196	22	R00014|R00268|R00341|R00342|R00351|R00352|R00361|R00405|R00431|R00621|R00709|R00726|R01082|R01325|R01899|R01900|R02164|R02569|R02570|R03270|R03316|R07618
map00020	rn00020	Citrate cycle (TCA cycle)	iEC1368_DH5a	iG2583_1286	0		1	R01196	22	R00014|R00268|R00341|R00342|R00351|R00352|R00361|R00405|R00431|R00621|R00709|R00726|R01082|R01325|R01899|R01900|R02164|R02569|R02570|R03270|R03316|R07618
map00020	rn00020	Citrate cycle (TCA cycle)	iEC1368_DH5a	iLF82_1304	0		1	R01196	22	R00014|R00268|R00341|R00342|R00351|R00352|R00361|R00405|R00431|R00621|R00709|R00726|R01082|R01325|R01899|R01900|R02164|R02569|R02570|R03270|R03316|R07618
map00020	rn00020	Citrate cycle (TCA cycle)	iEC1368_DH5a	iNRG857_1313	0		1	R01196	22	R00014|R00268|R00341|R00342|R00351|R00352|R00361|R00405|R00431|R00621|R00709|R00726|R01082|R01325|R01899|R01900|R02164|R02569|R02570|R03270|R03316|R07618
map00020	rn00020	Citrate cycle (TCA cycle)	iEC1368_DH5a	iUMN146_1321	0		1	R01196	22	R00014|R00268|R00341|R00342|R00351|R00352|R00361|R00405|R00431|R00621|R00709|R00726|R01082|R01325|R01899|R01900|R02164|R02569|R02570|R03270|R03316|R07618
map00020	rn00020	Citrate cycle (TCA cycle)	iEC1368_DH5a	iUMNK88_1353	0		1	R01196	22	R00014|R00268|R00341|R00342|R00351|R00352|R00361|R00405|R00431|R00621|R00709|R00726|R01082|R01325|R01899|R01900|R02164|R02569|R02570|R03270|R03316|R07618
map00020	rn00020	Citrate cycle (TCA cycle)	iEC1368_DH5a	iUTI89_1310	0		1	R01196	22	R00014|R00268|R00341|R00342|R00351|R00352|R00361|R00405|R00431|R00621|R00709|R00726|R01082|R01325|R01899|R01900|R02164|R02569|R02570|R03270|R03316|R07618
map00020	rn00020	Citrate cycle (TCA cycle)	iEC1368_DH5a	iWFL_1372	0		1	R01196	22	R00014|R00268|R00341|R00342|R00351|R00352|R00361|R00405|R00431|R00621|R00709|R00726|R01082|R01325|R01899|R01900|R02164|R02569|R02570|R03270|R03316|R07618
map00020	rn00020	Citrate cycle (TCA cycle)	iEC1368_DH5a	iY75_1357	0		1	R01196	22	R00014|R00268|R00341|R00342|R00351|R00352|R00361|R00405|R00431|R00621|R00709|R00726|R01082|R01325|R01899|R01900|R02164|R02569|R02570|R03270|R03316|R07618
map00020	rn00020	Citrate cycle (TCA cycle)	iEC1368_DH5a	iZ_1308	0		1	R01196	22	R00014|R00268|R00341|R00342|R00351|R00352|R00361|R00405|R00431|R00621|R00709|R00726|R01082|R01325|R01899|R01900|R02164|R02569|R02570|R03270|R03316|R07618
map00020	rn00020	Citrate cycle (TCA cycle)	iEC1368_DH5a	ic_1306	0		1	R01196	22	R00014|R00268|R00341|R00342|R00351|R00352|R00361|R00405|R00431|R00621|R00709|R00726|R01082|R01325|R01899|R01900|R02164|R02569|R02570|R03270|R03316|R07618
map00020	rn00020	Citrate cycle (TCA cycle)	iEC1372_W3110	iEC55989_1330	0		1	R01196	22	R00014|R00268|R00341|R00342|R00351|R00352|R00361|R00405|R00431|R00621|R00709|R00726|R01082|R01325|R01899|R01900|R02164|R02569|R02570|R03270|R03316|R07618
map00020	rn00020	Citrate cycle (TCA cycle)	iEC1372_W3110	iECABU_c1320	0		1	R01196	22	R00014|R00268|R00341|R00342|R00351|R00352|R00361|R00405|R00431|R00621|R00709|R00726|R01082|R01325|R01899|R01900|R02164|R02569|R02570|R03270|R03316|R07618
map00020	rn00020	Citrate cycle (TCA cycle)	iEC1372_W3110	iECBD_1354	0		1	R01196	22	R00014|R00268|R00341|R00342|R00351|R00352|R00361|R00405|R00431|R00621|R00709|R00726|R01082|R01325|R01899|R01900|R02164|R02569|R02570|R03270|R03316|R07618
map00020	rn00020	Citrate cycle (TCA cycle)	iEC1372_W3110	iECB_1328	0		1	R01196	22	R00014|R00268|R00341|R00342|R00351|R00352|R00361|R00405|R00431|R00621|R00709|R00726|R01082|R01325|R01899|R01900|R02164|R02569|R02570|R03270|R03316|R07618
map00020	rn00020	Citrate cycle (TCA cycle)	iEC1372_W3110	iECDH10B_1368	0		1	R01196	22	R00014|R00268|R00341|R00342|R00351|R00352|R00361|R00405|R00431|R00621|R00709|R00726|R01082|R01325|R01899|R01900|R02164|R02569|R02570|R03270|R03316|R07618
map00020	rn00020	Citrate cycle (TCA cycle)	iEC1372_W3110	iECDH1ME8569_1439	0		1	R01196	22	R00014|R00268|R00341|R00342|R00351|R00352|R00361|R00405|R00431|R00621|R00709|R00726|R01082|R01325|R01899|R01900|R02164|R02569|R02570|R03270|R03316|R07618
map00020	rn00020	Citrate cycle (TCA cycle)	iEC1372_W3110	iECD_1391	0		1	R01196	22	R00014|R00268|R00341|R00342|R00351|R00352|R00361|R00405|R00431|R00621|R00709|R00726|R01082|R01325|R01899|R01900|R02164|R02569|R02570|R03270|R03316|R07618
map00020	rn00020	Citrate cycle (TCA cycle)	iEC1372_W3110	iECED1_1282	0		1	R01196	22	R00014|R00268|R00341|R00342|R00351|R00352|R00361|R00405|R00431|R00621|R00709|R00726|R01082|R01325|R01899|R01900|R02164|R02569|R02570|R03270|R03316|R07618
map00020	rn00020	Citrate cycle (TCA cycle)	iEC1372_W3110	iECH74115_1262	0		1	R01196	22	R00014|R00268|R00341|R00342|R00351|R00352|R00361|R00405|R00431|R00621|R00709|R00726|R01082|R01325|R01899|R01900|R02164|R02569|R02570|R03270|R03316|R07618
map00020	rn00020	Citrate cycle (TCA cycle)	iEC1372_W3110	iECIAI1_1343	0		1	R01196	22	R00014|R00268|R00341|R00342|R00351|R00352|R00361|R00405|R00431|R00621|R00709|R00726|R01082|R01325|R01899|R01900|R02164|R02569|R02570|R03270|R03316|R07618
map00020	rn00020	Citrate cycle (TCA cycle)	iEC1372_W3110	iECIAI39_1322	0		1	R01196	22	R00014|R00268|R00341|R00342|R00351|R00352|R00361|R00405|R00431|R00621|R00709|R00726|R01082|R01325|R01899|R01900|R02164|R02569|R02570|R03270|R03316|R07618
map00020	rn00020	Citrate cycle (TCA cycle)	iEC1372_W3110	iECNA114_1301	0		1	R01196	22	R00014|R00268|R00341|R00342|R00351|R00352|R00361|R00405|R00431|R00621|R00709|R00726|R01082|R01325|R01899|R01900|R02164|R02569|R02570|R03270|R03316|R07618
map00020	rn00020	Citrate cycle (TCA cycle)	iEC1372_W3110	iECO103_1326	0		1	R01196	22	R00014|R00268|R00341|R00342|R00351|R00352|R00361|R00405|R00431|R00621|R00709|R00726|R01082|R01325|R01899|R01900|R02164|R02569|R02570|R03270|R03316|R07618
map00020	rn00020	Citrate cycle (TCA cycle)	iEC1372_W3110	iECO111_1330	0		1	R01196	22	R00014|R00268|R00341|R00342|R00351|R00352|R00361|R00405|R00431|R00621|R00709|R00726|R01082|R01325|R01899|R01900|R02164|R02569|R02570|R03270|R03316|R07618
map00020	rn00020	Citrate cycle (TCA cycle)	iEC1372_W3110	iECO26_1355	0		1	R01196	22	R00014|R00268|R00341|R00342|R00351|R00352|R00361|R00405|R00431|R00621|R00709|R00726|R01082|R01325|R01899|R01900|R02164|R02569|R02570|R03270|R03316|R07618
map00020	rn00020	Citrate cycle (TCA cycle)	iEC1372_W3110	iECOK1_1307	0		1	R01196	22	R00014|R00268|R00341|R00342|R00351|R00352|R00361|R00405|R00431|R00621|R00709|R00726|R01082|R01325|R01899|R01900|R02164|R02569|R02570|R03270|R03316|R07618
map00020	rn00020	Citrate cycle (TCA cycle)	iEC1372_W3110	iECP_1309	0		1	R01196	22	R00014|R00268|R00341|R00342|R00351|R00352|R00361|R00405|R00431|R00621|R00709|R00726|R01082|R01325|R01899|R01900|R02164|R02569|R02570|R03270|R03316|R07618
map00020	rn00020	Citrate cycle (TCA cycle)	iEC1372_W3110	iECS88_1305	0		1	R01196	22	R00014|R00268|R00341|R00342|R00351|R00352|R00361|R00405|R00431|R00621|R00709|R00726|R01082|R01325|R01899|R01900|R02164|R02569|R02570|R03270|R03316|R07618
map00020	rn00020	Citrate cycle (TCA cycle)	iEC1372_W3110	iECSE_1348	0		1	R01196	22	R00014|R00268|R00341|R00342|R00351|R00352|R00361|R00405|R00431|R00621|R00709|R00726|R01082|R01325|R01899|R01900|R02164|R02569|R02570|R03270|R03316|R07618
map00020	rn00020	Citrate cycle (TCA cycle)	iEC1372_W3110	iECSF_1327	0		1	R01196	22	R00014|R00268|R00341|R00342|R00351|R00352|R00361|R00405|R00431|R00621|R00709|R00726|R01082|R01325|R01899|R01900|R02164|R02569|R02570|R03270|R03316|R07618
map00020	rn00020	Citrate cycle (TCA cycle)	iEC1372_W3110	iECSP_1301	0		1	R01196	22	R00014|R00268|R00341|R00342|R00351|R00352|R00361|R00405|R00431|R00621|R00709|R00726|R01082|R01325|R01899|R01900|R02164|R02569|R02570|R03270|R03316|R07618
map00020	rn00020	Citrate cycle (TCA cycle)	iEC1372_W3110	iECUMN_1333	0		1	R01196	22	R00014|R00268|R00341|R00342|R00351|R00352|R00361|R00405|R00431|R00621|R00709|R00726|R01082|R01325|R01899|R01900|R02164|R02569|R02570|R03270|R03316|R07618
map00020	rn00020	Citrate cycle (TCA cycle)	iEC1372_W3110	iECW_1372	0		1	R01196	22	R00014|R00268|R00341|R00342|R00351|R00352|R00361|R00405|R00431|R00621|R00709|R00726|R01082|R01325|R01899|R01900|R02164|R02569|R02570|R03270|R03316|R07618
map00020	rn00020	Citrate cycle (TCA cycle)	iEC1372_W3110	iECs_1301	0		1	R01196	22	R00014|R00268|R00341|R00342|R00351|R00352|R00361|R00405|R00431|R00621|R00709|R00726|R01082|R01325|R01899|R01900|R02164|R02569|R02570|R03270|R03316|R07618
map00020	rn00020	Citrate cycle (TCA cycle)	iEC1372_W3110	iEKO11_1354	0		1	R01196	22	R00014|R00268|R00341|R00342|R00351|R00352|R00361|R00405|R00431|R00621|R00709|R00726|R01082|R01325|R01899|R01900|R02164|R02569|R02570|R03270|R03316|R07618
map00020	rn00020	Citrate cycle (TCA cycle)	iEC1372_W3110	iETEC_1333	0		1	R01196	22	R00014|R00268|R00341|R00342|R00351|R00352|R00361|R00405|R00431|R00621|R00709|R00726|R01082|R01325|R01899|R01900|R02164|R02569|R02570|R03270|R03316|R07618
map00020	rn00020	Citrate cycle (TCA cycle)	iEC1372_W3110	iEcDH1_1363	0		1	R01196	22	R00014|R00268|R00341|R00342|R00351|R00352|R00361|R00405|R00431|R00621|R00709|R00726|R01082|R01325|R01899|R01900|R02164|R02569|R02570|R03270|R03316|R07618
map00020	rn00020	Citrate cycle (TCA cycle)	iEC1372_W3110	iEcE24377_1341	0		1	R01196	22	R00014|R00268|R00341|R00342|R00351|R00352|R00361|R00405|R00431|R00621|R00709|R00726|R01082|R01325|R01899|R01900|R02164|R02569|R02570|R03270|R03316|R07618
map00020	rn00020	Citrate cycle (TCA cycle)	iEC1372_W3110	iEcHS_1320	0		1	R01196	22	R00014|R00268|R00341|R00342|R00351|R00352|R00361|R00405|R00431|R00621|R00709|R00726|R01082|R01325|R01899|R01900|R02164|R02569|R02570|R03270|R03316|R07618
map00020	rn00020	Citrate cycle (TCA cycle)	iEC1372_W3110	iEcSMS35_1347	0		1	R01196	22	R00014|R00268|R00341|R00342|R00351|R00352|R00361|R00405|R00431|R00621|R00709|R00726|R01082|R01325|R01899|R01900|R02164|R02569|R02570|R03270|R03316|R07618
map00020	rn00020	Citrate cycle (TCA cycle)	iEC1372_W3110	iEcolC_1368	0		1	R01196	22	R00014|R00268|R00341|R00342|R00351|R00352|R00361|R00405|R00431|R00621|R00709|R00726|R01082|R01325|R01899|R01900|R02164|R02569|R02570|R03270|R03316|R07618
map00020	rn00020	Citrate cycle (TCA cycle)	iEC1372_W3110	iG2583_1286	0		1	R01196	22	R00014|R00268|R00341|R00342|R00351|R00352|R00361|R00405|R00431|R00621|R00709|R00726|R01082|R01325|R01899|R01900|R02164|R02569|R02570|R03270|R03316|R07618
map00020	rn00020	Citrate cycle (TCA cycle)	iEC1372_W3110	iLF82_1304	0		1	R01196	22	R00014|R00268|R00341|R00342|R00351|R00352|R00361|R00405|R00431|R00621|R00709|R00726|R01082|R01325|R01899|R01900|R02164|R02569|R02570|R03270|R03316|R07618
map00020	rn00020	Citrate cycle (TCA cycle)	iEC1372_W3110	iNRG857_1313	0		1	R01196	22	R00014|R00268|R00341|R00342|R00351|R00352|R00361|R00405|R00431|R00621|R00709|R00726|R01082|R01325|R01899|R01900|R02164|R02569|R02570|R03270|R03316|R07618
map00020	rn00020	Citrate cycle (TCA cycle)	iEC1372_W3110	iUMN146_1321	0		1	R01196	22	R00014|R00268|R00341|R00342|R00351|R00352|R00361|R00405|R00431|R00621|R00709|R00726|R01082|R01325|R01899|R01900|R02164|R02569|R02570|R03270|R03316|R07618
map00020	rn00020	Citrate cycle (TCA cycle)	iEC1372_W3110	iUMNK88_1353	0		1	R01196	22	R00014|R00268|R00341|R00342|R00351|R00352|R00361|R00405|R00431|R00621|R00709|R00726|R01082|R01325|R01899|R01900|R02164|R02569|R02570|R03270|R03316|R07618
map00020	rn00020	Citrate cycle (TCA cycle)	iEC1372_W3110	iUTI89_1310	0		1	R01196	22	R00014|R00268|R00341|R00342|R00351|R00352|R00361|R00405|R00431|R00621|R00709|R00726|R01082|R01325|R01899|R01900|R02164|R02569|R02570|R03270|R03316|R07618
map00020	rn00020	Citrate cycle (TCA cycle)	iEC1372_W3110	iWFL_1372	0		1	R01196	22	R00014|R00268|R00341|R00342|R00351|R00352|R00361|R00405|R00431|R00621|R00709|R00726|R01082|R01325|R01899|R01900|R02164|R02569|R02570|R03270|R03316|R07618
map00020	rn00020	Citrate cycle (TCA cycle)	iEC1372_W3110	iY75_1357	0		1	R01196	22	R00014|R00268|R00341|R00342|R00351|R00352|R00361|R00405|R00431|R00621|R00709|R00726|R01082|R01325|R01899|R01900|R02164|R02569|R02570|R03270|R03316|R07618
map00020	rn00020	Citrate cycle (TCA cycle)	iEC1372_W3110	iZ_1308	0		1	R01196	22	R00014|R00268|R00341|R00342|R00351|R00352|R00361|R00405|R00431|R00621|R00709|R00726|R01082|R01325|R01899|R01900|R02164|R02569|R02570|R03270|R03316|R07618
map00020	rn00020	Citrate cycle (TCA cycle)	iEC1372_W3110	ic_1306	0		1	R01196	22	R00014|R00268|R00341|R00342|R00351|R00352|R00361|R00405|R00431|R00621|R00709|R00726|R01082|R01325|R01899|R01900|R02164|R02569|R02570|R03270|R03316|R07618
map00020	rn00020	Citrate cycle (TCA cycle)	iEC55989_1330	iJO1366	1	R01196	0		22	R00014|R00268|R00341|R00342|R00351|R00352|R00361|R00405|R00431|R00621|R00709|R00726|R01082|R01325|R01899|R01900|R02164|R02569|R02570|R03270|R03316|R07618
map00020	rn00020	Citrate cycle (TCA cycle)	iEC55989_1330	iJR904	1	R01196	0		22	R00014|R00268|R00341|R00342|R00351|R00352|R00361|R00405|R00431|R00621|R00709|R00726|R01082|R01325|R01899|R01900|R02164|R02569|R02570|R03270|R03316|R07618
map00020	rn00020	Citrate cycle (TCA cycle)	iEC55989_1330	iML1515	1	R01196	0		22	R00014|R00268|R00341|R00342|R00351|R00352|R00361|R00405|R00431|R00621|R00709|R00726|R01082|R01325|R01899|R01900|R02164|R02569|R02570|R03270|R03316|R07618
map00020	rn00020	Citrate cycle (TCA cycle)	iECABU_c1320	iJO1366	1	R01196	0		22	R00014|R00268|R00341|R00342|R00351|R00352|R00361|R00405|R00431|R00621|R00709|R00726|R01082|R01325|R01899|R01900|R02164|R02569|R02570|R03270|R03316|R07618
map00020	rn00020	Citrate cycle (TCA cycle)	iECABU_c1320	iJR904	1	R01196	0		22	R00014|R00268|R00341|R00342|R00351|R00352|R00361|R00405|R00431|R00621|R00709|R00726|R01082|R01325|R01899|R01900|R02164|R02569|R02570|R03270|R03316|R07618
map00020	rn00020	Citrate cycle (TCA cycle)	iECABU_c1320	iML1515	1	R01196	0		22	R00014|R00268|R00341|R00342|R00351|R00352|R00361|R00405|R00431|R00621|R00709|R00726|R01082|R01325|R01899|R01900|R02164|R02569|R02570|R03270|R03316|R07618
map00020	rn00020	Citrate cycle (TCA cycle)	iECBD_1354	iJO1366	1	R01196	0		22	R00014|R00268|R00341|R00342|R00351|R00352|R00361|R00405|R00431|R00621|R00709|R00726|R01082|R01325|R01899|R01900|R02164|R02569|R02570|R03270|R03316|R07618
map00020	rn00020	Citrate cycle (TCA cycle)	iECBD_1354	iJR904	1	R01196	0		22	R00014|R00268|R00341|R00342|R00351|R00352|R00361|R00405|R00431|R00621|R00709|R00726|R01082|R01325|R01899|R01900|R02164|R02569|R02570|R03270|R03316|R07618
map00020	rn00020	Citrate cycle (TCA cycle)	iECBD_1354	iML1515	1	R01196	0		22	R00014|R00268|R00341|R00342|R00351|R00352|R00361|R00405|R00431|R00621|R00709|R00726|R01082|R01325|R01899|R01900|R02164|R02569|R02570|R03270|R03316|R07618
map00020	rn00020	Citrate cycle (TCA cycle)	iECB_1328	iJO1366	1	R01196	0		22	R00014|R00268|R00341|R00342|R00351|R00352|R00361|R00405|R00431|R00621|R00709|R00726|R01082|R01325|R01899|R01900|R02164|R02569|R02570|R03270|R03316|R07618
map00020	rn00020	Citrate cycle (TCA cycle)	iECB_1328	iJR904	1	R01196	0		22	R00014|R00268|R00341|R00342|R00351|R00352|R00361|R00405|R00431|R00621|R00709|R00726|R01082|R01325|R01899|R01900|R02164|R02569|R02570|R03270|R03316|R07618
map00020	rn00020	Citrate cycle (TCA cycle)	iECB_1328	iML1515	1	R01196	0		22	R00014|R00268|R00341|R00342|R00351|R00352|R00361|R00405|R00431|R00621|R00709|R00726|R01082|R01325|R01899|R01900|R02164|R02569|R02570|R03270|R03316|R07618
map00020	rn00020	Citrate cycle (TCA cycle)	iECDH10B_1368	iJO1366	1	R01196	0		22	R00014|R00268|R00341|R00342|R00351|R00352|R00361|R00405|R00431|R00621|R00709|R00726|R01082|R01325|R01899|R01900|R02164|R02569|R02570|R03270|R03316|R07618
map00020	rn00020	Citrate cycle (TCA cycle)	iECDH10B_1368	iJR904	1	R01196	0		22	R00014|R00268|R00341|R00342|R00351|R00352|R00361|R00405|R00431|R00621|R00709|R00726|R01082|R01325|R01899|R01900|R02164|R02569|R02570|R03270|R03316|R07618
map00020	rn00020	Citrate cycle (TCA cycle)	iECDH10B_1368	iML1515	1	R01196	0		22	R00014|R00268|R00341|R00342|R00351|R00352|R00361|R00405|R00431|R00621|R00709|R00726|R01082|R01325|R01899|R01900|R02164|R02569|R02570|R03270|R03316|R07618
map00020	rn00020	Citrate cycle (TCA cycle)	iECDH1ME8569_1439	iJO1366	1	R01196	0		22	R00014|R00268|R00341|R00342|R00351|R00352|R00361|R00405|R00431|R00621|R00709|R00726|R01082|R01325|R01899|R01900|R02164|R02569|R02570|R03270|R03316|R07618
map00020	rn00020	Citrate cycle (TCA cycle)	iECDH1ME8569_1439	iJR904	1	R01196	0		22	R00014|R00268|R00341|R00342|R00351|R00352|R00361|R00405|R00431|R00621|R00709|R00726|R01082|R01325|R01899|R01900|R02164|R02569|R02570|R03270|R03316|R07618
map00020	rn00020	Citrate cycle (TCA cycle)	iECDH1ME8569_1439	iML1515	1	R01196	0		22	R00014|R00268|R00341|R00342|R00351|R00352|R00361|R00405|R00431|R00621|R00709|R00726|R01082|R01325|R01899|R01900|R02164|R02569|R02570|R03270|R03316|R07618
map00020	rn00020	Citrate cycle (TCA cycle)	iECD_1391	iJO1366	1	R01196	0		22	R00014|R00268|R00341|R00342|R00351|R00352|R00361|R00405|R00431|R00621|R00709|R00726|R01082|R01325|R01899|R01900|R02164|R02569|R02570|R03270|R03316|R07618
map00020	rn00020	Citrate cycle (TCA cycle)	iECD_1391	iJR904	1	R01196	0		22	R00014|R00268|R00341|R00342|R00351|R00352|R00361|R00405|R00431|R00621|R00709|R00726|R01082|R01325|R01899|R01900|R02164|R02569|R02570|R03270|R03316|R07618
map00020	rn00020	Citrate cycle (TCA cycle)	iECD_1391	iML1515	1	R01196	0		22	R00014|R00268|R00341|R00342|R00351|R00352|R00361|R00405|R00431|R00621|R00709|R00726|R01082|R01325|R01899|R01900|R02164|R02569|R02570|R03270|R03316|R07618
map00020	rn00020	Citrate cycle (TCA cycle)	iECED1_1282	iJO1366	1	R01196	0		22	R00014|R00268|R00341|R00342|R00351|R00352|R00361|R00405|R00431|R00621|R00709|R00726|R01082|R01325|R01899|R01900|R02164|R02569|R02570|R03270|R03316|R07618
map00020	rn00020	Citrate cycle (TCA cycle)	iECED1_1282	iJR904	1	R01196	0		22	R00014|R00268|R00341|R00342|R00351|R00352|R00361|R00405|R00431|R00621|R00709|R00726|R01082|R01325|R01899|R01900|R02164|R02569|R02570|R03270|R03316|R07618
map00020	rn00020	Citrate cycle (TCA cycle)	iECED1_1282	iML1515	1	R01196	0		22	R00014|R00268|R00341|R00342|R00351|R00352|R00361|R00405|R00431|R00621|R00709|R00726|R01082|R01325|R01899|R01900|R02164|R02569|R02570|R03270|R03316|R07618
map00020	rn00020	Citrate cycle (TCA cycle)	iECH74115_1262	iJO1366	1	R01196	0		22	R00014|R00268|R00341|R00342|R00351|R00352|R00361|R00405|R00431|R00621|R00709|R00726|R01082|R01325|R01899|R01900|R02164|R02569|R02570|R03270|R03316|R07618
map00020	rn00020	Citrate cycle (TCA cycle)	iECH74115_1262	iJR904	1	R01196	0		22	R00014|R00268|R00341|R00342|R00351|R00352|R00361|R00405|R00431|R00621|R00709|R00726|R01082|R01325|R01899|R01900|R02164|R02569|R02570|R03270|R03316|R07618
map00020	rn00020	Citrate cycle (TCA cycle)	iECH74115_1262	iML1515	1	R01196	0		22	R00014|R00268|R00341|R00342|R00351|R00352|R00361|R00405|R00431|R00621|R00709|R00726|R01082|R01325|R01899|R01900|R02164|R02569|R02570|R03270|R03316|R07618
map00020	rn00020	Citrate cycle (TCA cycle)	iECIAI1_1343	iJO1366	1	R01196	0		22	R00014|R00268|R00341|R00342|R00351|R00352|R00361|R00405|R00431|R00621|R00709|R00726|R01082|R01325|R01899|R01900|R02164|R02569|R02570|R03270|R03316|R07618
map00020	rn00020	Citrate cycle (TCA cycle)	iECIAI1_1343	iJR904	1	R01196	0		22	R00014|R00268|R00341|R00342|R00351|R00352|R00361|R00405|R00431|R00621|R00709|R00726|R01082|R01325|R01899|R01900|R02164|R02569|R02570|R03270|R03316|R07618
map00020	rn00020	Citrate cycle (TCA cycle)	iECIAI1_1343	iML1515	1	R01196	0		22	R00014|R00268|R00341|R00342|R00351|R00352|R00361|R00405|R00431|R00621|R00709|R00726|R01082|R01325|R01899|R01900|R02164|R02569|R02570|R03270|R03316|R07618
map00020	rn00020	Citrate cycle (TCA cycle)	iECIAI39_1322	iJO1366	1	R01196	0		22	R00014|R00268|R00341|R00342|R00351|R00352|R00361|R00405|R00431|R00621|R00709|R00726|R01082|R01325|R01899|R01900|R02164|R02569|R02570|R03270|R03316|R07618
map00020	rn00020	Citrate cycle (TCA cycle)	iECIAI39_1322	iJR904	1	R01196	0		22	R00014|R00268|R00341|R00342|R00351|R00352|R00361|R00405|R00431|R00621|R00709|R00726|R01082|R01325|R01899|R01900|R02164|R02569|R02570|R03270|R03316|R07618
map00020	rn00020	Citrate cycle (TCA cycle)	iECIAI39_1322	iML1515	1	R01196	0		22	R00014|R00268|R00341|R00342|R00351|R00352|R00361|R00405|R00431|R00621|R00709|R00726|R01082|R01325|R01899|R01900|R02164|R02569|R02570|R03270|R03316|R07618
map00020	rn00020	Citrate cycle (TCA cycle)	iECNA114_1301	iJO1366	1	R01196	0		22	R00014|R00268|R00341|R00342|R00351|R00352|R00361|R00405|R00431|R00621|R00709|R00726|R01082|R01325|R01899|R01900|R02164|R02569|R02570|R03270|R03316|R07618
map00020	rn00020	Citrate cycle (TCA cycle)	iECNA114_1301	iJR904	1	R01196	0		22	R00014|R00268|R00341|R00342|R00351|R00352|R00361|R00405|R00431|R00621|R00709|R00726|R01082|R01325|R01899|R01900|R02164|R02569|R02570|R03270|R03316|R07618
map00020	rn00020	Citrate cycle (TCA cycle)	iECNA114_1301	iML1515	1	R01196	0		22	R00014|R00268|R00341|R00342|R00351|R00352|R00361|R00405|R00431|R00621|R00709|R00726|R01082|R01325|R01899|R01900|R02164|R02569|R02570|R03270|R03316|R07618
map00020	rn00020	Citrate cycle (TCA cycle)	iECO103_1326	iJO1366	1	R01196	0		22	R00014|R00268|R00341|R00342|R00351|R00352|R00361|R00405|R00431|R00621|R00709|R00726|R01082|R01325|R01899|R01900|R02164|R02569|R02570|R03270|R03316|R07618
map00020	rn00020	Citrate cycle (TCA cycle)	iECO103_1326	iJR904	1	R01196	0		22	R00014|R00268|R00341|R00342|R00351|R00352|R00361|R00405|R00431|R00621|R00709|R00726|R01082|R01325|R01899|R01900|R02164|R02569|R02570|R03270|R03316|R07618
map00020	rn00020	Citrate cycle (TCA cycle)	iECO103_1326	iML1515	1	R01196	0		22	R00014|R00268|R00341|R00342|R00351|R00352|R00361|R00405|R00431|R00621|R00709|R00726|R01082|R01325|R01899|R01900|R02164|R02569|R02570|R03270|R03316|R07618
map00020	rn00020	Citrate cycle (TCA cycle)	iECO111_1330	iJO1366	1	R01196	0		22	R00014|R00268|R00341|R00342|R00351|R00352|R00361|R00405|R00431|R00621|R00709|R00726|R01082|R01325|R01899|R01900|R02164|R02569|R02570|R03270|R03316|R07618
map00020	rn00020	Citrate cycle (TCA cycle)	iECO111_1330	iJR904	1	R01196	0		22	R00014|R00268|R00341|R00342|R00351|R00352|R00361|R00405|R00431|R00621|R00709|R00726|R01082|R01325|R01899|R01900|R02164|R02569|R02570|R03270|R03316|R07618
map00020	rn00020	Citrate cycle (TCA cycle)	iECO111_1330	iML1515	1	R01196	0		22	R00014|R00268|R00341|R00342|R00351|R00352|R00361|R00405|R00431|R00621|R00709|R00726|R01082|R01325|R01899|R01900|R02164|R02569|R02570|R03270|R03316|R07618
map00020	rn00020	Citrate cycle (TCA cycle)	iECO26_1355	iJO1366	1	R01196	0		22	R00014|R00268|R00341|R00342|R00351|R00352|R00361|R00405|R00431|R00621|R00709|R00726|R01082|R01325|R01899|R01900|R02164|R02569|R02570|R03270|R03316|R07618
map00020	rn00020	Citrate cycle (TCA cycle)	iECO26_1355	iJR904	1	R01196	0		22	R00014|R00268|R00341|R00342|R00351|R00352|R00361|R00405|R00431|R00621|R00709|R00726|R01082|R01325|R01899|R01900|R02164|R02569|R02570|R03270|R03316|R07618
map00020	rn00020	Citrate cycle (TCA cycle)	iECO26_1355	iML1515	1	R01196	0		22	R00014|R00268|R00341|R00342|R00351|R00352|R00361|R00405|R00431|R00621|R00709|R00726|R01082|R01325|R01899|R01900|R02164|R02569|R02570|R03270|R03316|R07618
map00020	rn00020	Citrate cycle (TCA cycle)	iECOK1_1307	iJO1366	1	R01196	0		22	R00014|R00268|R00341|R00342|R00351|R00352|R00361|R00405|R00431|R00621|R00709|R00726|R01082|R01325|R01899|R01900|R02164|R02569|R02570|R03270|R03316|R07618
map00020	rn00020	Citrate cycle (TCA cycle)	iECOK1_1307	iJR904	1	R01196	0		22	R00014|R00268|R00341|R00342|R00351|R00352|R00361|R00405|R00431|R00621|R00709|R00726|R01082|R01325|R01899|R01900|R02164|R02569|R02570|R03270|R03316|R07618
map00020	rn00020	Citrate cycle (TCA cycle)	iECOK1_1307	iML1515	1	R01196	0		22	R00014|R00268|R00341|R00342|R00351|R00352|R00361|R00405|R00431|R00621|R00709|R00726|R01082|R01325|R01899|R01900|R02164|R02569|R02570|R03270|R03316|R07618
map00020	rn00020	Citrate cycle (TCA cycle)	iECP_1309	iJO1366	1	R01196	0		22	R00014|R00268|R00341|R00342|R00351|R00352|R00361|R00405|R00431|R00621|R00709|R00726|R01082|R01325|R01899|R01900|R02164|R02569|R02570|R03270|R03316|R07618
map00020	rn00020	Citrate cycle (TCA cycle)	iECP_1309	iJR904	1	R01196	0		22	R00014|R00268|R00341|R00342|R00351|R00352|R00361|R00405|R00431|R00621|R00709|R00726|R01082|R01325|R01899|R01900|R02164|R02569|R02570|R03270|R03316|R07618
map00020	rn00020	Citrate cycle (TCA cycle)	iECP_1309	iML1515	1	R01196	0		22	R00014|R00268|R00341|R00342|R00351|R00352|R00361|R00405|R00431|R00621|R00709|R00726|R01082|R01325|R01899|R01900|R02164|R02569|R02570|R03270|R03316|R07618
map00020	rn00020	Citrate cycle (TCA cycle)	iECS88_1305	iJO1366	1	R01196	0		22	R00014|R00268|R00341|R00342|R00351|R00352|R00361|R00405|R00431|R00621|R00709|R00726|R01082|R01325|R01899|R01900|R02164|R02569|R02570|R03270|R03316|R07618
map00020	rn00020	Citrate cycle (TCA cycle)	iECS88_1305	iJR904	1	R01196	0		22	R00014|R00268|R00341|R00342|R00351|R00352|R00361|R00405|R00431|R00621|R00709|R00726|R01082|R01325|R01899|R01900|R02164|R02569|R02570|R03270|R03316|R07618
map00020	rn00020	Citrate cycle (TCA cycle)	iECS88_1305	iML1515	1	R01196	0		22	R00014|R00268|R00341|R00342|R00351|R00352|R00361|R00405|R00431|R00621|R00709|R00726|R01082|R01325|R01899|R01900|R02164|R02569|R02570|R03270|R03316|R07618
map00020	rn00020	Citrate cycle (TCA cycle)	iECSE_1348	iJO1366	1	R01196	0		22	R00014|R00268|R00341|R00342|R00351|R00352|R00361|R00405|R00431|R00621|R00709|R00726|R01082|R01325|R01899|R01900|R02164|R02569|R02570|R03270|R03316|R07618
map00020	rn00020	Citrate cycle (TCA cycle)	iECSE_1348	iJR904	1	R01196	0		22	R00014|R00268|R00341|R00342|R00351|R00352|R00361|R00405|R00431|R00621|R00709|R00726|R01082|R01325|R01899|R01900|R02164|R02569|R02570|R03270|R03316|R07618
map00020	rn00020	Citrate cycle (TCA cycle)	iECSE_1348	iML1515	1	R01196	0		22	R00014|R00268|R00341|R00342|R00351|R00352|R00361|R00405|R00431|R00621|R00709|R00726|R01082|R01325|R01899|R01900|R02164|R02569|R02570|R03270|R03316|R07618
map00020	rn00020	Citrate cycle (TCA cycle)	iECSF_1327	iJO1366	1	R01196	0		22	R00014|R00268|R00341|R00342|R00351|R00352|R00361|R00405|R00431|R00621|R00709|R00726|R01082|R01325|R01899|R01900|R02164|R02569|R02570|R03270|R03316|R07618
map00020	rn00020	Citrate cycle (TCA cycle)	iECSF_1327	iJR904	1	R01196	0		22	R00014|R00268|R00341|R00342|R00351|R00352|R00361|R00405|R00431|R00621|R00709|R00726|R01082|R01325|R01899|R01900|R02164|R02569|R02570|R03270|R03316|R07618
map00020	rn00020	Citrate cycle (TCA cycle)	iECSF_1327	iML1515	1	R01196	0		22	R00014|R00268|R00341|R00342|R00351|R00352|R00361|R00405|R00431|R00621|R00709|R00726|R01082|R01325|R01899|R01900|R02164|R02569|R02570|R03270|R03316|R07618
map00020	rn00020	Citrate cycle (TCA cycle)	iECSP_1301	iJO1366	1	R01196	0		22	R00014|R00268|R00341|R00342|R00351|R00352|R00361|R00405|R00431|R00621|R00709|R00726|R01082|R01325|R01899|R01900|R02164|R02569|R02570|R03270|R03316|R07618
map00020	rn00020	Citrate cycle (TCA cycle)	iECSP_1301	iJR904	1	R01196	0		22	R00014|R00268|R00341|R00342|R00351|R00352|R00361|R00405|R00431|R00621|R00709|R00726|R01082|R01325|R01899|R01900|R02164|R02569|R02570|R03270|R03316|R07618
map00020	rn00020	Citrate cycle (TCA cycle)	iECSP_1301	iML1515	1	R01196	0		22	R00014|R00268|R00341|R00342|R00351|R00352|R00361|R00405|R00431|R00621|R00709|R00726|R01082|R01325|R01899|R01900|R02164|R02569|R02570|R03270|R03316|R07618
map00020	rn00020	Citrate cycle (TCA cycle)	iECUMN_1333	iJO1366	1	R01196	0		22	R00014|R00268|R00341|R00342|R00351|R00352|R00361|R00405|R00431|R00621|R00709|R00726|R01082|R01325|R01899|R01900|R02164|R02569|R02570|R03270|R03316|R07618
map00020	rn00020	Citrate cycle (TCA cycle)	iECUMN_1333	iJR904	1	R01196	0		22	R00014|R00268|R00341|R00342|R00351|R00352|R00361|R00405|R00431|R00621|R00709|R00726|R01082|R01325|R01899|R01900|R02164|R02569|R02570|R03270|R03316|R07618
map00020	rn00020	Citrate cycle (TCA cycle)	iECUMN_1333	iML1515	1	R01196	0		22	R00014|R00268|R00341|R00342|R00351|R00352|R00361|R00405|R00431|R00621|R00709|R00726|R01082|R01325|R01899|R01900|R02164|R02569|R02570|R03270|R03316|R07618
map00020	rn00020	Citrate cycle (TCA cycle)	iECW_1372	iJO1366	1	R01196	0		22	R00014|R00268|R00341|R00342|R00351|R00352|R00361|R00405|R00431|R00621|R00709|R00726|R01082|R01325|R01899|R01900|R02164|R02569|R02570|R03270|R03316|R07618
map00020	rn00020	Citrate cycle (TCA cycle)	iECW_1372	iJR904	1	R01196	0		22	R00014|R00268|R00341|R00342|R00351|R00352|R00361|R00405|R00431|R00621|R00709|R00726|R01082|R01325|R01899|R01900|R02164|R02569|R02570|R03270|R03316|R07618
map00020	rn00020	Citrate cycle (TCA cycle)	iECW_1372	iML1515	1	R01196	0		22	R00014|R00268|R00341|R00342|R00351|R00352|R00361|R00405|R00431|R00621|R00709|R00726|R01082|R01325|R01899|R01900|R02164|R02569|R02570|R03270|R03316|R07618
map00020	rn00020	Citrate cycle (TCA cycle)	iECs_1301	iJO1366	1	R01196	0		22	R00014|R00268|R00341|R00342|R00351|R00352|R00361|R00405|R00431|R00621|R00709|R00726|R01082|R01325|R01899|R01900|R02164|R02569|R02570|R03270|R03316|R07618
map00020	rn00020	Citrate cycle (TCA cycle)	iECs_1301	iJR904	1	R01196	0		22	R00014|R00268|R00341|R00342|R00351|R00352|R00361|R00405|R00431|R00621|R00709|R00726|R01082|R01325|R01899|R01900|R02164|R02569|R02570|R03270|R03316|R07618
map00020	rn00020	Citrate cycle (TCA cycle)	iECs_1301	iML1515	1	R01196	0		22	R00014|R00268|R00341|R00342|R00351|R00352|R00361|R00405|R00431|R00621|R00709|R00726|R01082|R01325|R01899|R01900|R02164|R02569|R02570|R03270|R03316|R07618
map00020	rn00020	Citrate cycle (TCA cycle)	iEKO11_1354	iJO1366	1	R01196	0		22	R00014|R00268|R00341|R00342|R00351|R00352|R00361|R00405|R00431|R00621|R00709|R00726|R01082|R01325|R01899|R01900|R02164|R02569|R02570|R03270|R03316|R07618
map00020	rn00020	Citrate cycle (TCA cycle)	iEKO11_1354	iJR904	1	R01196	0		22	R00014|R00268|R00341|R00342|R00351|R00352|R00361|R00405|R00431|R00621|R00709|R00726|R01082|R01325|R01899|R01900|R02164|R02569|R02570|R03270|R03316|R07618
map00020	rn00020	Citrate cycle (TCA cycle)	iEKO11_1354	iML1515	1	R01196	0		22	R00014|R00268|R00341|R00342|R00351|R00352|R00361|R00405|R00431|R00621|R00709|R00726|R01082|R01325|R01899|R01900|R02164|R02569|R02570|R03270|R03316|R07618
map00020	rn00020	Citrate cycle (TCA cycle)	iETEC_1333	iJO1366	1	R01196	0		22	R00014|R00268|R00341|R00342|R00351|R00352|R00361|R00405|R00431|R00621|R00709|R00726|R01082|R01325|R01899|R01900|R02164|R02569|R02570|R03270|R03316|R07618
map00020	rn00020	Citrate cycle (TCA cycle)	iETEC_1333	iJR904	1	R01196	0		22	R00014|R00268|R00341|R00342|R00351|R00352|R00361|R00405|R00431|R00621|R00709|R00726|R01082|R01325|R01899|R01900|R02164|R02569|R02570|R03270|R03316|R07618
map00020	rn00020	Citrate cycle (TCA cycle)	iETEC_1333	iML1515	1	R01196	0		22	R00014|R00268|R00341|R00342|R00351|R00352|R00361|R00405|R00431|R00621|R00709|R00726|R01082|R01325|R01899|R01900|R02164|R02569|R02570|R03270|R03316|R07618
map00020	rn00020	Citrate cycle (TCA cycle)	iEcDH1_1363	iJO1366	1	R01196	0		22	R00014|R00268|R00341|R00342|R00351|R00352|R00361|R00405|R00431|R00621|R00709|R00726|R01082|R01325|R01899|R01900|R02164|R02569|R02570|R03270|R03316|R07618
map00020	rn00020	Citrate cycle (TCA cycle)	iEcDH1_1363	iJR904	1	R01196	0		22	R00014|R00268|R00341|R00342|R00351|R00352|R00361|R00405|R00431|R00621|R00709|R00726|R01082|R01325|R01899|R01900|R02164|R02569|R02570|R03270|R03316|R07618
map00020	rn00020	Citrate cycle (TCA cycle)	iEcDH1_1363	iML1515	1	R01196	0		22	R00014|R00268|R00341|R00342|R00351|R00352|R00361|R00405|R00431|R00621|R00709|R00726|R01082|R01325|R01899|R01900|R02164|R02569|R02570|R03270|R03316|R07618
map00020	rn00020	Citrate cycle (TCA cycle)	iEcE24377_1341	iJO1366	1	R01196	0		22	R00014|R00268|R00341|R00342|R00351|R00352|R00361|R00405|R00431|R00621|R00709|R00726|R01082|R01325|R01899|R01900|R02164|R02569|R02570|R03270|R03316|R07618
map00020	rn00020	Citrate cycle (TCA cycle)	iEcE24377_1341	iJR904	1	R01196	0		22	R00014|R00268|R00341|R00342|R00351|R00352|R00361|R00405|R00431|R00621|R00709|R00726|R01082|R01325|R01899|R01900|R02164|R02569|R02570|R03270|R03316|R07618
map00020	rn00020	Citrate cycle (TCA cycle)	iEcE24377_1341	iML1515	1	R01196	0		22	R00014|R00268|R00341|R00342|R00351|R00352|R00361|R00405|R00431|R00621|R00709|R00726|R01082|R01325|R01899|R01900|R02164|R02569|R02570|R03270|R03316|R07618
map00020	rn00020	Citrate cycle (TCA cycle)	iEcHS_1320	iJO1366	1	R01196	0		22	R00014|R00268|R00341|R00342|R00351|R00352|R00361|R00405|R00431|R00621|R00709|R00726|R01082|R01325|R01899|R01900|R02164|R02569|R02570|R03270|R03316|R07618
map00020	rn00020	Citrate cycle (TCA cycle)	iEcHS_1320	iJR904	1	R01196	0		22	R00014|R00268|R00341|R00342|R00351|R00352|R00361|R00405|R00431|R00621|R00709|R00726|R01082|R01325|R01899|R01900|R02164|R02569|R02570|R03270|R03316|R07618
map00020	rn00020	Citrate cycle (TCA cycle)	iEcHS_1320	iML1515	1	R01196	0		22	R00014|R00268|R00341|R00342|R00351|R00352|R00361|R00405|R00431|R00621|R00709|R00726|R01082|R01325|R01899|R01900|R02164|R02569|R02570|R03270|R03316|R07618
map00020	rn00020	Citrate cycle (TCA cycle)	iEcSMS35_1347	iJO1366	1	R01196	0		22	R00014|R00268|R00341|R00342|R00351|R00352|R00361|R00405|R00431|R00621|R00709|R00726|R01082|R01325|R01899|R01900|R02164|R02569|R02570|R03270|R03316|R07618
map00020	rn00020	Citrate cycle (TCA cycle)	iEcSMS35_1347	iJR904	1	R01196	0		22	R00014|R00268|R00341|R00342|R00351|R00352|R00361|R00405|R00431|R00621|R00709|R00726|R01082|R01325|R01899|R01900|R02164|R02569|R02570|R03270|R03316|R07618
map00020	rn00020	Citrate cycle (TCA cycle)	iEcSMS35_1347	iML1515	1	R01196	0		22	R00014|R00268|R00341|R00342|R00351|R00352|R00361|R00405|R00431|R00621|R00709|R00726|R01082|R01325|R01899|R01900|R02164|R02569|R02570|R03270|R03316|R07618
map00020	rn00020	Citrate cycle (TCA cycle)	iEcolC_1368	iJO1366	1	R01196	0		22	R00014|R00268|R00341|R00342|R00351|R00352|R00361|R00405|R00431|R00621|R00709|R00726|R01082|R01325|R01899|R01900|R02164|R02569|R02570|R03270|R03316|R07618
map00020	rn00020	Citrate cycle (TCA cycle)	iEcolC_1368	iJR904	1	R01196	0		22	R00014|R00268|R00341|R00342|R00351|R00352|R00361|R00405|R00431|R00621|R00709|R00726|R01082|R01325|R01899|R01900|R02164|R02569|R02570|R03270|R03316|R07618
map00020	rn00020	Citrate cycle (TCA cycle)	iEcolC_1368	iML1515	1	R01196	0		22	R00014|R00268|R00341|R00342|R00351|R00352|R00361|R00405|R00431|R00621|R00709|R00726|R01082|R01325|R01899|R01900|R02164|R02569|R02570|R03270|R03316|R07618
map00020	rn00020	Citrate cycle (TCA cycle)	iG2583_1286	iJO1366	1	R01196	0		22	R00014|R00268|R00341|R00342|R00351|R00352|R00361|R00405|R00431|R00621|R00709|R00726|R01082|R01325|R01899|R01900|R02164|R02569|R02570|R03270|R03316|R07618
map00020	rn00020	Citrate cycle (TCA cycle)	iG2583_1286	iJR904	1	R01196	0		22	R00014|R00268|R00341|R00342|R00351|R00352|R00361|R00405|R00431|R00621|R00709|R00726|R01082|R01325|R01899|R01900|R02164|R02569|R02570|R03270|R03316|R07618
map00020	rn00020	Citrate cycle (TCA cycle)	iG2583_1286	iML1515	1	R01196	0		22	R00014|R00268|R00341|R00342|R00351|R00352|R00361|R00405|R00431|R00621|R00709|R00726|R01082|R01325|R01899|R01900|R02164|R02569|R02570|R03270|R03316|R07618
map00020	rn00020	Citrate cycle (TCA cycle)	iJO1366	iLF82_1304	0		1	R01196	22	R00014|R00268|R00341|R00342|R00351|R00352|R00361|R00405|R00431|R00621|R00709|R00726|R01082|R01325|R01899|R01900|R02164|R02569|R02570|R03270|R03316|R07618
map00020	rn00020	Citrate cycle (TCA cycle)	iJO1366	iNRG857_1313	0		1	R01196	22	R00014|R00268|R00341|R00342|R00351|R00352|R00361|R00405|R00431|R00621|R00709|R00726|R01082|R01325|R01899|R01900|R02164|R02569|R02570|R03270|R03316|R07618
map00020	rn00020	Citrate cycle (TCA cycle)	iJO1366	iUMN146_1321	0		1	R01196	22	R00014|R00268|R00341|R00342|R00351|R00352|R00361|R00405|R00431|R00621|R00709|R00726|R01082|R01325|R01899|R01900|R02164|R02569|R02570|R03270|R03316|R07618
map00020	rn00020	Citrate cycle (TCA cycle)	iJO1366	iUMNK88_1353	0		1	R01196	22	R00014|R00268|R00341|R00342|R00351|R00352|R00361|R00405|R00431|R00621|R00709|R00726|R01082|R01325|R01899|R01900|R02164|R02569|R02570|R03270|R03316|R07618
map00020	rn00020	Citrate cycle (TCA cycle)	iJO1366	iUTI89_1310	0		1	R01196	22	R00014|R00268|R00341|R00342|R00351|R00352|R00361|R00405|R00431|R00621|R00709|R00726|R01082|R01325|R01899|R01900|R02164|R02569|R02570|R03270|R03316|R07618
map00020	rn00020	Citrate cycle (TCA cycle)	iJO1366	iWFL_1372	0		1	R01196	22	R00014|R00268|R00341|R00342|R00351|R00352|R00361|R00405|R00431|R00621|R00709|R00726|R01082|R01325|R01899|R01900|R02164|R02569|R02570|R03270|R03316|R07618
map00020	rn00020	Citrate cycle (TCA cycle)	iJO1366	iY75_1357	0		1	R01196	22	R00014|R00268|R00341|R00342|R00351|R00352|R00361|R00405|R00431|R00621|R00709|R00726|R01082|R01325|R01899|R01900|R02164|R02569|R02570|R03270|R03316|R07618
map00020	rn00020	Citrate cycle (TCA cycle)	iJO1366	iZ_1308	0		1	R01196	22	R00014|R00268|R00341|R00342|R00351|R00352|R00361|R00405|R00431|R00621|R00709|R00726|R01082|R01325|R01899|R01900|R02164|R02569|R02570|R03270|R03316|R07618
map00020	rn00020	Citrate cycle (TCA cycle)	iJO1366	ic_1306	0		1	R01196	22	R00014|R00268|R00341|R00342|R00351|R00352|R00361|R00405|R00431|R00621|R00709|R00726|R01082|R01325|R01899|R01900|R02164|R02569|R02570|R03270|R03316|R07618
map00020	rn00020	Citrate cycle (TCA cycle)	iJR904	iLF82_1304	0		1	R01196	22	R00014|R00268|R00341|R00342|R00351|R00352|R00361|R00405|R00431|R00621|R00709|R00726|R01082|R01325|R01899|R01900|R02164|R02569|R02570|R03270|R03316|R07618
map00020	rn00020	Citrate cycle (TCA cycle)	iJR904	iNRG857_1313	0		1	R01196	22	R00014|R00268|R00341|R00342|R00351|R00352|R00361|R00405|R00431|R00621|R00709|R00726|R01082|R01325|R01899|R01900|R02164|R02569|R02570|R03270|R03316|R07618
map00020	rn00020	Citrate cycle (TCA cycle)	iJR904	iUMN146_1321	0		1	R01196	22	R00014|R00268|R00341|R00342|R00351|R00352|R00361|R00405|R00431|R00621|R00709|R00726|R01082|R01325|R01899|R01900|R02164|R02569|R02570|R03270|R03316|R07618
map00020	rn00020	Citrate cycle (TCA cycle)	iJR904	iUMNK88_1353	0		1	R01196	22	R00014|R00268|R00341|R00342|R00351|R00352|R00361|R00405|R00431|R00621|R00709|R00726|R01082|R01325|R01899|R01900|R02164|R02569|R02570|R03270|R03316|R07618
map00020	rn00020	Citrate cycle (TCA cycle)	iJR904	iUTI89_1310	0		1	R01196	22	R00014|R00268|R00341|R00342|R00351|R00352|R00361|R00405|R00431|R00621|R00709|R00726|R01082|R01325|R01899|R01900|R02164|R02569|R02570|R03270|R03316|R07618
map00020	rn00020	Citrate cycle (TCA cycle)	iJR904	iWFL_1372	0		1	R01196	22	R00014|R00268|R00341|R00342|R00351|R00352|R00361|R00405|R00431|R00621|R00709|R00726|R01082|R01325|R01899|R01900|R02164|R02569|R02570|R03270|R03316|R07618
map00020	rn00020	Citrate cycle (TCA cycle)	iJR904	iY75_1357	0		1	R01196	22	R00014|R00268|R00341|R00342|R00351|R00352|R00361|R00405|R00431|R00621|R00709|R00726|R01082|R01325|R01899|R01900|R02164|R02569|R02570|R03270|R03316|R07618
map00020	rn00020	Citrate cycle (TCA cycle)	iJR904	iZ_1308	0		1	R01196	22	R00014|R00268|R00341|R00342|R00351|R00352|R00361|R00405|R00431|R00621|R00709|R00726|R01082|R01325|R01899|R01900|R02164|R02569|R02570|R03270|R03316|R07618
map00020	rn00020	Citrate cycle (TCA cycle)	iJR904	ic_1306	0		1	R01196	22	R00014|R00268|R00341|R00342|R00351|R00352|R00361|R00405|R00431|R00621|R00709|R00726|R01082|R01325|R01899|R01900|R02164|R02569|R02570|R03270|R03316|R07618
map00020	rn00020	Citrate cycle (TCA cycle)	iLF82_1304	iML1515	1	R01196	0		22	R00014|R00268|R00341|R00342|R00351|R00352|R00361|R00405|R00431|R00621|R00709|R00726|R01082|R01325|R01899|R01900|R02164|R02569|R02570|R03270|R03316|R07618
map00020	rn00020	Citrate cycle (TCA cycle)	iML1515	iNRG857_1313	0		1	R01196	22	R00014|R00268|R00341|R00342|R00351|R00352|R00361|R00405|R00431|R00621|R00709|R00726|R01082|R01325|R01899|R01900|R02164|R02569|R02570|R03270|R03316|R07618
map00020	rn00020	Citrate cycle (TCA cycle)	iML1515	iUMN146_1321	0		1	R01196	22	R00014|R00268|R00341|R00342|R00351|R00352|R00361|R00405|R00431|R00621|R00709|R00726|R01082|R01325|R01899|R01900|R02164|R02569|R02570|R03270|R03316|R07618
map00020	rn00020	Citrate cycle (TCA cycle)	iML1515	iUMNK88_1353	0		1	R01196	22	R00014|R00268|R00341|R00342|R00351|R00352|R00361|R00405|R00431|R00621|R00709|R00726|R01082|R01325|R01899|R01900|R02164|R02569|R02570|R03270|R03316|R07618
map00020	rn00020	Citrate cycle (TCA cycle)	iML1515	iUTI89_1310	0		1	R01196	22	R00014|R00268|R00341|R00342|R00351|R00352|R00361|R00405|R00431|R00621|R00709|R00726|R01082|R01325|R01899|R01900|R02164|R02569|R02570|R03270|R03316|R07618
map00020	rn00020	Citrate cycle (TCA cycle)	iML1515	iWFL_1372	0		1	R01196	22	R00014|R00268|R00341|R00342|R00351|R00352|R00361|R00405|R00431|R00621|R00709|R00726|R01082|R01325|R01899|R01900|R02164|R02569|R02570|R03270|R03316|R07618
map00020	rn00020	Citrate cycle (TCA cycle)	iML1515	iY75_1357	0		1	R01196	22	R00014|R00268|R00341|R00342|R00351|R00352|R00361|R00405|R00431|R00621|R00709|R00726|R01082|R01325|R01899|R01900|R02164|R02569|R02570|R03270|R03316|R07618
map00020	rn00020	Citrate cycle (TCA cycle)	iML1515	iZ_1308	0		1	R01196	22	R00014|R00268|R00341|R00342|R00351|R00352|R00361|R00405|R00431|R00621|R00709|R00726|R01082|R01325|R01899|R01900|R02164|R02569|R02570|R03270|R03316|R07618
map00020	rn00020	Citrate cycle (TCA cycle)	iML1515	ic_1306	0		1	R01196	22	R00014|R00268|R00341|R00342|R00351|R00352|R00361|R00405|R00431|R00621|R00709|R00726|R01082|R01325|R01899|R01900|R02164|R02569|R02570|R03270|R03316|R07618
map00030	rn00030	Pentose phosphate pathway	iAF1260	iB21_1397	1	R02035	0		33	R00756|R00762|R01049|R01051|R01056|R01057|R01066|R01067|R01068|R01521|R01528|R01529|R01538|R01541|R01641|R01737|R01739|R02036|R02736|R02739|R02749|R02750|R05605|R06836|R07147|R08570|R08572|R08575|R10221|R10860|R10907|R13089|R13199
map00030	rn00030	Pentose phosphate pathway	iAF1260	iE2348C_1286	1	R01538	0		33	R00756|R00762|R01049|R01051|R01056|R01057|R01066|R01067|R01068|R01521|R01528|R01529|R01541|R01641|R01737|R01739|R02035|R02036|R02736|R02739|R02749|R02750|R05605|R06836|R07147|R08570|R08572|R08575|R10221|R10860|R10907|R13089|R13199
map00030	rn00030	Pentose phosphate pathway	iAF1260	iEC1356_Bl21DE3	1	R02035	0		33	R00756|R00762|R01049|R01051|R01056|R01057|R01066|R01067|R01068|R01521|R01528|R01529|R01538|R01541|R01641|R01737|R01739|R02036|R02736|R02739|R02749|R02750|R05605|R06836|R07147|R08570|R08572|R08575|R10221|R10860|R10907|R13089|R13199
map00030	rn00030	Pentose phosphate pathway	iAF1260	iEC1364_W	2	R01051|R02750	2	R02032|R02034	32	R00756|R00762|R01049|R01056|R01057|R01066|R01067|R01068|R01521|R01528|R01529|R01538|R01541|R01641|R01737|R01739|R02035|R02036|R02736|R02739|R02749|R05605|R06836|R07147|R08570|R08572|R08575|R10221|R10860|R10907|R13089|R13199
map00030	rn00030	Pentose phosphate pathway	iAF1260	iECBD_1354	1	R02035	0		33	R00756|R00762|R01049|R01051|R01056|R01057|R01066|R01067|R01068|R01521|R01528|R01529|R01538|R01541|R01641|R01737|R01739|R02036|R02736|R02739|R02749|R02750|R05605|R06836|R07147|R08570|R08572|R08575|R10221|R10860|R10907|R13089|R13199
map00030	rn00030	Pentose phosphate pathway	iAF1260	iECD_1391	1	R02035	0		33	R00756|R00762|R01049|R01051|R01056|R01057|R01066|R01067|R01068|R01521|R01528|R01529|R01538|R01541|R01641|R01737|R01739|R02036|R02736|R02739|R02749|R02750|R05605|R06836|R07147|R08570|R08572|R08575|R10221|R10860|R10907|R13089|R13199
map00030	rn00030	Pentose phosphate pathway	iAF1260	iECH74115_1262	1	R01538	0		33	R00756|R00762|R01049|R01051|R01056|R01057|R01066|R01067|R01068|R01521|R01528|R01529|R01541|R01641|R01737|R01739|R02035|R02036|R02736|R02739|R02749|R02750|R05605|R06836|R07147|R08570|R08572|R08575|R10221|R10860|R10907|R13089|R13199
map00030	rn00030	Pentose phosphate pathway	iAF1260	iECSP_1301	1	R01538	0		33	R00756|R00762|R01049|R01051|R01056|R01057|R01066|R01067|R01068|R01521|R01528|R01529|R01541|R01641|R01737|R01739|R02035|R02036|R02736|R02739|R02749|R02750|R05605|R06836|R07147|R08570|R08572|R08575|R10221|R10860|R10907|R13089|R13199
map00030	rn00030	Pentose phosphate pathway	iAF1260	iECs_1301	1	R01538	0		33	R00756|R00762|R01049|R01051|R01056|R01057|R01066|R01067|R01068|R01521|R01528|R01529|R01541|R01641|R01737|R01739|R02035|R02036|R02736|R02739|R02749|R02750|R05605|R06836|R07147|R08570|R08572|R08575|R10221|R10860|R10907|R13089|R13199
map00030	rn00030	Pentose phosphate pathway	iAF1260	iEKO11_1354	2	R01051|R02750	0		32	R00756|R00762|R01049|R01056|R01057|R01066|R01067|R01068|R01521|R01528|R01529|R01538|R01541|R01641|R01737|R01739|R02035|R02036|R02736|R02739|R02749|R05605|R06836|R07147|R08570|R08572|R08575|R10221|R10860|R10907|R13089|R13199
map00030	rn00030	Pentose phosphate pathway	iAF1260	iG2583_1286	1	R01538	0		33	R00756|R00762|R01049|R01051|R01056|R01057|R01066|R01067|R01068|R01521|R01528|R01529|R01541|R01641|R01737|R01739|R02035|R02036|R02736|R02739|R02749|R02750|R05605|R06836|R07147|R08570|R08572|R08575|R10221|R10860|R10907|R13089|R13199
map00030	rn00030	Pentose phosphate pathway	iAF1260	iJR904	2	R06836|R13089	0		32	R00756|R00762|R01049|R01051|R01056|R01057|R01066|R01067|R01068|R01521|R01528|R01529|R01538|R01541|R01641|R01737|R01739|R02035|R02036|R02736|R02739|R02749|R02750|R05605|R07147|R08570|R08572|R08575|R10221|R10860|R10907|R13199
map00030	rn00030	Pentose phosphate pathway	iAF1260	iZ_1308	1	R01538	0		33	R00756|R00762|R01049|R01051|R01056|R01057|R01066|R01067|R01068|R01521|R01528|R01529|R01541|R01641|R01737|R01739|R02035|R02036|R02736|R02739|R02749|R02750|R05605|R06836|R07147|R08570|R08572|R08575|R10221|R10860|R10907|R13089|R13199
map00030	rn00030	Pentose phosphate pathway	iAF1260b	iB21_1397	1	R02035	0		33	R00756|R00762|R01049|R01051|R01056|R01057|R01066|R01067|R01068|R01521|R01528|R01529|R01538|R01541|R01641|R01737|R01739|R02036|R02736|R02739|R02749|R02750|R05605|R06836|R07147|R08570|R08572|R08575|R10221|R10860|R10907|R13089|R13199
map00030	rn00030	Pentose phosphate pathway	iAF1260b	iE2348C_1286	1	R01538	0		33	R00756|R00762|R01049|R01051|R01056|R01057|R01066|R01067|R01068|R01521|R01528|R01529|R01541|R01641|R01737|R01739|R02035|R02036|R02736|R02739|R02749|R02750|R05605|R06836|R07147|R08570|R08572|R08575|R10221|R10860|R10907|R13089|R13199
map00030	rn00030	Pentose phosphate pathway	iAF1260b	iEC1356_Bl21DE3	1	R02035	0		33	R00756|R00762|R01049|R01051|R01056|R01057|R01066|R01067|R01068|R01521|R01528|R01529|R01538|R01541|R01641|R01737|R01739|R02036|R02736|R02739|R02749|R02750|R05605|R06836|R07147|R08570|R08572|R08575|R10221|R10860|R10907|R13089|R13199
map00030	rn00030	Pentose phosphate pathway	iAF1260b	iEC1364_W	2	R01051|R02750	2	R02032|R02034	32	R00756|R00762|R01049|R01056|R01057|R01066|R01067|R01068|R01521|R01528|R01529|R01538|R01541|R01641|R01737|R01739|R02035|R02036|R02736|R02739|R02749|R05605|R06836|R07147|R08570|R08572|R08575|R10221|R10860|R10907|R13089|R13199
map00030	rn00030	Pentose phosphate pathway	iAF1260b	iECBD_1354	1	R02035	0		33	R00756|R00762|R01049|R01051|R01056|R01057|R01066|R01067|R01068|R01521|R01528|R01529|R01538|R01541|R01641|R01737|R01739|R02036|R02736|R02739|R02749|R02750|R05605|R06836|R07147|R08570|R08572|R08575|R10221|R10860|R10907|R13089|R13199
map00030	rn00030	Pentose phosphate pathway	iAF1260b	iECD_1391	1	R02035	0		33	R00756|R00762|R01049|R01051|R01056|R01057|R01066|R01067|R01068|R01521|R01528|R01529|R01538|R01541|R01641|R01737|R01739|R02036|R02736|R02739|R02749|R02750|R05605|R06836|R07147|R08570|R08572|R08575|R10221|R10860|R10907|R13089|R13199
map00030	rn00030	Pentose phosphate pathway	iAF1260b	iECH74115_1262	1	R01538	0		33	R00756|R00762|R01049|R01051|R01056|R01057|R01066|R01067|R01068|R01521|R01528|R01529|R01541|R01641|R01737|R01739|R02035|R02036|R02736|R02739|R02749|R02750|R05605|R06836|R07147|R08570|R08572|R08575|R10221|R10860|R10907|R13089|R13199
map00030	rn00030	Pentose phosphate pathway	iAF1260b	iECSP_1301	1	R01538	0		33	R00756|R00762|R01049|R01051|R01056|R01057|R01066|R01067|R01068|R01521|R01528|R01529|R01541|R01641|R01737|R01739|R02035|R02036|R02736|R02739|R02749|R02750|R05605|R06836|R07147|R08570|R08572|R08575|R10221|R10860|R10907|R13089|R13199
map00030	rn00030	Pentose phosphate pathway	iAF1260b	iECs_1301	1	R01538	0		33	R00756|R00762|R01049|R01051|R01056|R01057|R01066|R01067|R01068|R01521|R01528|R01529|R01541|R01641|R01737|R01739|R02035|R02036|R02736|R02739|R02749|R02750|R05605|R06836|R07147|R08570|R08572|R08575|R10221|R10860|R10907|R13089|R13199
map00030	rn00030	Pentose phosphate pathway	iAF1260b	iEKO11_1354	2	R01051|R02750	0		32	R00756|R00762|R01049|R01056|R01057|R01066|R01067|R01068|R01521|R01528|R01529|R01538|R01541|R01641|R01737|R01739|R02035|R02036|R02736|R02739|R02749|R05605|R06836|R07147|R08570|R08572|R08575|R10221|R10860|R10907|R13089|R13199
map00030	rn00030	Pentose phosphate pathway	iAF1260b	iG2583_1286	1	R01538	0		33	R00756|R00762|R01049|R01051|R01056|R01057|R01066|R01067|R01068|R01521|R01528|R01529|R01541|R01641|R01737|R01739|R02035|R02036|R02736|R02739|R02749|R02750|R05605|R06836|R07147|R08570|R08572|R08575|R10221|R10860|R10907|R13089|R13199
map00030	rn00030	Pentose phosphate pathway	iAF1260b	iJR904	2	R06836|R13089	0		32	R00756|R00762|R01049|R01051|R01056|R01057|R01066|R01067|R01068|R01521|R01528|R01529|R01538|R01541|R01641|R01737|R01739|R02035|R02036|R02736|R02739|R02749|R02750|R05605|R07147|R08570|R08572|R08575|R10221|R10860|R10907|R13199
map00030	rn00030	Pentose phosphate pathway	iAF1260b	iZ_1308	1	R01538	0		33	R00756|R00762|R01049|R01051|R01056|R01057|R01066|R01067|R01068|R01521|R01528|R01529|R01541|R01641|R01737|R01739|R02035|R02036|R02736|R02739|R02749|R02750|R05605|R06836|R07147|R08570|R08572|R08575|R10221|R10860|R10907|R13089|R13199
map00030	rn00030	Pentose phosphate pathway	iAPECO1_1312	iB21_1397	1	R02035	0		33	R00756|R00762|R01049|R01051|R01056|R01057|R01066|R01067|R01068|R01521|R01528|R01529|R01538|R01541|R01641|R01737|R01739|R02036|R02736|R02739|R02749|R02750|R05605|R06836|R07147|R08570|R08572|R08575|R10221|R10860|R10907|R13089|R13199
map00030	rn00030	Pentose phosphate pathway	iAPECO1_1312	iE2348C_1286	1	R01538	0		33	R00756|R00762|R01049|R01051|R01056|R01057|R01066|R01067|R01068|R01521|R01528|R01529|R01541|R01641|R01737|R01739|R02035|R02036|R02736|R02739|R02749|R02750|R05605|R06836|R07147|R08570|R08572|R08575|R10221|R10860|R10907|R13089|R13199
map00030	rn00030	Pentose phosphate pathway	iAPECO1_1312	iEC1356_Bl21DE3	1	R02035	0		33	R00756|R00762|R01049|R01051|R01056|R01057|R01066|R01067|R01068|R01521|R01528|R01529|R01538|R01541|R01641|R01737|R01739|R02036|R02736|R02739|R02749|R02750|R05605|R06836|R07147|R08570|R08572|R08575|R10221|R10860|R10907|R13089|R13199
map00030	rn00030	Pentose phosphate pathway	iAPECO1_1312	iEC1364_W	2	R01051|R02750	2	R02032|R02034	32	R00756|R00762|R01049|R01056|R01057|R01066|R01067|R01068|R01521|R01528|R01529|R01538|R01541|R01641|R01737|R01739|R02035|R02036|R02736|R02739|R02749|R05605|R06836|R07147|R08570|R08572|R08575|R10221|R10860|R10907|R13089|R13199
map00030	rn00030	Pentose phosphate pathway	iAPECO1_1312	iECBD_1354	1	R02035	0		33	R00756|R00762|R01049|R01051|R01056|R01057|R01066|R01067|R01068|R01521|R01528|R01529|R01538|R01541|R01641|R01737|R01739|R02036|R02736|R02739|R02749|R02750|R05605|R06836|R07147|R08570|R08572|R08575|R10221|R10860|R10907|R13089|R13199
map00030	rn00030	Pentose phosphate pathway	iAPECO1_1312	iECD_1391	1	R02035	0		33	R00756|R00762|R01049|R01051|R01056|R01057|R01066|R01067|R01068|R01521|R01528|R01529|R01538|R01541|R01641|R01737|R01739|R02036|R02736|R02739|R02749|R02750|R05605|R06836|R07147|R08570|R08572|R08575|R10221|R10860|R10907|R13089|R13199
map00030	rn00030	Pentose phosphate pathway	iAPECO1_1312	iECH74115_1262	1	R01538	0		33	R00756|R00762|R01049|R01051|R01056|R01057|R01066|R01067|R01068|R01521|R01528|R01529|R01541|R01641|R01737|R01739|R02035|R02036|R02736|R02739|R02749|R02750|R05605|R06836|R07147|R08570|R08572|R08575|R10221|R10860|R10907|R13089|R13199
map00030	rn00030	Pentose phosphate pathway	iAPECO1_1312	iECSP_1301	1	R01538	0		33	R00756|R00762|R01049|R01051|R01056|R01057|R01066|R01067|R01068|R01521|R01528|R01529|R01541|R01641|R01737|R01739|R02035|R02036|R02736|R02739|R02749|R02750|R05605|R06836|R07147|R08570|R08572|R08575|R10221|R10860|R10907|R13089|R13199
map00030	rn00030	Pentose phosphate pathway	iAPECO1_1312	iECs_1301	1	R01538	0		33	R00756|R00762|R01049|R01051|R01056|R01057|R01066|R01067|R01068|R01521|R01528|R01529|R01541|R01641|R01737|R01739|R02035|R02036|R02736|R02739|R02749|R02750|R05605|R06836|R07147|R08570|R08572|R08575|R10221|R10860|R10907|R13089|R13199
map00030	rn00030	Pentose phosphate pathway	iAPECO1_1312	iEKO11_1354	2	R01051|R02750	0		32	R00756|R00762|R01049|R01056|R01057|R01066|R01067|R01068|R01521|R01528|R01529|R01538|R01541|R01641|R01737|R01739|R02035|R02036|R02736|R02739|R02749|R05605|R06836|R07147|R08570|R08572|R08575|R10221|R10860|R10907|R13089|R13199
map00030	rn00030	Pentose phosphate pathway	iAPECO1_1312	iG2583_1286	1	R01538	0		33	R00756|R00762|R01049|R01051|R01056|R01057|R01066|R01067|R01068|R01521|R01528|R01529|R01541|R01641|R01737|R01739|R02035|R02036|R02736|R02739|R02749|R02750|R05605|R06836|R07147|R08570|R08572|R08575|R10221|R10860|R10907|R13089|R13199
map00030	rn00030	Pentose phosphate pathway	iAPECO1_1312	iJR904	2	R06836|R13089	0		32	R00756|R00762|R01049|R01051|R01056|R01057|R01066|R01067|R01068|R01521|R01528|R01529|R01538|R01541|R01641|R01737|R01739|R02035|R02036|R02736|R02739|R02749|R02750|R05605|R07147|R08570|R08572|R08575|R10221|R10860|R10907|R13199
map00030	rn00030	Pentose phosphate pathway	iAPECO1_1312	iZ_1308	1	R01538	0		33	R00756|R00762|R01049|R01051|R01056|R01057|R01066|R01067|R01068|R01521|R01528|R01529|R01541|R01641|R01737|R01739|R02035|R02036|R02736|R02739|R02749|R02750|R05605|R06836|R07147|R08570|R08572|R08575|R10221|R10860|R10907|R13089|R13199
map00030	rn00030	Pentose phosphate pathway	iB21_1397	iBWG_1329	0		1	R02035	33	R00756|R00762|R01049|R01051|R01056|R01057|R01066|R01067|R01068|R01521|R01528|R01529|R01538|R01541|R01641|R01737|R01739|R02036|R02736|R02739|R02749|R02750|R05605|R06836|R07147|R08570|R08572|R08575|R10221|R10860|R10907|R13089|R13199
map00030	rn00030	Pentose phosphate pathway	iB21_1397	iE2348C_1286	1	R01538	1	R02035	32	R00756|R00762|R01049|R01051|R01056|R01057|R01066|R01067|R01068|R01521|R01528|R01529|R01541|R01641|R01737|R01739|R02036|R02736|R02739|R02749|R02750|R05605|R06836|R07147|R08570|R08572|R08575|R10221|R10860|R10907|R13089|R13199
map00030	rn00030	Pentose phosphate pathway	iB21_1397	iEC042_1314	0		1	R02035	33	R00756|R00762|R01049|R01051|R01056|R01057|R01066|R01067|R01068|R01521|R01528|R01529|R01538|R01541|R01641|R01737|R01739|R02036|R02736|R02739|R02749|R02750|R05605|R06836|R07147|R08570|R08572|R08575|R10221|R10860|R10907|R13089|R13199
map00030	rn00030	Pentose phosphate pathway	iB21_1397	iEC1344_C	0		1	R02035	33	R00756|R00762|R01049|R01051|R01056|R01057|R01066|R01067|R01068|R01521|R01528|R01529|R01538|R01541|R01641|R01737|R01739|R02036|R02736|R02739|R02749|R02750|R05605|R06836|R07147|R08570|R08572|R08575|R10221|R10860|R10907|R13089|R13199
map00030	rn00030	Pentose phosphate pathway	iB21_1397	iEC1349_Crooks	0		1	R02035	33	R00756|R00762|R01049|R01051|R01056|R01057|R01066|R01067|R01068|R01521|R01528|R01529|R01538|R01541|R01641|R01737|R01739|R02036|R02736|R02739|R02749|R02750|R05605|R06836|R07147|R08570|R08572|R08575|R10221|R10860|R10907|R13089|R13199
map00030	rn00030	Pentose phosphate pathway	iB21_1397	iEC1364_W	2	R01051|R02750	3	R02032|R02034|R02035	31	R00756|R00762|R01049|R01056|R01057|R01066|R01067|R01068|R01521|R01528|R01529|R01538|R01541|R01641|R01737|R01739|R02036|R02736|R02739|R02749|R05605|R06836|R07147|R08570|R08572|R08575|R10221|R10860|R10907|R13089|R13199
map00030	rn00030	Pentose phosphate pathway	iB21_1397	iEC1368_DH5a	0		1	R02035	33	R00756|R00762|R01049|R01051|R01056|R01057|R01066|R01067|R01068|R01521|R01528|R01529|R01538|R01541|R01641|R01737|R01739|R02036|R02736|R02739|R02749|R02750|R05605|R06836|R07147|R08570|R08572|R08575|R10221|R10860|R10907|R13089|R13199
map00030	rn00030	Pentose phosphate pathway	iB21_1397	iEC1372_W3110	0		1	R02035	33	R00756|R00762|R01049|R01051|R01056|R01057|R01066|R01067|R01068|R01521|R01528|R01529|R01538|R01541|R01641|R01737|R01739|R02036|R02736|R02739|R02749|R02750|R05605|R06836|R07147|R08570|R08572|R08575|R10221|R10860|R10907|R13089|R13199
map00030	rn00030	Pentose phosphate pathway	iB21_1397	iEC55989_1330	0		1	R02035	33	R00756|R00762|R01049|R01051|R01056|R01057|R01066|R01067|R01068|R01521|R01528|R01529|R01538|R01541|R01641|R01737|R01739|R02036|R02736|R02739|R02749|R02750|R05605|R06836|R07147|R08570|R08572|R08575|R10221|R10860|R10907|R13089|R13199
map00030	rn00030	Pentose phosphate pathway	iB21_1397	iECABU_c1320	0		1	R02035	33	R00756|R00762|R01049|R01051|R01056|R01057|R01066|R01067|R01068|R01521|R01528|R01529|R01538|R01541|R01641|R01737|R01739|R02036|R02736|R02739|R02749|R02750|R05605|R06836|R07147|R08570|R08572|R08575|R10221|R10860|R10907|R13089|R13199
map00030	rn00030	Pentose phosphate pathway	iB21_1397	iECB_1328	0		1	R02035	33	R00756|R00762|R01049|R01051|R01056|R01057|R01066|R01067|R01068|R01521|R01528|R01529|R01538|R01541|R01641|R01737|R01739|R02036|R02736|R02739|R02749|R02750|R05605|R06836|R07147|R08570|R08572|R08575|R10221|R10860|R10907|R13089|R13199
map00030	rn00030	Pentose phosphate pathway	iB21_1397	iECDH10B_1368	0		1	R02035	33	R00756|R00762|R01049|R01051|R01056|R01057|R01066|R01067|R01068|R01521|R01528|R01529|R01538|R01541|R01641|R01737|R01739|R02036|R02736|R02739|R02749|R02750|R05605|R06836|R07147|R08570|R08572|R08575|R10221|R10860|R10907|R13089|R13199
map00030	rn00030	Pentose phosphate pathway	iB21_1397	iECDH1ME8569_1439	0		1	R02035	33	R00756|R00762|R01049|R01051|R01056|R01057|R01066|R01067|R01068|R01521|R01528|R01529|R01538|R01541|R01641|R01737|R01739|R02036|R02736|R02739|R02749|R02750|R05605|R06836|R07147|R08570|R08572|R08575|R10221|R10860|R10907|R13089|R13199
map00030	rn00030	Pentose phosphate pathway	iB21_1397	iECED1_1282	0		1	R02035	33	R00756|R00762|R01049|R01051|R01056|R01057|R01066|R01067|R01068|R01521|R01528|R01529|R01538|R01541|R01641|R01737|R01739|R02036|R02736|R02739|R02749|R02750|R05605|R06836|R07147|R08570|R08572|R08575|R10221|R10860|R10907|R13089|R13199
map00030	rn00030	Pentose phosphate pathway	iB21_1397	iECH74115_1262	1	R01538	1	R02035	32	R00756|R00762|R01049|R01051|R01056|R01057|R01066|R01067|R01068|R01521|R01528|R01529|R01541|R01641|R01737|R01739|R02036|R02736|R02739|R02749|R02750|R05605|R06836|R07147|R08570|R08572|R08575|R10221|R10860|R10907|R13089|R13199
map00030	rn00030	Pentose phosphate pathway	iB21_1397	iECIAI1_1343	0		1	R02035	33	R00756|R00762|R01049|R01051|R01056|R01057|R01066|R01067|R01068|R01521|R01528|R01529|R01538|R01541|R01641|R01737|R01739|R02036|R02736|R02739|R02749|R02750|R05605|R06836|R07147|R08570|R08572|R08575|R10221|R10860|R10907|R13089|R13199
map00030	rn00030	Pentose phosphate pathway	iB21_1397	iECIAI39_1322	0		1	R02035	33	R00756|R00762|R01049|R01051|R01056|R01057|R01066|R01067|R01068|R01521|R01528|R01529|R01538|R01541|R01641|R01737|R01739|R02036|R02736|R02739|R02749|R02750|R05605|R06836|R07147|R08570|R08572|R08575|R10221|R10860|R10907|R13089|R13199
map00030	rn00030	Pentose phosphate pathway	iB21_1397	iECNA114_1301	0		1	R02035	33	R00756|R00762|R01049|R01051|R01056|R01057|R01066|R01067|R01068|R01521|R01528|R01529|R01538|R01541|R01641|R01737|R01739|R02036|R02736|R02739|R02749|R02750|R05605|R06836|R07147|R08570|R08572|R08575|R10221|R10860|R10907|R13089|R13199
map00030	rn00030	Pentose phosphate pathway	iB21_1397	iECO103_1326	0		1	R02035	33	R00756|R00762|R01049|R01051|R01056|R01057|R01066|R01067|R01068|R01521|R01528|R01529|R01538|R01541|R01641|R01737|R01739|R02036|R02736|R02739|R02749|R02750|R05605|R06836|R07147|R08570|R08572|R08575|R10221|R10860|R10907|R13089|R13199
map00030	rn00030	Pentose phosphate pathway	iB21_1397	iECO111_1330	0		1	R02035	33	R00756|R00762|R01049|R01051|R01056|R01057|R01066|R01067|R01068|R01521|R01528|R01529|R01538|R01541|R01641|R01737|R01739|R02036|R02736|R02739|R02749|R02750|R05605|R06836|R07147|R08570|R08572|R08575|R10221|R10860|R10907|R13089|R13199
map00030	rn00030	Pentose phosphate pathway	iB21_1397	iECO26_1355	0		1	R02035	33	R00756|R00762|R01049|R01051|R01056|R01057|R01066|R01067|R01068|R01521|R01528|R01529|R01538|R01541|R01641|R01737|R01739|R02036|R02736|R02739|R02749|R02750|R05605|R06836|R07147|R08570|R08572|R08575|R10221|R10860|R10907|R13089|R13199
map00030	rn00030	Pentose phosphate pathway	iB21_1397	iECOK1_1307	0		1	R02035	33	R00756|R00762|R01049|R01051|R01056|R01057|R01066|R01067|R01068|R01521|R01528|R01529|R01538|R01541|R01641|R01737|R01739|R02036|R02736|R02739|R02749|R02750|R05605|R06836|R07147|R08570|R08572|R08575|R10221|R10860|R10907|R13089|R13199
map00030	rn00030	Pentose phosphate pathway	iB21_1397	iECP_1309	0		1	R02035	33	R00756|R00762|R01049|R01051|R01056|R01057|R01066|R01067|R01068|R01521|R01528|R01529|R01538|R01541|R01641|R01737|R01739|R02036|R02736|R02739|R02749|R02750|R05605|R06836|R07147|R08570|R08572|R08575|R10221|R10860|R10907|R13089|R13199
map00030	rn00030	Pentose phosphate pathway	iB21_1397	iECS88_1305	0		1	R02035	33	R00756|R00762|R01049|R01051|R01056|R01057|R01066|R01067|R01068|R01521|R01528|R01529|R01538|R01541|R01641|R01737|R01739|R02036|R02736|R02739|R02749|R02750|R05605|R06836|R07147|R08570|R08572|R08575|R10221|R10860|R10907|R13089|R13199
map00030	rn00030	Pentose phosphate pathway	iB21_1397	iECSE_1348	0		1	R02035	33	R00756|R00762|R01049|R01051|R01056|R01057|R01066|R01067|R01068|R01521|R01528|R01529|R01538|R01541|R01641|R01737|R01739|R02036|R02736|R02739|R02749|R02750|R05605|R06836|R07147|R08570|R08572|R08575|R10221|R10860|R10907|R13089|R13199
map00030	rn00030	Pentose phosphate pathway	iB21_1397	iECSF_1327	0		1	R02035	33	R00756|R00762|R01049|R01051|R01056|R01057|R01066|R01067|R01068|R01521|R01528|R01529|R01538|R01541|R01641|R01737|R01739|R02036|R02736|R02739|R02749|R02750|R05605|R06836|R07147|R08570|R08572|R08575|R10221|R10860|R10907|R13089|R13199
map00030	rn00030	Pentose phosphate pathway	iB21_1397	iECSP_1301	1	R01538	1	R02035	32	R00756|R00762|R01049|R01051|R01056|R01057|R01066|R01067|R01068|R01521|R01528|R01529|R01541|R01641|R01737|R01739|R02036|R02736|R02739|R02749|R02750|R05605|R06836|R07147|R08570|R08572|R08575|R10221|R10860|R10907|R13089|R13199
map00030	rn00030	Pentose phosphate pathway	iB21_1397	iECUMN_1333	0		1	R02035	33	R00756|R00762|R01049|R01051|R01056|R01057|R01066|R01067|R01068|R01521|R01528|R01529|R01538|R01541|R01641|R01737|R01739|R02036|R02736|R02739|R02749|R02750|R05605|R06836|R07147|R08570|R08572|R08575|R10221|R10860|R10907|R13089|R13199
map00030	rn00030	Pentose phosphate pathway	iB21_1397	iECW_1372	0		1	R02035	33	R00756|R00762|R01049|R01051|R01056|R01057|R01066|R01067|R01068|R01521|R01528|R01529|R01538|R01541|R01641|R01737|R01739|R02036|R02736|R02739|R02749|R02750|R05605|R06836|R07147|R08570|R08572|R08575|R10221|R10860|R10907|R13089|R13199
map00030	rn00030	Pentose phosphate pathway	iB21_1397	iECs_1301	1	R01538	1	R02035	32	R00756|R00762|R01049|R01051|R01056|R01057|R01066|R01067|R01068|R01521|R01528|R01529|R01541|R01641|R01737|R01739|R02036|R02736|R02739|R02749|R02750|R05605|R06836|R07147|R08570|R08572|R08575|R10221|R10860|R10907|R13089|R13199
map00030	rn00030	Pentose phosphate pathway	iB21_1397	iEKO11_1354	2	R01051|R02750	1	R02035	31	R00756|R00762|R01049|R01056|R01057|R01066|R01067|R01068|R01521|R01528|R01529|R01538|R01541|R01641|R01737|R01739|R02036|R02736|R02739|R02749|R05605|R06836|R07147|R08570|R08572|R08575|R10221|R10860|R10907|R13089|R13199
map00030	rn00030	Pentose phosphate pathway	iB21_1397	iETEC_1333	0		1	R02035	33	R00756|R00762|R01049|R01051|R01056|R01057|R01066|R01067|R01068|R01521|R01528|R01529|R01538|R01541|R01641|R01737|R01739|R02036|R02736|R02739|R02749|R02750|R05605|R06836|R07147|R08570|R08572|R08575|R10221|R10860|R10907|R13089|R13199
map00030	rn00030	Pentose phosphate pathway	iB21_1397	iEcDH1_1363	0		1	R02035	33	R00756|R00762|R01049|R01051|R01056|R01057|R01066|R01067|R01068|R01521|R01528|R01529|R01538|R01541|R01641|R01737|R01739|R02036|R02736|R02739|R02749|R02750|R05605|R06836|R07147|R08570|R08572|R08575|R10221|R10860|R10907|R13089|R13199
map00030	rn00030	Pentose phosphate pathway	iB21_1397	iEcE24377_1341	0		1	R02035	33	R00756|R00762|R01049|R01051|R01056|R01057|R01066|R01067|R01068|R01521|R01528|R01529|R01538|R01541|R01641|R01737|R01739|R02036|R02736|R02739|R02749|R02750|R05605|R06836|R07147|R08570|R08572|R08575|R10221|R10860|R10907|R13089|R13199
map00030	rn00030	Pentose phosphate pathway	iB21_1397	iEcHS_1320	0		1	R02035	33	R00756|R00762|R01049|R01051|R01056|R01057|R01066|R01067|R01068|R01521|R01528|R01529|R01538|R01541|R01641|R01737|R01739|R02036|R02736|R02739|R02749|R02750|R05605|R06836|R07147|R08570|R08572|R08575|R10221|R10860|R10907|R13089|R13199
map00030	rn00030	Pentose phosphate pathway	iB21_1397	iEcSMS35_1347	0		1	R02035	33	R00756|R00762|R01049|R01051|R01056|R01057|R01066|R01067|R01068|R01521|R01528|R01529|R01538|R01541|R01641|R01737|R01739|R02036|R02736|R02739|R02749|R02750|R05605|R06836|R07147|R08570|R08572|R08575|R10221|R10860|R10907|R13089|R13199
map00030	rn00030	Pentose phosphate pathway	iB21_1397	iEcolC_1368	0		1	R02035	33	R00756|R00762|R01049|R01051|R01056|R01057|R01066|R01067|R01068|R01521|R01528|R01529|R01538|R01541|R01641|R01737|R01739|R02036|R02736|R02739|R02749|R02750|R05605|R06836|R07147|R08570|R08572|R08575|R10221|R10860|R10907|R13089|R13199
map00030	rn00030	Pentose phosphate pathway	iB21_1397	iG2583_1286	1	R01538	1	R02035	32	R00756|R00762|R01049|R01051|R01056|R01057|R01066|R01067|R01068|R01521|R01528|R01529|R01541|R01641|R01737|R01739|R02036|R02736|R02739|R02749|R02750|R05605|R06836|R07147|R08570|R08572|R08575|R10221|R10860|R10907|R13089|R13199
map00030	rn00030	Pentose phosphate pathway	iB21_1397	iJO1366	0		1	R02035	33	R00756|R00762|R01049|R01051|R01056|R01057|R01066|R01067|R01068|R01521|R01528|R01529|R01538|R01541|R01641|R01737|R01739|R02036|R02736|R02739|R02749|R02750|R05605|R06836|R07147|R08570|R08572|R08575|R10221|R10860|R10907|R13089|R13199
map00030	rn00030	Pentose phosphate pathway	iB21_1397	iJR904	2	R06836|R13089	1	R02035	31	R00756|R00762|R01049|R01051|R01056|R01057|R01066|R01067|R01068|R01521|R01528|R01529|R01538|R01541|R01641|R01737|R01739|R02036|R02736|R02739|R02749|R02750|R05605|R07147|R08570|R08572|R08575|R10221|R10860|R10907|R13199
map00030	rn00030	Pentose phosphate pathway	iB21_1397	iLF82_1304	0		1	R02035	33	R00756|R00762|R01049|R01051|R01056|R01057|R01066|R01067|R01068|R01521|R01528|R01529|R01538|R01541|R01641|R01737|R01739|R02036|R02736|R02739|R02749|R02750|R05605|R06836|R07147|R08570|R08572|R08575|R10221|R10860|R10907|R13089|R13199
map00030	rn00030	Pentose phosphate pathway	iB21_1397	iML1515	0		1	R02035	33	R00756|R00762|R01049|R01051|R01056|R01057|R01066|R01067|R01068|R01521|R01528|R01529|R01538|R01541|R01641|R01737|R01739|R02036|R02736|R02739|R02749|R02750|R05605|R06836|R07147|R08570|R08572|R08575|R10221|R10860|R10907|R13089|R13199
map00030	rn00030	Pentose phosphate pathway	iB21_1397	iNRG857_1313	0		1	R02035	33	R00756|R00762|R01049|R01051|R01056|R01057|R01066|R01067|R01068|R01521|R01528|R01529|R01538|R01541|R01641|R01737|R01739|R02036|R02736|R02739|R02749|R02750|R05605|R06836|R07147|R08570|R08572|R08575|R10221|R10860|R10907|R13089|R13199
map00030	rn00030	Pentose phosphate pathway	iB21_1397	iUMN146_1321	0		1	R02035	33	R00756|R00762|R01049|R01051|R01056|R01057|R01066|R01067|R01068|R01521|R01528|R01529|R01538|R01541|R01641|R01737|R01739|R02036|R02736|R02739|R02749|R02750|R05605|R06836|R07147|R08570|R08572|R08575|R10221|R10860|R10907|R13089|R13199
map00030	rn00030	Pentose phosphate pathway	iB21_1397	iUMNK88_1353	0		1	R02035	33	R00756|R00762|R01049|R01051|R01056|R01057|R01066|R01067|R01068|R01521|R01528|R01529|R01538|R01541|R01641|R01737|R01739|R02036|R02736|R02739|R02749|R02750|R05605|R06836|R07147|R08570|R08572|R08575|R10221|R10860|R10907|R13089|R13199
map00030	rn00030	Pentose phosphate pathway	iB21_1397	iUTI89_1310	0		1	R02035	33	R00756|R00762|R01049|R01051|R01056|R01057|R01066|R01067|R01068|R01521|R01528|R01529|R01538|R01541|R01641|R01737|R01739|R02036|R02736|R02739|R02749|R02750|R05605|R06836|R07147|R08570|R08572|R08575|R10221|R10860|R10907|R13089|R13199
map00030	rn00030	Pentose phosphate pathway	iB21_1397	iWFL_1372	0		1	R02035	33	R00756|R00762|R01049|R01051|R01056|R01057|R01066|R01067|R01068|R01521|R01528|R01529|R01538|R01541|R01641|R01737|R01739|R02036|R02736|R02739|R02749|R02750|R05605|R06836|R07147|R08570|R08572|R08575|R10221|R10860|R10907|R13089|R13199
map00030	rn00030	Pentose phosphate pathway	iB21_1397	iY75_1357	0		1	R02035	33	R00756|R00762|R01049|R01051|R01056|R01057|R01066|R01067|R01068|R01521|R01528|R01529|R01538|R01541|R01641|R01737|R01739|R02036|R02736|R02739|R02749|R02750|R05605|R06836|R07147|R08570|R08572|R08575|R10221|R10860|R10907|R13089|R13199
map00030	rn00030	Pentose phosphate pathway	iB21_1397	iZ_1308	1	R01538	1	R02035	32	R00756|R00762|R01049|R01051|R01056|R01057|R01066|R01067|R01068|R01521|R01528|R01529|R01541|R01641|R01737|R01739|R02036|R02736|R02739|R02749|R02750|R05605|R06836|R07147|R08570|R08572|R08575|R10221|R10860|R10907|R13089|R13199
map00030	rn00030	Pentose phosphate pathway	iB21_1397	ic_1306	0		1	R02035	33	R00756|R00762|R01049|R01051|R01056|R01057|R01066|R01067|R01068|R01521|R01528|R01529|R01538|R01541|R01641|R01737|R01739|R02036|R02736|R02739|R02749|R02750|R05605|R06836|R07147|R08570|R08572|R08575|R10221|R10860|R10907|R13089|R13199
map00030	rn00030	Pentose phosphate pathway	iBWG_1329	iE2348C_1286	1	R01538	0		33	R00756|R00762|R01049|R01051|R01056|R01057|R01066|R01067|R01068|R01521|R01528|R01529|R01541|R01641|R01737|R01739|R02035|R02036|R02736|R02739|R02749|R02750|R05605|R06836|R07147|R08570|R08572|R08575|R10221|R10860|R10907|R13089|R13199
map00030	rn00030	Pentose phosphate pathway	iBWG_1329	iEC1356_Bl21DE3	1	R02035	0		33	R00756|R00762|R01049|R01051|R01056|R01057|R01066|R01067|R01068|R01521|R01528|R01529|R01538|R01541|R01641|R01737|R01739|R02036|R02736|R02739|R02749|R02750|R05605|R06836|R07147|R08570|R08572|R08575|R10221|R10860|R10907|R13089|R13199
map00030	rn00030	Pentose phosphate pathway	iBWG_1329	iEC1364_W	2	R01051|R02750	2	R02032|R02034	32	R00756|R00762|R01049|R01056|R01057|R01066|R01067|R01068|R01521|R01528|R01529|R01538|R01541|R01641|R01737|R01739|R02035|R02036|R02736|R02739|R02749|R05605|R06836|R07147|R08570|R08572|R08575|R10221|R10860|R10907|R13089|R13199
map00030	rn00030	Pentose phosphate pathway	iBWG_1329	iECBD_1354	1	R02035	0		33	R00756|R00762|R01049|R01051|R01056|R01057|R01066|R01067|R01068|R01521|R01528|R01529|R01538|R01541|R01641|R01737|R01739|R02036|R02736|R02739|R02749|R02750|R05605|R06836|R07147|R08570|R08572|R08575|R10221|R10860|R10907|R13089|R13199
map00030	rn00030	Pentose phosphate pathway	iBWG_1329	iECD_1391	1	R02035	0		33	R00756|R00762|R01049|R01051|R01056|R01057|R01066|R01067|R01068|R01521|R01528|R01529|R01538|R01541|R01641|R01737|R01739|R02036|R02736|R02739|R02749|R02750|R05605|R06836|R07147|R08570|R08572|R08575|R10221|R10860|R10907|R13089|R13199
map00030	rn00030	Pentose phosphate pathway	iBWG_1329	iECH74115_1262	1	R01538	0		33	R00756|R00762|R01049|R01051|R01056|R01057|R01066|R01067|R01068|R01521|R01528|R01529|R01541|R01641|R01737|R01739|R02035|R02036|R02736|R02739|R02749|R02750|R05605|R06836|R07147|R08570|R08572|R08575|R10221|R10860|R10907|R13089|R13199
map00030	rn00030	Pentose phosphate pathway	iBWG_1329	iECSP_1301	1	R01538	0		33	R00756|R00762|R01049|R01051|R01056|R01057|R01066|R01067|R01068|R01521|R01528|R01529|R01541|R01641|R01737|R01739|R02035|R02036|R02736|R02739|R02749|R02750|R05605|R06836|R07147|R08570|R08572|R08575|R10221|R10860|R10907|R13089|R13199
map00030	rn00030	Pentose phosphate pathway	iBWG_1329	iECs_1301	1	R01538	0		33	R00756|R00762|R01049|R01051|R01056|R01057|R01066|R01067|R01068|R01521|R01528|R01529|R01541|R01641|R01737|R01739|R02035|R02036|R02736|R02739|R02749|R02750|R05605|R06836|R07147|R08570|R08572|R08575|R10221|R10860|R10907|R13089|R13199
map00030	rn00030	Pentose phosphate pathway	iBWG_1329	iEKO11_1354	2	R01051|R02750	0		32	R00756|R00762|R01049|R01056|R01057|R01066|R01067|R01068|R01521|R01528|R01529|R01538|R01541|R01641|R01737|R01739|R02035|R02036|R02736|R02739|R02749|R05605|R06836|R07147|R08570|R08572|R08575|R10221|R10860|R10907|R13089|R13199
map00030	rn00030	Pentose phosphate pathway	iBWG_1329	iG2583_1286	1	R01538	0		33	R00756|R00762|R01049|R01051|R01056|R01057|R01066|R01067|R01068|R01521|R01528|R01529|R01541|R01641|R01737|R01739|R02035|R02036|R02736|R02739|R02749|R02750|R05605|R06836|R07147|R08570|R08572|R08575|R10221|R10860|R10907|R13089|R13199
map00030	rn00030	Pentose phosphate pathway	iBWG_1329	iJR904	2	R06836|R13089	0		32	R00756|R00762|R01049|R01051|R01056|R01057|R01066|R01067|R01068|R01521|R01528|R01529|R01538|R01541|R01641|R01737|R01739|R02035|R02036|R02736|R02739|R02749|R02750|R05605|R07147|R08570|R08572|R08575|R10221|R10860|R10907|R13199
map00030	rn00030	Pentose phosphate pathway	iBWG_1329	iZ_1308	1	R01538	0		33	R00756|R00762|R01049|R01051|R01056|R01057|R01066|R01067|R01068|R01521|R01528|R01529|R01541|R01641|R01737|R01739|R02035|R02036|R02736|R02739|R02749|R02750|R05605|R06836|R07147|R08570|R08572|R08575|R10221|R10860|R10907|R13089|R13199
map00030	rn00030	Pentose phosphate pathway	iE2348C_1286	iEC042_1314	0		1	R01538	33	R00756|R00762|R01049|R01051|R01056|R01057|R01066|R01067|R01068|R01521|R01528|R01529|R01541|R01641|R01737|R01739|R02035|R02036|R02736|R02739|R02749|R02750|R05605|R06836|R07147|R08570|R08572|R08575|R10221|R10860|R10907|R13089|R13199
map00030	rn00030	Pentose phosphate pathway	iE2348C_1286	iEC1344_C	0		1	R01538	33	R00756|R00762|R01049|R01051|R01056|R01057|R01066|R01067|R01068|R01521|R01528|R01529|R01541|R01641|R01737|R01739|R02035|R02036|R02736|R02739|R02749|R02750|R05605|R06836|R07147|R08570|R08572|R08575|R10221|R10860|R10907|R13089|R13199
map00030	rn00030	Pentose phosphate pathway	iE2348C_1286	iEC1349_Crooks	0		1	R01538	33	R00756|R00762|R01049|R01051|R01056|R01057|R01066|R01067|R01068|R01521|R01528|R01529|R01541|R01641|R01737|R01739|R02035|R02036|R02736|R02739|R02749|R02750|R05605|R06836|R07147|R08570|R08572|R08575|R10221|R10860|R10907|R13089|R13199
map00030	rn00030	Pentose phosphate pathway	iE2348C_1286	iEC1356_Bl21DE3	1	R02035	1	R01538	32	R00756|R00762|R01049|R01051|R01056|R01057|R01066|R01067|R01068|R01521|R01528|R01529|R01541|R01641|R01737|R01739|R02036|R02736|R02739|R02749|R02750|R05605|R06836|R07147|R08570|R08572|R08575|R10221|R10860|R10907|R13089|R13199
map00030	rn00030	Pentose phosphate pathway	iE2348C_1286	iEC1364_W	2	R01051|R02750	3	R01538|R02032|R02034	31	R00756|R00762|R01049|R01056|R01057|R01066|R01067|R01068|R01521|R01528|R01529|R01541|R01641|R01737|R01739|R02035|R02036|R02736|R02739|R02749|R05605|R06836|R07147|R08570|R08572|R08575|R10221|R10860|R10907|R13089|R13199
map00030	rn00030	Pentose phosphate pathway	iE2348C_1286	iEC1368_DH5a	0		1	R01538	33	R00756|R00762|R01049|R01051|R01056|R01057|R01066|R01067|R01068|R01521|R01528|R01529|R01541|R01641|R01737|R01739|R02035|R02036|R02736|R02739|R02749|R02750|R05605|R06836|R07147|R08570|R08572|R08575|R10221|R10860|R10907|R13089|R13199
map00030	rn00030	Pentose phosphate pathway	iE2348C_1286	iEC1372_W3110	0		1	R01538	33	R00756|R00762|R01049|R01051|R01056|R01057|R01066|R01067|R01068|R01521|R01528|R01529|R01541|R01641|R01737|R01739|R02035|R02036|R02736|R02739|R02749|R02750|R05605|R06836|R07147|R08570|R08572|R08575|R10221|R10860|R10907|R13089|R13199
map00030	rn00030	Pentose phosphate pathway	iE2348C_1286	iEC55989_1330	0		1	R01538	33	R00756|R00762|R01049|R01051|R01056|R01057|R01066|R01067|R01068|R01521|R01528|R01529|R01541|R01641|R01737|R01739|R02035|R02036|R02736|R02739|R02749|R02750|R05605|R06836|R07147|R08570|R08572|R08575|R10221|R10860|R10907|R13089|R13199
map00030	rn00030	Pentose phosphate pathway	iE2348C_1286	iECABU_c1320	0		1	R01538	33	R00756|R00762|R01049|R01051|R01056|R01057|R01066|R01067|R01068|R01521|R01528|R01529|R01541|R01641|R01737|R01739|R02035|R02036|R02736|R02739|R02749|R02750|R05605|R06836|R07147|R08570|R08572|R08575|R10221|R10860|R10907|R13089|R13199
map00030	rn00030	Pentose phosphate pathway	iE2348C_1286	iECBD_1354	1	R02035	1	R01538	32	R00756|R00762|R01049|R01051|R01056|R01057|R01066|R01067|R01068|R01521|R01528|R01529|R01541|R01641|R01737|R01739|R02036|R02736|R02739|R02749|R02750|R05605|R06836|R07147|R08570|R08572|R08575|R10221|R10860|R10907|R13089|R13199
map00030	rn00030	Pentose phosphate pathway	iE2348C_1286	iECB_1328	0		1	R01538	33	R00756|R00762|R01049|R01051|R01056|R01057|R01066|R01067|R01068|R01521|R01528|R01529|R01541|R01641|R01737|R01739|R02035|R02036|R02736|R02739|R02749|R02750|R05605|R06836|R07147|R08570|R08572|R08575|R10221|R10860|R10907|R13089|R13199
map00030	rn00030	Pentose phosphate pathway	iE2348C_1286	iECDH10B_1368	0		1	R01538	33	R00756|R00762|R01049|R01051|R01056|R01057|R01066|R01067|R01068|R01521|R01528|R01529|R01541|R01641|R01737|R01739|R02035|R02036|R02736|R02739|R02749|R02750|R05605|R06836|R07147|R08570|R08572|R08575|R10221|R10860|R10907|R13089|R13199
map00030	rn00030	Pentose phosphate pathway	iE2348C_1286	iECDH1ME8569_1439	0		1	R01538	33	R00756|R00762|R01049|R01051|R01056|R01057|R01066|R01067|R01068|R01521|R01528|R01529|R01541|R01641|R01737|R01739|R02035|R02036|R02736|R02739|R02749|R02750|R05605|R06836|R07147|R08570|R08572|R08575|R10221|R10860|R10907|R13089|R13199
map00030	rn00030	Pentose phosphate pathway	iE2348C_1286	iECD_1391	1	R02035	1	R01538	32	R00756|R00762|R01049|R01051|R01056|R01057|R01066|R01067|R01068|R01521|R01528|R01529|R01541|R01641|R01737|R01739|R02036|R02736|R02739|R02749|R02750|R05605|R06836|R07147|R08570|R08572|R08575|R10221|R10860|R10907|R13089|R13199
map00030	rn00030	Pentose phosphate pathway	iE2348C_1286	iECED1_1282	0		1	R01538	33	R00756|R00762|R01049|R01051|R01056|R01057|R01066|R01067|R01068|R01521|R01528|R01529|R01541|R01641|R01737|R01739|R02035|R02036|R02736|R02739|R02749|R02750|R05605|R06836|R07147|R08570|R08572|R08575|R10221|R10860|R10907|R13089|R13199
map00030	rn00030	Pentose phosphate pathway	iE2348C_1286	iECIAI1_1343	0		1	R01538	33	R00756|R00762|R01049|R01051|R01056|R01057|R01066|R01067|R01068|R01521|R01528|R01529|R01541|R01641|R01737|R01739|R02035|R02036|R02736|R02739|R02749|R02750|R05605|R06836|R07147|R08570|R08572|R08575|R10221|R10860|R10907|R13089|R13199
map00030	rn00030	Pentose phosphate pathway	iE2348C_1286	iECIAI39_1322	0		1	R01538	33	R00756|R00762|R01049|R01051|R01056|R01057|R01066|R01067|R01068|R01521|R01528|R01529|R01541|R01641|R01737|R01739|R02035|R02036|R02736|R02739|R02749|R02750|R05605|R06836|R07147|R08570|R08572|R08575|R10221|R10860|R10907|R13089|R13199
map00030	rn00030	Pentose phosphate pathway	iE2348C_1286	iECNA114_1301	0		1	R01538	33	R00756|R00762|R01049|R01051|R01056|R01057|R01066|R01067|R01068|R01521|R01528|R01529|R01541|R01641|R01737|R01739|R02035|R02036|R02736|R02739|R02749|R02750|R05605|R06836|R07147|R08570|R08572|R08575|R10221|R10860|R10907|R13089|R13199
map00030	rn00030	Pentose phosphate pathway	iE2348C_1286	iECO103_1326	0		1	R01538	33	R00756|R00762|R01049|R01051|R01056|R01057|R01066|R01067|R01068|R01521|R01528|R01529|R01541|R01641|R01737|R01739|R02035|R02036|R02736|R02739|R02749|R02750|R05605|R06836|R07147|R08570|R08572|R08575|R10221|R10860|R10907|R13089|R13199
map00030	rn00030	Pentose phosphate pathway	iE2348C_1286	iECO111_1330	0		1	R01538	33	R00756|R00762|R01049|R01051|R01056|R01057|R01066|R01067|R01068|R01521|R01528|R01529|R01541|R01641|R01737|R01739|R02035|R02036|R02736|R02739|R02749|R02750|R05605|R06836|R07147|R08570|R08572|R08575|R10221|R10860|R10907|R13089|R13199
map00030	rn00030	Pentose phosphate pathway	iE2348C_1286	iECO26_1355	0		1	R01538	33	R00756|R00762|R01049|R01051|R01056|R01057|R01066|R01067|R01068|R01521|R01528|R01529|R01541|R01641|R01737|R01739|R02035|R02036|R02736|R02739|R02749|R02750|R05605|R06836|R07147|R08570|R08572|R08575|R10221|R10860|R10907|R13089|R13199
map00030	rn00030	Pentose phosphate pathway	iE2348C_1286	iECOK1_1307	0		1	R01538	33	R00756|R00762|R01049|R01051|R01056|R01057|R01066|R01067|R01068|R01521|R01528|R01529|R01541|R01641|R01737|R01739|R02035|R02036|R02736|R02739|R02749|R02750|R05605|R06836|R07147|R08570|R08572|R08575|R10221|R10860|R10907|R13089|R13199
map00030	rn00030	Pentose phosphate pathway	iE2348C_1286	iECP_1309	0		1	R01538	33	R00756|R00762|R01049|R01051|R01056|R01057|R01066|R01067|R01068|R01521|R01528|R01529|R01541|R01641|R01737|R01739|R02035|R02036|R02736|R02739|R02749|R02750|R05605|R06836|R07147|R08570|R08572|R08575|R10221|R10860|R10907|R13089|R13199
map00030	rn00030	Pentose phosphate pathway	iE2348C_1286	iECS88_1305	0		1	R01538	33	R00756|R00762|R01049|R01051|R01056|R01057|R01066|R01067|R01068|R01521|R01528|R01529|R01541|R01641|R01737|R01739|R02035|R02036|R02736|R02739|R02749|R02750|R05605|R06836|R07147|R08570|R08572|R08575|R10221|R10860|R10907|R13089|R13199
map00030	rn00030	Pentose phosphate pathway	iE2348C_1286	iECSE_1348	0		1	R01538	33	R00756|R00762|R01049|R01051|R01056|R01057|R01066|R01067|R01068|R01521|R01528|R01529|R01541|R01641|R01737|R01739|R02035|R02036|R02736|R02739|R02749|R02750|R05605|R06836|R07147|R08570|R08572|R08575|R10221|R10860|R10907|R13089|R13199
map00030	rn00030	Pentose phosphate pathway	iE2348C_1286	iECSF_1327	0		1	R01538	33	R00756|R00762|R01049|R01051|R01056|R01057|R01066|R01067|R01068|R01521|R01528|R01529|R01541|R01641|R01737|R01739|R02035|R02036|R02736|R02739|R02749|R02750|R05605|R06836|R07147|R08570|R08572|R08575|R10221|R10860|R10907|R13089|R13199
map00030	rn00030	Pentose phosphate pathway	iE2348C_1286	iECUMN_1333	0		1	R01538	33	R00756|R00762|R01049|R01051|R01056|R01057|R01066|R01067|R01068|R01521|R01528|R01529|R01541|R01641|R01737|R01739|R02035|R02036|R02736|R02739|R02749|R02750|R05605|R06836|R07147|R08570|R08572|R08575|R10221|R10860|R10907|R13089|R13199
map00030	rn00030	Pentose phosphate pathway	iE2348C_1286	iECW_1372	0		1	R01538	33	R00756|R00762|R01049|R01051|R01056|R01057|R01066|R01067|R01068|R01521|R01528|R01529|R01541|R01641|R01737|R01739|R02035|R02036|R02736|R02739|R02749|R02750|R05605|R06836|R07147|R08570|R08572|R08575|R10221|R10860|R10907|R13089|R13199
map00030	rn00030	Pentose phosphate pathway	iE2348C_1286	iEKO11_1354	2	R01051|R02750	1	R01538	31	R00756|R00762|R01049|R01056|R01057|R01066|R01067|R01068|R01521|R01528|R01529|R01541|R01641|R01737|R01739|R02035|R02036|R02736|R02739|R02749|R05605|R06836|R07147|R08570|R08572|R08575|R10221|R10860|R10907|R13089|R13199
map00030	rn00030	Pentose phosphate pathway	iE2348C_1286	iETEC_1333	0		1	R01538	33	R00756|R00762|R01049|R01051|R01056|R01057|R01066|R01067|R01068|R01521|R01528|R01529|R01541|R01641|R01737|R01739|R02035|R02036|R02736|R02739|R02749|R02750|R05605|R06836|R07147|R08570|R08572|R08575|R10221|R10860|R10907|R13089|R13199
map00030	rn00030	Pentose phosphate pathway	iE2348C_1286	iEcDH1_1363	0		1	R01538	33	R00756|R00762|R01049|R01051|R01056|R01057|R01066|R01067|R01068|R01521|R01528|R01529|R01541|R01641|R01737|R01739|R02035|R02036|R02736|R02739|R02749|R02750|R05605|R06836|R07147|R08570|R08572|R08575|R10221|R10860|R10907|R13089|R13199
map00030	rn00030	Pentose phosphate pathway	iE2348C_1286	iEcE24377_1341	0		1	R01538	33	R00756|R00762|R01049|R01051|R01056|R01057|R01066|R01067|R01068|R01521|R01528|R01529|R01541|R01641|R01737|R01739|R02035|R02036|R02736|R02739|R02749|R02750|R05605|R06836|R07147|R08570|R08572|R08575|R10221|R10860|R10907|R13089|R13199
map00030	rn00030	Pentose phosphate pathway	iE2348C_1286	iEcHS_1320	0		1	R01538	33	R00756|R00762|R01049|R01051|R01056|R01057|R01066|R01067|R01068|R01521|R01528|R01529|R01541|R01641|R01737|R01739|R02035|R02036|R02736|R02739|R02749|R02750|R05605|R06836|R07147|R08570|R08572|R08575|R10221|R10860|R10907|R13089|R13199
map00030	rn00030	Pentose phosphate pathway	iE2348C_1286	iEcSMS35_1347	0		1	R01538	33	R00756|R00762|R01049|R01051|R01056|R01057|R01066|R01067|R01068|R01521|R01528|R01529|R01541|R01641|R01737|R01739|R02035|R02036|R02736|R02739|R02749|R02750|R05605|R06836|R07147|R08570|R08572|R08575|R10221|R10860|R10907|R13089|R13199
map00030	rn00030	Pentose phosphate pathway	iE2348C_1286	iEcolC_1368	0		1	R01538	33	R00756|R00762|R01049|R01051|R01056|R01057|R01066|R01067|R01068|R01521|R01528|R01529|R01541|R01641|R01737|R01739|R02035|R02036|R02736|R02739|R02749|R02750|R05605|R06836|R07147|R08570|R08572|R08575|R10221|R10860|R10907|R13089|R13199
map00030	rn00030	Pentose phosphate pathway	iE2348C_1286	iJO1366	0		1	R01538	33	R00756|R00762|R01049|R01051|R01056|R01057|R01066|R01067|R01068|R01521|R01528|R01529|R01541|R01641|R01737|R01739|R02035|R02036|R02736|R02739|R02749|R02750|R05605|R06836|R07147|R08570|R08572|R08575|R10221|R10860|R10907|R13089|R13199
map00030	rn00030	Pentose phosphate pathway	iE2348C_1286	iJR904	2	R06836|R13089	1	R01538	31	R00756|R00762|R01049|R01051|R01056|R01057|R01066|R01067|R01068|R01521|R01528|R01529|R01541|R01641|R01737|R01739|R02035|R02036|R02736|R02739|R02749|R02750|R05605|R07147|R08570|R08572|R08575|R10221|R10860|R10907|R13199
map00030	rn00030	Pentose phosphate pathway	iE2348C_1286	iLF82_1304	0		1	R01538	33	R00756|R00762|R01049|R01051|R01056|R01057|R01066|R01067|R01068|R01521|R01528|R01529|R01541|R01641|R01737|R01739|R02035|R02036|R02736|R02739|R02749|R02750|R05605|R06836|R07147|R08570|R08572|R08575|R10221|R10860|R10907|R13089|R13199
map00030	rn00030	Pentose phosphate pathway	iE2348C_1286	iML1515	0		1	R01538	33	R00756|R00762|R01049|R01051|R01056|R01057|R01066|R01067|R01068|R01521|R01528|R01529|R01541|R01641|R01737|R01739|R02035|R02036|R02736|R02739|R02749|R02750|R05605|R06836|R07147|R08570|R08572|R08575|R10221|R10860|R10907|R13089|R13199
map00030	rn00030	Pentose phosphate pathway	iE2348C_1286	iNRG857_1313	0		1	R01538	33	R00756|R00762|R01049|R01051|R01056|R01057|R01066|R01067|R01068|R01521|R01528|R01529|R01541|R01641|R01737|R01739|R02035|R02036|R02736|R02739|R02749|R02750|R05605|R06836|R07147|R08570|R08572|R08575|R10221|R10860|R10907|R13089|R13199
map00030	rn00030	Pentose phosphate pathway	iE2348C_1286	iUMN146_1321	0		1	R01538	33	R00756|R00762|R01049|R01051|R01056|R01057|R01066|R01067|R01068|R01521|R01528|R01529|R01541|R01641|R01737|R01739|R02035|R02036|R02736|R02739|R02749|R02750|R05605|R06836|R07147|R08570|R08572|R08575|R10221|R10860|R10907|R13089|R13199
map00030	rn00030	Pentose phosphate pathway	iE2348C_1286	iUMNK88_1353	0		1	R01538	33	R00756|R00762|R01049|R01051|R01056|R01057|R01066|R01067|R01068|R01521|R01528|R01529|R01541|R01641|R01737|R01739|R02035|R02036|R02736|R02739|R02749|R02750|R05605|R06836|R07147|R08570|R08572|R08575|R10221|R10860|R10907|R13089|R13199
map00030	rn00030	Pentose phosphate pathway	iE2348C_1286	iUTI89_1310	0		1	R01538	33	R00756|R00762|R01049|R01051|R01056|R01057|R01066|R01067|R01068|R01521|R01528|R01529|R01541|R01641|R01737|R01739|R02035|R02036|R02736|R02739|R02749|R02750|R05605|R06836|R07147|R08570|R08572|R08575|R10221|R10860|R10907|R13089|R13199
map00030	rn00030	Pentose phosphate pathway	iE2348C_1286	iWFL_1372	0		1	R01538	33	R00756|R00762|R01049|R01051|R01056|R01057|R01066|R01067|R01068|R01521|R01528|R01529|R01541|R01641|R01737|R01739|R02035|R02036|R02736|R02739|R02749|R02750|R05605|R06836|R07147|R08570|R08572|R08575|R10221|R10860|R10907|R13089|R13199
map00030	rn00030	Pentose phosphate pathway	iE2348C_1286	iY75_1357	0		1	R01538	33	R00756|R00762|R01049|R01051|R01056|R01057|R01066|R01067|R01068|R01521|R01528|R01529|R01541|R01641|R01737|R01739|R02035|R02036|R02736|R02739|R02749|R02750|R05605|R06836|R07147|R08570|R08572|R08575|R10221|R10860|R10907|R13089|R13199
map00030	rn00030	Pentose phosphate pathway	iE2348C_1286	ic_1306	0		1	R01538	33	R00756|R00762|R01049|R01051|R01056|R01057|R01066|R01067|R01068|R01521|R01528|R01529|R01541|R01641|R01737|R01739|R02035|R02036|R02736|R02739|R02749|R02750|R05605|R06836|R07147|R08570|R08572|R08575|R10221|R10860|R10907|R13089|R13199
map00030	rn00030	Pentose phosphate pathway	iEC042_1314	iEC1356_Bl21DE3	1	R02035	0		33	R00756|R00762|R01049|R01051|R01056|R01057|R01066|R01067|R01068|R01521|R01528|R01529|R01538|R01541|R01641|R01737|R01739|R02036|R02736|R02739|R02749|R02750|R05605|R06836|R07147|R08570|R08572|R08575|R10221|R10860|R10907|R13089|R13199
map00030	rn00030	Pentose phosphate pathway	iEC042_1314	iEC1364_W	2	R01051|R02750	2	R02032|R02034	32	R00756|R00762|R01049|R01056|R01057|R01066|R01067|R01068|R01521|R01528|R01529|R01538|R01541|R01641|R01737|R01739|R02035|R02036|R02736|R02739|R02749|R05605|R06836|R07147|R08570|R08572|R08575|R10221|R10860|R10907|R13089|R13199
map00030	rn00030	Pentose phosphate pathway	iEC042_1314	iECBD_1354	1	R02035	0		33	R00756|R00762|R01049|R01051|R01056|R01057|R01066|R01067|R01068|R01521|R01528|R01529|R01538|R01541|R01641|R01737|R01739|R02036|R02736|R02739|R02749|R02750|R05605|R06836|R07147|R08570|R08572|R08575|R10221|R10860|R10907|R13089|R13199
map00030	rn00030	Pentose phosphate pathway	iEC042_1314	iECD_1391	1	R02035	0		33	R00756|R00762|R01049|R01051|R01056|R01057|R01066|R01067|R01068|R01521|R01528|R01529|R01538|R01541|R01641|R01737|R01739|R02036|R02736|R02739|R02749|R02750|R05605|R06836|R07147|R08570|R08572|R08575|R10221|R10860|R10907|R13089|R13199
map00030	rn00030	Pentose phosphate pathway	iEC042_1314	iECH74115_1262	1	R01538	0		33	R00756|R00762|R01049|R01051|R01056|R01057|R01066|R01067|R01068|R01521|R01528|R01529|R01541|R01641|R01737|R01739|R02035|R02036|R02736|R02739|R02749|R02750|R05605|R06836|R07147|R08570|R08572|R08575|R10221|R10860|R10907|R13089|R13199
map00030	rn00030	Pentose phosphate pathway	iEC042_1314	iECSP_1301	1	R01538	0		33	R00756|R00762|R01049|R01051|R01056|R01057|R01066|R01067|R01068|R01521|R01528|R01529|R01541|R01641|R01737|R01739|R02035|R02036|R02736|R02739|R02749|R02750|R05605|R06836|R07147|R08570|R08572|R08575|R10221|R10860|R10907|R13089|R13199
map00030	rn00030	Pentose phosphate pathway	iEC042_1314	iECs_1301	1	R01538	0		33	R00756|R00762|R01049|R01051|R01056|R01057|R01066|R01067|R01068|R01521|R01528|R01529|R01541|R01641|R01737|R01739|R02035|R02036|R02736|R02739|R02749|R02750|R05605|R06836|R07147|R08570|R08572|R08575|R10221|R10860|R10907|R13089|R13199
map00030	rn00030	Pentose phosphate pathway	iEC042_1314	iEKO11_1354	2	R01051|R02750	0		32	R00756|R00762|R01049|R01056|R01057|R01066|R01067|R01068|R01521|R01528|R01529|R01538|R01541|R01641|R01737|R01739|R02035|R02036|R02736|R02739|R02749|R05605|R06836|R07147|R08570|R08572|R08575|R10221|R10860|R10907|R13089|R13199
map00030	rn00030	Pentose phosphate pathway	iEC042_1314	iG2583_1286	1	R01538	0		33	R00756|R00762|R01049|R01051|R01056|R01057|R01066|R01067|R01068|R01521|R01528|R01529|R01541|R01641|R01737|R01739|R02035|R02036|R02736|R02739|R02749|R02750|R05605|R06836|R07147|R08570|R08572|R08575|R10221|R10860|R10907|R13089|R13199
map00030	rn00030	Pentose phosphate pathway	iEC042_1314	iJR904	2	R06836|R13089	0		32	R00756|R00762|R01049|R01051|R01056|R01057|R01066|R01067|R01068|R01521|R01528|R01529|R01538|R01541|R01641|R01737|R01739|R02035|R02036|R02736|R02739|R02749|R02750|R05605|R07147|R08570|R08572|R08575|R10221|R10860|R10907|R13199
map00030	rn00030	Pentose phosphate pathway	iEC042_1314	iZ_1308	1	R01538	0		33	R00756|R00762|R01049|R01051|R01056|R01057|R01066|R01067|R01068|R01521|R01528|R01529|R01541|R01641|R01737|R01739|R02035|R02036|R02736|R02739|R02749|R02750|R05605|R06836|R07147|R08570|R08572|R08575|R10221|R10860|R10907|R13089|R13199
map00030	rn00030	Pentose phosphate pathway	iEC1344_C	iEC1356_Bl21DE3	1	R02035	0		33	R00756|R00762|R01049|R01051|R01056|R01057|R01066|R01067|R01068|R01521|R01528|R01529|R01538|R01541|R01641|R01737|R01739|R02036|R02736|R02739|R02749|R02750|R05605|R06836|R07147|R08570|R08572|R08575|R10221|R10860|R10907|R13089|R13199
map00030	rn00030	Pentose phosphate pathway	iEC1344_C	iEC1364_W	2	R01051|R02750	2	R02032|R02034	32	R00756|R00762|R01049|R01056|R01057|R01066|R01067|R01068|R01521|R01528|R01529|R01538|R01541|R01641|R01737|R01739|R02035|R02036|R02736|R02739|R02749|R05605|R06836|R07147|R08570|R08572|R08575|R10221|R10860|R10907|R13089|R13199
map00030	rn00030	Pentose phosphate pathway	iEC1344_C	iECBD_1354	1	R02035	0		33	R00756|R00762|R01049|R01051|R01056|R01057|R01066|R01067|R01068|R01521|R01528|R01529|R01538|R01541|R01641|R01737|R01739|R02036|R02736|R02739|R02749|R02750|R05605|R06836|R07147|R08570|R08572|R08575|R10221|R10860|R10907|R13089|R13199
map00030	rn00030	Pentose phosphate pathway	iEC1344_C	iECD_1391	1	R02035	0		33	R00756|R00762|R01049|R01051|R01056|R01057|R01066|R01067|R01068|R01521|R01528|R01529|R01538|R01541|R01641|R01737|R01739|R02036|R02736|R02739|R02749|R02750|R05605|R06836|R07147|R08570|R08572|R08575|R10221|R10860|R10907|R13089|R13199
map00030	rn00030	Pentose phosphate pathway	iEC1344_C	iECH74115_1262	1	R01538	0		33	R00756|R00762|R01049|R01051|R01056|R01057|R01066|R01067|R01068|R01521|R01528|R01529|R01541|R01641|R01737|R01739|R02035|R02036|R02736|R02739|R02749|R02750|R05605|R06836|R07147|R08570|R08572|R08575|R10221|R10860|R10907|R13089|R13199
map00030	rn00030	Pentose phosphate pathway	iEC1344_C	iECSP_1301	1	R01538	0		33	R00756|R00762|R01049|R01051|R01056|R01057|R01066|R01067|R01068|R01521|R01528|R01529|R01541|R01641|R01737|R01739|R02035|R02036|R02736|R02739|R02749|R02750|R05605|R06836|R07147|R08570|R08572|R08575|R10221|R10860|R10907|R13089|R13199
map00030	rn00030	Pentose phosphate pathway	iEC1344_C	iECs_1301	1	R01538	0		33	R00756|R00762|R01049|R01051|R01056|R01057|R01066|R01067|R01068|R01521|R01528|R01529|R01541|R01641|R01737|R01739|R02035|R02036|R02736|R02739|R02749|R02750|R05605|R06836|R07147|R08570|R08572|R08575|R10221|R10860|R10907|R13089|R13199
map00030	rn00030	Pentose phosphate pathway	iEC1344_C	iEKO11_1354	2	R01051|R02750	0		32	R00756|R00762|R01049|R01056|R01057|R01066|R01067|R01068|R01521|R01528|R01529|R01538|R01541|R01641|R01737|R01739|R02035|R02036|R02736|R02739|R02749|R05605|R06836|R07147|R08570|R08572|R08575|R10221|R10860|R10907|R13089|R13199
map00030	rn00030	Pentose phosphate pathway	iEC1344_C	iG2583_1286	1	R01538	0		33	R00756|R00762|R01049|R01051|R01056|R01057|R01066|R01067|R01068|R01521|R01528|R01529|R01541|R01641|R01737|R01739|R02035|R02036|R02736|R02739|R02749|R02750|R05605|R06836|R07147|R08570|R08572|R08575|R10221|R10860|R10907|R13089|R13199
map00030	rn00030	Pentose phosphate pathway	iEC1344_C	iJR904	2	R06836|R13089	0		32	R00756|R00762|R01049|R01051|R01056|R01057|R01066|R01067|R01068|R01521|R01528|R01529|R01538|R01541|R01641|R01737|R01739|R02035|R02036|R02736|R02739|R02749|R02750|R05605|R07147|R08570|R08572|R08575|R10221|R10860|R10907|R13199
map00030	rn00030	Pentose phosphate pathway	iEC1344_C	iZ_1308	1	R01538	0		33	R00756|R00762|R01049|R01051|R01056|R01057|R01066|R01067|R01068|R01521|R01528|R01529|R01541|R01641|R01737|R01739|R02035|R02036|R02736|R02739|R02749|R02750|R05605|R06836|R07147|R08570|R08572|R08575|R10221|R10860|R10907|R13089|R13199
map00030	rn00030	Pentose phosphate pathway	iEC1349_Crooks	iEC1356_Bl21DE3	1	R02035	0		33	R00756|R00762|R01049|R01051|R01056|R01057|R01066|R01067|R01068|R01521|R01528|R01529|R01538|R01541|R01641|R01737|R01739|R02036|R02736|R02739|R02749|R02750|R05605|R06836|R07147|R08570|R08572|R08575|R10221|R10860|R10907|R13089|R13199
map00030	rn00030	Pentose phosphate pathway	iEC1349_Crooks	iEC1364_W	2	R01051|R02750	2	R02032|R02034	32	R00756|R00762|R01049|R01056|R01057|R01066|R01067|R01068|R01521|R01528|R01529|R01538|R01541|R01641|R01737|R01739|R02035|R02036|R02736|R02739|R02749|R05605|R06836|R07147|R08570|R08572|R08575|R10221|R10860|R10907|R13089|R13199
map00030	rn00030	Pentose phosphate pathway	iEC1349_Crooks	iECBD_1354	1	R02035	0		33	R00756|R00762|R01049|R01051|R01056|R01057|R01066|R01067|R01068|R01521|R01528|R01529|R01538|R01541|R01641|R01737|R01739|R02036|R02736|R02739|R02749|R02750|R05605|R06836|R07147|R08570|R08572|R08575|R10221|R10860|R10907|R13089|R13199
map00030	rn00030	Pentose phosphate pathway	iEC1349_Crooks	iECD_1391	1	R02035	0		33	R00756|R00762|R01049|R01051|R01056|R01057|R01066|R01067|R01068|R01521|R01528|R01529|R01538|R01541|R01641|R01737|R01739|R02036|R02736|R02739|R02749|R02750|R05605|R06836|R07147|R08570|R08572|R08575|R10221|R10860|R10907|R13089|R13199
map00030	rn00030	Pentose phosphate pathway	iEC1349_Crooks	iECH74115_1262	1	R01538	0		33	R00756|R00762|R01049|R01051|R01056|R01057|R01066|R01067|R01068|R01521|R01528|R01529|R01541|R01641|R01737|R01739|R02035|R02036|R02736|R02739|R02749|R02750|R05605|R06836|R07147|R08570|R08572|R08575|R10221|R10860|R10907|R13089|R13199
map00030	rn00030	Pentose phosphate pathway	iEC1349_Crooks	iECSP_1301	1	R01538	0		33	R00756|R00762|R01049|R01051|R01056|R01057|R01066|R01067|R01068|R01521|R01528|R01529|R01541|R01641|R01737|R01739|R02035|R02036|R02736|R02739|R02749|R02750|R05605|R06836|R07147|R08570|R08572|R08575|R10221|R10860|R10907|R13089|R13199
map00030	rn00030	Pentose phosphate pathway	iEC1349_Crooks	iECs_1301	1	R01538	0		33	R00756|R00762|R01049|R01051|R01056|R01057|R01066|R01067|R01068|R01521|R01528|R01529|R01541|R01641|R01737|R01739|R02035|R02036|R02736|R02739|R02749|R02750|R05605|R06836|R07147|R08570|R08572|R08575|R10221|R10860|R10907|R13089|R13199
map00030	rn00030	Pentose phosphate pathway	iEC1349_Crooks	iEKO11_1354	2	R01051|R02750	0		32	R00756|R00762|R01049|R01056|R01057|R01066|R01067|R01068|R01521|R01528|R01529|R01538|R01541|R01641|R01737|R01739|R02035|R02036|R02736|R02739|R02749|R05605|R06836|R07147|R08570|R08572|R08575|R10221|R10860|R10907|R13089|R13199
map00030	rn00030	Pentose phosphate pathway	iEC1349_Crooks	iG2583_1286	1	R01538	0		33	R00756|R00762|R01049|R01051|R01056|R01057|R01066|R01067|R01068|R01521|R01528|R01529|R01541|R01641|R01737|R01739|R02035|R02036|R02736|R02739|R02749|R02750|R05605|R06836|R07147|R08570|R08572|R08575|R10221|R10860|R10907|R13089|R13199
map00030	rn00030	Pentose phosphate pathway	iEC1349_Crooks	iJR904	2	R06836|R13089	0		32	R00756|R00762|R01049|R01051|R01056|R01057|R01066|R01067|R01068|R01521|R01528|R01529|R01538|R01541|R01641|R01737|R01739|R02035|R02036|R02736|R02739|R02749|R02750|R05605|R07147|R08570|R08572|R08575|R10221|R10860|R10907|R13199
map00030	rn00030	Pentose phosphate pathway	iEC1349_Crooks	iZ_1308	1	R01538	0		33	R00756|R00762|R01049|R01051|R01056|R01057|R01066|R01067|R01068|R01521|R01528|R01529|R01541|R01641|R01737|R01739|R02035|R02036|R02736|R02739|R02749|R02750|R05605|R06836|R07147|R08570|R08572|R08575|R10221|R10860|R10907|R13089|R13199
map00030	rn00030	Pentose phosphate pathway	iEC1356_Bl21DE3	iEC1364_W	2	R01051|R02750	3	R02032|R02034|R02035	31	R00756|R00762|R01049|R01056|R01057|R01066|R01067|R01068|R01521|R01528|R01529|R01538|R01541|R01641|R01737|R01739|R02036|R02736|R02739|R02749|R05605|R06836|R07147|R08570|R08572|R08575|R10221|R10860|R10907|R13089|R13199
map00030	rn00030	Pentose phosphate pathway	iEC1356_Bl21DE3	iEC1368_DH5a	0		1	R02035	33	R00756|R00762|R01049|R01051|R01056|R01057|R01066|R01067|R01068|R01521|R01528|R01529|R01538|R01541|R01641|R01737|R01739|R02036|R02736|R02739|R02749|R02750|R05605|R06836|R07147|R08570|R08572|R08575|R10221|R10860|R10907|R13089|R13199
map00030	rn00030	Pentose phosphate pathway	iEC1356_Bl21DE3	iEC1372_W3110	0		1	R02035	33	R00756|R00762|R01049|R01051|R01056|R01057|R01066|R01067|R01068|R01521|R01528|R01529|R01538|R01541|R01641|R01737|R01739|R02036|R02736|R02739|R02749|R02750|R05605|R06836|R07147|R08570|R08572|R08575|R10221|R10860|R10907|R13089|R13199
map00030	rn00030	Pentose phosphate pathway	iEC1356_Bl21DE3	iEC55989_1330	0		1	R02035	33	R00756|R00762|R01049|R01051|R01056|R01057|R01066|R01067|R01068|R01521|R01528|R01529|R01538|R01541|R01641|R01737|R01739|R02036|R02736|R02739|R02749|R02750|R05605|R06836|R07147|R08570|R08572|R08575|R10221|R10860|R10907|R13089|R13199
map00030	rn00030	Pentose phosphate pathway	iEC1356_Bl21DE3	iECABU_c1320	0		1	R02035	33	R00756|R00762|R01049|R01051|R01056|R01057|R01066|R01067|R01068|R01521|R01528|R01529|R01538|R01541|R01641|R01737|R01739|R02036|R02736|R02739|R02749|R02750|R05605|R06836|R07147|R08570|R08572|R08575|R10221|R10860|R10907|R13089|R13199
map00030	rn00030	Pentose phosphate pathway	iEC1356_Bl21DE3	iECB_1328	0		1	R02035	33	R00756|R00762|R01049|R01051|R01056|R01057|R01066|R01067|R01068|R01521|R01528|R01529|R01538|R01541|R01641|R01737|R01739|R02036|R02736|R02739|R02749|R02750|R05605|R06836|R07147|R08570|R08572|R08575|R10221|R10860|R10907|R13089|R13199
map00030	rn00030	Pentose phosphate pathway	iEC1356_Bl21DE3	iECDH10B_1368	0		1	R02035	33	R00756|R00762|R01049|R01051|R01056|R01057|R01066|R01067|R01068|R01521|R01528|R01529|R01538|R01541|R01641|R01737|R01739|R02036|R02736|R02739|R02749|R02750|R05605|R06836|R07147|R08570|R08572|R08575|R10221|R10860|R10907|R13089|R13199
map00030	rn00030	Pentose phosphate pathway	iEC1356_Bl21DE3	iECDH1ME8569_1439	0		1	R02035	33	R00756|R00762|R01049|R01051|R01056|R01057|R01066|R01067|R01068|R01521|R01528|R01529|R01538|R01541|R01641|R01737|R01739|R02036|R02736|R02739|R02749|R02750|R05605|R06836|R07147|R08570|R08572|R08575|R10221|R10860|R10907|R13089|R13199
map00030	rn00030	Pentose phosphate pathway	iEC1356_Bl21DE3	iECED1_1282	0		1	R02035	33	R00756|R00762|R01049|R01051|R01056|R01057|R01066|R01067|R01068|R01521|R01528|R01529|R01538|R01541|R01641|R01737|R01739|R02036|R02736|R02739|R02749|R02750|R05605|R06836|R07147|R08570|R08572|R08575|R10221|R10860|R10907|R13089|R13199
map00030	rn00030	Pentose phosphate pathway	iEC1356_Bl21DE3	iECH74115_1262	1	R01538	1	R02035	32	R00756|R00762|R01049|R01051|R01056|R01057|R01066|R01067|R01068|R01521|R01528|R01529|R01541|R01641|R01737|R01739|R02036|R02736|R02739|R02749|R02750|R05605|R06836|R07147|R08570|R08572|R08575|R10221|R10860|R10907|R13089|R13199
map00030	rn00030	Pentose phosphate pathway	iEC1356_Bl21DE3	iECIAI1_1343	0		1	R02035	33	R00756|R00762|R01049|R01051|R01056|R01057|R01066|R01067|R01068|R01521|R01528|R01529|R01538|R01541|R01641|R01737|R01739|R02036|R02736|R02739|R02749|R02750|R05605|R06836|R07147|R08570|R08572|R08575|R10221|R10860|R10907|R13089|R13199
map00030	rn00030	Pentose phosphate pathway	iEC1356_Bl21DE3	iECIAI39_1322	0		1	R02035	33	R00756|R00762|R01049|R01051|R01056|R01057|R01066|R01067|R01068|R01521|R01528|R01529|R01538|R01541|R01641|R01737|R01739|R02036|R02736|R02739|R02749|R02750|R05605|R06836|R07147|R08570|R08572|R08575|R10221|R10860|R10907|R13089|R13199
map00030	rn00030	Pentose phosphate pathway	iEC1356_Bl21DE3	iECNA114_1301	0		1	R02035	33	R00756|R00762|R01049|R01051|R01056|R01057|R01066|R01067|R01068|R01521|R01528|R01529|R01538|R01541|R01641|R01737|R01739|R02036|R02736|R02739|R02749|R02750|R05605|R06836|R07147|R08570|R08572|R08575|R10221|R10860|R10907|R13089|R13199
map00030	rn00030	Pentose phosphate pathway	iEC1356_Bl21DE3	iECO103_1326	0		1	R02035	33	R00756|R00762|R01049|R01051|R01056|R01057|R01066|R01067|R01068|R01521|R01528|R01529|R01538|R01541|R01641|R01737|R01739|R02036|R02736|R02739|R02749|R02750|R05605|R06836|R07147|R08570|R08572|R08575|R10221|R10860|R10907|R13089|R13199
map00030	rn00030	Pentose phosphate pathway	iEC1356_Bl21DE3	iECO111_1330	0		1	R02035	33	R00756|R00762|R01049|R01051|R01056|R01057|R01066|R01067|R01068|R01521|R01528|R01529|R01538|R01541|R01641|R01737|R01739|R02036|R02736|R02739|R02749|R02750|R05605|R06836|R07147|R08570|R08572|R08575|R10221|R10860|R10907|R13089|R13199
map00030	rn00030	Pentose phosphate pathway	iEC1356_Bl21DE3	iECO26_1355	0		1	R02035	33	R00756|R00762|R01049|R01051|R01056|R01057|R01066|R01067|R01068|R01521|R01528|R01529|R01538|R01541|R01641|R01737|R01739|R02036|R02736|R02739|R02749|R02750|R05605|R06836|R07147|R08570|R08572|R08575|R10221|R10860|R10907|R13089|R13199
map00030	rn00030	Pentose phosphate pathway	iEC1356_Bl21DE3	iECOK1_1307	0		1	R02035	33	R00756|R00762|R01049|R01051|R01056|R01057|R01066|R01067|R01068|R01521|R01528|R01529|R01538|R01541|R01641|R01737|R01739|R02036|R02736|R02739|R02749|R02750|R05605|R06836|R07147|R08570|R08572|R08575|R10221|R10860|R10907|R13089|R13199
map00030	rn00030	Pentose phosphate pathway	iEC1356_Bl21DE3	iECP_1309	0		1	R02035	33	R00756|R00762|R01049|R01051|R01056|R01057|R01066|R01067|R01068|R01521|R01528|R01529|R01538|R01541|R01641|R01737|R01739|R02036|R02736|R02739|R02749|R02750|R05605|R06836|R07147|R08570|R08572|R08575|R10221|R10860|R10907|R13089|R13199
map00030	rn00030	Pentose phosphate pathway	iEC1356_Bl21DE3	iECS88_1305	0		1	R02035	33	R00756|R00762|R01049|R01051|R01056|R01057|R01066|R01067|R01068|R01521|R01528|R01529|R01538|R01541|R01641|R01737|R01739|R02036|R02736|R02739|R02749|R02750|R05605|R06836|R07147|R08570|R08572|R08575|R10221|R10860|R10907|R13089|R13199
map00030	rn00030	Pentose phosphate pathway	iEC1356_Bl21DE3	iECSE_1348	0		1	R02035	33	R00756|R00762|R01049|R01051|R01056|R01057|R01066|R01067|R01068|R01521|R01528|R01529|R01538|R01541|R01641|R01737|R01739|R02036|R02736|R02739|R02749|R02750|R05605|R06836|R07147|R08570|R08572|R08575|R10221|R10860|R10907|R13089|R13199
map00030	rn00030	Pentose phosphate pathway	iEC1356_Bl21DE3	iECSF_1327	0		1	R02035	33	R00756|R00762|R01049|R01051|R01056|R01057|R01066|R01067|R01068|R01521|R01528|R01529|R01538|R01541|R01641|R01737|R01739|R02036|R02736|R02739|R02749|R02750|R05605|R06836|R07147|R08570|R08572|R08575|R10221|R10860|R10907|R13089|R13199
map00030	rn00030	Pentose phosphate pathway	iEC1356_Bl21DE3	iECSP_1301	1	R01538	1	R02035	32	R00756|R00762|R01049|R01051|R01056|R01057|R01066|R01067|R01068|R01521|R01528|R01529|R01541|R01641|R01737|R01739|R02036|R02736|R02739|R02749|R02750|R05605|R06836|R07147|R08570|R08572|R08575|R10221|R10860|R10907|R13089|R13199
map00030	rn00030	Pentose phosphate pathway	iEC1356_Bl21DE3	iECUMN_1333	0		1	R02035	33	R00756|R00762|R01049|R01051|R01056|R01057|R01066|R01067|R01068|R01521|R01528|R01529|R01538|R01541|R01641|R01737|R01739|R02036|R02736|R02739|R02749|R02750|R05605|R06836|R07147|R08570|R08572|R08575|R10221|R10860|R10907|R13089|R13199
map00030	rn00030	Pentose phosphate pathway	iEC1356_Bl21DE3	iECW_1372	0		1	R02035	33	R00756|R00762|R01049|R01051|R01056|R01057|R01066|R01067|R01068|R01521|R01528|R01529|R01538|R01541|R01641|R01737|R01739|R02036|R02736|R02739|R02749|R02750|R05605|R06836|R07147|R08570|R08572|R08575|R10221|R10860|R10907|R13089|R13199
map00030	rn00030	Pentose phosphate pathway	iEC1356_Bl21DE3	iECs_1301	1	R01538	1	R02035	32	R00756|R00762|R01049|R01051|R01056|R01057|R01066|R01067|R01068|R01521|R01528|R01529|R01541|R01641|R01737|R01739|R02036|R02736|R02739|R02749|R02750|R05605|R06836|R07147|R08570|R08572|R08575|R10221|R10860|R10907|R13089|R13199
map00030	rn00030	Pentose phosphate pathway	iEC1356_Bl21DE3	iEKO11_1354	2	R01051|R02750	1	R02035	31	R00756|R00762|R01049|R01056|R01057|R01066|R01067|R01068|R01521|R01528|R01529|R01538|R01541|R01641|R01737|R01739|R02036|R02736|R02739|R02749|R05605|R06836|R07147|R08570|R08572|R08575|R10221|R10860|R10907|R13089|R13199
map00030	rn00030	Pentose phosphate pathway	iEC1356_Bl21DE3	iETEC_1333	0		1	R02035	33	R00756|R00762|R01049|R01051|R01056|R01057|R01066|R01067|R01068|R01521|R01528|R01529|R01538|R01541|R01641|R01737|R01739|R02036|R02736|R02739|R02749|R02750|R05605|R06836|R07147|R08570|R08572|R08575|R10221|R10860|R10907|R13089|R13199
map00030	rn00030	Pentose phosphate pathway	iEC1356_Bl21DE3	iEcDH1_1363	0		1	R02035	33	R00756|R00762|R01049|R01051|R01056|R01057|R01066|R01067|R01068|R01521|R01528|R01529|R01538|R01541|R01641|R01737|R01739|R02036|R02736|R02739|R02749|R02750|R05605|R06836|R07147|R08570|R08572|R08575|R10221|R10860|R10907|R13089|R13199
map00030	rn00030	Pentose phosphate pathway	iEC1356_Bl21DE3	iEcE24377_1341	0		1	R02035	33	R00756|R00762|R01049|R01051|R01056|R01057|R01066|R01067|R01068|R01521|R01528|R01529|R01538|R01541|R01641|R01737|R01739|R02036|R02736|R02739|R02749|R02750|R05605|R06836|R07147|R08570|R08572|R08575|R10221|R10860|R10907|R13089|R13199
map00030	rn00030	Pentose phosphate pathway	iEC1356_Bl21DE3	iEcHS_1320	0		1	R02035	33	R00756|R00762|R01049|R01051|R01056|R01057|R01066|R01067|R01068|R01521|R01528|R01529|R01538|R01541|R01641|R01737|R01739|R02036|R02736|R02739|R02749|R02750|R05605|R06836|R07147|R08570|R08572|R08575|R10221|R10860|R10907|R13089|R13199
map00030	rn00030	Pentose phosphate pathway	iEC1356_Bl21DE3	iEcSMS35_1347	0		1	R02035	33	R00756|R00762|R01049|R01051|R01056|R01057|R01066|R01067|R01068|R01521|R01528|R01529|R01538|R01541|R01641|R01737|R01739|R02036|R02736|R02739|R02749|R02750|R05605|R06836|R07147|R08570|R08572|R08575|R10221|R10860|R10907|R13089|R13199
map00030	rn00030	Pentose phosphate pathway	iEC1356_Bl21DE3	iEcolC_1368	0		1	R02035	33	R00756|R00762|R01049|R01051|R01056|R01057|R01066|R01067|R01068|R01521|R01528|R01529|R01538|R01541|R01641|R01737|R01739|R02036|R02736|R02739|R02749|R02750|R05605|R06836|R07147|R08570|R08572|R08575|R10221|R10860|R10907|R13089|R13199
map00030	rn00030	Pentose phosphate pathway	iEC1356_Bl21DE3	iG2583_1286	1	R01538	1	R02035	32	R00756|R00762|R01049|R01051|R01056|R01057|R01066|R01067|R01068|R01521|R01528|R01529|R01541|R01641|R01737|R01739|R02036|R02736|R02739|R02749|R02750|R05605|R06836|R07147|R08570|R08572|R08575|R10221|R10860|R10907|R13089|R13199
map00030	rn00030	Pentose phosphate pathway	iEC1356_Bl21DE3	iJO1366	0		1	R02035	33	R00756|R00762|R01049|R01051|R01056|R01057|R01066|R01067|R01068|R01521|R01528|R01529|R01538|R01541|R01641|R01737|R01739|R02036|R02736|R02739|R02749|R02750|R05605|R06836|R07147|R08570|R08572|R08575|R10221|R10860|R10907|R13089|R13199
map00030	rn00030	Pentose phosphate pathway	iEC1356_Bl21DE3	iJR904	2	R06836|R13089	1	R02035	31	R00756|R00762|R01049|R01051|R01056|R01057|R01066|R01067|R01068|R01521|R01528|R01529|R01538|R01541|R01641|R01737|R01739|R02036|R02736|R02739|R02749|R02750|R05605|R07147|R08570|R08572|R08575|R10221|R10860|R10907|R13199
map00030	rn00030	Pentose phosphate pathway	iEC1356_Bl21DE3	iLF82_1304	0		1	R02035	33	R00756|R00762|R01049|R01051|R01056|R01057|R01066|R01067|R01068|R01521|R01528|R01529|R01538|R01541|R01641|R01737|R01739|R02036|R02736|R02739|R02749|R02750|R05605|R06836|R07147|R08570|R08572|R08575|R10221|R10860|R10907|R13089|R13199
map00030	rn00030	Pentose phosphate pathway	iEC1356_Bl21DE3	iML1515	0		1	R02035	33	R00756|R00762|R01049|R01051|R01056|R01057|R01066|R01067|R01068|R01521|R01528|R01529|R01538|R01541|R01641|R01737|R01739|R02036|R02736|R02739|R02749|R02750|R05605|R06836|R07147|R08570|R08572|R08575|R10221|R10860|R10907|R13089|R13199
map00030	rn00030	Pentose phosphate pathway	iEC1356_Bl21DE3	iNRG857_1313	0		1	R02035	33	R00756|R00762|R01049|R01051|R01056|R01057|R01066|R01067|R01068|R01521|R01528|R01529|R01538|R01541|R01641|R01737|R01739|R02036|R02736|R02739|R02749|R02750|R05605|R06836|R07147|R08570|R08572|R08575|R10221|R10860|R10907|R13089|R13199
map00030	rn00030	Pentose phosphate pathway	iEC1356_Bl21DE3	iUMN146_1321	0		1	R02035	33	R00756|R00762|R01049|R01051|R01056|R01057|R01066|R01067|R01068|R01521|R01528|R01529|R01538|R01541|R01641|R01737|R01739|R02036|R02736|R02739|R02749|R02750|R05605|R06836|R07147|R08570|R08572|R08575|R10221|R10860|R10907|R13089|R13199
map00030	rn00030	Pentose phosphate pathway	iEC1356_Bl21DE3	iUMNK88_1353	0		1	R02035	33	R00756|R00762|R01049|R01051|R01056|R01057|R01066|R01067|R01068|R01521|R01528|R01529|R01538|R01541|R01641|R01737|R01739|R02036|R02736|R02739|R02749|R02750|R05605|R06836|R07147|R08570|R08572|R08575|R10221|R10860|R10907|R13089|R13199
map00030	rn00030	Pentose phosphate pathway	iEC1356_Bl21DE3	iUTI89_1310	0		1	R02035	33	R00756|R00762|R01049|R01051|R01056|R01057|R01066|R01067|R01068|R01521|R01528|R01529|R01538|R01541|R01641|R01737|R01739|R02036|R02736|R02739|R02749|R02750|R05605|R06836|R07147|R08570|R08572|R08575|R10221|R10860|R10907|R13089|R13199
map00030	rn00030	Pentose phosphate pathway	iEC1356_Bl21DE3	iWFL_1372	0		1	R02035	33	R00756|R00762|R01049|R01051|R01056|R01057|R01066|R01067|R01068|R01521|R01528|R01529|R01538|R01541|R01641|R01737|R01739|R02036|R02736|R02739|R02749|R02750|R05605|R06836|R07147|R08570|R08572|R08575|R10221|R10860|R10907|R13089|R13199
map00030	rn00030	Pentose phosphate pathway	iEC1356_Bl21DE3	iY75_1357	0		1	R02035	33	R00756|R00762|R01049|R01051|R01056|R01057|R01066|R01067|R01068|R01521|R01528|R01529|R01538|R01541|R01641|R01737|R01739|R02036|R02736|R02739|R02749|R02750|R05605|R06836|R07147|R08570|R08572|R08575|R10221|R10860|R10907|R13089|R13199
map00030	rn00030	Pentose phosphate pathway	iEC1356_Bl21DE3	iZ_1308	1	R01538	1	R02035	32	R00756|R00762|R01049|R01051|R01056|R01057|R01066|R01067|R01068|R01521|R01528|R01529|R01541|R01641|R01737|R01739|R02036|R02736|R02739|R02749|R02750|R05605|R06836|R07147|R08570|R08572|R08575|R10221|R10860|R10907|R13089|R13199
map00030	rn00030	Pentose phosphate pathway	iEC1356_Bl21DE3	ic_1306	0		1	R02035	33	R00756|R00762|R01049|R01051|R01056|R01057|R01066|R01067|R01068|R01521|R01528|R01529|R01538|R01541|R01641|R01737|R01739|R02036|R02736|R02739|R02749|R02750|R05605|R06836|R07147|R08570|R08572|R08575|R10221|R10860|R10907|R13089|R13199
map00030	rn00030	Pentose phosphate pathway	iEC1364_W	iEC1368_DH5a	2	R02032|R02034	2	R01051|R02750	32	R00756|R00762|R01049|R01056|R01057|R01066|R01067|R01068|R01521|R01528|R01529|R01538|R01541|R01641|R01737|R01739|R02035|R02036|R02736|R02739|R02749|R05605|R06836|R07147|R08570|R08572|R08575|R10221|R10860|R10907|R13089|R13199
map00030	rn00030	Pentose phosphate pathway	iEC1364_W	iEC1372_W3110	2	R02032|R02034	2	R01051|R02750	32	R00756|R00762|R01049|R01056|R01057|R01066|R01067|R01068|R01521|R01528|R01529|R01538|R01541|R01641|R01737|R01739|R02035|R02036|R02736|R02739|R02749|R05605|R06836|R07147|R08570|R08572|R08575|R10221|R10860|R10907|R13089|R13199
map00030	rn00030	Pentose phosphate pathway	iEC1364_W	iEC55989_1330	2	R02032|R02034	2	R01051|R02750	32	R00756|R00762|R01049|R01056|R01057|R01066|R01067|R01068|R01521|R01528|R01529|R01538|R01541|R01641|R01737|R01739|R02035|R02036|R02736|R02739|R02749|R05605|R06836|R07147|R08570|R08572|R08575|R10221|R10860|R10907|R13089|R13199
map00030	rn00030	Pentose phosphate pathway	iEC1364_W	iECABU_c1320	2	R02032|R02034	2	R01051|R02750	32	R00756|R00762|R01049|R01056|R01057|R01066|R01067|R01068|R01521|R01528|R01529|R01538|R01541|R01641|R01737|R01739|R02035|R02036|R02736|R02739|R02749|R05605|R06836|R07147|R08570|R08572|R08575|R10221|R10860|R10907|R13089|R13199
map00030	rn00030	Pentose phosphate pathway	iEC1364_W	iECBD_1354	3	R02032|R02034|R02035	2	R01051|R02750	31	R00756|R00762|R01049|R01056|R01057|R01066|R01067|R01068|R01521|R01528|R01529|R01538|R01541|R01641|R01737|R01739|R02036|R02736|R02739|R02749|R05605|R06836|R07147|R08570|R08572|R08575|R10221|R10860|R10907|R13089|R13199
map00030	rn00030	Pentose phosphate pathway	iEC1364_W	iECB_1328	2	R02032|R02034	2	R01051|R02750	32	R00756|R00762|R01049|R01056|R01057|R01066|R01067|R01068|R01521|R01528|R01529|R01538|R01541|R01641|R01737|R01739|R02035|R02036|R02736|R02739|R02749|R05605|R06836|R07147|R08570|R08572|R08575|R10221|R10860|R10907|R13089|R13199
map00030	rn00030	Pentose phosphate pathway	iEC1364_W	iECDH10B_1368	2	R02032|R02034	2	R01051|R02750	32	R00756|R00762|R01049|R01056|R01057|R01066|R01067|R01068|R01521|R01528|R01529|R01538|R01541|R01641|R01737|R01739|R02035|R02036|R02736|R02739|R02749|R05605|R06836|R07147|R08570|R08572|R08575|R10221|R10860|R10907|R13089|R13199
map00030	rn00030	Pentose phosphate pathway	iEC1364_W	iECDH1ME8569_1439	2	R02032|R02034	2	R01051|R02750	32	R00756|R00762|R01049|R01056|R01057|R01066|R01067|R01068|R01521|R01528|R01529|R01538|R01541|R01641|R01737|R01739|R02035|R02036|R02736|R02739|R02749|R05605|R06836|R07147|R08570|R08572|R08575|R10221|R10860|R10907|R13089|R13199
map00030	rn00030	Pentose phosphate pathway	iEC1364_W	iECD_1391	3	R02032|R02034|R02035	2	R01051|R02750	31	R00756|R00762|R01049|R01056|R01057|R01066|R01067|R01068|R01521|R01528|R01529|R01538|R01541|R01641|R01737|R01739|R02036|R02736|R02739|R02749|R05605|R06836|R07147|R08570|R08572|R08575|R10221|R10860|R10907|R13089|R13199
map00030	rn00030	Pentose phosphate pathway	iEC1364_W	iECED1_1282	2	R02032|R02034	2	R01051|R02750	32	R00756|R00762|R01049|R01056|R01057|R01066|R01067|R01068|R01521|R01528|R01529|R01538|R01541|R01641|R01737|R01739|R02035|R02036|R02736|R02739|R02749|R05605|R06836|R07147|R08570|R08572|R08575|R10221|R10860|R10907|R13089|R13199
map00030	rn00030	Pentose phosphate pathway	iEC1364_W	iECH74115_1262	3	R01538|R02032|R02034	2	R01051|R02750	31	R00756|R00762|R01049|R01056|R01057|R01066|R01067|R01068|R01521|R01528|R01529|R01541|R01641|R01737|R01739|R02035|R02036|R02736|R02739|R02749|R05605|R06836|R07147|R08570|R08572|R08575|R10221|R10860|R10907|R13089|R13199
map00030	rn00030	Pentose phosphate pathway	iEC1364_W	iECIAI1_1343	2	R02032|R02034	2	R01051|R02750	32	R00756|R00762|R01049|R01056|R01057|R01066|R01067|R01068|R01521|R01528|R01529|R01538|R01541|R01641|R01737|R01739|R02035|R02036|R02736|R02739|R02749|R05605|R06836|R07147|R08570|R08572|R08575|R10221|R10860|R10907|R13089|R13199
map00030	rn00030	Pentose phosphate pathway	iEC1364_W	iECIAI39_1322	2	R02032|R02034	2	R01051|R02750	32	R00756|R00762|R01049|R01056|R01057|R01066|R01067|R01068|R01521|R01528|R01529|R01538|R01541|R01641|R01737|R01739|R02035|R02036|R02736|R02739|R02749|R05605|R06836|R07147|R08570|R08572|R08575|R10221|R10860|R10907|R13089|R13199
map00030	rn00030	Pentose phosphate pathway	iEC1364_W	iECNA114_1301	2	R02032|R02034	2	R01051|R02750	32	R00756|R00762|R01049|R01056|R01057|R01066|R01067|R01068|R01521|R01528|R01529|R01538|R01541|R01641|R01737|R01739|R02035|R02036|R02736|R02739|R02749|R05605|R06836|R07147|R08570|R08572|R08575|R10221|R10860|R10907|R13089|R13199
map00030	rn00030	Pentose phosphate pathway	iEC1364_W	iECO103_1326	2	R02032|R02034	2	R01051|R02750	32	R00756|R00762|R01049|R01056|R01057|R01066|R01067|R01068|R01521|R01528|R01529|R01538|R01541|R01641|R01737|R01739|R02035|R02036|R02736|R02739|R02749|R05605|R06836|R07147|R08570|R08572|R08575|R10221|R10860|R10907|R13089|R13199
map00030	rn00030	Pentose phosphate pathway	iEC1364_W	iECO111_1330	2	R02032|R02034	2	R01051|R02750	32	R00756|R00762|R01049|R01056|R01057|R01066|R01067|R01068|R01521|R01528|R01529|R01538|R01541|R01641|R01737|R01739|R02035|R02036|R02736|R02739|R02749|R05605|R06836|R07147|R08570|R08572|R08575|R10221|R10860|R10907|R13089|R13199
map00030	rn00030	Pentose phosphate pathway	iEC1364_W	iECO26_1355	2	R02032|R02034	2	R01051|R02750	32	R00756|R00762|R01049|R01056|R01057|R01066|R01067|R01068|R01521|R01528|R01529|R01538|R01541|R01641|R01737|R01739|R02035|R02036|R02736|R02739|R02749|R05605|R06836|R07147|R08570|R08572|R08575|R10221|R10860|R10907|R13089|R13199
map00030	rn00030	Pentose phosphate pathway	iEC1364_W	iECOK1_1307	2	R02032|R02034	2	R01051|R02750	32	R00756|R00762|R01049|R01056|R01057|R01066|R01067|R01068|R01521|R01528|R01529|R01538|R01541|R01641|R01737|R01739|R02035|R02036|R02736|R02739|R02749|R05605|R06836|R07147|R08570|R08572|R08575|R10221|R10860|R10907|R13089|R13199
map00030	rn00030	Pentose phosphate pathway	iEC1364_W	iECP_1309	2	R02032|R02034	2	R01051|R02750	32	R00756|R00762|R01049|R01056|R01057|R01066|R01067|R01068|R01521|R01528|R01529|R01538|R01541|R01641|R01737|R01739|R02035|R02036|R02736|R02739|R02749|R05605|R06836|R07147|R08570|R08572|R08575|R10221|R10860|R10907|R13089|R13199
map00030	rn00030	Pentose phosphate pathway	iEC1364_W	iECS88_1305	2	R02032|R02034	2	R01051|R02750	32	R00756|R00762|R01049|R01056|R01057|R01066|R01067|R01068|R01521|R01528|R01529|R01538|R01541|R01641|R01737|R01739|R02035|R02036|R02736|R02739|R02749|R05605|R06836|R07147|R08570|R08572|R08575|R10221|R10860|R10907|R13089|R13199
map00030	rn00030	Pentose phosphate pathway	iEC1364_W	iECSE_1348	2	R02032|R02034	2	R01051|R02750	32	R00756|R00762|R01049|R01056|R01057|R01066|R01067|R01068|R01521|R01528|R01529|R01538|R01541|R01641|R01737|R01739|R02035|R02036|R02736|R02739|R02749|R05605|R06836|R07147|R08570|R08572|R08575|R10221|R10860|R10907|R13089|R13199
map00030	rn00030	Pentose phosphate pathway	iEC1364_W	iECSF_1327	2	R02032|R02034	2	R01051|R02750	32	R00756|R00762|R01049|R01056|R01057|R01066|R01067|R01068|R01521|R01528|R01529|R01538|R01541|R01641|R01737|R01739|R02035|R02036|R02736|R02739|R02749|R05605|R06836|R07147|R08570|R08572|R08575|R10221|R10860|R10907|R13089|R13199
map00030	rn00030	Pentose phosphate pathway	iEC1364_W	iECSP_1301	3	R01538|R02032|R02034	2	R01051|R02750	31	R00756|R00762|R01049|R01056|R01057|R01066|R01067|R01068|R01521|R01528|R01529|R01541|R01641|R01737|R01739|R02035|R02036|R02736|R02739|R02749|R05605|R06836|R07147|R08570|R08572|R08575|R10221|R10860|R10907|R13089|R13199
map00030	rn00030	Pentose phosphate pathway	iEC1364_W	iECUMN_1333	2	R02032|R02034	2	R01051|R02750	32	R00756|R00762|R01049|R01056|R01057|R01066|R01067|R01068|R01521|R01528|R01529|R01538|R01541|R01641|R01737|R01739|R02035|R02036|R02736|R02739|R02749|R05605|R06836|R07147|R08570|R08572|R08575|R10221|R10860|R10907|R13089|R13199
map00030	rn00030	Pentose phosphate pathway	iEC1364_W	iECW_1372	2	R02032|R02034	2	R01051|R02750	32	R00756|R00762|R01049|R01056|R01057|R01066|R01067|R01068|R01521|R01528|R01529|R01538|R01541|R01641|R01737|R01739|R02035|R02036|R02736|R02739|R02749|R05605|R06836|R07147|R08570|R08572|R08575|R10221|R10860|R10907|R13089|R13199
map00030	rn00030	Pentose phosphate pathway	iEC1364_W	iECs_1301	3	R01538|R02032|R02034	2	R01051|R02750	31	R00756|R00762|R01049|R01056|R01057|R01066|R01067|R01068|R01521|R01528|R01529|R01541|R01641|R01737|R01739|R02035|R02036|R02736|R02739|R02749|R05605|R06836|R07147|R08570|R08572|R08575|R10221|R10860|R10907|R13089|R13199
map00030	rn00030	Pentose phosphate pathway	iEC1364_W	iEKO11_1354	2	R02032|R02034	0		32	R00756|R00762|R01049|R01056|R01057|R01066|R01067|R01068|R01521|R01528|R01529|R01538|R01541|R01641|R01737|R01739|R02035|R02036|R02736|R02739|R02749|R05605|R06836|R07147|R08570|R08572|R08575|R10221|R10860|R10907|R13089|R13199
map00030	rn00030	Pentose phosphate pathway	iEC1364_W	iETEC_1333	2	R02032|R02034	2	R01051|R02750	32	R00756|R00762|R01049|R01056|R01057|R01066|R01067|R01068|R01521|R01528|R01529|R01538|R01541|R01641|R01737|R01739|R02035|R02036|R02736|R02739|R02749|R05605|R06836|R07147|R08570|R08572|R08575|R10221|R10860|R10907|R13089|R13199
map00030	rn00030	Pentose phosphate pathway	iEC1364_W	iEcDH1_1363	2	R02032|R02034	2	R01051|R02750	32	R00756|R00762|R01049|R01056|R01057|R01066|R01067|R01068|R01521|R01528|R01529|R01538|R01541|R01641|R01737|R01739|R02035|R02036|R02736|R02739|R02749|R05605|R06836|R07147|R08570|R08572|R08575|R10221|R10860|R10907|R13089|R13199
map00030	rn00030	Pentose phosphate pathway	iEC1364_W	iEcE24377_1341	2	R02032|R02034	2	R01051|R02750	32	R00756|R00762|R01049|R01056|R01057|R01066|R01067|R01068|R01521|R01528|R01529|R01538|R01541|R01641|R01737|R01739|R02035|R02036|R02736|R02739|R02749|R05605|R06836|R07147|R08570|R08572|R08575|R10221|R10860|R10907|R13089|R13199
map00030	rn00030	Pentose phosphate pathway	iEC1364_W	iEcHS_1320	2	R02032|R02034	2	R01051|R02750	32	R00756|R00762|R01049|R01056|R01057|R01066|R01067|R01068|R01521|R01528|R01529|R01538|R01541|R01641|R01737|R01739|R02035|R02036|R02736|R02739|R02749|R05605|R06836|R07147|R08570|R08572|R08575|R10221|R10860|R10907|R13089|R13199
map00030	rn00030	Pentose phosphate pathway	iEC1364_W	iEcSMS35_1347	2	R02032|R02034	2	R01051|R02750	32	R00756|R00762|R01049|R01056|R01057|R01066|R01067|R01068|R01521|R01528|R01529|R01538|R01541|R01641|R01737|R01739|R02035|R02036|R02736|R02739|R02749|R05605|R06836|R07147|R08570|R08572|R08575|R10221|R10860|R10907|R13089|R13199
map00030	rn00030	Pentose phosphate pathway	iEC1364_W	iEcolC_1368	2	R02032|R02034	2	R01051|R02750	32	R00756|R00762|R01049|R01056|R01057|R01066|R01067|R01068|R01521|R01528|R01529|R01538|R01541|R01641|R01737|R01739|R02035|R02036|R02736|R02739|R02749|R05605|R06836|R07147|R08570|R08572|R08575|R10221|R10860|R10907|R13089|R13199
map00030	rn00030	Pentose phosphate pathway	iEC1364_W	iG2583_1286	3	R01538|R02032|R02034	2	R01051|R02750	31	R00756|R00762|R01049|R01056|R01057|R01066|R01067|R01068|R01521|R01528|R01529|R01541|R01641|R01737|R01739|R02035|R02036|R02736|R02739|R02749|R05605|R06836|R07147|R08570|R08572|R08575|R10221|R10860|R10907|R13089|R13199
map00030	rn00030	Pentose phosphate pathway	iEC1364_W	iJO1366	2	R02032|R02034	2	R01051|R02750	32	R00756|R00762|R01049|R01056|R01057|R01066|R01067|R01068|R01521|R01528|R01529|R01538|R01541|R01641|R01737|R01739|R02035|R02036|R02736|R02739|R02749|R05605|R06836|R07147|R08570|R08572|R08575|R10221|R10860|R10907|R13089|R13199
map00030	rn00030	Pentose phosphate pathway	iEC1364_W	iJR904	4	R02032|R02034|R06836|R13089	2	R01051|R02750	30	R00756|R00762|R01049|R01056|R01057|R01066|R01067|R01068|R01521|R01528|R01529|R01538|R01541|R01641|R01737|R01739|R02035|R02036|R02736|R02739|R02749|R05605|R07147|R08570|R08572|R08575|R10221|R10860|R10907|R13199
map00030	rn00030	Pentose phosphate pathway	iEC1364_W	iLF82_1304	2	R02032|R02034	2	R01051|R02750	32	R00756|R00762|R01049|R01056|R01057|R01066|R01067|R01068|R01521|R01528|R01529|R01538|R01541|R01641|R01737|R01739|R02035|R02036|R02736|R02739|R02749|R05605|R06836|R07147|R08570|R08572|R08575|R10221|R10860|R10907|R13089|R13199
map00030	rn00030	Pentose phosphate pathway	iEC1364_W	iML1515	2	R02032|R02034	2	R01051|R02750	32	R00756|R00762|R01049|R01056|R01057|R01066|R01067|R01068|R01521|R01528|R01529|R01538|R01541|R01641|R01737|R01739|R02035|R02036|R02736|R02739|R02749|R05605|R06836|R07147|R08570|R08572|R08575|R10221|R10860|R10907|R13089|R13199
map00030	rn00030	Pentose phosphate pathway	iEC1364_W	iNRG857_1313	2	R02032|R02034	2	R01051|R02750	32	R00756|R00762|R01049|R01056|R01057|R01066|R01067|R01068|R01521|R01528|R01529|R01538|R01541|R01641|R01737|R01739|R02035|R02036|R02736|R02739|R02749|R05605|R06836|R07147|R08570|R08572|R08575|R10221|R10860|R10907|R13089|R13199
map00030	rn00030	Pentose phosphate pathway	iEC1364_W	iUMN146_1321	2	R02032|R02034	2	R01051|R02750	32	R00756|R00762|R01049|R01056|R01057|R01066|R01067|R01068|R01521|R01528|R01529|R01538|R01541|R01641|R01737|R01739|R02035|R02036|R02736|R02739|R02749|R05605|R06836|R07147|R08570|R08572|R08575|R10221|R10860|R10907|R13089|R13199
map00030	rn00030	Pentose phosphate pathway	iEC1364_W	iUMNK88_1353	2	R02032|R02034	2	R01051|R02750	32	R00756|R00762|R01049|R01056|R01057|R01066|R01067|R01068|R01521|R01528|R01529|R01538|R01541|R01641|R01737|R01739|R02035|R02036|R02736|R02739|R02749|R05605|R06836|R07147|R08570|R08572|R08575|R10221|R10860|R10907|R13089|R13199
map00030	rn00030	Pentose phosphate pathway	iEC1364_W	iUTI89_1310	2	R02032|R02034	2	R01051|R02750	32	R00756|R00762|R01049|R01056|R01057|R01066|R01067|R01068|R01521|R01528|R01529|R01538|R01541|R01641|R01737|R01739|R02035|R02036|R02736|R02739|R02749|R05605|R06836|R07147|R08570|R08572|R08575|R10221|R10860|R10907|R13089|R13199
map00030	rn00030	Pentose phosphate pathway	iEC1364_W	iWFL_1372	2	R02032|R02034	2	R01051|R02750	32	R00756|R00762|R01049|R01056|R01057|R01066|R01067|R01068|R01521|R01528|R01529|R01538|R01541|R01641|R01737|R01739|R02035|R02036|R02736|R02739|R02749|R05605|R06836|R07147|R08570|R08572|R08575|R10221|R10860|R10907|R13089|R13199
map00030	rn00030	Pentose phosphate pathway	iEC1364_W	iY75_1357	2	R02032|R02034	2	R01051|R02750	32	R00756|R00762|R01049|R01056|R01057|R01066|R01067|R01068|R01521|R01528|R01529|R01538|R01541|R01641|R01737|R01739|R02035|R02036|R02736|R02739|R02749|R05605|R06836|R07147|R08570|R08572|R08575|R10221|R10860|R10907|R13089|R13199
map00030	rn00030	Pentose phosphate pathway	iEC1364_W	iZ_1308	3	R01538|R02032|R02034	2	R01051|R02750	31	R00756|R00762|R01049|R01056|R01057|R01066|R01067|R01068|R01521|R01528|R01529|R01541|R01641|R01737|R01739|R02035|R02036|R02736|R02739|R02749|R05605|R06836|R07147|R08570|R08572|R08575|R10221|R10860|R10907|R13089|R13199
map00030	rn00030	Pentose phosphate pathway	iEC1364_W	ic_1306	2	R02032|R02034	2	R01051|R02750	32	R00756|R00762|R01049|R01056|R01057|R01066|R01067|R01068|R01521|R01528|R01529|R01538|R01541|R01641|R01737|R01739|R02035|R02036|R02736|R02739|R02749|R05605|R06836|R07147|R08570|R08572|R08575|R10221|R10860|R10907|R13089|R13199
map00030	rn00030	Pentose phosphate pathway	iEC1368_DH5a	iECBD_1354	1	R02035	0		33	R00756|R00762|R01049|R01051|R01056|R01057|R01066|R01067|R01068|R01521|R01528|R01529|R01538|R01541|R01641|R01737|R01739|R02036|R02736|R02739|R02749|R02750|R05605|R06836|R07147|R08570|R08572|R08575|R10221|R10860|R10907|R13089|R13199
map00030	rn00030	Pentose phosphate pathway	iEC1368_DH5a	iECD_1391	1	R02035	0		33	R00756|R00762|R01049|R01051|R01056|R01057|R01066|R01067|R01068|R01521|R01528|R01529|R01538|R01541|R01641|R01737|R01739|R02036|R02736|R02739|R02749|R02750|R05605|R06836|R07147|R08570|R08572|R08575|R10221|R10860|R10907|R13089|R13199
map00030	rn00030	Pentose phosphate pathway	iEC1368_DH5a	iECH74115_1262	1	R01538	0		33	R00756|R00762|R01049|R01051|R01056|R01057|R01066|R01067|R01068|R01521|R01528|R01529|R01541|R01641|R01737|R01739|R02035|R02036|R02736|R02739|R02749|R02750|R05605|R06836|R07147|R08570|R08572|R08575|R10221|R10860|R10907|R13089|R13199
map00030	rn00030	Pentose phosphate pathway	iEC1368_DH5a	iECSP_1301	1	R01538	0		33	R00756|R00762|R01049|R01051|R01056|R01057|R01066|R01067|R01068|R01521|R01528|R01529|R01541|R01641|R01737|R01739|R02035|R02036|R02736|R02739|R02749|R02750|R05605|R06836|R07147|R08570|R08572|R08575|R10221|R10860|R10907|R13089|R13199
map00030	rn00030	Pentose phosphate pathway	iEC1368_DH5a	iECs_1301	1	R01538	0		33	R00756|R00762|R01049|R01051|R01056|R01057|R01066|R01067|R01068|R01521|R01528|R01529|R01541|R01641|R01737|R01739|R02035|R02036|R02736|R02739|R02749|R02750|R05605|R06836|R07147|R08570|R08572|R08575|R10221|R10860|R10907|R13089|R13199
map00030	rn00030	Pentose phosphate pathway	iEC1368_DH5a	iEKO11_1354	2	R01051|R02750	0		32	R00756|R00762|R01049|R01056|R01057|R01066|R01067|R01068|R01521|R01528|R01529|R01538|R01541|R01641|R01737|R01739|R02035|R02036|R02736|R02739|R02749|R05605|R06836|R07147|R08570|R08572|R08575|R10221|R10860|R10907|R13089|R13199
map00030	rn00030	Pentose phosphate pathway	iEC1368_DH5a	iG2583_1286	1	R01538	0		33	R00756|R00762|R01049|R01051|R01056|R01057|R01066|R01067|R01068|R01521|R01528|R01529|R01541|R01641|R01737|R01739|R02035|R02036|R02736|R02739|R02749|R02750|R05605|R06836|R07147|R08570|R08572|R08575|R10221|R10860|R10907|R13089|R13199
map00030	rn00030	Pentose phosphate pathway	iEC1368_DH5a	iJR904	2	R06836|R13089	0		32	R00756|R00762|R01049|R01051|R01056|R01057|R01066|R01067|R01068|R01521|R01528|R01529|R01538|R01541|R01641|R01737|R01739|R02035|R02036|R02736|R02739|R02749|R02750|R05605|R07147|R08570|R08572|R08575|R10221|R10860|R10907|R13199
map00030	rn00030	Pentose phosphate pathway	iEC1368_DH5a	iZ_1308	1	R01538	0		33	R00756|R00762|R01049|R01051|R01056|R01057|R01066|R01067|R01068|R01521|R01528|R01529|R01541|R01641|R01737|R01739|R02035|R02036|R02736|R02739|R02749|R02750|R05605|R06836|R07147|R08570|R08572|R08575|R10221|R10860|R10907|R13089|R13199
map00030	rn00030	Pentose phosphate pathway	iEC1372_W3110	iECBD_1354	1	R02035	0		33	R00756|R00762|R01049|R01051|R01056|R01057|R01066|R01067|R01068|R01521|R01528|R01529|R01538|R01541|R01641|R01737|R01739|R02036|R02736|R02739|R02749|R02750|R05605|R06836|R07147|R08570|R08572|R08575|R10221|R10860|R10907|R13089|R13199
map00030	rn00030	Pentose phosphate pathway	iEC1372_W3110	iECD_1391	1	R02035	0		33	R00756|R00762|R01049|R01051|R01056|R01057|R01066|R01067|R01068|R01521|R01528|R01529|R01538|R01541|R01641|R01737|R01739|R02036|R02736|R02739|R02749|R02750|R05605|R06836|R07147|R08570|R08572|R08575|R10221|R10860|R10907|R13089|R13199
map00030	rn00030	Pentose phosphate pathway	iEC1372_W3110	iECH74115_1262	1	R01538	0		33	R00756|R00762|R01049|R01051|R01056|R01057|R01066|R01067|R01068|R01521|R01528|R01529|R01541|R01641|R01737|R01739|R02035|R02036|R02736|R02739|R02749|R02750|R05605|R06836|R07147|R08570|R08572|R08575|R10221|R10860|R10907|R13089|R13199
map00030	rn00030	Pentose phosphate pathway	iEC1372_W3110	iECSP_1301	1	R01538	0		33	R00756|R00762|R01049|R01051|R01056|R01057|R01066|R01067|R01068|R01521|R01528|R01529|R01541|R01641|R01737|R01739|R02035|R02036|R02736|R02739|R02749|R02750|R05605|R06836|R07147|R08570|R08572|R08575|R10221|R10860|R10907|R13089|R13199
map00030	rn00030	Pentose phosphate pathway	iEC1372_W3110	iECs_1301	1	R01538	0		33	R00756|R00762|R01049|R01051|R01056|R01057|R01066|R01067|R01068|R01521|R01528|R01529|R01541|R01641|R01737|R01739|R02035|R02036|R02736|R02739|R02749|R02750|R05605|R06836|R07147|R08570|R08572|R08575|R10221|R10860|R10907|R13089|R13199
map00030	rn00030	Pentose phosphate pathway	iEC1372_W3110	iEKO11_1354	2	R01051|R02750	0		32	R00756|R00762|R01049|R01056|R01057|R01066|R01067|R01068|R01521|R01528|R01529|R01538|R01541|R01641|R01737|R01739|R02035|R02036|R02736|R02739|R02749|R05605|R06836|R07147|R08570|R08572|R08575|R10221|R10860|R10907|R13089|R13199
map00030	rn00030	Pentose phosphate pathway	iEC1372_W3110	iG2583_1286	1	R01538	0		33	R00756|R00762|R01049|R01051|R01056|R01057|R01066|R01067|R01068|R01521|R01528|R01529|R01541|R01641|R01737|R01739|R02035|R02036|R02736|R02739|R02749|R02750|R05605|R06836|R07147|R08570|R08572|R08575|R10221|R10860|R10907|R13089|R13199
map00030	rn00030	Pentose phosphate pathway	iEC1372_W3110	iJR904	2	R06836|R13089	0		32	R00756|R00762|R01049|R01051|R01056|R01057|R01066|R01067|R01068|R01521|R01528|R01529|R01538|R01541|R01641|R01737|R01739|R02035|R02036|R02736|R02739|R02749|R02750|R05605|R07147|R08570|R08572|R08575|R10221|R10860|R10907|R13199
map00030	rn00030	Pentose phosphate pathway	iEC1372_W3110	iZ_1308	1	R01538	0		33	R00756|R00762|R01049|R01051|R01056|R01057|R01066|R01067|R01068|R01521|R01528|R01529|R01541|R01641|R01737|R01739|R02035|R02036|R02736|R02739|R02749|R02750|R05605|R06836|R07147|R08570|R08572|R08575|R10221|R10860|R10907|R13089|R13199
map00030	rn00030	Pentose phosphate pathway	iEC55989_1330	iECBD_1354	1	R02035	0		33	R00756|R00762|R01049|R01051|R01056|R01057|R01066|R01067|R01068|R01521|R01528|R01529|R01538|R01541|R01641|R01737|R01739|R02036|R02736|R02739|R02749|R02750|R05605|R06836|R07147|R08570|R08572|R08575|R10221|R10860|R10907|R13089|R13199
map00030	rn00030	Pentose phosphate pathway	iEC55989_1330	iECD_1391	1	R02035	0		33	R00756|R00762|R01049|R01051|R01056|R01057|R01066|R01067|R01068|R01521|R01528|R01529|R01538|R01541|R01641|R01737|R01739|R02036|R02736|R02739|R02749|R02750|R05605|R06836|R07147|R08570|R08572|R08575|R10221|R10860|R10907|R13089|R13199
map00030	rn00030	Pentose phosphate pathway	iEC55989_1330	iECH74115_1262	1	R01538	0		33	R00756|R00762|R01049|R01051|R01056|R01057|R01066|R01067|R01068|R01521|R01528|R01529|R01541|R01641|R01737|R01739|R02035|R02036|R02736|R02739|R02749|R02750|R05605|R06836|R07147|R08570|R08572|R08575|R10221|R10860|R10907|R13089|R13199
map00030	rn00030	Pentose phosphate pathway	iEC55989_1330	iECSP_1301	1	R01538	0		33	R00756|R00762|R01049|R01051|R01056|R01057|R01066|R01067|R01068|R01521|R01528|R01529|R01541|R01641|R01737|R01739|R02035|R02036|R02736|R02739|R02749|R02750|R05605|R06836|R07147|R08570|R08572|R08575|R10221|R10860|R10907|R13089|R13199
map00030	rn00030	Pentose phosphate pathway	iEC55989_1330	iECs_1301	1	R01538	0		33	R00756|R00762|R01049|R01051|R01056|R01057|R01066|R01067|R01068|R01521|R01528|R01529|R01541|R01641|R01737|R01739|R02035|R02036|R02736|R02739|R02749|R02750|R05605|R06836|R07147|R08570|R08572|R08575|R10221|R10860|R10907|R13089|R13199
map00030	rn00030	Pentose phosphate pathway	iEC55989_1330	iEKO11_1354	2	R01051|R02750	0		32	R00756|R00762|R01049|R01056|R01057|R01066|R01067|R01068|R01521|R01528|R01529|R01538|R01541|R01641|R01737|R01739|R02035|R02036|R02736|R02739|R02749|R05605|R06836|R07147|R08570|R08572|R08575|R10221|R10860|R10907|R13089|R13199
map00030	rn00030	Pentose phosphate pathway	iEC55989_1330	iG2583_1286	1	R01538	0		33	R00756|R00762|R01049|R01051|R01056|R01057|R01066|R01067|R01068|R01521|R01528|R01529|R01541|R01641|R01737|R01739|R02035|R02036|R02736|R02739|R02749|R02750|R05605|R06836|R07147|R08570|R08572|R08575|R10221|R10860|R10907|R13089|R13199
map00030	rn00030	Pentose phosphate pathway	iEC55989_1330	iJR904	2	R06836|R13089	0		32	R00756|R00762|R01049|R01051|R01056|R01057|R01066|R01067|R01068|R01521|R01528|R01529|R01538|R01541|R01641|R01737|R01739|R02035|R02036|R02736|R02739|R02749|R02750|R05605|R07147|R08570|R08572|R08575|R10221|R10860|R10907|R13199
map00030	rn00030	Pentose phosphate pathway	iEC55989_1330	iZ_1308	1	R01538	0		33	R00756|R00762|R01049|R01051|R01056|R01057|R01066|R01067|R01068|R01521|R01528|R01529|R01541|R01641|R01737|R01739|R02035|R02036|R02736|R02739|R02749|R02750|R05605|R06836|R07147|R08570|R08572|R08575|R10221|R10860|R10907|R13089|R13199
map00030	rn00030	Pentose phosphate pathway	iECABU_c1320	iECBD_1354	1	R02035	0		33	R00756|R00762|R01049|R01051|R01056|R01057|R01066|R01067|R01068|R01521|R01528|R01529|R01538|R01541|R01641|R01737|R01739|R02036|R02736|R02739|R02749|R02750|R05605|R06836|R07147|R08570|R08572|R08575|R10221|R10860|R10907|R13089|R13199
map00030	rn00030	Pentose phosphate pathway	iECABU_c1320	iECD_1391	1	R02035	0		33	R00756|R00762|R01049|R01051|R01056|R01057|R01066|R01067|R01068|R01521|R01528|R01529|R01538|R01541|R01641|R01737|R01739|R02036|R02736|R02739|R02749|R02750|R05605|R06836|R07147|R08570|R08572|R08575|R10221|R10860|R10907|R13089|R13199
map00030	rn00030	Pentose phosphate pathway	iECABU_c1320	iECH74115_1262	1	R01538	0		33	R00756|R00762|R01049|R01051|R01056|R01057|R01066|R01067|R01068|R01521|R01528|R01529|R01541|R01641|R01737|R01739|R02035|R02036|R02736|R02739|R02749|R02750|R05605|R06836|R07147|R08570|R08572|R08575|R10221|R10860|R10907|R13089|R13199
map00030	rn00030	Pentose phosphate pathway	iECABU_c1320	iECSP_1301	1	R01538	0		33	R00756|R00762|R01049|R01051|R01056|R01057|R01066|R01067|R01068|R01521|R01528|R01529|R01541|R01641|R01737|R01739|R02035|R02036|R02736|R02739|R02749|R02750|R05605|R06836|R07147|R08570|R08572|R08575|R10221|R10860|R10907|R13089|R13199
map00030	rn00030	Pentose phosphate pathway	iECABU_c1320	iECs_1301	1	R01538	0		33	R00756|R00762|R01049|R01051|R01056|R01057|R01066|R01067|R01068|R01521|R01528|R01529|R01541|R01641|R01737|R01739|R02035|R02036|R02736|R02739|R02749|R02750|R05605|R06836|R07147|R08570|R08572|R08575|R10221|R10860|R10907|R13089|R13199
map00030	rn00030	Pentose phosphate pathway	iECABU_c1320	iEKO11_1354	2	R01051|R02750	0		32	R00756|R00762|R01049|R01056|R01057|R01066|R01067|R01068|R01521|R01528|R01529|R01538|R01541|R01641|R01737|R01739|R02035|R02036|R02736|R02739|R02749|R05605|R06836|R07147|R08570|R08572|R08575|R10221|R10860|R10907|R13089|R13199
map00030	rn00030	Pentose phosphate pathway	iECABU_c1320	iG2583_1286	1	R01538	0		33	R00756|R00762|R01049|R01051|R01056|R01057|R01066|R01067|R01068|R01521|R01528|R01529|R01541|R01641|R01737|R01739|R02035|R02036|R02736|R02739|R02749|R02750|R05605|R06836|R07147|R08570|R08572|R08575|R10221|R10860|R10907|R13089|R13199
map00030	rn00030	Pentose phosphate pathway	iECABU_c1320	iJR904	2	R06836|R13089	0		32	R00756|R00762|R01049|R01051|R01056|R01057|R01066|R01067|R01068|R01521|R01528|R01529|R01538|R01541|R01641|R01737|R01739|R02035|R02036|R02736|R02739|R02749|R02750|R05605|R07147|R08570|R08572|R08575|R10221|R10860|R10907|R13199
map00030	rn00030	Pentose phosphate pathway	iECABU_c1320	iZ_1308	1	R01538	0		33	R00756|R00762|R01049|R01051|R01056|R01057|R01066|R01067|R01068|R01521|R01528|R01529|R01541|R01641|R01737|R01739|R02035|R02036|R02736|R02739|R02749|R02750|R05605|R06836|R07147|R08570|R08572|R08575|R10221|R10860|R10907|R13089|R13199
map00030	rn00030	Pentose phosphate pathway	iECBD_1354	iECB_1328	0		1	R02035	33	R00756|R00762|R01049|R01051|R01056|R01057|R01066|R01067|R01068|R01521|R01528|R01529|R01538|R01541|R01641|R01737|R01739|R02036|R02736|R02739|R02749|R02750|R05605|R06836|R07147|R08570|R08572|R08575|R10221|R10860|R10907|R13089|R13199
map00030	rn00030	Pentose phosphate pathway	iECBD_1354	iECDH10B_1368	0		1	R02035	33	R00756|R00762|R01049|R01051|R01056|R01057|R01066|R01067|R01068|R01521|R01528|R01529|R01538|R01541|R01641|R01737|R01739|R02036|R02736|R02739|R02749|R02750|R05605|R06836|R07147|R08570|R08572|R08575|R10221|R10860|R10907|R13089|R13199
map00030	rn00030	Pentose phosphate pathway	iECBD_1354	iECDH1ME8569_1439	0		1	R02035	33	R00756|R00762|R01049|R01051|R01056|R01057|R01066|R01067|R01068|R01521|R01528|R01529|R01538|R01541|R01641|R01737|R01739|R02036|R02736|R02739|R02749|R02750|R05605|R06836|R07147|R08570|R08572|R08575|R10221|R10860|R10907|R13089|R13199
map00030	rn00030	Pentose phosphate pathway	iECBD_1354	iECED1_1282	0		1	R02035	33	R00756|R00762|R01049|R01051|R01056|R01057|R01066|R01067|R01068|R01521|R01528|R01529|R01538|R01541|R01641|R01737|R01739|R02036|R02736|R02739|R02749|R02750|R05605|R06836|R07147|R08570|R08572|R08575|R10221|R10860|R10907|R13089|R13199
map00030	rn00030	Pentose phosphate pathway	iECBD_1354	iECH74115_1262	1	R01538	1	R02035	32	R00756|R00762|R01049|R01051|R01056|R01057|R01066|R01067|R01068|R01521|R01528|R01529|R01541|R01641|R01737|R01739|R02036|R02736|R02739|R02749|R02750|R05605|R06836|R07147|R08570|R08572|R08575|R10221|R10860|R10907|R13089|R13199
map00030	rn00030	Pentose phosphate pathway	iECBD_1354	iECIAI1_1343	0		1	R02035	33	R00756|R00762|R01049|R01051|R01056|R01057|R01066|R01067|R01068|R01521|R01528|R01529|R01538|R01541|R01641|R01737|R01739|R02036|R02736|R02739|R02749|R02750|R05605|R06836|R07147|R08570|R08572|R08575|R10221|R10860|R10907|R13089|R13199
map00030	rn00030	Pentose phosphate pathway	iECBD_1354	iECIAI39_1322	0		1	R02035	33	R00756|R00762|R01049|R01051|R01056|R01057|R01066|R01067|R01068|R01521|R01528|R01529|R01538|R01541|R01641|R01737|R01739|R02036|R02736|R02739|R02749|R02750|R05605|R06836|R07147|R08570|R08572|R08575|R10221|R10860|R10907|R13089|R13199
map00030	rn00030	Pentose phosphate pathway	iECBD_1354	iECNA114_1301	0		1	R02035	33	R00756|R00762|R01049|R01051|R01056|R01057|R01066|R01067|R01068|R01521|R01528|R01529|R01538|R01541|R01641|R01737|R01739|R02036|R02736|R02739|R02749|R02750|R05605|R06836|R07147|R08570|R08572|R08575|R10221|R10860|R10907|R13089|R13199
map00030	rn00030	Pentose phosphate pathway	iECBD_1354	iECO103_1326	0		1	R02035	33	R00756|R00762|R01049|R01051|R01056|R01057|R01066|R01067|R01068|R01521|R01528|R01529|R01538|R01541|R01641|R01737|R01739|R02036|R02736|R02739|R02749|R02750|R05605|R06836|R07147|R08570|R08572|R08575|R10221|R10860|R10907|R13089|R13199
map00030	rn00030	Pentose phosphate pathway	iECBD_1354	iECO111_1330	0		1	R02035	33	R00756|R00762|R01049|R01051|R01056|R01057|R01066|R01067|R01068|R01521|R01528|R01529|R01538|R01541|R01641|R01737|R01739|R02036|R02736|R02739|R02749|R02750|R05605|R06836|R07147|R08570|R08572|R08575|R10221|R10860|R10907|R13089|R13199
map00030	rn00030	Pentose phosphate pathway	iECBD_1354	iECO26_1355	0		1	R02035	33	R00756|R00762|R01049|R01051|R01056|R01057|R01066|R01067|R01068|R01521|R01528|R01529|R01538|R01541|R01641|R01737|R01739|R02036|R02736|R02739|R02749|R02750|R05605|R06836|R07147|R08570|R08572|R08575|R10221|R10860|R10907|R13089|R13199
map00030	rn00030	Pentose phosphate pathway	iECBD_1354	iECOK1_1307	0		1	R02035	33	R00756|R00762|R01049|R01051|R01056|R01057|R01066|R01067|R01068|R01521|R01528|R01529|R01538|R01541|R01641|R01737|R01739|R02036|R02736|R02739|R02749|R02750|R05605|R06836|R07147|R08570|R08572|R08575|R10221|R10860|R10907|R13089|R13199
map00030	rn00030	Pentose phosphate pathway	iECBD_1354	iECP_1309	0		1	R02035	33	R00756|R00762|R01049|R01051|R01056|R01057|R01066|R01067|R01068|R01521|R01528|R01529|R01538|R01541|R01641|R01737|R01739|R02036|R02736|R02739|R02749|R02750|R05605|R06836|R07147|R08570|R08572|R08575|R10221|R10860|R10907|R13089|R13199
map00030	rn00030	Pentose phosphate pathway	iECBD_1354	iECS88_1305	0		1	R02035	33	R00756|R00762|R01049|R01051|R01056|R01057|R01066|R01067|R01068|R01521|R01528|R01529|R01538|R01541|R01641|R01737|R01739|R02036|R02736|R02739|R02749|R02750|R05605|R06836|R07147|R08570|R08572|R08575|R10221|R10860|R10907|R13089|R13199
map00030	rn00030	Pentose phosphate pathway	iECBD_1354	iECSE_1348	0		1	R02035	33	R00756|R00762|R01049|R01051|R01056|R01057|R01066|R01067|R01068|R01521|R01528|R01529|R01538|R01541|R01641|R01737|R01739|R02036|R02736|R02739|R02749|R02750|R05605|R06836|R07147|R08570|R08572|R08575|R10221|R10860|R10907|R13089|R13199
map00030	rn00030	Pentose phosphate pathway	iECBD_1354	iECSF_1327	0		1	R02035	33	R00756|R00762|R01049|R01051|R01056|R01057|R01066|R01067|R01068|R01521|R01528|R01529|R01538|R01541|R01641|R01737|R01739|R02036|R02736|R02739|R02749|R02750|R05605|R06836|R07147|R08570|R08572|R08575|R10221|R10860|R10907|R13089|R13199
map00030	rn00030	Pentose phosphate pathway	iECBD_1354	iECSP_1301	1	R01538	1	R02035	32	R00756|R00762|R01049|R01051|R01056|R01057|R01066|R01067|R01068|R01521|R01528|R01529|R01541|R01641|R01737|R01739|R02036|R02736|R02739|R02749|R02750|R05605|R06836|R07147|R08570|R08572|R08575|R10221|R10860|R10907|R13089|R13199
map00030	rn00030	Pentose phosphate pathway	iECBD_1354	iECUMN_1333	0		1	R02035	33	R00756|R00762|R01049|R01051|R01056|R01057|R01066|R01067|R01068|R01521|R01528|R01529|R01538|R01541|R01641|R01737|R01739|R02036|R02736|R02739|R02749|R02750|R05605|R06836|R07147|R08570|R08572|R08575|R10221|R10860|R10907|R13089|R13199
map00030	rn00030	Pentose phosphate pathway	iECBD_1354	iECW_1372	0		1	R02035	33	R00756|R00762|R01049|R01051|R01056|R01057|R01066|R01067|R01068|R01521|R01528|R01529|R01538|R01541|R01641|R01737|R01739|R02036|R02736|R02739|R02749|R02750|R05605|R06836|R07147|R08570|R08572|R08575|R10221|R10860|R10907|R13089|R13199
map00030	rn00030	Pentose phosphate pathway	iECBD_1354	iECs_1301	1	R01538	1	R02035	32	R00756|R00762|R01049|R01051|R01056|R01057|R01066|R01067|R01068|R01521|R01528|R01529|R01541|R01641|R01737|R01739|R02036|R02736|R02739|R02749|R02750|R05605|R06836|R07147|R08570|R08572|R08575|R10221|R10860|R10907|R13089|R13199
map00030	rn00030	Pentose phosphate pathway	iECBD_1354	iEKO11_1354	2	R01051|R02750	1	R02035	31	R00756|R00762|R01049|R01056|R01057|R01066|R01067|R01068|R01521|R01528|R01529|R01538|R01541|R01641|R01737|R01739|R02036|R02736|R02739|R02749|R05605|R06836|R07147|R08570|R08572|R08575|R10221|R10860|R10907|R13089|R13199
map00030	rn00030	Pentose phosphate pathway	iECBD_1354	iETEC_1333	0		1	R02035	33	R00756|R00762|R01049|R01051|R01056|R01057|R01066|R01067|R01068|R01521|R01528|R01529|R01538|R01541|R01641|R01737|R01739|R02036|R02736|R02739|R02749|R02750|R05605|R06836|R07147|R08570|R08572|R08575|R10221|R10860|R10907|R13089|R13199
map00030	rn00030	Pentose phosphate pathway	iECBD_1354	iEcDH1_1363	0		1	R02035	33	R00756|R00762|R01049|R01051|R01056|R01057|R01066|R01067|R01068|R01521|R01528|R01529|R01538|R01541|R01641|R01737|R01739|R02036|R02736|R02739|R02749|R02750|R05605|R06836|R07147|R08570|R08572|R08575|R10221|R10860|R10907|R13089|R13199
map00030	rn00030	Pentose phosphate pathway	iECBD_1354	iEcE24377_1341	0		1	R02035	33	R00756|R00762|R01049|R01051|R01056|R01057|R01066|R01067|R01068|R01521|R01528|R01529|R01538|R01541|R01641|R01737|R01739|R02036|R02736|R02739|R02749|R02750|R05605|R06836|R07147|R08570|R08572|R08575|R10221|R10860|R10907|R13089|R13199
map00030	rn00030	Pentose phosphate pathway	iECBD_1354	iEcHS_1320	0		1	R02035	33	R00756|R00762|R01049|R01051|R01056|R01057|R01066|R01067|R01068|R01521|R01528|R01529|R01538|R01541|R01641|R01737|R01739|R02036|R02736|R02739|R02749|R02750|R05605|R06836|R07147|R08570|R08572|R08575|R10221|R10860|R10907|R13089|R13199
map00030	rn00030	Pentose phosphate pathway	iECBD_1354	iEcSMS35_1347	0		1	R02035	33	R00756|R00762|R01049|R01051|R01056|R01057|R01066|R01067|R01068|R01521|R01528|R01529|R01538|R01541|R01641|R01737|R01739|R02036|R02736|R02739|R02749|R02750|R05605|R06836|R07147|R08570|R08572|R08575|R10221|R10860|R10907|R13089|R13199
map00030	rn00030	Pentose phosphate pathway	iECBD_1354	iEcolC_1368	0		1	R02035	33	R00756|R00762|R01049|R01051|R01056|R01057|R01066|R01067|R01068|R01521|R01528|R01529|R01538|R01541|R01641|R01737|R01739|R02036|R02736|R02739|R02749|R02750|R05605|R06836|R07147|R08570|R08572|R08575|R10221|R10860|R10907|R13089|R13199
map00030	rn00030	Pentose phosphate pathway	iECBD_1354	iG2583_1286	1	R01538	1	R02035	32	R00756|R00762|R01049|R01051|R01056|R01057|R01066|R01067|R01068|R01521|R01528|R01529|R01541|R01641|R01737|R01739|R02036|R02736|R02739|R02749|R02750|R05605|R06836|R07147|R08570|R08572|R08575|R10221|R10860|R10907|R13089|R13199
map00030	rn00030	Pentose phosphate pathway	iECBD_1354	iJO1366	0		1	R02035	33	R00756|R00762|R01049|R01051|R01056|R01057|R01066|R01067|R01068|R01521|R01528|R01529|R01538|R01541|R01641|R01737|R01739|R02036|R02736|R02739|R02749|R02750|R05605|R06836|R07147|R08570|R08572|R08575|R10221|R10860|R10907|R13089|R13199
map00030	rn00030	Pentose phosphate pathway	iECBD_1354	iJR904	2	R06836|R13089	1	R02035	31	R00756|R00762|R01049|R01051|R01056|R01057|R01066|R01067|R01068|R01521|R01528|R01529|R01538|R01541|R01641|R01737|R01739|R02036|R02736|R02739|R02749|R02750|R05605|R07147|R08570|R08572|R08575|R10221|R10860|R10907|R13199
map00030	rn00030	Pentose phosphate pathway	iECBD_1354	iLF82_1304	0		1	R02035	33	R00756|R00762|R01049|R01051|R01056|R01057|R01066|R01067|R01068|R01521|R01528|R01529|R01538|R01541|R01641|R01737|R01739|R02036|R02736|R02739|R02749|R02750|R05605|R06836|R07147|R08570|R08572|R08575|R10221|R10860|R10907|R13089|R13199
map00030	rn00030	Pentose phosphate pathway	iECBD_1354	iML1515	0		1	R02035	33	R00756|R00762|R01049|R01051|R01056|R01057|R01066|R01067|R01068|R01521|R01528|R01529|R01538|R01541|R01641|R01737|R01739|R02036|R02736|R02739|R02749|R02750|R05605|R06836|R07147|R08570|R08572|R08575|R10221|R10860|R10907|R13089|R13199
map00030	rn00030	Pentose phosphate pathway	iECBD_1354	iNRG857_1313	0		1	R02035	33	R00756|R00762|R01049|R01051|R01056|R01057|R01066|R01067|R01068|R01521|R01528|R01529|R01538|R01541|R01641|R01737|R01739|R02036|R02736|R02739|R02749|R02750|R05605|R06836|R07147|R08570|R08572|R08575|R10221|R10860|R10907|R13089|R13199
map00030	rn00030	Pentose phosphate pathway	iECBD_1354	iUMN146_1321	0		1	R02035	33	R00756|R00762|R01049|R01051|R01056|R01057|R01066|R01067|R01068|R01521|R01528|R01529|R01538|R01541|R01641|R01737|R01739|R02036|R02736|R02739|R02749|R02750|R05605|R06836|R07147|R08570|R08572|R08575|R10221|R10860|R10907|R13089|R13199
map00030	rn00030	Pentose phosphate pathway	iECBD_1354	iUMNK88_1353	0		1	R02035	33	R00756|R00762|R01049|R01051|R01056|R01057|R01066|R01067|R01068|R01521|R01528|R01529|R01538|R01541|R01641|R01737|R01739|R02036|R02736|R02739|R02749|R02750|R05605|R06836|R07147|R08570|R08572|R08575|R10221|R10860|R10907|R13089|R13199
map00030	rn00030	Pentose phosphate pathway	iECBD_1354	iUTI89_1310	0		1	R02035	33	R00756|R00762|R01049|R01051|R01056|R01057|R01066|R01067|R01068|R01521|R01528|R01529|R01538|R01541|R01641|R01737|R01739|R02036|R02736|R02739|R02749|R02750|R05605|R06836|R07147|R08570|R08572|R08575|R10221|R10860|R10907|R13089|R13199
map00030	rn00030	Pentose phosphate pathway	iECBD_1354	iWFL_1372	0		1	R02035	33	R00756|R00762|R01049|R01051|R01056|R01057|R01066|R01067|R01068|R01521|R01528|R01529|R01538|R01541|R01641|R01737|R01739|R02036|R02736|R02739|R02749|R02750|R05605|R06836|R07147|R08570|R08572|R08575|R10221|R10860|R10907|R13089|R13199
map00030	rn00030	Pentose phosphate pathway	iECBD_1354	iY75_1357	0		1	R02035	33	R00756|R00762|R01049|R01051|R01056|R01057|R01066|R01067|R01068|R01521|R01528|R01529|R01538|R01541|R01641|R01737|R01739|R02036|R02736|R02739|R02749|R02750|R05605|R06836|R07147|R08570|R08572|R08575|R10221|R10860|R10907|R13089|R13199
map00030	rn00030	Pentose phosphate pathway	iECBD_1354	iZ_1308	1	R01538	1	R02035	32	R00756|R00762|R01049|R01051|R01056|R01057|R01066|R01067|R01068|R01521|R01528|R01529|R01541|R01641|R01737|R01739|R02036|R02736|R02739|R02749|R02750|R05605|R06836|R07147|R08570|R08572|R08575|R10221|R10860|R10907|R13089|R13199
map00030	rn00030	Pentose phosphate pathway	iECBD_1354	ic_1306	0		1	R02035	33	R00756|R00762|R01049|R01051|R01056|R01057|R01066|R01067|R01068|R01521|R01528|R01529|R01538|R01541|R01641|R01737|R01739|R02036|R02736|R02739|R02749|R02750|R05605|R06836|R07147|R08570|R08572|R08575|R10221|R10860|R10907|R13089|R13199
map00030	rn00030	Pentose phosphate pathway	iECB_1328	iECD_1391	1	R02035	0		33	R00756|R00762|R01049|R01051|R01056|R01057|R01066|R01067|R01068|R01521|R01528|R01529|R01538|R01541|R01641|R01737|R01739|R02036|R02736|R02739|R02749|R02750|R05605|R06836|R07147|R08570|R08572|R08575|R10221|R10860|R10907|R13089|R13199
map00030	rn00030	Pentose phosphate pathway	iECB_1328	iECH74115_1262	1	R01538	0		33	R00756|R00762|R01049|R01051|R01056|R01057|R01066|R01067|R01068|R01521|R01528|R01529|R01541|R01641|R01737|R01739|R02035|R02036|R02736|R02739|R02749|R02750|R05605|R06836|R07147|R08570|R08572|R08575|R10221|R10860|R10907|R13089|R13199
map00030	rn00030	Pentose phosphate pathway	iECB_1328	iECSP_1301	1	R01538	0		33	R00756|R00762|R01049|R01051|R01056|R01057|R01066|R01067|R01068|R01521|R01528|R01529|R01541|R01641|R01737|R01739|R02035|R02036|R02736|R02739|R02749|R02750|R05605|R06836|R07147|R08570|R08572|R08575|R10221|R10860|R10907|R13089|R13199
map00030	rn00030	Pentose phosphate pathway	iECB_1328	iECs_1301	1	R01538	0		33	R00756|R00762|R01049|R01051|R01056|R01057|R01066|R01067|R01068|R01521|R01528|R01529|R01541|R01641|R01737|R01739|R02035|R02036|R02736|R02739|R02749|R02750|R05605|R06836|R07147|R08570|R08572|R08575|R10221|R10860|R10907|R13089|R13199
map00030	rn00030	Pentose phosphate pathway	iECB_1328	iEKO11_1354	2	R01051|R02750	0		32	R00756|R00762|R01049|R01056|R01057|R01066|R01067|R01068|R01521|R01528|R01529|R01538|R01541|R01641|R01737|R01739|R02035|R02036|R02736|R02739|R02749|R05605|R06836|R07147|R08570|R08572|R08575|R10221|R10860|R10907|R13089|R13199
map00030	rn00030	Pentose phosphate pathway	iECB_1328	iG2583_1286	1	R01538	0		33	R00756|R00762|R01049|R01051|R01056|R01057|R01066|R01067|R01068|R01521|R01528|R01529|R01541|R01641|R01737|R01739|R02035|R02036|R02736|R02739|R02749|R02750|R05605|R06836|R07147|R08570|R08572|R08575|R10221|R10860|R10907|R13089|R13199
map00030	rn00030	Pentose phosphate pathway	iECB_1328	iJR904	2	R06836|R13089	0		32	R00756|R00762|R01049|R01051|R01056|R01057|R01066|R01067|R01068|R01521|R01528|R01529|R01538|R01541|R01641|R01737|R01739|R02035|R02036|R02736|R02739|R02749|R02750|R05605|R07147|R08570|R08572|R08575|R10221|R10860|R10907|R13199
map00030	rn00030	Pentose phosphate pathway	iECB_1328	iZ_1308	1	R01538	0		33	R00756|R00762|R01049|R01051|R01056|R01057|R01066|R01067|R01068|R01521|R01528|R01529|R01541|R01641|R01737|R01739|R02035|R02036|R02736|R02739|R02749|R02750|R05605|R06836|R07147|R08570|R08572|R08575|R10221|R10860|R10907|R13089|R13199
map00030	rn00030	Pentose phosphate pathway	iECDH10B_1368	iECD_1391	1	R02035	0		33	R00756|R00762|R01049|R01051|R01056|R01057|R01066|R01067|R01068|R01521|R01528|R01529|R01538|R01541|R01641|R01737|R01739|R02036|R02736|R02739|R02749|R02750|R05605|R06836|R07147|R08570|R08572|R08575|R10221|R10860|R10907|R13089|R13199
map00030	rn00030	Pentose phosphate pathway	iECDH10B_1368	iECH74115_1262	1	R01538	0		33	R00756|R00762|R01049|R01051|R01056|R01057|R01066|R01067|R01068|R01521|R01528|R01529|R01541|R01641|R01737|R01739|R02035|R02036|R02736|R02739|R02749|R02750|R05605|R06836|R07147|R08570|R08572|R08575|R10221|R10860|R10907|R13089|R13199
map00030	rn00030	Pentose phosphate pathway	iECDH10B_1368	iECSP_1301	1	R01538	0		33	R00756|R00762|R01049|R01051|R01056|R01057|R01066|R01067|R01068|R01521|R01528|R01529|R01541|R01641|R01737|R01739|R02035|R02036|R02736|R02739|R02749|R02750|R05605|R06836|R07147|R08570|R08572|R08575|R10221|R10860|R10907|R13089|R13199
map00030	rn00030	Pentose phosphate pathway	iECDH10B_1368	iECs_1301	1	R01538	0		33	R00756|R00762|R01049|R01051|R01056|R01057|R01066|R01067|R01068|R01521|R01528|R01529|R01541|R01641|R01737|R01739|R02035|R02036|R02736|R02739|R02749|R02750|R05605|R06836|R07147|R08570|R08572|R08575|R10221|R10860|R10907|R13089|R13199
map00030	rn00030	Pentose phosphate pathway	iECDH10B_1368	iEKO11_1354	2	R01051|R02750	0		32	R00756|R00762|R01049|R01056|R01057|R01066|R01067|R01068|R01521|R01528|R01529|R01538|R01541|R01641|R01737|R01739|R02035|R02036|R02736|R02739|R02749|R05605|R06836|R07147|R08570|R08572|R08575|R10221|R10860|R10907|R13089|R13199
map00030	rn00030	Pentose phosphate pathway	iECDH10B_1368	iG2583_1286	1	R01538	0		33	R00756|R00762|R01049|R01051|R01056|R01057|R01066|R01067|R01068|R01521|R01528|R01529|R01541|R01641|R01737|R01739|R02035|R02036|R02736|R02739|R02749|R02750|R05605|R06836|R07147|R08570|R08572|R08575|R10221|R10860|R10907|R13089|R13199
map00030	rn00030	Pentose phosphate pathway	iECDH10B_1368	iJR904	2	R06836|R13089	0		32	R00756|R00762|R01049|R01051|R01056|R01057|R01066|R01067|R01068|R01521|R01528|R01529|R01538|R01541|R01641|R01737|R01739|R02035|R02036|R02736|R02739|R02749|R02750|R05605|R07147|R08570|R08572|R08575|R10221|R10860|R10907|R13199
map00030	rn00030	Pentose phosphate pathway	iECDH10B_1368	iZ_1308	1	R01538	0		33	R00756|R00762|R01049|R01051|R01056|R01057|R01066|R01067|R01068|R01521|R01528|R01529|R01541|R01641|R01737|R01739|R02035|R02036|R02736|R02739|R02749|R02750|R05605|R06836|R07147|R08570|R08572|R08575|R10221|R10860|R10907|R13089|R13199
map00030	rn00030	Pentose phosphate pathway	iECDH1ME8569_1439	iECD_1391	1	R02035	0		33	R00756|R00762|R01049|R01051|R01056|R01057|R01066|R01067|R01068|R01521|R01528|R01529|R01538|R01541|R01641|R01737|R01739|R02036|R02736|R02739|R02749|R02750|R05605|R06836|R07147|R08570|R08572|R08575|R10221|R10860|R10907|R13089|R13199
map00030	rn00030	Pentose phosphate pathway	iECDH1ME8569_1439	iECH74115_1262	1	R01538	0		33	R00756|R00762|R01049|R01051|R01056|R01057|R01066|R01067|R01068|R01521|R01528|R01529|R01541|R01641|R01737|R01739|R02035|R02036|R02736|R02739|R02749|R02750|R05605|R06836|R07147|R08570|R08572|R08575|R10221|R10860|R10907|R13089|R13199
map00030	rn00030	Pentose phosphate pathway	iECDH1ME8569_1439	iECSP_1301	1	R01538	0		33	R00756|R00762|R01049|R01051|R01056|R01057|R01066|R01067|R01068|R01521|R01528|R01529|R01541|R01641|R01737|R01739|R02035|R02036|R02736|R02739|R02749|R02750|R05605|R06836|R07147|R08570|R08572|R08575|R10221|R10860|R10907|R13089|R13199
map00030	rn00030	Pentose phosphate pathway	iECDH1ME8569_1439	iECs_1301	1	R01538	0		33	R00756|R00762|R01049|R01051|R01056|R01057|R01066|R01067|R01068|R01521|R01528|R01529|R01541|R01641|R01737|R01739|R02035|R02036|R02736|R02739|R02749|R02750|R05605|R06836|R07147|R08570|R08572|R08575|R10221|R10860|R10907|R13089|R13199
map00030	rn00030	Pentose phosphate pathway	iECDH1ME8569_1439	iEKO11_1354	2	R01051|R02750	0		32	R00756|R00762|R01049|R01056|R01057|R01066|R01067|R01068|R01521|R01528|R01529|R01538|R01541|R01641|R01737|R01739|R02035|R02036|R02736|R02739|R02749|R05605|R06836|R07147|R08570|R08572|R08575|R10221|R10860|R10907|R13089|R13199
map00030	rn00030	Pentose phosphate pathway	iECDH1ME8569_1439	iG2583_1286	1	R01538	0		33	R00756|R00762|R01049|R01051|R01056|R01057|R01066|R01067|R01068|R01521|R01528|R01529|R01541|R01641|R01737|R01739|R02035|R02036|R02736|R02739|R02749|R02750|R05605|R06836|R07147|R08570|R08572|R08575|R10221|R10860|R10907|R13089|R13199
map00030	rn00030	Pentose phosphate pathway	iECDH1ME8569_1439	iJR904	2	R06836|R13089	0		32	R00756|R00762|R01049|R01051|R01056|R01057|R01066|R01067|R01068|R01521|R01528|R01529|R01538|R01541|R01641|R01737|R01739|R02035|R02036|R02736|R02739|R02749|R02750|R05605|R07147|R08570|R08572|R08575|R10221|R10860|R10907|R13199
map00030	rn00030	Pentose phosphate pathway	iECDH1ME8569_1439	iZ_1308	1	R01538	0		33	R00756|R00762|R01049|R01051|R01056|R01057|R01066|R01067|R01068|R01521|R01528|R01529|R01541|R01641|R01737|R01739|R02035|R02036|R02736|R02739|R02749|R02750|R05605|R06836|R07147|R08570|R08572|R08575|R10221|R10860|R10907|R13089|R13199
map00030	rn00030	Pentose phosphate pathway	iECD_1391	iECED1_1282	0		1	R02035	33	R00756|R00762|R01049|R01051|R01056|R01057|R01066|R01067|R01068|R01521|R01528|R01529|R01538|R01541|R01641|R01737|R01739|R02036|R02736|R02739|R02749|R02750|R05605|R06836|R07147|R08570|R08572|R08575|R10221|R10860|R10907|R13089|R13199
map00030	rn00030	Pentose phosphate pathway	iECD_1391	iECH74115_1262	1	R01538	1	R02035	32	R00756|R00762|R01049|R01051|R01056|R01057|R01066|R01067|R01068|R01521|R01528|R01529|R01541|R01641|R01737|R01739|R02036|R02736|R02739|R02749|R02750|R05605|R06836|R07147|R08570|R08572|R08575|R10221|R10860|R10907|R13089|R13199
map00030	rn00030	Pentose phosphate pathway	iECD_1391	iECIAI1_1343	0		1	R02035	33	R00756|R00762|R01049|R01051|R01056|R01057|R01066|R01067|R01068|R01521|R01528|R01529|R01538|R01541|R01641|R01737|R01739|R02036|R02736|R02739|R02749|R02750|R05605|R06836|R07147|R08570|R08572|R08575|R10221|R10860|R10907|R13089|R13199
map00030	rn00030	Pentose phosphate pathway	iECD_1391	iECIAI39_1322	0		1	R02035	33	R00756|R00762|R01049|R01051|R01056|R01057|R01066|R01067|R01068|R01521|R01528|R01529|R01538|R01541|R01641|R01737|R01739|R02036|R02736|R02739|R02749|R02750|R05605|R06836|R07147|R08570|R08572|R08575|R10221|R10860|R10907|R13089|R13199
map00030	rn00030	Pentose phosphate pathway	iECD_1391	iECNA114_1301	0		1	R02035	33	R00756|R00762|R01049|R01051|R01056|R01057|R01066|R01067|R01068|R01521|R01528|R01529|R01538|R01541|R01641|R01737|R01739|R02036|R02736|R02739|R02749|R02750|R05605|R06836|R07147|R08570|R08572|R08575|R10221|R10860|R10907|R13089|R13199
map00030	rn00030	Pentose phosphate pathway	iECD_1391	iECO103_1326	0		1	R02035	33	R00756|R00762|R01049|R01051|R01056|R01057|R01066|R01067|R01068|R01521|R01528|R01529|R01538|R01541|R01641|R01737|R01739|R02036|R02736|R02739|R02749|R02750|R05605|R06836|R07147|R08570|R08572|R08575|R10221|R10860|R10907|R13089|R13199
map00030	rn00030	Pentose phosphate pathway	iECD_1391	iECO111_1330	0		1	R02035	33	R00756|R00762|R01049|R01051|R01056|R01057|R01066|R01067|R01068|R01521|R01528|R01529|R01538|R01541|R01641|R01737|R01739|R02036|R02736|R02739|R02749|R02750|R05605|R06836|R07147|R08570|R08572|R08575|R10221|R10860|R10907|R13089|R13199
map00030	rn00030	Pentose phosphate pathway	iECD_1391	iECO26_1355	0		1	R02035	33	R00756|R00762|R01049|R01051|R01056|R01057|R01066|R01067|R01068|R01521|R01528|R01529|R01538|R01541|R01641|R01737|R01739|R02036|R02736|R02739|R02749|R02750|R05605|R06836|R07147|R08570|R08572|R08575|R10221|R10860|R10907|R13089|R13199
map00030	rn00030	Pentose phosphate pathway	iECD_1391	iECOK1_1307	0		1	R02035	33	R00756|R00762|R01049|R01051|R01056|R01057|R01066|R01067|R01068|R01521|R01528|R01529|R01538|R01541|R01641|R01737|R01739|R02036|R02736|R02739|R02749|R02750|R05605|R06836|R07147|R08570|R08572|R08575|R10221|R10860|R10907|R13089|R13199
map00030	rn00030	Pentose phosphate pathway	iECD_1391	iECP_1309	0		1	R02035	33	R00756|R00762|R01049|R01051|R01056|R01057|R01066|R01067|R01068|R01521|R01528|R01529|R01538|R01541|R01641|R01737|R01739|R02036|R02736|R02739|R02749|R02750|R05605|R06836|R07147|R08570|R08572|R08575|R10221|R10860|R10907|R13089|R13199
map00030	rn00030	Pentose phosphate pathway	iECD_1391	iECS88_1305	0		1	R02035	33	R00756|R00762|R01049|R01051|R01056|R01057|R01066|R01067|R01068|R01521|R01528|R01529|R01538|R01541|R01641|R01737|R01739|R02036|R02736|R02739|R02749|R02750|R05605|R06836|R07147|R08570|R08572|R08575|R10221|R10860|R10907|R13089|R13199
map00030	rn00030	Pentose phosphate pathway	iECD_1391	iECSE_1348	0		1	R02035	33	R00756|R00762|R01049|R01051|R01056|R01057|R01066|R01067|R01068|R01521|R01528|R01529|R01538|R01541|R01641|R01737|R01739|R02036|R02736|R02739|R02749|R02750|R05605|R06836|R07147|R08570|R08572|R08575|R10221|R10860|R10907|R13089|R13199
map00030	rn00030	Pentose phosphate pathway	iECD_1391	iECSF_1327	0		1	R02035	33	R00756|R00762|R01049|R01051|R01056|R01057|R01066|R01067|R01068|R01521|R01528|R01529|R01538|R01541|R01641|R01737|R01739|R02036|R02736|R02739|R02749|R02750|R05605|R06836|R07147|R08570|R08572|R08575|R10221|R10860|R10907|R13089|R13199
map00030	rn00030	Pentose phosphate pathway	iECD_1391	iECSP_1301	1	R01538	1	R02035	32	R00756|R00762|R01049|R01051|R01056|R01057|R01066|R01067|R01068|R01521|R01528|R01529|R01541|R01641|R01737|R01739|R02036|R02736|R02739|R02749|R02750|R05605|R06836|R07147|R08570|R08572|R08575|R10221|R10860|R10907|R13089|R13199
map00030	rn00030	Pentose phosphate pathway	iECD_1391	iECUMN_1333	0		1	R02035	33	R00756|R00762|R01049|R01051|R01056|R01057|R01066|R01067|R01068|R01521|R01528|R01529|R01538|R01541|R01641|R01737|R01739|R02036|R02736|R02739|R02749|R02750|R05605|R06836|R07147|R08570|R08572|R08575|R10221|R10860|R10907|R13089|R13199
map00030	rn00030	Pentose phosphate pathway	iECD_1391	iECW_1372	0		1	R02035	33	R00756|R00762|R01049|R01051|R01056|R01057|R01066|R01067|R01068|R01521|R01528|R01529|R01538|R01541|R01641|R01737|R01739|R02036|R02736|R02739|R02749|R02750|R05605|R06836|R07147|R08570|R08572|R08575|R10221|R10860|R10907|R13089|R13199
map00030	rn00030	Pentose phosphate pathway	iECD_1391	iECs_1301	1	R01538	1	R02035	32	R00756|R00762|R01049|R01051|R01056|R01057|R01066|R01067|R01068|R01521|R01528|R01529|R01541|R01641|R01737|R01739|R02036|R02736|R02739|R02749|R02750|R05605|R06836|R07147|R08570|R08572|R08575|R10221|R10860|R10907|R13089|R13199
map00030	rn00030	Pentose phosphate pathway	iECD_1391	iEKO11_1354	2	R01051|R02750	1	R02035	31	R00756|R00762|R01049|R01056|R01057|R01066|R01067|R01068|R01521|R01528|R01529|R01538|R01541|R01641|R01737|R01739|R02036|R02736|R02739|R02749|R05605|R06836|R07147|R08570|R08572|R08575|R10221|R10860|R10907|R13089|R13199
map00030	rn00030	Pentose phosphate pathway	iECD_1391	iETEC_1333	0		1	R02035	33	R00756|R00762|R01049|R01051|R01056|R01057|R01066|R01067|R01068|R01521|R01528|R01529|R01538|R01541|R01641|R01737|R01739|R02036|R02736|R02739|R02749|R02750|R05605|R06836|R07147|R08570|R08572|R08575|R10221|R10860|R10907|R13089|R13199
map00030	rn00030	Pentose phosphate pathway	iECD_1391	iEcDH1_1363	0		1	R02035	33	R00756|R00762|R01049|R01051|R01056|R01057|R01066|R01067|R01068|R01521|R01528|R01529|R01538|R01541|R01641|R01737|R01739|R02036|R02736|R02739|R02749|R02750|R05605|R06836|R07147|R08570|R08572|R08575|R10221|R10860|R10907|R13089|R13199
map00030	rn00030	Pentose phosphate pathway	iECD_1391	iEcE24377_1341	0		1	R02035	33	R00756|R00762|R01049|R01051|R01056|R01057|R01066|R01067|R01068|R01521|R01528|R01529|R01538|R01541|R01641|R01737|R01739|R02036|R02736|R02739|R02749|R02750|R05605|R06836|R07147|R08570|R08572|R08575|R10221|R10860|R10907|R13089|R13199
map00030	rn00030	Pentose phosphate pathway	iECD_1391	iEcHS_1320	0		1	R02035	33	R00756|R00762|R01049|R01051|R01056|R01057|R01066|R01067|R01068|R01521|R01528|R01529|R01538|R01541|R01641|R01737|R01739|R02036|R02736|R02739|R02749|R02750|R05605|R06836|R07147|R08570|R08572|R08575|R10221|R10860|R10907|R13089|R13199
map00030	rn00030	Pentose phosphate pathway	iECD_1391	iEcSMS35_1347	0		1	R02035	33	R00756|R00762|R01049|R01051|R01056|R01057|R01066|R01067|R01068|R01521|R01528|R01529|R01538|R01541|R01641|R01737|R01739|R02036|R02736|R02739|R02749|R02750|R05605|R06836|R07147|R08570|R08572|R08575|R10221|R10860|R10907|R13089|R13199
map00030	rn00030	Pentose phosphate pathway	iECD_1391	iEcolC_1368	0		1	R02035	33	R00756|R00762|R01049|R01051|R01056|R01057|R01066|R01067|R01068|R01521|R01528|R01529|R01538|R01541|R01641|R01737|R01739|R02036|R02736|R02739|R02749|R02750|R05605|R06836|R07147|R08570|R08572|R08575|R10221|R10860|R10907|R13089|R13199
map00030	rn00030	Pentose phosphate pathway	iECD_1391	iG2583_1286	1	R01538	1	R02035	32	R00756|R00762|R01049|R01051|R01056|R01057|R01066|R01067|R01068|R01521|R01528|R01529|R01541|R01641|R01737|R01739|R02036|R02736|R02739|R02749|R02750|R05605|R06836|R07147|R08570|R08572|R08575|R10221|R10860|R10907|R13089|R13199
map00030	rn00030	Pentose phosphate pathway	iECD_1391	iJO1366	0		1	R02035	33	R00756|R00762|R01049|R01051|R01056|R01057|R01066|R01067|R01068|R01521|R01528|R01529|R01538|R01541|R01641|R01737|R01739|R02036|R02736|R02739|R02749|R02750|R05605|R06836|R07147|R08570|R08572|R08575|R10221|R10860|R10907|R13089|R13199
map00030	rn00030	Pentose phosphate pathway	iECD_1391	iJR904	2	R06836|R13089	1	R02035	31	R00756|R00762|R01049|R01051|R01056|R01057|R01066|R01067|R01068|R01521|R01528|R01529|R01538|R01541|R01641|R01737|R01739|R02036|R02736|R02739|R02749|R02750|R05605|R07147|R08570|R08572|R08575|R10221|R10860|R10907|R13199
map00030	rn00030	Pentose phosphate pathway	iECD_1391	iLF82_1304	0		1	R02035	33	R00756|R00762|R01049|R01051|R01056|R01057|R01066|R01067|R01068|R01521|R01528|R01529|R01538|R01541|R01641|R01737|R01739|R02036|R02736|R02739|R02749|R02750|R05605|R06836|R07147|R08570|R08572|R08575|R10221|R10860|R10907|R13089|R13199
map00030	rn00030	Pentose phosphate pathway	iECD_1391	iML1515	0		1	R02035	33	R00756|R00762|R01049|R01051|R01056|R01057|R01066|R01067|R01068|R01521|R01528|R01529|R01538|R01541|R01641|R01737|R01739|R02036|R02736|R02739|R02749|R02750|R05605|R06836|R07147|R08570|R08572|R08575|R10221|R10860|R10907|R13089|R13199
map00030	rn00030	Pentose phosphate pathway	iECD_1391	iNRG857_1313	0		1	R02035	33	R00756|R00762|R01049|R01051|R01056|R01057|R01066|R01067|R01068|R01521|R01528|R01529|R01538|R01541|R01641|R01737|R01739|R02036|R02736|R02739|R02749|R02750|R05605|R06836|R07147|R08570|R08572|R08575|R10221|R10860|R10907|R13089|R13199
map00030	rn00030	Pentose phosphate pathway	iECD_1391	iUMN146_1321	0		1	R02035	33	R00756|R00762|R01049|R01051|R01056|R01057|R01066|R01067|R01068|R01521|R01528|R01529|R01538|R01541|R01641|R01737|R01739|R02036|R02736|R02739|R02749|R02750|R05605|R06836|R07147|R08570|R08572|R08575|R10221|R10860|R10907|R13089|R13199
map00030	rn00030	Pentose phosphate pathway	iECD_1391	iUMNK88_1353	0		1	R02035	33	R00756|R00762|R01049|R01051|R01056|R01057|R01066|R01067|R01068|R01521|R01528|R01529|R01538|R01541|R01641|R01737|R01739|R02036|R02736|R02739|R02749|R02750|R05605|R06836|R07147|R08570|R08572|R08575|R10221|R10860|R10907|R13089|R13199
map00030	rn00030	Pentose phosphate pathway	iECD_1391	iUTI89_1310	0		1	R02035	33	R00756|R00762|R01049|R01051|R01056|R01057|R01066|R01067|R01068|R01521|R01528|R01529|R01538|R01541|R01641|R01737|R01739|R02036|R02736|R02739|R02749|R02750|R05605|R06836|R07147|R08570|R08572|R08575|R10221|R10860|R10907|R13089|R13199
map00030	rn00030	Pentose phosphate pathway	iECD_1391	iWFL_1372	0		1	R02035	33	R00756|R00762|R01049|R01051|R01056|R01057|R01066|R01067|R01068|R01521|R01528|R01529|R01538|R01541|R01641|R01737|R01739|R02036|R02736|R02739|R02749|R02750|R05605|R06836|R07147|R08570|R08572|R08575|R10221|R10860|R10907|R13089|R13199
map00030	rn00030	Pentose phosphate pathway	iECD_1391	iY75_1357	0		1	R02035	33	R00756|R00762|R01049|R01051|R01056|R01057|R01066|R01067|R01068|R01521|R01528|R01529|R01538|R01541|R01641|R01737|R01739|R02036|R02736|R02739|R02749|R02750|R05605|R06836|R07147|R08570|R08572|R08575|R10221|R10860|R10907|R13089|R13199
map00030	rn00030	Pentose phosphate pathway	iECD_1391	iZ_1308	1	R01538	1	R02035	32	R00756|R00762|R01049|R01051|R01056|R01057|R01066|R01067|R01068|R01521|R01528|R01529|R01541|R01641|R01737|R01739|R02036|R02736|R02739|R02749|R02750|R05605|R06836|R07147|R08570|R08572|R08575|R10221|R10860|R10907|R13089|R13199
map00030	rn00030	Pentose phosphate pathway	iECD_1391	ic_1306	0		1	R02035	33	R00756|R00762|R01049|R01051|R01056|R01057|R01066|R01067|R01068|R01521|R01528|R01529|R01538|R01541|R01641|R01737|R01739|R02036|R02736|R02739|R02749|R02750|R05605|R06836|R07147|R08570|R08572|R08575|R10221|R10860|R10907|R13089|R13199
map00030	rn00030	Pentose phosphate pathway	iECED1_1282	iECH74115_1262	1	R01538	0		33	R00756|R00762|R01049|R01051|R01056|R01057|R01066|R01067|R01068|R01521|R01528|R01529|R01541|R01641|R01737|R01739|R02035|R02036|R02736|R02739|R02749|R02750|R05605|R06836|R07147|R08570|R08572|R08575|R10221|R10860|R10907|R13089|R13199
map00030	rn00030	Pentose phosphate pathway	iECED1_1282	iECSP_1301	1	R01538	0		33	R00756|R00762|R01049|R01051|R01056|R01057|R01066|R01067|R01068|R01521|R01528|R01529|R01541|R01641|R01737|R01739|R02035|R02036|R02736|R02739|R02749|R02750|R05605|R06836|R07147|R08570|R08572|R08575|R10221|R10860|R10907|R13089|R13199
map00030	rn00030	Pentose phosphate pathway	iECED1_1282	iECs_1301	1	R01538	0		33	R00756|R00762|R01049|R01051|R01056|R01057|R01066|R01067|R01068|R01521|R01528|R01529|R01541|R01641|R01737|R01739|R02035|R02036|R02736|R02739|R02749|R02750|R05605|R06836|R07147|R08570|R08572|R08575|R10221|R10860|R10907|R13089|R13199
map00030	rn00030	Pentose phosphate pathway	iECED1_1282	iEKO11_1354	2	R01051|R02750	0		32	R00756|R00762|R01049|R01056|R01057|R01066|R01067|R01068|R01521|R01528|R01529|R01538|R01541|R01641|R01737|R01739|R02035|R02036|R02736|R02739|R02749|R05605|R06836|R07147|R08570|R08572|R08575|R10221|R10860|R10907|R13089|R13199
map00030	rn00030	Pentose phosphate pathway	iECED1_1282	iG2583_1286	1	R01538	0		33	R00756|R00762|R01049|R01051|R01056|R01057|R01066|R01067|R01068|R01521|R01528|R01529|R01541|R01641|R01737|R01739|R02035|R02036|R02736|R02739|R02749|R02750|R05605|R06836|R07147|R08570|R08572|R08575|R10221|R10860|R10907|R13089|R13199
map00030	rn00030	Pentose phosphate pathway	iECED1_1282	iJR904	2	R06836|R13089	0		32	R00756|R00762|R01049|R01051|R01056|R01057|R01066|R01067|R01068|R01521|R01528|R01529|R01538|R01541|R01641|R01737|R01739|R02035|R02036|R02736|R02739|R02749|R02750|R05605|R07147|R08570|R08572|R08575|R10221|R10860|R10907|R13199
map00030	rn00030	Pentose phosphate pathway	iECED1_1282	iZ_1308	1	R01538	0		33	R00756|R00762|R01049|R01051|R01056|R01057|R01066|R01067|R01068|R01521|R01528|R01529|R01541|R01641|R01737|R01739|R02035|R02036|R02736|R02739|R02749|R02750|R05605|R06836|R07147|R08570|R08572|R08575|R10221|R10860|R10907|R13089|R13199
map00030	rn00030	Pentose phosphate pathway	iECH74115_1262	iECIAI1_1343	0		1	R01538	33	R00756|R00762|R01049|R01051|R01056|R01057|R01066|R01067|R01068|R01521|R01528|R01529|R01541|R01641|R01737|R01739|R02035|R02036|R02736|R02739|R02749|R02750|R05605|R06836|R07147|R08570|R08572|R08575|R10221|R10860|R10907|R13089|R13199
map00030	rn00030	Pentose phosphate pathway	iECH74115_1262	iECIAI39_1322	0		1	R01538	33	R00756|R00762|R01049|R01051|R01056|R01057|R01066|R01067|R01068|R01521|R01528|R01529|R01541|R01641|R01737|R01739|R02035|R02036|R02736|R02739|R02749|R02750|R05605|R06836|R07147|R08570|R08572|R08575|R10221|R10860|R10907|R13089|R13199
map00030	rn00030	Pentose phosphate pathway	iECH74115_1262	iECNA114_1301	0		1	R01538	33	R00756|R00762|R01049|R01051|R01056|R01057|R01066|R01067|R01068|R01521|R01528|R01529|R01541|R01641|R01737|R01739|R02035|R02036|R02736|R02739|R02749|R02750|R05605|R06836|R07147|R08570|R08572|R08575|R10221|R10860|R10907|R13089|R13199
map00030	rn00030	Pentose phosphate pathway	iECH74115_1262	iECO103_1326	0		1	R01538	33	R00756|R00762|R01049|R01051|R01056|R01057|R01066|R01067|R01068|R01521|R01528|R01529|R01541|R01641|R01737|R01739|R02035|R02036|R02736|R02739|R02749|R02750|R05605|R06836|R07147|R08570|R08572|R08575|R10221|R10860|R10907|R13089|R13199
map00030	rn00030	Pentose phosphate pathway	iECH74115_1262	iECO111_1330	0		1	R01538	33	R00756|R00762|R01049|R01051|R01056|R01057|R01066|R01067|R01068|R01521|R01528|R01529|R01541|R01641|R01737|R01739|R02035|R02036|R02736|R02739|R02749|R02750|R05605|R06836|R07147|R08570|R08572|R08575|R10221|R10860|R10907|R13089|R13199
map00030	rn00030	Pentose phosphate pathway	iECH74115_1262	iECO26_1355	0		1	R01538	33	R00756|R00762|R01049|R01051|R01056|R01057|R01066|R01067|R01068|R01521|R01528|R01529|R01541|R01641|R01737|R01739|R02035|R02036|R02736|R02739|R02749|R02750|R05605|R06836|R07147|R08570|R08572|R08575|R10221|R10860|R10907|R13089|R13199
map00030	rn00030	Pentose phosphate pathway	iECH74115_1262	iECOK1_1307	0		1	R01538	33	R00756|R00762|R01049|R01051|R01056|R01057|R01066|R01067|R01068|R01521|R01528|R01529|R01541|R01641|R01737|R01739|R02035|R02036|R02736|R02739|R02749|R02750|R05605|R06836|R07147|R08570|R08572|R08575|R10221|R10860|R10907|R13089|R13199
map00030	rn00030	Pentose phosphate pathway	iECH74115_1262	iECP_1309	0		1	R01538	33	R00756|R00762|R01049|R01051|R01056|R01057|R01066|R01067|R01068|R01521|R01528|R01529|R01541|R01641|R01737|R01739|R02035|R02036|R02736|R02739|R02749|R02750|R05605|R06836|R07147|R08570|R08572|R08575|R10221|R10860|R10907|R13089|R13199
map00030	rn00030	Pentose phosphate pathway	iECH74115_1262	iECS88_1305	0		1	R01538	33	R00756|R00762|R01049|R01051|R01056|R01057|R01066|R01067|R01068|R01521|R01528|R01529|R01541|R01641|R01737|R01739|R02035|R02036|R02736|R02739|R02749|R02750|R05605|R06836|R07147|R08570|R08572|R08575|R10221|R10860|R10907|R13089|R13199
map00030	rn00030	Pentose phosphate pathway	iECH74115_1262	iECSE_1348	0		1	R01538	33	R00756|R00762|R01049|R01051|R01056|R01057|R01066|R01067|R01068|R01521|R01528|R01529|R01541|R01641|R01737|R01739|R02035|R02036|R02736|R02739|R02749|R02750|R05605|R06836|R07147|R08570|R08572|R08575|R10221|R10860|R10907|R13089|R13199
map00030	rn00030	Pentose phosphate pathway	iECH74115_1262	iECSF_1327	0		1	R01538	33	R00756|R00762|R01049|R01051|R01056|R01057|R01066|R01067|R01068|R01521|R01528|R01529|R01541|R01641|R01737|R01739|R02035|R02036|R02736|R02739|R02749|R02750|R05605|R06836|R07147|R08570|R08572|R08575|R10221|R10860|R10907|R13089|R13199
map00030	rn00030	Pentose phosphate pathway	iECH74115_1262	iECUMN_1333	0		1	R01538	33	R00756|R00762|R01049|R01051|R01056|R01057|R01066|R01067|R01068|R01521|R01528|R01529|R01541|R01641|R01737|R01739|R02035|R02036|R02736|R02739|R02749|R02750|R05605|R06836|R07147|R08570|R08572|R08575|R10221|R10860|R10907|R13089|R13199
map00030	rn00030	Pentose phosphate pathway	iECH74115_1262	iECW_1372	0		1	R01538	33	R00756|R00762|R01049|R01051|R01056|R01057|R01066|R01067|R01068|R01521|R01528|R01529|R01541|R01641|R01737|R01739|R02035|R02036|R02736|R02739|R02749|R02750|R05605|R06836|R07147|R08570|R08572|R08575|R10221|R10860|R10907|R13089|R13199
map00030	rn00030	Pentose phosphate pathway	iECH74115_1262	iEKO11_1354	2	R01051|R02750	1	R01538	31	R00756|R00762|R01049|R01056|R01057|R01066|R01067|R01068|R01521|R01528|R01529|R01541|R01641|R01737|R01739|R02035|R02036|R02736|R02739|R02749|R05605|R06836|R07147|R08570|R08572|R08575|R10221|R10860|R10907|R13089|R13199
map00030	rn00030	Pentose phosphate pathway	iECH74115_1262	iETEC_1333	0		1	R01538	33	R00756|R00762|R01049|R01051|R01056|R01057|R01066|R01067|R01068|R01521|R01528|R01529|R01541|R01641|R01737|R01739|R02035|R02036|R02736|R02739|R02749|R02750|R05605|R06836|R07147|R08570|R08572|R08575|R10221|R10860|R10907|R13089|R13199
map00030	rn00030	Pentose phosphate pathway	iECH74115_1262	iEcDH1_1363	0		1	R01538	33	R00756|R00762|R01049|R01051|R01056|R01057|R01066|R01067|R01068|R01521|R01528|R01529|R01541|R01641|R01737|R01739|R02035|R02036|R02736|R02739|R02749|R02750|R05605|R06836|R07147|R08570|R08572|R08575|R10221|R10860|R10907|R13089|R13199
map00030	rn00030	Pentose phosphate pathway	iECH74115_1262	iEcE24377_1341	0		1	R01538	33	R00756|R00762|R01049|R01051|R01056|R01057|R01066|R01067|R01068|R01521|R01528|R01529|R01541|R01641|R01737|R01739|R02035|R02036|R02736|R02739|R02749|R02750|R05605|R06836|R07147|R08570|R08572|R08575|R10221|R10860|R10907|R13089|R13199
map00030	rn00030	Pentose phosphate pathway	iECH74115_1262	iEcHS_1320	0		1	R01538	33	R00756|R00762|R01049|R01051|R01056|R01057|R01066|R01067|R01068|R01521|R01528|R01529|R01541|R01641|R01737|R01739|R02035|R02036|R02736|R02739|R02749|R02750|R05605|R06836|R07147|R08570|R08572|R08575|R10221|R10860|R10907|R13089|R13199
map00030	rn00030	Pentose phosphate pathway	iECH74115_1262	iEcSMS35_1347	0		1	R01538	33	R00756|R00762|R01049|R01051|R01056|R01057|R01066|R01067|R01068|R01521|R01528|R01529|R01541|R01641|R01737|R01739|R02035|R02036|R02736|R02739|R02749|R02750|R05605|R06836|R07147|R08570|R08572|R08575|R10221|R10860|R10907|R13089|R13199
map00030	rn00030	Pentose phosphate pathway	iECH74115_1262	iEcolC_1368	0		1	R01538	33	R00756|R00762|R01049|R01051|R01056|R01057|R01066|R01067|R01068|R01521|R01528|R01529|R01541|R01641|R01737|R01739|R02035|R02036|R02736|R02739|R02749|R02750|R05605|R06836|R07147|R08570|R08572|R08575|R10221|R10860|R10907|R13089|R13199
map00030	rn00030	Pentose phosphate pathway	iECH74115_1262	iJO1366	0		1	R01538	33	R00756|R00762|R01049|R01051|R01056|R01057|R01066|R01067|R01068|R01521|R01528|R01529|R01541|R01641|R01737|R01739|R02035|R02036|R02736|R02739|R02749|R02750|R05605|R06836|R07147|R08570|R08572|R08575|R10221|R10860|R10907|R13089|R13199
map00030	rn00030	Pentose phosphate pathway	iECH74115_1262	iJR904	2	R06836|R13089	1	R01538	31	R00756|R00762|R01049|R01051|R01056|R01057|R01066|R01067|R01068|R01521|R01528|R01529|R01541|R01641|R01737|R01739|R02035|R02036|R02736|R02739|R02749|R02750|R05605|R07147|R08570|R08572|R08575|R10221|R10860|R10907|R13199
map00030	rn00030	Pentose phosphate pathway	iECH74115_1262	iLF82_1304	0		1	R01538	33	R00756|R00762|R01049|R01051|R01056|R01057|R01066|R01067|R01068|R01521|R01528|R01529|R01541|R01641|R01737|R01739|R02035|R02036|R02736|R02739|R02749|R02750|R05605|R06836|R07147|R08570|R08572|R08575|R10221|R10860|R10907|R13089|R13199
map00030	rn00030	Pentose phosphate pathway	iECH74115_1262	iML1515	0		1	R01538	33	R00756|R00762|R01049|R01051|R01056|R01057|R01066|R01067|R01068|R01521|R01528|R01529|R01541|R01641|R01737|R01739|R02035|R02036|R02736|R02739|R02749|R02750|R05605|R06836|R07147|R08570|R08572|R08575|R10221|R10860|R10907|R13089|R13199
map00030	rn00030	Pentose phosphate pathway	iECH74115_1262	iNRG857_1313	0		1	R01538	33	R00756|R00762|R01049|R01051|R01056|R01057|R01066|R01067|R01068|R01521|R01528|R01529|R01541|R01641|R01737|R01739|R02035|R02036|R02736|R02739|R02749|R02750|R05605|R06836|R07147|R08570|R08572|R08575|R10221|R10860|R10907|R13089|R13199
map00030	rn00030	Pentose phosphate pathway	iECH74115_1262	iUMN146_1321	0		1	R01538	33	R00756|R00762|R01049|R01051|R01056|R01057|R01066|R01067|R01068|R01521|R01528|R01529|R01541|R01641|R01737|R01739|R02035|R02036|R02736|R02739|R02749|R02750|R05605|R06836|R07147|R08570|R08572|R08575|R10221|R10860|R10907|R13089|R13199
map00030	rn00030	Pentose phosphate pathway	iECH74115_1262	iUMNK88_1353	0		1	R01538	33	R00756|R00762|R01049|R01051|R01056|R01057|R01066|R01067|R01068|R01521|R01528|R01529|R01541|R01641|R01737|R01739|R02035|R02036|R02736|R02739|R02749|R02750|R05605|R06836|R07147|R08570|R08572|R08575|R10221|R10860|R10907|R13089|R13199
map00030	rn00030	Pentose phosphate pathway	iECH74115_1262	iUTI89_1310	0		1	R01538	33	R00756|R00762|R01049|R01051|R01056|R01057|R01066|R01067|R01068|R01521|R01528|R01529|R01541|R01641|R01737|R01739|R02035|R02036|R02736|R02739|R02749|R02750|R05605|R06836|R07147|R08570|R08572|R08575|R10221|R10860|R10907|R13089|R13199
map00030	rn00030	Pentose phosphate pathway	iECH74115_1262	iWFL_1372	0		1	R01538	33	R00756|R00762|R01049|R01051|R01056|R01057|R01066|R01067|R01068|R01521|R01528|R01529|R01541|R01641|R01737|R01739|R02035|R02036|R02736|R02739|R02749|R02750|R05605|R06836|R07147|R08570|R08572|R08575|R10221|R10860|R10907|R13089|R13199
map00030	rn00030	Pentose phosphate pathway	iECH74115_1262	iY75_1357	0		1	R01538	33	R00756|R00762|R01049|R01051|R01056|R01057|R01066|R01067|R01068|R01521|R01528|R01529|R01541|R01641|R01737|R01739|R02035|R02036|R02736|R02739|R02749|R02750|R05605|R06836|R07147|R08570|R08572|R08575|R10221|R10860|R10907|R13089|R13199
map00030	rn00030	Pentose phosphate pathway	iECH74115_1262	ic_1306	0		1	R01538	33	R00756|R00762|R01049|R01051|R01056|R01057|R01066|R01067|R01068|R01521|R01528|R01529|R01541|R01641|R01737|R01739|R02035|R02036|R02736|R02739|R02749|R02750|R05605|R06836|R07147|R08570|R08572|R08575|R10221|R10860|R10907|R13089|R13199
map00030	rn00030	Pentose phosphate pathway	iECIAI1_1343	iECSP_1301	1	R01538	0		33	R00756|R00762|R01049|R01051|R01056|R01057|R01066|R01067|R01068|R01521|R01528|R01529|R01541|R01641|R01737|R01739|R02035|R02036|R02736|R02739|R02749|R02750|R05605|R06836|R07147|R08570|R08572|R08575|R10221|R10860|R10907|R13089|R13199
map00030	rn00030	Pentose phosphate pathway	iECIAI1_1343	iECs_1301	1	R01538	0		33	R00756|R00762|R01049|R01051|R01056|R01057|R01066|R01067|R01068|R01521|R01528|R01529|R01541|R01641|R01737|R01739|R02035|R02036|R02736|R02739|R02749|R02750|R05605|R06836|R07147|R08570|R08572|R08575|R10221|R10860|R10907|R13089|R13199
map00030	rn00030	Pentose phosphate pathway	iECIAI1_1343	iEKO11_1354	2	R01051|R02750	0		32	R00756|R00762|R01049|R01056|R01057|R01066|R01067|R01068|R01521|R01528|R01529|R01538|R01541|R01641|R01737|R01739|R02035|R02036|R02736|R02739|R02749|R05605|R06836|R07147|R08570|R08572|R08575|R10221|R10860|R10907|R13089|R13199
map00030	rn00030	Pentose phosphate pathway	iECIAI1_1343	iG2583_1286	1	R01538	0		33	R00756|R00762|R01049|R01051|R01056|R01057|R01066|R01067|R01068|R01521|R01528|R01529|R01541|R01641|R01737|R01739|R02035|R02036|R02736|R02739|R02749|R02750|R05605|R06836|R07147|R08570|R08572|R08575|R10221|R10860|R10907|R13089|R13199
map00030	rn00030	Pentose phosphate pathway	iECIAI1_1343	iJR904	2	R06836|R13089	0		32	R00756|R00762|R01049|R01051|R01056|R01057|R01066|R01067|R01068|R01521|R01528|R01529|R01538|R01541|R01641|R01737|R01739|R02035|R02036|R02736|R02739|R02749|R02750|R05605|R07147|R08570|R08572|R08575|R10221|R10860|R10907|R13199
map00030	rn00030	Pentose phosphate pathway	iECIAI1_1343	iZ_1308	1	R01538	0		33	R00756|R00762|R01049|R01051|R01056|R01057|R01066|R01067|R01068|R01521|R01528|R01529|R01541|R01641|R01737|R01739|R02035|R02036|R02736|R02739|R02749|R02750|R05605|R06836|R07147|R08570|R08572|R08575|R10221|R10860|R10907|R13089|R13199
map00030	rn00030	Pentose phosphate pathway	iECIAI39_1322	iECSP_1301	1	R01538	0		33	R00756|R00762|R01049|R01051|R01056|R01057|R01066|R01067|R01068|R01521|R01528|R01529|R01541|R01641|R01737|R01739|R02035|R02036|R02736|R02739|R02749|R02750|R05605|R06836|R07147|R08570|R08572|R08575|R10221|R10860|R10907|R13089|R13199
map00030	rn00030	Pentose phosphate pathway	iECIAI39_1322	iECs_1301	1	R01538	0		33	R00756|R00762|R01049|R01051|R01056|R01057|R01066|R01067|R01068|R01521|R01528|R01529|R01541|R01641|R01737|R01739|R02035|R02036|R02736|R02739|R02749|R02750|R05605|R06836|R07147|R08570|R08572|R08575|R10221|R10860|R10907|R13089|R13199
map00030	rn00030	Pentose phosphate pathway	iECIAI39_1322	iEKO11_1354	2	R01051|R02750	0		32	R00756|R00762|R01049|R01056|R01057|R01066|R01067|R01068|R01521|R01528|R01529|R01538|R01541|R01641|R01737|R01739|R02035|R02036|R02736|R02739|R02749|R05605|R06836|R07147|R08570|R08572|R08575|R10221|R10860|R10907|R13089|R13199
map00030	rn00030	Pentose phosphate pathway	iECIAI39_1322	iG2583_1286	1	R01538	0		33	R00756|R00762|R01049|R01051|R01056|R01057|R01066|R01067|R01068|R01521|R01528|R01529|R01541|R01641|R01737|R01739|R02035|R02036|R02736|R02739|R02749|R02750|R05605|R06836|R07147|R08570|R08572|R08575|R10221|R10860|R10907|R13089|R13199
map00030	rn00030	Pentose phosphate pathway	iECIAI39_1322	iJR904	2	R06836|R13089	0		32	R00756|R00762|R01049|R01051|R01056|R01057|R01066|R01067|R01068|R01521|R01528|R01529|R01538|R01541|R01641|R01737|R01739|R02035|R02036|R02736|R02739|R02749|R02750|R05605|R07147|R08570|R08572|R08575|R10221|R10860|R10907|R13199
map00030	rn00030	Pentose phosphate pathway	iECIAI39_1322	iZ_1308	1	R01538	0		33	R00756|R00762|R01049|R01051|R01056|R01057|R01066|R01067|R01068|R01521|R01528|R01529|R01541|R01641|R01737|R01739|R02035|R02036|R02736|R02739|R02749|R02750|R05605|R06836|R07147|R08570|R08572|R08575|R10221|R10860|R10907|R13089|R13199
map00030	rn00030	Pentose phosphate pathway	iECNA114_1301	iECSP_1301	1	R01538	0		33	R00756|R00762|R01049|R01051|R01056|R01057|R01066|R01067|R01068|R01521|R01528|R01529|R01541|R01641|R01737|R01739|R02035|R02036|R02736|R02739|R02749|R02750|R05605|R06836|R07147|R08570|R08572|R08575|R10221|R10860|R10907|R13089|R13199
map00030	rn00030	Pentose phosphate pathway	iECNA114_1301	iECs_1301	1	R01538	0		33	R00756|R00762|R01049|R01051|R01056|R01057|R01066|R01067|R01068|R01521|R01528|R01529|R01541|R01641|R01737|R01739|R02035|R02036|R02736|R02739|R02749|R02750|R05605|R06836|R07147|R08570|R08572|R08575|R10221|R10860|R10907|R13089|R13199
map00030	rn00030	Pentose phosphate pathway	iECNA114_1301	iEKO11_1354	2	R01051|R02750	0		32	R00756|R00762|R01049|R01056|R01057|R01066|R01067|R01068|R01521|R01528|R01529|R01538|R01541|R01641|R01737|R01739|R02035|R02036|R02736|R02739|R02749|R05605|R06836|R07147|R08570|R08572|R08575|R10221|R10860|R10907|R13089|R13199
map00030	rn00030	Pentose phosphate pathway	iECNA114_1301	iG2583_1286	1	R01538	0		33	R00756|R00762|R01049|R01051|R01056|R01057|R01066|R01067|R01068|R01521|R01528|R01529|R01541|R01641|R01737|R01739|R02035|R02036|R02736|R02739|R02749|R02750|R05605|R06836|R07147|R08570|R08572|R08575|R10221|R10860|R10907|R13089|R13199
map00030	rn00030	Pentose phosphate pathway	iECNA114_1301	iJR904	2	R06836|R13089	0		32	R00756|R00762|R01049|R01051|R01056|R01057|R01066|R01067|R01068|R01521|R01528|R01529|R01538|R01541|R01641|R01737|R01739|R02035|R02036|R02736|R02739|R02749|R02750|R05605|R07147|R08570|R08572|R08575|R10221|R10860|R10907|R13199
map00030	rn00030	Pentose phosphate pathway	iECNA114_1301	iZ_1308	1	R01538	0		33	R00756|R00762|R01049|R01051|R01056|R01057|R01066|R01067|R01068|R01521|R01528|R01529|R01541|R01641|R01737|R01739|R02035|R02036|R02736|R02739|R02749|R02750|R05605|R06836|R07147|R08570|R08572|R08575|R10221|R10860|R10907|R13089|R13199
map00030	rn00030	Pentose phosphate pathway	iECO103_1326	iECSP_1301	1	R01538	0		33	R00756|R00762|R01049|R01051|R01056|R01057|R01066|R01067|R01068|R01521|R01528|R01529|R01541|R01641|R01737|R01739|R02035|R02036|R02736|R02739|R02749|R02750|R05605|R06836|R07147|R08570|R08572|R08575|R10221|R10860|R10907|R13089|R13199
map00030	rn00030	Pentose phosphate pathway	iECO103_1326	iECs_1301	1	R01538	0		33	R00756|R00762|R01049|R01051|R01056|R01057|R01066|R01067|R01068|R01521|R01528|R01529|R01541|R01641|R01737|R01739|R02035|R02036|R02736|R02739|R02749|R02750|R05605|R06836|R07147|R08570|R08572|R08575|R10221|R10860|R10907|R13089|R13199
map00030	rn00030	Pentose phosphate pathway	iECO103_1326	iEKO11_1354	2	R01051|R02750	0		32	R00756|R00762|R01049|R01056|R01057|R01066|R01067|R01068|R01521|R01528|R01529|R01538|R01541|R01641|R01737|R01739|R02035|R02036|R02736|R02739|R02749|R05605|R06836|R07147|R08570|R08572|R08575|R10221|R10860|R10907|R13089|R13199
map00030	rn00030	Pentose phosphate pathway	iECO103_1326	iG2583_1286	1	R01538	0		33	R00756|R00762|R01049|R01051|R01056|R01057|R01066|R01067|R01068|R01521|R01528|R01529|R01541|R01641|R01737|R01739|R02035|R02036|R02736|R02739|R02749|R02750|R05605|R06836|R07147|R08570|R08572|R08575|R10221|R10860|R10907|R13089|R13199
map00030	rn00030	Pentose phosphate pathway	iECO103_1326	iJR904	2	R06836|R13089	0		32	R00756|R00762|R01049|R01051|R01056|R01057|R01066|R01067|R01068|R01521|R01528|R01529|R01538|R01541|R01641|R01737|R01739|R02035|R02036|R02736|R02739|R02749|R02750|R05605|R07147|R08570|R08572|R08575|R10221|R10860|R10907|R13199
map00030	rn00030	Pentose phosphate pathway	iECO103_1326	iZ_1308	1	R01538	0		33	R00756|R00762|R01049|R01051|R01056|R01057|R01066|R01067|R01068|R01521|R01528|R01529|R01541|R01641|R01737|R01739|R02035|R02036|R02736|R02739|R02749|R02750|R05605|R06836|R07147|R08570|R08572|R08575|R10221|R10860|R10907|R13089|R13199
map00030	rn00030	Pentose phosphate pathway	iECO111_1330	iECSP_1301	1	R01538	0		33	R00756|R00762|R01049|R01051|R01056|R01057|R01066|R01067|R01068|R01521|R01528|R01529|R01541|R01641|R01737|R01739|R02035|R02036|R02736|R02739|R02749|R02750|R05605|R06836|R07147|R08570|R08572|R08575|R10221|R10860|R10907|R13089|R13199
map00030	rn00030	Pentose phosphate pathway	iECO111_1330	iECs_1301	1	R01538	0		33	R00756|R00762|R01049|R01051|R01056|R01057|R01066|R01067|R01068|R01521|R01528|R01529|R01541|R01641|R01737|R01739|R02035|R02036|R02736|R02739|R02749|R02750|R05605|R06836|R07147|R08570|R08572|R08575|R10221|R10860|R10907|R13089|R13199
map00030	rn00030	Pentose phosphate pathway	iECO111_1330	iEKO11_1354	2	R01051|R02750	0		32	R00756|R00762|R01049|R01056|R01057|R01066|R01067|R01068|R01521|R01528|R01529|R01538|R01541|R01641|R01737|R01739|R02035|R02036|R02736|R02739|R02749|R05605|R06836|R07147|R08570|R08572|R08575|R10221|R10860|R10907|R13089|R13199
map00030	rn00030	Pentose phosphate pathway	iECO111_1330	iG2583_1286	1	R01538	0		33	R00756|R00762|R01049|R01051|R01056|R01057|R01066|R01067|R01068|R01521|R01528|R01529|R01541|R01641|R01737|R01739|R02035|R02036|R02736|R02739|R02749|R02750|R05605|R06836|R07147|R08570|R08572|R08575|R10221|R10860|R10907|R13089|R13199
map00030	rn00030	Pentose phosphate pathway	iECO111_1330	iJR904	2	R06836|R13089	0		32	R00756|R00762|R01049|R01051|R01056|R01057|R01066|R01067|R01068|R01521|R01528|R01529|R01538|R01541|R01641|R01737|R01739|R02035|R02036|R02736|R02739|R02749|R02750|R05605|R07147|R08570|R08572|R08575|R10221|R10860|R10907|R13199
map00030	rn00030	Pentose phosphate pathway	iECO111_1330	iZ_1308	1	R01538	0		33	R00756|R00762|R01049|R01051|R01056|R01057|R01066|R01067|R01068|R01521|R01528|R01529|R01541|R01641|R01737|R01739|R02035|R02036|R02736|R02739|R02749|R02750|R05605|R06836|R07147|R08570|R08572|R08575|R10221|R10860|R10907|R13089|R13199
map00030	rn00030	Pentose phosphate pathway	iECO26_1355	iECSP_1301	1	R01538	0		33	R00756|R00762|R01049|R01051|R01056|R01057|R01066|R01067|R01068|R01521|R01528|R01529|R01541|R01641|R01737|R01739|R02035|R02036|R02736|R02739|R02749|R02750|R05605|R06836|R07147|R08570|R08572|R08575|R10221|R10860|R10907|R13089|R13199
map00030	rn00030	Pentose phosphate pathway	iECO26_1355	iECs_1301	1	R01538	0		33	R00756|R00762|R01049|R01051|R01056|R01057|R01066|R01067|R01068|R01521|R01528|R01529|R01541|R01641|R01737|R01739|R02035|R02036|R02736|R02739|R02749|R02750|R05605|R06836|R07147|R08570|R08572|R08575|R10221|R10860|R10907|R13089|R13199
map00030	rn00030	Pentose phosphate pathway	iECO26_1355	iEKO11_1354	2	R01051|R02750	0		32	R00756|R00762|R01049|R01056|R01057|R01066|R01067|R01068|R01521|R01528|R01529|R01538|R01541|R01641|R01737|R01739|R02035|R02036|R02736|R02739|R02749|R05605|R06836|R07147|R08570|R08572|R08575|R10221|R10860|R10907|R13089|R13199
map00030	rn00030	Pentose phosphate pathway	iECO26_1355	iG2583_1286	1	R01538	0		33	R00756|R00762|R01049|R01051|R01056|R01057|R01066|R01067|R01068|R01521|R01528|R01529|R01541|R01641|R01737|R01739|R02035|R02036|R02736|R02739|R02749|R02750|R05605|R06836|R07147|R08570|R08572|R08575|R10221|R10860|R10907|R13089|R13199
map00030	rn00030	Pentose phosphate pathway	iECO26_1355	iJR904	2	R06836|R13089	0		32	R00756|R00762|R01049|R01051|R01056|R01057|R01066|R01067|R01068|R01521|R01528|R01529|R01538|R01541|R01641|R01737|R01739|R02035|R02036|R02736|R02739|R02749|R02750|R05605|R07147|R08570|R08572|R08575|R10221|R10860|R10907|R13199
map00030	rn00030	Pentose phosphate pathway	iECO26_1355	iZ_1308	1	R01538	0		33	R00756|R00762|R01049|R01051|R01056|R01057|R01066|R01067|R01068|R01521|R01528|R01529|R01541|R01641|R01737|R01739|R02035|R02036|R02736|R02739|R02749|R02750|R05605|R06836|R07147|R08570|R08572|R08575|R10221|R10860|R10907|R13089|R13199
map00030	rn00030	Pentose phosphate pathway	iECOK1_1307	iECSP_1301	1	R01538	0		33	R00756|R00762|R01049|R01051|R01056|R01057|R01066|R01067|R01068|R01521|R01528|R01529|R01541|R01641|R01737|R01739|R02035|R02036|R02736|R02739|R02749|R02750|R05605|R06836|R07147|R08570|R08572|R08575|R10221|R10860|R10907|R13089|R13199
map00030	rn00030	Pentose phosphate pathway	iECOK1_1307	iECs_1301	1	R01538	0		33	R00756|R00762|R01049|R01051|R01056|R01057|R01066|R01067|R01068|R01521|R01528|R01529|R01541|R01641|R01737|R01739|R02035|R02036|R02736|R02739|R02749|R02750|R05605|R06836|R07147|R08570|R08572|R08575|R10221|R10860|R10907|R13089|R13199
map00030	rn00030	Pentose phosphate pathway	iECOK1_1307	iEKO11_1354	2	R01051|R02750	0		32	R00756|R00762|R01049|R01056|R01057|R01066|R01067|R01068|R01521|R01528|R01529|R01538|R01541|R01641|R01737|R01739|R02035|R02036|R02736|R02739|R02749|R05605|R06836|R07147|R08570|R08572|R08575|R10221|R10860|R10907|R13089|R13199
map00030	rn00030	Pentose phosphate pathway	iECOK1_1307	iG2583_1286	1	R01538	0		33	R00756|R00762|R01049|R01051|R01056|R01057|R01066|R01067|R01068|R01521|R01528|R01529|R01541|R01641|R01737|R01739|R02035|R02036|R02736|R02739|R02749|R02750|R05605|R06836|R07147|R08570|R08572|R08575|R10221|R10860|R10907|R13089|R13199
map00030	rn00030	Pentose phosphate pathway	iECOK1_1307	iJR904	2	R06836|R13089	0		32	R00756|R00762|R01049|R01051|R01056|R01057|R01066|R01067|R01068|R01521|R01528|R01529|R01538|R01541|R01641|R01737|R01739|R02035|R02036|R02736|R02739|R02749|R02750|R05605|R07147|R08570|R08572|R08575|R10221|R10860|R10907|R13199
map00030	rn00030	Pentose phosphate pathway	iECOK1_1307	iZ_1308	1	R01538	0		33	R00756|R00762|R01049|R01051|R01056|R01057|R01066|R01067|R01068|R01521|R01528|R01529|R01541|R01641|R01737|R01739|R02035|R02036|R02736|R02739|R02749|R02750|R05605|R06836|R07147|R08570|R08572|R08575|R10221|R10860|R10907|R13089|R13199
map00030	rn00030	Pentose phosphate pathway	iECP_1309	iECSP_1301	1	R01538	0		33	R00756|R00762|R01049|R01051|R01056|R01057|R01066|R01067|R01068|R01521|R01528|R01529|R01541|R01641|R01737|R01739|R02035|R02036|R02736|R02739|R02749|R02750|R05605|R06836|R07147|R08570|R08572|R08575|R10221|R10860|R10907|R13089|R13199
map00030	rn00030	Pentose phosphate pathway	iECP_1309	iECs_1301	1	R01538	0		33	R00756|R00762|R01049|R01051|R01056|R01057|R01066|R01067|R01068|R01521|R01528|R01529|R01541|R01641|R01737|R01739|R02035|R02036|R02736|R02739|R02749|R02750|R05605|R06836|R07147|R08570|R08572|R08575|R10221|R10860|R10907|R13089|R13199
map00030	rn00030	Pentose phosphate pathway	iECP_1309	iEKO11_1354	2	R01051|R02750	0		32	R00756|R00762|R01049|R01056|R01057|R01066|R01067|R01068|R01521|R01528|R01529|R01538|R01541|R01641|R01737|R01739|R02035|R02036|R02736|R02739|R02749|R05605|R06836|R07147|R08570|R08572|R08575|R10221|R10860|R10907|R13089|R13199
map00030	rn00030	Pentose phosphate pathway	iECP_1309	iG2583_1286	1	R01538	0		33	R00756|R00762|R01049|R01051|R01056|R01057|R01066|R01067|R01068|R01521|R01528|R01529|R01541|R01641|R01737|R01739|R02035|R02036|R02736|R02739|R02749|R02750|R05605|R06836|R07147|R08570|R08572|R08575|R10221|R10860|R10907|R13089|R13199
map00030	rn00030	Pentose phosphate pathway	iECP_1309	iJR904	2	R06836|R13089	0		32	R00756|R00762|R01049|R01051|R01056|R01057|R01066|R01067|R01068|R01521|R01528|R01529|R01538|R01541|R01641|R01737|R01739|R02035|R02036|R02736|R02739|R02749|R02750|R05605|R07147|R08570|R08572|R08575|R10221|R10860|R10907|R13199
map00030	rn00030	Pentose phosphate pathway	iECP_1309	iZ_1308	1	R01538	0		33	R00756|R00762|R01049|R01051|R01056|R01057|R01066|R01067|R01068|R01521|R01528|R01529|R01541|R01641|R01737|R01739|R02035|R02036|R02736|R02739|R02749|R02750|R05605|R06836|R07147|R08570|R08572|R08575|R10221|R10860|R10907|R13089|R13199
map00030	rn00030	Pentose phosphate pathway	iECS88_1305	iECSP_1301	1	R01538	0		33	R00756|R00762|R01049|R01051|R01056|R01057|R01066|R01067|R01068|R01521|R01528|R01529|R01541|R01641|R01737|R01739|R02035|R02036|R02736|R02739|R02749|R02750|R05605|R06836|R07147|R08570|R08572|R08575|R10221|R10860|R10907|R13089|R13199
map00030	rn00030	Pentose phosphate pathway	iECS88_1305	iECs_1301	1	R01538	0		33	R00756|R00762|R01049|R01051|R01056|R01057|R01066|R01067|R01068|R01521|R01528|R01529|R01541|R01641|R01737|R01739|R02035|R02036|R02736|R02739|R02749|R02750|R05605|R06836|R07147|R08570|R08572|R08575|R10221|R10860|R10907|R13089|R13199
map00030	rn00030	Pentose phosphate pathway	iECS88_1305	iEKO11_1354	2	R01051|R02750	0		32	R00756|R00762|R01049|R01056|R01057|R01066|R01067|R01068|R01521|R01528|R01529|R01538|R01541|R01641|R01737|R01739|R02035|R02036|R02736|R02739|R02749|R05605|R06836|R07147|R08570|R08572|R08575|R10221|R10860|R10907|R13089|R13199
map00030	rn00030	Pentose phosphate pathway	iECS88_1305	iG2583_1286	1	R01538	0		33	R00756|R00762|R01049|R01051|R01056|R01057|R01066|R01067|R01068|R01521|R01528|R01529|R01541|R01641|R01737|R01739|R02035|R02036|R02736|R02739|R02749|R02750|R05605|R06836|R07147|R08570|R08572|R08575|R10221|R10860|R10907|R13089|R13199
map00030	rn00030	Pentose phosphate pathway	iECS88_1305	iJR904	2	R06836|R13089	0		32	R00756|R00762|R01049|R01051|R01056|R01057|R01066|R01067|R01068|R01521|R01528|R01529|R01538|R01541|R01641|R01737|R01739|R02035|R02036|R02736|R02739|R02749|R02750|R05605|R07147|R08570|R08572|R08575|R10221|R10860|R10907|R13199
map00030	rn00030	Pentose phosphate pathway	iECS88_1305	iZ_1308	1	R01538	0		33	R00756|R00762|R01049|R01051|R01056|R01057|R01066|R01067|R01068|R01521|R01528|R01529|R01541|R01641|R01737|R01739|R02035|R02036|R02736|R02739|R02749|R02750|R05605|R06836|R07147|R08570|R08572|R08575|R10221|R10860|R10907|R13089|R13199
map00030	rn00030	Pentose phosphate pathway	iECSE_1348	iECSP_1301	1	R01538	0		33	R00756|R00762|R01049|R01051|R01056|R01057|R01066|R01067|R01068|R01521|R01528|R01529|R01541|R01641|R01737|R01739|R02035|R02036|R02736|R02739|R02749|R02750|R05605|R06836|R07147|R08570|R08572|R08575|R10221|R10860|R10907|R13089|R13199
map00030	rn00030	Pentose phosphate pathway	iECSE_1348	iECs_1301	1	R01538	0		33	R00756|R00762|R01049|R01051|R01056|R01057|R01066|R01067|R01068|R01521|R01528|R01529|R01541|R01641|R01737|R01739|R02035|R02036|R02736|R02739|R02749|R02750|R05605|R06836|R07147|R08570|R08572|R08575|R10221|R10860|R10907|R13089|R13199
map00030	rn00030	Pentose phosphate pathway	iECSE_1348	iEKO11_1354	2	R01051|R02750	0		32	R00756|R00762|R01049|R01056|R01057|R01066|R01067|R01068|R01521|R01528|R01529|R01538|R01541|R01641|R01737|R01739|R02035|R02036|R02736|R02739|R02749|R05605|R06836|R07147|R08570|R08572|R08575|R10221|R10860|R10907|R13089|R13199
map00030	rn00030	Pentose phosphate pathway	iECSE_1348	iG2583_1286	1	R01538	0		33	R00756|R00762|R01049|R01051|R01056|R01057|R01066|R01067|R01068|R01521|R01528|R01529|R01541|R01641|R01737|R01739|R02035|R02036|R02736|R02739|R02749|R02750|R05605|R06836|R07147|R08570|R08572|R08575|R10221|R10860|R10907|R13089|R13199
map00030	rn00030	Pentose phosphate pathway	iECSE_1348	iJR904	2	R06836|R13089	0		32	R00756|R00762|R01049|R01051|R01056|R01057|R01066|R01067|R01068|R01521|R01528|R01529|R01538|R01541|R01641|R01737|R01739|R02035|R02036|R02736|R02739|R02749|R02750|R05605|R07147|R08570|R08572|R08575|R10221|R10860|R10907|R13199
map00030	rn00030	Pentose phosphate pathway	iECSE_1348	iZ_1308	1	R01538	0		33	R00756|R00762|R01049|R01051|R01056|R01057|R01066|R01067|R01068|R01521|R01528|R01529|R01541|R01641|R01737|R01739|R02035|R02036|R02736|R02739|R02749|R02750|R05605|R06836|R07147|R08570|R08572|R08575|R10221|R10860|R10907|R13089|R13199
map00030	rn00030	Pentose phosphate pathway	iECSF_1327	iECSP_1301	1	R01538	0		33	R00756|R00762|R01049|R01051|R01056|R01057|R01066|R01067|R01068|R01521|R01528|R01529|R01541|R01641|R01737|R01739|R02035|R02036|R02736|R02739|R02749|R02750|R05605|R06836|R07147|R08570|R08572|R08575|R10221|R10860|R10907|R13089|R13199
map00030	rn00030	Pentose phosphate pathway	iECSF_1327	iECs_1301	1	R01538	0		33	R00756|R00762|R01049|R01051|R01056|R01057|R01066|R01067|R01068|R01521|R01528|R01529|R01541|R01641|R01737|R01739|R02035|R02036|R02736|R02739|R02749|R02750|R05605|R06836|R07147|R08570|R08572|R08575|R10221|R10860|R10907|R13089|R13199
map00030	rn00030	Pentose phosphate pathway	iECSF_1327	iEKO11_1354	2	R01051|R02750	0		32	R00756|R00762|R01049|R01056|R01057|R01066|R01067|R01068|R01521|R01528|R01529|R01538|R01541|R01641|R01737|R01739|R02035|R02036|R02736|R02739|R02749|R05605|R06836|R07147|R08570|R08572|R08575|R10221|R10860|R10907|R13089|R13199
map00030	rn00030	Pentose phosphate pathway	iECSF_1327	iG2583_1286	1	R01538	0		33	R00756|R00762|R01049|R01051|R01056|R01057|R01066|R01067|R01068|R01521|R01528|R01529|R01541|R01641|R01737|R01739|R02035|R02036|R02736|R02739|R02749|R02750|R05605|R06836|R07147|R08570|R08572|R08575|R10221|R10860|R10907|R13089|R13199
map00030	rn00030	Pentose phosphate pathway	iECSF_1327	iJR904	2	R06836|R13089	0		32	R00756|R00762|R01049|R01051|R01056|R01057|R01066|R01067|R01068|R01521|R01528|R01529|R01538|R01541|R01641|R01737|R01739|R02035|R02036|R02736|R02739|R02749|R02750|R05605|R07147|R08570|R08572|R08575|R10221|R10860|R10907|R13199
map00030	rn00030	Pentose phosphate pathway	iECSF_1327	iZ_1308	1	R01538	0		33	R00756|R00762|R01049|R01051|R01056|R01057|R01066|R01067|R01068|R01521|R01528|R01529|R01541|R01641|R01737|R01739|R02035|R02036|R02736|R02739|R02749|R02750|R05605|R06836|R07147|R08570|R08572|R08575|R10221|R10860|R10907|R13089|R13199
map00030	rn00030	Pentose phosphate pathway	iECSP_1301	iECUMN_1333	0		1	R01538	33	R00756|R00762|R01049|R01051|R01056|R01057|R01066|R01067|R01068|R01521|R01528|R01529|R01541|R01641|R01737|R01739|R02035|R02036|R02736|R02739|R02749|R02750|R05605|R06836|R07147|R08570|R08572|R08575|R10221|R10860|R10907|R13089|R13199
map00030	rn00030	Pentose phosphate pathway	iECSP_1301	iECW_1372	0		1	R01538	33	R00756|R00762|R01049|R01051|R01056|R01057|R01066|R01067|R01068|R01521|R01528|R01529|R01541|R01641|R01737|R01739|R02035|R02036|R02736|R02739|R02749|R02750|R05605|R06836|R07147|R08570|R08572|R08575|R10221|R10860|R10907|R13089|R13199
map00030	rn00030	Pentose phosphate pathway	iECSP_1301	iEKO11_1354	2	R01051|R02750	1	R01538	31	R00756|R00762|R01049|R01056|R01057|R01066|R01067|R01068|R01521|R01528|R01529|R01541|R01641|R01737|R01739|R02035|R02036|R02736|R02739|R02749|R05605|R06836|R07147|R08570|R08572|R08575|R10221|R10860|R10907|R13089|R13199
map00030	rn00030	Pentose phosphate pathway	iECSP_1301	iETEC_1333	0		1	R01538	33	R00756|R00762|R01049|R01051|R01056|R01057|R01066|R01067|R01068|R01521|R01528|R01529|R01541|R01641|R01737|R01739|R02035|R02036|R02736|R02739|R02749|R02750|R05605|R06836|R07147|R08570|R08572|R08575|R10221|R10860|R10907|R13089|R13199
map00030	rn00030	Pentose phosphate pathway	iECSP_1301	iEcDH1_1363	0		1	R01538	33	R00756|R00762|R01049|R01051|R01056|R01057|R01066|R01067|R01068|R01521|R01528|R01529|R01541|R01641|R01737|R01739|R02035|R02036|R02736|R02739|R02749|R02750|R05605|R06836|R07147|R08570|R08572|R08575|R10221|R10860|R10907|R13089|R13199
map00030	rn00030	Pentose phosphate pathway	iECSP_1301	iEcE24377_1341	0		1	R01538	33	R00756|R00762|R01049|R01051|R01056|R01057|R01066|R01067|R01068|R01521|R01528|R01529|R01541|R01641|R01737|R01739|R02035|R02036|R02736|R02739|R02749|R02750|R05605|R06836|R07147|R08570|R08572|R08575|R10221|R10860|R10907|R13089|R13199
map00030	rn00030	Pentose phosphate pathway	iECSP_1301	iEcHS_1320	0		1	R01538	33	R00756|R00762|R01049|R01051|R01056|R01057|R01066|R01067|R01068|R01521|R01528|R01529|R01541|R01641|R01737|R01739|R02035|R02036|R02736|R02739|R02749|R02750|R05605|R06836|R07147|R08570|R08572|R08575|R10221|R10860|R10907|R13089|R13199
map00030	rn00030	Pentose phosphate pathway	iECSP_1301	iEcSMS35_1347	0		1	R01538	33	R00756|R00762|R01049|R01051|R01056|R01057|R01066|R01067|R01068|R01521|R01528|R01529|R01541|R01641|R01737|R01739|R02035|R02036|R02736|R02739|R02749|R02750|R05605|R06836|R07147|R08570|R08572|R08575|R10221|R10860|R10907|R13089|R13199
map00030	rn00030	Pentose phosphate pathway	iECSP_1301	iEcolC_1368	0		1	R01538	33	R00756|R00762|R01049|R01051|R01056|R01057|R01066|R01067|R01068|R01521|R01528|R01529|R01541|R01641|R01737|R01739|R02035|R02036|R02736|R02739|R02749|R02750|R05605|R06836|R07147|R08570|R08572|R08575|R10221|R10860|R10907|R13089|R13199
map00030	rn00030	Pentose phosphate pathway	iECSP_1301	iJO1366	0		1	R01538	33	R00756|R00762|R01049|R01051|R01056|R01057|R01066|R01067|R01068|R01521|R01528|R01529|R01541|R01641|R01737|R01739|R02035|R02036|R02736|R02739|R02749|R02750|R05605|R06836|R07147|R08570|R08572|R08575|R10221|R10860|R10907|R13089|R13199
map00030	rn00030	Pentose phosphate pathway	iECSP_1301	iJR904	2	R06836|R13089	1	R01538	31	R00756|R00762|R01049|R01051|R01056|R01057|R01066|R01067|R01068|R01521|R01528|R01529|R01541|R01641|R01737|R01739|R02035|R02036|R02736|R02739|R02749|R02750|R05605|R07147|R08570|R08572|R08575|R10221|R10860|R10907|R13199
map00030	rn00030	Pentose phosphate pathway	iECSP_1301	iLF82_1304	0		1	R01538	33	R00756|R00762|R01049|R01051|R01056|R01057|R01066|R01067|R01068|R01521|R01528|R01529|R01541|R01641|R01737|R01739|R02035|R02036|R02736|R02739|R02749|R02750|R05605|R06836|R07147|R08570|R08572|R08575|R10221|R10860|R10907|R13089|R13199
map00030	rn00030	Pentose phosphate pathway	iECSP_1301	iML1515	0		1	R01538	33	R00756|R00762|R01049|R01051|R01056|R01057|R01066|R01067|R01068|R01521|R01528|R01529|R01541|R01641|R01737|R01739|R02035|R02036|R02736|R02739|R02749|R02750|R05605|R06836|R07147|R08570|R08572|R08575|R10221|R10860|R10907|R13089|R13199
map00030	rn00030	Pentose phosphate pathway	iECSP_1301	iNRG857_1313	0		1	R01538	33	R00756|R00762|R01049|R01051|R01056|R01057|R01066|R01067|R01068|R01521|R01528|R01529|R01541|R01641|R01737|R01739|R02035|R02036|R02736|R02739|R02749|R02750|R05605|R06836|R07147|R08570|R08572|R08575|R10221|R10860|R10907|R13089|R13199
map00030	rn00030	Pentose phosphate pathway	iECSP_1301	iUMN146_1321	0		1	R01538	33	R00756|R00762|R01049|R01051|R01056|R01057|R01066|R01067|R01068|R01521|R01528|R01529|R01541|R01641|R01737|R01739|R02035|R02036|R02736|R02739|R02749|R02750|R05605|R06836|R07147|R08570|R08572|R08575|R10221|R10860|R10907|R13089|R13199
map00030	rn00030	Pentose phosphate pathway	iECSP_1301	iUMNK88_1353	0		1	R01538	33	R00756|R00762|R01049|R01051|R01056|R01057|R01066|R01067|R01068|R01521|R01528|R01529|R01541|R01641|R01737|R01739|R02035|R02036|R02736|R02739|R02749|R02750|R05605|R06836|R07147|R08570|R08572|R08575|R10221|R10860|R10907|R13089|R13199
map00030	rn00030	Pentose phosphate pathway	iECSP_1301	iUTI89_1310	0		1	R01538	33	R00756|R00762|R01049|R01051|R01056|R01057|R01066|R01067|R01068|R01521|R01528|R01529|R01541|R01641|R01737|R01739|R02035|R02036|R02736|R02739|R02749|R02750|R05605|R06836|R07147|R08570|R08572|R08575|R10221|R10860|R10907|R13089|R13199
map00030	rn00030	Pentose phosphate pathway	iECSP_1301	iWFL_1372	0		1	R01538	33	R00756|R00762|R01049|R01051|R01056|R01057|R01066|R01067|R01068|R01521|R01528|R01529|R01541|R01641|R01737|R01739|R02035|R02036|R02736|R02739|R02749|R02750|R05605|R06836|R07147|R08570|R08572|R08575|R10221|R10860|R10907|R13089|R13199
map00030	rn00030	Pentose phosphate pathway	iECSP_1301	iY75_1357	0		1	R01538	33	R00756|R00762|R01049|R01051|R01056|R01057|R01066|R01067|R01068|R01521|R01528|R01529|R01541|R01641|R01737|R01739|R02035|R02036|R02736|R02739|R02749|R02750|R05605|R06836|R07147|R08570|R08572|R08575|R10221|R10860|R10907|R13089|R13199
map00030	rn00030	Pentose phosphate pathway	iECSP_1301	ic_1306	0		1	R01538	33	R00756|R00762|R01049|R01051|R01056|R01057|R01066|R01067|R01068|R01521|R01528|R01529|R01541|R01641|R01737|R01739|R02035|R02036|R02736|R02739|R02749|R02750|R05605|R06836|R07147|R08570|R08572|R08575|R10221|R10860|R10907|R13089|R13199
map00030	rn00030	Pentose phosphate pathway	iECUMN_1333	iECs_1301	1	R01538	0		33	R00756|R00762|R01049|R01051|R01056|R01057|R01066|R01067|R01068|R01521|R01528|R01529|R01541|R01641|R01737|R01739|R02035|R02036|R02736|R02739|R02749|R02750|R05605|R06836|R07147|R08570|R08572|R08575|R10221|R10860|R10907|R13089|R13199
map00030	rn00030	Pentose phosphate pathway	iECUMN_1333	iEKO11_1354	2	R01051|R02750	0		32	R00756|R00762|R01049|R01056|R01057|R01066|R01067|R01068|R01521|R01528|R01529|R01538|R01541|R01641|R01737|R01739|R02035|R02036|R02736|R02739|R02749|R05605|R06836|R07147|R08570|R08572|R08575|R10221|R10860|R10907|R13089|R13199
map00030	rn00030	Pentose phosphate pathway	iECUMN_1333	iG2583_1286	1	R01538	0		33	R00756|R00762|R01049|R01051|R01056|R01057|R01066|R01067|R01068|R01521|R01528|R01529|R01541|R01641|R01737|R01739|R02035|R02036|R02736|R02739|R02749|R02750|R05605|R06836|R07147|R08570|R08572|R08575|R10221|R10860|R10907|R13089|R13199
map00030	rn00030	Pentose phosphate pathway	iECUMN_1333	iJR904	2	R06836|R13089	0		32	R00756|R00762|R01049|R01051|R01056|R01057|R01066|R01067|R01068|R01521|R01528|R01529|R01538|R01541|R01641|R01737|R01739|R02035|R02036|R02736|R02739|R02749|R02750|R05605|R07147|R08570|R08572|R08575|R10221|R10860|R10907|R13199
map00030	rn00030	Pentose phosphate pathway	iECUMN_1333	iZ_1308	1	R01538	0		33	R00756|R00762|R01049|R01051|R01056|R01057|R01066|R01067|R01068|R01521|R01528|R01529|R01541|R01641|R01737|R01739|R02035|R02036|R02736|R02739|R02749|R02750|R05605|R06836|R07147|R08570|R08572|R08575|R10221|R10860|R10907|R13089|R13199
map00030	rn00030	Pentose phosphate pathway	iECW_1372	iECs_1301	1	R01538	0		33	R00756|R00762|R01049|R01051|R01056|R01057|R01066|R01067|R01068|R01521|R01528|R01529|R01541|R01641|R01737|R01739|R02035|R02036|R02736|R02739|R02749|R02750|R05605|R06836|R07147|R08570|R08572|R08575|R10221|R10860|R10907|R13089|R13199
map00030	rn00030	Pentose phosphate pathway	iECW_1372	iEKO11_1354	2	R01051|R02750	0		32	R00756|R00762|R01049|R01056|R01057|R01066|R01067|R01068|R01521|R01528|R01529|R01538|R01541|R01641|R01737|R01739|R02035|R02036|R02736|R02739|R02749|R05605|R06836|R07147|R08570|R08572|R08575|R10221|R10860|R10907|R13089|R13199
map00030	rn00030	Pentose phosphate pathway	iECW_1372	iG2583_1286	1	R01538	0		33	R00756|R00762|R01049|R01051|R01056|R01057|R01066|R01067|R01068|R01521|R01528|R01529|R01541|R01641|R01737|R01739|R02035|R02036|R02736|R02739|R02749|R02750|R05605|R06836|R07147|R08570|R08572|R08575|R10221|R10860|R10907|R13089|R13199
map00030	rn00030	Pentose phosphate pathway	iECW_1372	iJR904	2	R06836|R13089	0		32	R00756|R00762|R01049|R01051|R01056|R01057|R01066|R01067|R01068|R01521|R01528|R01529|R01538|R01541|R01641|R01737|R01739|R02035|R02036|R02736|R02739|R02749|R02750|R05605|R07147|R08570|R08572|R08575|R10221|R10860|R10907|R13199
map00030	rn00030	Pentose phosphate pathway	iECW_1372	iZ_1308	1	R01538	0		33	R00756|R00762|R01049|R01051|R01056|R01057|R01066|R01067|R01068|R01521|R01528|R01529|R01541|R01641|R01737|R01739|R02035|R02036|R02736|R02739|R02749|R02750|R05605|R06836|R07147|R08570|R08572|R08575|R10221|R10860|R10907|R13089|R13199
map00030	rn00030	Pentose phosphate pathway	iECs_1301	iEKO11_1354	2	R01051|R02750	1	R01538	31	R00756|R00762|R01049|R01056|R01057|R01066|R01067|R01068|R01521|R01528|R01529|R01541|R01641|R01737|R01739|R02035|R02036|R02736|R02739|R02749|R05605|R06836|R07147|R08570|R08572|R08575|R10221|R10860|R10907|R13089|R13199
map00030	rn00030	Pentose phosphate pathway	iECs_1301	iETEC_1333	0		1	R01538	33	R00756|R00762|R01049|R01051|R01056|R01057|R01066|R01067|R01068|R01521|R01528|R01529|R01541|R01641|R01737|R01739|R02035|R02036|R02736|R02739|R02749|R02750|R05605|R06836|R07147|R08570|R08572|R08575|R10221|R10860|R10907|R13089|R13199
map00030	rn00030	Pentose phosphate pathway	iECs_1301	iEcDH1_1363	0		1	R01538	33	R00756|R00762|R01049|R01051|R01056|R01057|R01066|R01067|R01068|R01521|R01528|R01529|R01541|R01641|R01737|R01739|R02035|R02036|R02736|R02739|R02749|R02750|R05605|R06836|R07147|R08570|R08572|R08575|R10221|R10860|R10907|R13089|R13199
map00030	rn00030	Pentose phosphate pathway	iECs_1301	iEcE24377_1341	0		1	R01538	33	R00756|R00762|R01049|R01051|R01056|R01057|R01066|R01067|R01068|R01521|R01528|R01529|R01541|R01641|R01737|R01739|R02035|R02036|R02736|R02739|R02749|R02750|R05605|R06836|R07147|R08570|R08572|R08575|R10221|R10860|R10907|R13089|R13199
map00030	rn00030	Pentose phosphate pathway	iECs_1301	iEcHS_1320	0		1	R01538	33	R00756|R00762|R01049|R01051|R01056|R01057|R01066|R01067|R01068|R01521|R01528|R01529|R01541|R01641|R01737|R01739|R02035|R02036|R02736|R02739|R02749|R02750|R05605|R06836|R07147|R08570|R08572|R08575|R10221|R10860|R10907|R13089|R13199
map00030	rn00030	Pentose phosphate pathway	iECs_1301	iEcSMS35_1347	0		1	R01538	33	R00756|R00762|R01049|R01051|R01056|R01057|R01066|R01067|R01068|R01521|R01528|R01529|R01541|R01641|R01737|R01739|R02035|R02036|R02736|R02739|R02749|R02750|R05605|R06836|R07147|R08570|R08572|R08575|R10221|R10860|R10907|R13089|R13199
map00030	rn00030	Pentose phosphate pathway	iECs_1301	iEcolC_1368	0		1	R01538	33	R00756|R00762|R01049|R01051|R01056|R01057|R01066|R01067|R01068|R01521|R01528|R01529|R01541|R01641|R01737|R01739|R02035|R02036|R02736|R02739|R02749|R02750|R05605|R06836|R07147|R08570|R08572|R08575|R10221|R10860|R10907|R13089|R13199
map00030	rn00030	Pentose phosphate pathway	iECs_1301	iJO1366	0		1	R01538	33	R00756|R00762|R01049|R01051|R01056|R01057|R01066|R01067|R01068|R01521|R01528|R01529|R01541|R01641|R01737|R01739|R02035|R02036|R02736|R02739|R02749|R02750|R05605|R06836|R07147|R08570|R08572|R08575|R10221|R10860|R10907|R13089|R13199
map00030	rn00030	Pentose phosphate pathway	iECs_1301	iJR904	2	R06836|R13089	1	R01538	31	R00756|R00762|R01049|R01051|R01056|R01057|R01066|R01067|R01068|R01521|R01528|R01529|R01541|R01641|R01737|R01739|R02035|R02036|R02736|R02739|R02749|R02750|R05605|R07147|R08570|R08572|R08575|R10221|R10860|R10907|R13199
map00030	rn00030	Pentose phosphate pathway	iECs_1301	iLF82_1304	0		1	R01538	33	R00756|R00762|R01049|R01051|R01056|R01057|R01066|R01067|R01068|R01521|R01528|R01529|R01541|R01641|R01737|R01739|R02035|R02036|R02736|R02739|R02749|R02750|R05605|R06836|R07147|R08570|R08572|R08575|R10221|R10860|R10907|R13089|R13199
map00030	rn00030	Pentose phosphate pathway	iECs_1301	iML1515	0		1	R01538	33	R00756|R00762|R01049|R01051|R01056|R01057|R01066|R01067|R01068|R01521|R01528|R01529|R01541|R01641|R01737|R01739|R02035|R02036|R02736|R02739|R02749|R02750|R05605|R06836|R07147|R08570|R08572|R08575|R10221|R10860|R10907|R13089|R13199
map00030	rn00030	Pentose phosphate pathway	iECs_1301	iNRG857_1313	0		1	R01538	33	R00756|R00762|R01049|R01051|R01056|R01057|R01066|R01067|R01068|R01521|R01528|R01529|R01541|R01641|R01737|R01739|R02035|R02036|R02736|R02739|R02749|R02750|R05605|R06836|R07147|R08570|R08572|R08575|R10221|R10860|R10907|R13089|R13199
map00030	rn00030	Pentose phosphate pathway	iECs_1301	iUMN146_1321	0		1	R01538	33	R00756|R00762|R01049|R01051|R01056|R01057|R01066|R01067|R01068|R01521|R01528|R01529|R01541|R01641|R01737|R01739|R02035|R02036|R02736|R02739|R02749|R02750|R05605|R06836|R07147|R08570|R08572|R08575|R10221|R10860|R10907|R13089|R13199
map00030	rn00030	Pentose phosphate pathway	iECs_1301	iUMNK88_1353	0		1	R01538	33	R00756|R00762|R01049|R01051|R01056|R01057|R01066|R01067|R01068|R01521|R01528|R01529|R01541|R01641|R01737|R01739|R02035|R02036|R02736|R02739|R02749|R02750|R05605|R06836|R07147|R08570|R08572|R08575|R10221|R10860|R10907|R13089|R13199
map00030	rn00030	Pentose phosphate pathway	iECs_1301	iUTI89_1310	0		1	R01538	33	R00756|R00762|R01049|R01051|R01056|R01057|R01066|R01067|R01068|R01521|R01528|R01529|R01541|R01641|R01737|R01739|R02035|R02036|R02736|R02739|R02749|R02750|R05605|R06836|R07147|R08570|R08572|R08575|R10221|R10860|R10907|R13089|R13199
map00030	rn00030	Pentose phosphate pathway	iECs_1301	iWFL_1372	0		1	R01538	33	R00756|R00762|R01049|R01051|R01056|R01057|R01066|R01067|R01068|R01521|R01528|R01529|R01541|R01641|R01737|R01739|R02035|R02036|R02736|R02739|R02749|R02750|R05605|R06836|R07147|R08570|R08572|R08575|R10221|R10860|R10907|R13089|R13199
map00030	rn00030	Pentose phosphate pathway	iECs_1301	iY75_1357	0		1	R01538	33	R00756|R00762|R01049|R01051|R01056|R01057|R01066|R01067|R01068|R01521|R01528|R01529|R01541|R01641|R01737|R01739|R02035|R02036|R02736|R02739|R02749|R02750|R05605|R06836|R07147|R08570|R08572|R08575|R10221|R10860|R10907|R13089|R13199
map00030	rn00030	Pentose phosphate pathway	iECs_1301	ic_1306	0		1	R01538	33	R00756|R00762|R01049|R01051|R01056|R01057|R01066|R01067|R01068|R01521|R01528|R01529|R01541|R01641|R01737|R01739|R02035|R02036|R02736|R02739|R02749|R02750|R05605|R06836|R07147|R08570|R08572|R08575|R10221|R10860|R10907|R13089|R13199
map00030	rn00030	Pentose phosphate pathway	iEKO11_1354	iETEC_1333	0		2	R01051|R02750	32	R00756|R00762|R01049|R01056|R01057|R01066|R01067|R01068|R01521|R01528|R01529|R01538|R01541|R01641|R01737|R01739|R02035|R02036|R02736|R02739|R02749|R05605|R06836|R07147|R08570|R08572|R08575|R10221|R10860|R10907|R13089|R13199
map00030	rn00030	Pentose phosphate pathway	iEKO11_1354	iEcDH1_1363	0		2	R01051|R02750	32	R00756|R00762|R01049|R01056|R01057|R01066|R01067|R01068|R01521|R01528|R01529|R01538|R01541|R01641|R01737|R01739|R02035|R02036|R02736|R02739|R02749|R05605|R06836|R07147|R08570|R08572|R08575|R10221|R10860|R10907|R13089|R13199
map00030	rn00030	Pentose phosphate pathway	iEKO11_1354	iEcE24377_1341	0		2	R01051|R02750	32	R00756|R00762|R01049|R01056|R01057|R01066|R01067|R01068|R01521|R01528|R01529|R01538|R01541|R01641|R01737|R01739|R02035|R02036|R02736|R02739|R02749|R05605|R06836|R07147|R08570|R08572|R08575|R10221|R10860|R10907|R13089|R13199
map00030	rn00030	Pentose phosphate pathway	iEKO11_1354	iEcHS_1320	0		2	R01051|R02750	32	R00756|R00762|R01049|R01056|R01057|R01066|R01067|R01068|R01521|R01528|R01529|R01538|R01541|R01641|R01737|R01739|R02035|R02036|R02736|R02739|R02749|R05605|R06836|R07147|R08570|R08572|R08575|R10221|R10860|R10907|R13089|R13199
map00030	rn00030	Pentose phosphate pathway	iEKO11_1354	iEcSMS35_1347	0		2	R01051|R02750	32	R00756|R00762|R01049|R01056|R01057|R01066|R01067|R01068|R01521|R01528|R01529|R01538|R01541|R01641|R01737|R01739|R02035|R02036|R02736|R02739|R02749|R05605|R06836|R07147|R08570|R08572|R08575|R10221|R10860|R10907|R13089|R13199
map00030	rn00030	Pentose phosphate pathway	iEKO11_1354	iEcolC_1368	0		2	R01051|R02750	32	R00756|R00762|R01049|R01056|R01057|R01066|R01067|R01068|R01521|R01528|R01529|R01538|R01541|R01641|R01737|R01739|R02035|R02036|R02736|R02739|R02749|R05605|R06836|R07147|R08570|R08572|R08575|R10221|R10860|R10907|R13089|R13199
map00030	rn00030	Pentose phosphate pathway	iEKO11_1354	iG2583_1286	1	R01538	2	R01051|R02750	31	R00756|R00762|R01049|R01056|R01057|R01066|R01067|R01068|R01521|R01528|R01529|R01541|R01641|R01737|R01739|R02035|R02036|R02736|R02739|R02749|R05605|R06836|R07147|R08570|R08572|R08575|R10221|R10860|R10907|R13089|R13199
map00030	rn00030	Pentose phosphate pathway	iEKO11_1354	iJO1366	0		2	R01051|R02750	32	R00756|R00762|R01049|R01056|R01057|R01066|R01067|R01068|R01521|R01528|R01529|R01538|R01541|R01641|R01737|R01739|R02035|R02036|R02736|R02739|R02749|R05605|R06836|R07147|R08570|R08572|R08575|R10221|R10860|R10907|R13089|R13199
map00030	rn00030	Pentose phosphate pathway	iEKO11_1354	iJR904	2	R06836|R13089	2	R01051|R02750	30	R00756|R00762|R01049|R01056|R01057|R01066|R01067|R01068|R01521|R01528|R01529|R01538|R01541|R01641|R01737|R01739|R02035|R02036|R02736|R02739|R02749|R05605|R07147|R08570|R08572|R08575|R10221|R10860|R10907|R13199
map00030	rn00030	Pentose phosphate pathway	iEKO11_1354	iLF82_1304	0		2	R01051|R02750	32	R00756|R00762|R01049|R01056|R01057|R01066|R01067|R01068|R01521|R01528|R01529|R01538|R01541|R01641|R01737|R01739|R02035|R02036|R02736|R02739|R02749|R05605|R06836|R07147|R08570|R08572|R08575|R10221|R10860|R10907|R13089|R13199
map00030	rn00030	Pentose phosphate pathway	iEKO11_1354	iML1515	0		2	R01051|R02750	32	R00756|R00762|R01049|R01056|R01057|R01066|R01067|R01068|R01521|R01528|R01529|R01538|R01541|R01641|R01737|R01739|R02035|R02036|R02736|R02739|R02749|R05605|R06836|R07147|R08570|R08572|R08575|R10221|R10860|R10907|R13089|R13199
map00030	rn00030	Pentose phosphate pathway	iEKO11_1354	iNRG857_1313	0		2	R01051|R02750	32	R00756|R00762|R01049|R01056|R01057|R01066|R01067|R01068|R01521|R01528|R01529|R01538|R01541|R01641|R01737|R01739|R02035|R02036|R02736|R02739|R02749|R05605|R06836|R07147|R08570|R08572|R08575|R10221|R10860|R10907|R13089|R13199
map00030	rn00030	Pentose phosphate pathway	iEKO11_1354	iUMN146_1321	0		2	R01051|R02750	32	R00756|R00762|R01049|R01056|R01057|R01066|R01067|R01068|R01521|R01528|R01529|R01538|R01541|R01641|R01737|R01739|R02035|R02036|R02736|R02739|R02749|R05605|R06836|R07147|R08570|R08572|R08575|R10221|R10860|R10907|R13089|R13199
map00030	rn00030	Pentose phosphate pathway	iEKO11_1354	iUMNK88_1353	0		2	R01051|R02750	32	R00756|R00762|R01049|R01056|R01057|R01066|R01067|R01068|R01521|R01528|R01529|R01538|R01541|R01641|R01737|R01739|R02035|R02036|R02736|R02739|R02749|R05605|R06836|R07147|R08570|R08572|R08575|R10221|R10860|R10907|R13089|R13199
map00030	rn00030	Pentose phosphate pathway	iEKO11_1354	iUTI89_1310	0		2	R01051|R02750	32	R00756|R00762|R01049|R01056|R01057|R01066|R01067|R01068|R01521|R01528|R01529|R01538|R01541|R01641|R01737|R01739|R02035|R02036|R02736|R02739|R02749|R05605|R06836|R07147|R08570|R08572|R08575|R10221|R10860|R10907|R13089|R13199
map00030	rn00030	Pentose phosphate pathway	iEKO11_1354	iWFL_1372	0		2	R01051|R02750	32	R00756|R00762|R01049|R01056|R01057|R01066|R01067|R01068|R01521|R01528|R01529|R01538|R01541|R01641|R01737|R01739|R02035|R02036|R02736|R02739|R02749|R05605|R06836|R07147|R08570|R08572|R08575|R10221|R10860|R10907|R13089|R13199
map00030	rn00030	Pentose phosphate pathway	iEKO11_1354	iY75_1357	0		2	R01051|R02750	32	R00756|R00762|R01049|R01056|R01057|R01066|R01067|R01068|R01521|R01528|R01529|R01538|R01541|R01641|R01737|R01739|R02035|R02036|R02736|R02739|R02749|R05605|R06836|R07147|R08570|R08572|R08575|R10221|R10860|R10907|R13089|R13199
map00030	rn00030	Pentose phosphate pathway	iEKO11_1354	iZ_1308	1	R01538	2	R01051|R02750	31	R00756|R00762|R01049|R01056|R01057|R01066|R01067|R01068|R01521|R01528|R01529|R01541|R01641|R01737|R01739|R02035|R02036|R02736|R02739|R02749|R05605|R06836|R07147|R08570|R08572|R08575|R10221|R10860|R10907|R13089|R13199
map00030	rn00030	Pentose phosphate pathway	iEKO11_1354	ic_1306	0		2	R01051|R02750	32	R00756|R00762|R01049|R01056|R01057|R01066|R01067|R01068|R01521|R01528|R01529|R01538|R01541|R01641|R01737|R01739|R02035|R02036|R02736|R02739|R02749|R05605|R06836|R07147|R08570|R08572|R08575|R10221|R10860|R10907|R13089|R13199
map00030	rn00030	Pentose phosphate pathway	iETEC_1333	iG2583_1286	1	R01538	0		33	R00756|R00762|R01049|R01051|R01056|R01057|R01066|R01067|R01068|R01521|R01528|R01529|R01541|R01641|R01737|R01739|R02035|R02036|R02736|R02739|R02749|R02750|R05605|R06836|R07147|R08570|R08572|R08575|R10221|R10860|R10907|R13089|R13199
map00030	rn00030	Pentose phosphate pathway	iETEC_1333	iJR904	2	R06836|R13089	0		32	R00756|R00762|R01049|R01051|R01056|R01057|R01066|R01067|R01068|R01521|R01528|R01529|R01538|R01541|R01641|R01737|R01739|R02035|R02036|R02736|R02739|R02749|R02750|R05605|R07147|R08570|R08572|R08575|R10221|R10860|R10907|R13199
map00030	rn00030	Pentose phosphate pathway	iETEC_1333	iZ_1308	1	R01538	0		33	R00756|R00762|R01049|R01051|R01056|R01057|R01066|R01067|R01068|R01521|R01528|R01529|R01541|R01641|R01737|R01739|R02035|R02036|R02736|R02739|R02749|R02750|R05605|R06836|R07147|R08570|R08572|R08575|R10221|R10860|R10907|R13089|R13199
map00030	rn00030	Pentose phosphate pathway	iEcDH1_1363	iG2583_1286	1	R01538	0		33	R00756|R00762|R01049|R01051|R01056|R01057|R01066|R01067|R01068|R01521|R01528|R01529|R01541|R01641|R01737|R01739|R02035|R02036|R02736|R02739|R02749|R02750|R05605|R06836|R07147|R08570|R08572|R08575|R10221|R10860|R10907|R13089|R13199
map00030	rn00030	Pentose phosphate pathway	iEcDH1_1363	iJR904	2	R06836|R13089	0		32	R00756|R00762|R01049|R01051|R01056|R01057|R01066|R01067|R01068|R01521|R01528|R01529|R01538|R01541|R01641|R01737|R01739|R02035|R02036|R02736|R02739|R02749|R02750|R05605|R07147|R08570|R08572|R08575|R10221|R10860|R10907|R13199
map00030	rn00030	Pentose phosphate pathway	iEcDH1_1363	iZ_1308	1	R01538	0		33	R00756|R00762|R01049|R01051|R01056|R01057|R01066|R01067|R01068|R01521|R01528|R01529|R01541|R01641|R01737|R01739|R02035|R02036|R02736|R02739|R02749|R02750|R05605|R06836|R07147|R08570|R08572|R08575|R10221|R10860|R10907|R13089|R13199
map00030	rn00030	Pentose phosphate pathway	iEcE24377_1341	iG2583_1286	1	R01538	0		33	R00756|R00762|R01049|R01051|R01056|R01057|R01066|R01067|R01068|R01521|R01528|R01529|R01541|R01641|R01737|R01739|R02035|R02036|R02736|R02739|R02749|R02750|R05605|R06836|R07147|R08570|R08572|R08575|R10221|R10860|R10907|R13089|R13199
map00030	rn00030	Pentose phosphate pathway	iEcE24377_1341	iJR904	2	R06836|R13089	0		32	R00756|R00762|R01049|R01051|R01056|R01057|R01066|R01067|R01068|R01521|R01528|R01529|R01538|R01541|R01641|R01737|R01739|R02035|R02036|R02736|R02739|R02749|R02750|R05605|R07147|R08570|R08572|R08575|R10221|R10860|R10907|R13199
map00030	rn00030	Pentose phosphate pathway	iEcE24377_1341	iZ_1308	1	R01538	0		33	R00756|R00762|R01049|R01051|R01056|R01057|R01066|R01067|R01068|R01521|R01528|R01529|R01541|R01641|R01737|R01739|R02035|R02036|R02736|R02739|R02749|R02750|R05605|R06836|R07147|R08570|R08572|R08575|R10221|R10860|R10907|R13089|R13199
map00030	rn00030	Pentose phosphate pathway	iEcHS_1320	iG2583_1286	1	R01538	0		33	R00756|R00762|R01049|R01051|R01056|R01057|R01066|R01067|R01068|R01521|R01528|R01529|R01541|R01641|R01737|R01739|R02035|R02036|R02736|R02739|R02749|R02750|R05605|R06836|R07147|R08570|R08572|R08575|R10221|R10860|R10907|R13089|R13199
map00030	rn00030	Pentose phosphate pathway	iEcHS_1320	iJR904	2	R06836|R13089	0		32	R00756|R00762|R01049|R01051|R01056|R01057|R01066|R01067|R01068|R01521|R01528|R01529|R01538|R01541|R01641|R01737|R01739|R02035|R02036|R02736|R02739|R02749|R02750|R05605|R07147|R08570|R08572|R08575|R10221|R10860|R10907|R13199
map00030	rn00030	Pentose phosphate pathway	iEcHS_1320	iZ_1308	1	R01538	0		33	R00756|R00762|R01049|R01051|R01056|R01057|R01066|R01067|R01068|R01521|R01528|R01529|R01541|R01641|R01737|R01739|R02035|R02036|R02736|R02739|R02749|R02750|R05605|R06836|R07147|R08570|R08572|R08575|R10221|R10860|R10907|R13089|R13199
map00030	rn00030	Pentose phosphate pathway	iEcSMS35_1347	iG2583_1286	1	R01538	0		33	R00756|R00762|R01049|R01051|R01056|R01057|R01066|R01067|R01068|R01521|R01528|R01529|R01541|R01641|R01737|R01739|R02035|R02036|R02736|R02739|R02749|R02750|R05605|R06836|R07147|R08570|R08572|R08575|R10221|R10860|R10907|R13089|R13199
map00030	rn00030	Pentose phosphate pathway	iEcSMS35_1347	iJR904	2	R06836|R13089	0		32	R00756|R00762|R01049|R01051|R01056|R01057|R01066|R01067|R01068|R01521|R01528|R01529|R01538|R01541|R01641|R01737|R01739|R02035|R02036|R02736|R02739|R02749|R02750|R05605|R07147|R08570|R08572|R08575|R10221|R10860|R10907|R13199
map00030	rn00030	Pentose phosphate pathway	iEcSMS35_1347	iZ_1308	1	R01538	0		33	R00756|R00762|R01049|R01051|R01056|R01057|R01066|R01067|R01068|R01521|R01528|R01529|R01541|R01641|R01737|R01739|R02035|R02036|R02736|R02739|R02749|R02750|R05605|R06836|R07147|R08570|R08572|R08575|R10221|R10860|R10907|R13089|R13199
map00030	rn00030	Pentose phosphate pathway	iEcolC_1368	iG2583_1286	1	R01538	0		33	R00756|R00762|R01049|R01051|R01056|R01057|R01066|R01067|R01068|R01521|R01528|R01529|R01541|R01641|R01737|R01739|R02035|R02036|R02736|R02739|R02749|R02750|R05605|R06836|R07147|R08570|R08572|R08575|R10221|R10860|R10907|R13089|R13199
map00030	rn00030	Pentose phosphate pathway	iEcolC_1368	iJR904	2	R06836|R13089	0		32	R00756|R00762|R01049|R01051|R01056|R01057|R01066|R01067|R01068|R01521|R01528|R01529|R01538|R01541|R01641|R01737|R01739|R02035|R02036|R02736|R02739|R02749|R02750|R05605|R07147|R08570|R08572|R08575|R10221|R10860|R10907|R13199
map00030	rn00030	Pentose phosphate pathway	iEcolC_1368	iZ_1308	1	R01538	0		33	R00756|R00762|R01049|R01051|R01056|R01057|R01066|R01067|R01068|R01521|R01528|R01529|R01541|R01641|R01737|R01739|R02035|R02036|R02736|R02739|R02749|R02750|R05605|R06836|R07147|R08570|R08572|R08575|R10221|R10860|R10907|R13089|R13199
map00030	rn00030	Pentose phosphate pathway	iG2583_1286	iJO1366	0		1	R01538	33	R00756|R00762|R01049|R01051|R01056|R01057|R01066|R01067|R01068|R01521|R01528|R01529|R01541|R01641|R01737|R01739|R02035|R02036|R02736|R02739|R02749|R02750|R05605|R06836|R07147|R08570|R08572|R08575|R10221|R10860|R10907|R13089|R13199
map00030	rn00030	Pentose phosphate pathway	iG2583_1286	iJR904	2	R06836|R13089	1	R01538	31	R00756|R00762|R01049|R01051|R01056|R01057|R01066|R01067|R01068|R01521|R01528|R01529|R01541|R01641|R01737|R01739|R02035|R02036|R02736|R02739|R02749|R02750|R05605|R07147|R08570|R08572|R08575|R10221|R10860|R10907|R13199
map00030	rn00030	Pentose phosphate pathway	iG2583_1286	iLF82_1304	0		1	R01538	33	R00756|R00762|R01049|R01051|R01056|R01057|R01066|R01067|R01068|R01521|R01528|R01529|R01541|R01641|R01737|R01739|R02035|R02036|R02736|R02739|R02749|R02750|R05605|R06836|R07147|R08570|R08572|R08575|R10221|R10860|R10907|R13089|R13199
map00030	rn00030	Pentose phosphate pathway	iG2583_1286	iML1515	0		1	R01538	33	R00756|R00762|R01049|R01051|R01056|R01057|R01066|R01067|R01068|R01521|R01528|R01529|R01541|R01641|R01737|R01739|R02035|R02036|R02736|R02739|R02749|R02750|R05605|R06836|R07147|R08570|R08572|R08575|R10221|R10860|R10907|R13089|R13199
map00030	rn00030	Pentose phosphate pathway	iG2583_1286	iNRG857_1313	0		1	R01538	33	R00756|R00762|R01049|R01051|R01056|R01057|R01066|R01067|R01068|R01521|R01528|R01529|R01541|R01641|R01737|R01739|R02035|R02036|R02736|R02739|R02749|R02750|R05605|R06836|R07147|R08570|R08572|R08575|R10221|R10860|R10907|R13089|R13199
map00030	rn00030	Pentose phosphate pathway	iG2583_1286	iUMN146_1321	0		1	R01538	33	R00756|R00762|R01049|R01051|R01056|R01057|R01066|R01067|R01068|R01521|R01528|R01529|R01541|R01641|R01737|R01739|R02035|R02036|R02736|R02739|R02749|R02750|R05605|R06836|R07147|R08570|R08572|R08575|R10221|R10860|R10907|R13089|R13199
map00030	rn00030	Pentose phosphate pathway	iG2583_1286	iUMNK88_1353	0		1	R01538	33	R00756|R00762|R01049|R01051|R01056|R01057|R01066|R01067|R01068|R01521|R01528|R01529|R01541|R01641|R01737|R01739|R02035|R02036|R02736|R02739|R02749|R02750|R05605|R06836|R07147|R08570|R08572|R08575|R10221|R10860|R10907|R13089|R13199
map00030	rn00030	Pentose phosphate pathway	iG2583_1286	iUTI89_1310	0		1	R01538	33	R00756|R00762|R01049|R01051|R01056|R01057|R01066|R01067|R01068|R01521|R01528|R01529|R01541|R01641|R01737|R01739|R02035|R02036|R02736|R02739|R02749|R02750|R05605|R06836|R07147|R08570|R08572|R08575|R10221|R10860|R10907|R13089|R13199
map00030	rn00030	Pentose phosphate pathway	iG2583_1286	iWFL_1372	0		1	R01538	33	R00756|R00762|R01049|R01051|R01056|R01057|R01066|R01067|R01068|R01521|R01528|R01529|R01541|R01641|R01737|R01739|R02035|R02036|R02736|R02739|R02749|R02750|R05605|R06836|R07147|R08570|R08572|R08575|R10221|R10860|R10907|R13089|R13199
map00030	rn00030	Pentose phosphate pathway	iG2583_1286	iY75_1357	0		1	R01538	33	R00756|R00762|R01049|R01051|R01056|R01057|R01066|R01067|R01068|R01521|R01528|R01529|R01541|R01641|R01737|R01739|R02035|R02036|R02736|R02739|R02749|R02750|R05605|R06836|R07147|R08570|R08572|R08575|R10221|R10860|R10907|R13089|R13199
map00030	rn00030	Pentose phosphate pathway	iG2583_1286	ic_1306	0		1	R01538	33	R00756|R00762|R01049|R01051|R01056|R01057|R01066|R01067|R01068|R01521|R01528|R01529|R01541|R01641|R01737|R01739|R02035|R02036|R02736|R02739|R02749|R02750|R05605|R06836|R07147|R08570|R08572|R08575|R10221|R10860|R10907|R13089|R13199
map00030	rn00030	Pentose phosphate pathway	iJO1366	iJR904	2	R06836|R13089	0		32	R00756|R00762|R01049|R01051|R01056|R01057|R01066|R01067|R01068|R01521|R01528|R01529|R01538|R01541|R01641|R01737|R01739|R02035|R02036|R02736|R02739|R02749|R02750|R05605|R07147|R08570|R08572|R08575|R10221|R10860|R10907|R13199
map00030	rn00030	Pentose phosphate pathway	iJO1366	iZ_1308	1	R01538	0		33	R00756|R00762|R01049|R01051|R01056|R01057|R01066|R01067|R01068|R01521|R01528|R01529|R01541|R01641|R01737|R01739|R02035|R02036|R02736|R02739|R02749|R02750|R05605|R06836|R07147|R08570|R08572|R08575|R10221|R10860|R10907|R13089|R13199
map00030	rn00030	Pentose phosphate pathway	iJR904	iLF82_1304	0		2	R06836|R13089	32	R00756|R00762|R01049|R01051|R01056|R01057|R01066|R01067|R01068|R01521|R01528|R01529|R01538|R01541|R01641|R01737|R01739|R02035|R02036|R02736|R02739|R02749|R02750|R05605|R07147|R08570|R08572|R08575|R10221|R10860|R10907|R13199
map00030	rn00030	Pentose phosphate pathway	iJR904	iML1515	0		2	R06836|R13089	32	R00756|R00762|R01049|R01051|R01056|R01057|R01066|R01067|R01068|R01521|R01528|R01529|R01538|R01541|R01641|R01737|R01739|R02035|R02036|R02736|R02739|R02749|R02750|R05605|R07147|R08570|R08572|R08575|R10221|R10860|R10907|R13199
map00030	rn00030	Pentose phosphate pathway	iJR904	iNRG857_1313	0		2	R06836|R13089	32	R00756|R00762|R01049|R01051|R01056|R01057|R01066|R01067|R01068|R01521|R01528|R01529|R01538|R01541|R01641|R01737|R01739|R02035|R02036|R02736|R02739|R02749|R02750|R05605|R07147|R08570|R08572|R08575|R10221|R10860|R10907|R13199
map00030	rn00030	Pentose phosphate pathway	iJR904	iUMN146_1321	0		2	R06836|R13089	32	R00756|R00762|R01049|R01051|R01056|R01057|R01066|R01067|R01068|R01521|R01528|R01529|R01538|R01541|R01641|R01737|R01739|R02035|R02036|R02736|R02739|R02749|R02750|R05605|R07147|R08570|R08572|R08575|R10221|R10860|R10907|R13199
map00030	rn00030	Pentose phosphate pathway	iJR904	iUMNK88_1353	0		2	R06836|R13089	32	R00756|R00762|R01049|R01051|R01056|R01057|R01066|R01067|R01068|R01521|R01528|R01529|R01538|R01541|R01641|R01737|R01739|R02035|R02036|R02736|R02739|R02749|R02750|R05605|R07147|R08570|R08572|R08575|R10221|R10860|R10907|R13199
map00030	rn00030	Pentose phosphate pathway	iJR904	iUTI89_1310	0		2	R06836|R13089	32	R00756|R00762|R01049|R01051|R01056|R01057|R01066|R01067|R01068|R01521|R01528|R01529|R01538|R01541|R01641|R01737|R01739|R02035|R02036|R02736|R02739|R02749|R02750|R05605|R07147|R08570|R08572|R08575|R10221|R10860|R10907|R13199
map00030	rn00030	Pentose phosphate pathway	iJR904	iWFL_1372	0		2	R06836|R13089	32	R00756|R00762|R01049|R01051|R01056|R01057|R01066|R01067|R01068|R01521|R01528|R01529|R01538|R01541|R01641|R01737|R01739|R02035|R02036|R02736|R02739|R02749|R02750|R05605|R07147|R08570|R08572|R08575|R10221|R10860|R10907|R13199
map00030	rn00030	Pentose phosphate pathway	iJR904	iY75_1357	0		2	R06836|R13089	32	R00756|R00762|R01049|R01051|R01056|R01057|R01066|R01067|R01068|R01521|R01528|R01529|R01538|R01541|R01641|R01737|R01739|R02035|R02036|R02736|R02739|R02749|R02750|R05605|R07147|R08570|R08572|R08575|R10221|R10860|R10907|R13199
map00030	rn00030	Pentose phosphate pathway	iJR904	iZ_1308	1	R01538	2	R06836|R13089	31	R00756|R00762|R01049|R01051|R01056|R01057|R01066|R01067|R01068|R01521|R01528|R01529|R01541|R01641|R01737|R01739|R02035|R02036|R02736|R02739|R02749|R02750|R05605|R07147|R08570|R08572|R08575|R10221|R10860|R10907|R13199
map00030	rn00030	Pentose phosphate pathway	iJR904	ic_1306	0		2	R06836|R13089	32	R00756|R00762|R01049|R01051|R01056|R01057|R01066|R01067|R01068|R01521|R01528|R01529|R01538|R01541|R01641|R01737|R01739|R02035|R02036|R02736|R02739|R02749|R02750|R05605|R07147|R08570|R08572|R08575|R10221|R10860|R10907|R13199
map00030	rn00030	Pentose phosphate pathway	iLF82_1304	iZ_1308	1	R01538	0		33	R00756|R00762|R01049|R01051|R01056|R01057|R01066|R01067|R01068|R01521|R01528|R01529|R01541|R01641|R01737|R01739|R02035|R02036|R02736|R02739|R02749|R02750|R05605|R06836|R07147|R08570|R08572|R08575|R10221|R10860|R10907|R13089|R13199
map00030	rn00030	Pentose phosphate pathway	iML1515	iZ_1308	1	R01538	0		33	R00756|R00762|R01049|R01051|R01056|R01057|R01066|R01067|R01068|R01521|R01528|R01529|R01541|R01641|R01737|R01739|R02035|R02036|R02736|R02739|R02749|R02750|R05605|R06836|R07147|R08570|R08572|R08575|R10221|R10860|R10907|R13089|R13199
map00030	rn00030	Pentose phosphate pathway	iNRG857_1313	iZ_1308	1	R01538	0		33	R00756|R00762|R01049|R01051|R01056|R01057|R01066|R01067|R01068|R01521|R01528|R01529|R01541|R01641|R01737|R01739|R02035|R02036|R02736|R02739|R02749|R02750|R05605|R06836|R07147|R08570|R08572|R08575|R10221|R10860|R10907|R13089|R13199
map00030	rn00030	Pentose phosphate pathway	iUMN146_1321	iZ_1308	1	R01538	0		33	R00756|R00762|R01049|R01051|R01056|R01057|R01066|R01067|R01068|R01521|R01528|R01529|R01541|R01641|R01737|R01739|R02035|R02036|R02736|R02739|R02749|R02750|R05605|R06836|R07147|R08570|R08572|R08575|R10221|R10860|R10907|R13089|R13199
map00030	rn00030	Pentose phosphate pathway	iUMNK88_1353	iZ_1308	1	R01538	0		33	R00756|R00762|R01049|R01051|R01056|R01057|R01066|R01067|R01068|R01521|R01528|R01529|R01541|R01641|R01737|R01739|R02035|R02036|R02736|R02739|R02749|R02750|R05605|R06836|R07147|R08570|R08572|R08575|R10221|R10860|R10907|R13089|R13199
map00030	rn00030	Pentose phosphate pathway	iUTI89_1310	iZ_1308	1	R01538	0		33	R00756|R00762|R01049|R01051|R01056|R01057|R01066|R01067|R01068|R01521|R01528|R01529|R01541|R01641|R01737|R01739|R02035|R02036|R02736|R02739|R02749|R02750|R05605|R06836|R07147|R08570|R08572|R08575|R10221|R10860|R10907|R13089|R13199
map00030	rn00030	Pentose phosphate pathway	iWFL_1372	iZ_1308	1	R01538	0		33	R00756|R00762|R01049|R01051|R01056|R01057|R01066|R01067|R01068|R01521|R01528|R01529|R01541|R01641|R01737|R01739|R02035|R02036|R02736|R02739|R02749|R02750|R05605|R06836|R07147|R08570|R08572|R08575|R10221|R10860|R10907|R13089|R13199
map00030	rn00030	Pentose phosphate pathway	iY75_1357	iZ_1308	1	R01538	0		33	R00756|R00762|R01049|R01051|R01056|R01057|R01066|R01067|R01068|R01521|R01528|R01529|R01541|R01641|R01737|R01739|R02035|R02036|R02736|R02739|R02749|R02750|R05605|R06836|R07147|R08570|R08572|R08575|R10221|R10860|R10907|R13089|R13199
map00030	rn00030	Pentose phosphate pathway	iZ_1308	ic_1306	0		1	R01538	33	R00756|R00762|R01049|R01051|R01056|R01057|R01066|R01067|R01068|R01521|R01528|R01529|R01541|R01641|R01737|R01739|R02035|R02036|R02736|R02739|R02749|R02750|R05605|R06836|R07147|R08570|R08572|R08575|R10221|R10860|R10907|R13089|R13199
map00680	rn00680	Methane metabolism / C1 metabolism	iAF1260	iAPECO1_1312	0		1	R01196	31	R00199|R00230|R00235|R00315|R00342|R00345|R00527|R00582|R00604|R00605|R00658|R00756|R00762|R00945|R01068|R01388|R01440|R01513|R01518|R04173|R06982|R06983|R07136|R08059|R08214|R08215|R08331|R08332|R08572|R09099|R12754
map00680	rn00680	Methane metabolism / C1 metabolism	iAF1260	iB21_1397	0		1	R01196	31	R00199|R00230|R00235|R00315|R00342|R00345|R00527|R00582|R00604|R00605|R00658|R00756|R00762|R00945|R01068|R01388|R01440|R01513|R01518|R04173|R06982|R06983|R07136|R08059|R08214|R08215|R08331|R08332|R08572|R09099|R12754
map00680	rn00680	Methane metabolism / C1 metabolism	iAF1260	iBWG_1329	0		1	R01196	31	R00199|R00230|R00235|R00315|R00342|R00345|R00527|R00582|R00604|R00605|R00658|R00756|R00762|R00945|R01068|R01388|R01440|R01513|R01518|R04173|R06982|R06983|R07136|R08059|R08214|R08215|R08331|R08332|R08572|R09099|R12754
map00680	rn00680	Methane metabolism / C1 metabolism	iAF1260	iE2348C_1286	0		1	R01196	31	R00199|R00230|R00235|R00315|R00342|R00345|R00527|R00582|R00604|R00605|R00658|R00756|R00762|R00945|R01068|R01388|R01440|R01513|R01518|R04173|R06982|R06983|R07136|R08059|R08214|R08215|R08331|R08332|R08572|R09099|R12754
map00680	rn00680	Methane metabolism / C1 metabolism	iAF1260	iEC042_1314	0		1	R01196	31	R00199|R00230|R00235|R00315|R00342|R00345|R00527|R00582|R00604|R00605|R00658|R00756|R00762|R00945|R01068|R01388|R01440|R01513|R01518|R04173|R06982|R06983|R07136|R08059|R08214|R08215|R08331|R08332|R08572|R09099|R12754
map00680	rn00680	Methane metabolism / C1 metabolism	iAF1260	iEC1349_Crooks	0		1	R00134	31	R00199|R00230|R00235|R00315|R00342|R00345|R00527|R00582|R00604|R00605|R00658|R00756|R00762|R00945|R01068|R01388|R01440|R01513|R01518|R04173|R06982|R06983|R07136|R08059|R08214|R08215|R08331|R08332|R08572|R09099|R12754
map00680	rn00680	Methane metabolism / C1 metabolism	iAF1260	iEC55989_1330	0		1	R01196	31	R00199|R00230|R00235|R00315|R00342|R00345|R00527|R00582|R00604|R00605|R00658|R00756|R00762|R00945|R01068|R01388|R01440|R01513|R01518|R04173|R06982|R06983|R07136|R08059|R08214|R08215|R08331|R08332|R08572|R09099|R12754
map00680	rn00680	Methane metabolism / C1 metabolism	iAF1260	iECABU_c1320	0		1	R01196	31	R00199|R00230|R00235|R00315|R00342|R00345|R00527|R00582|R00604|R00605|R00658|R00756|R00762|R00945|R01068|R01388|R01440|R01513|R01518|R04173|R06982|R06983|R07136|R08059|R08214|R08215|R08331|R08332|R08572|R09099|R12754
map00680	rn00680	Methane metabolism / C1 metabolism	iAF1260	iECBD_1354	0		1	R01196	31	R00199|R00230|R00235|R00315|R00342|R00345|R00527|R00582|R00604|R00605|R00658|R00756|R00762|R00945|R01068|R01388|R01440|R01513|R01518|R04173|R06982|R06983|R07136|R08059|R08214|R08215|R08331|R08332|R08572|R09099|R12754
map00680	rn00680	Methane metabolism / C1 metabolism	iAF1260	iECB_1328	0		1	R01196	31	R00199|R00230|R00235|R00315|R00342|R00345|R00527|R00582|R00604|R00605|R00658|R00756|R00762|R00945|R01068|R01388|R01440|R01513|R01518|R04173|R06982|R06983|R07136|R08059|R08214|R08215|R08331|R08332|R08572|R09099|R12754
map00680	rn00680	Methane metabolism / C1 metabolism	iAF1260	iECDH10B_1368	0		1	R01196	31	R00199|R00230|R00235|R00315|R00342|R00345|R00527|R00582|R00604|R00605|R00658|R00756|R00762|R00945|R01068|R01388|R01440|R01513|R01518|R04173|R06982|R06983|R07136|R08059|R08214|R08215|R08331|R08332|R08572|R09099|R12754
map00680	rn00680	Methane metabolism / C1 metabolism	iAF1260	iECDH1ME8569_1439	0		1	R01196	31	R00199|R00230|R00235|R00315|R00342|R00345|R00527|R00582|R00604|R00605|R00658|R00756|R00762|R00945|R01068|R01388|R01440|R01513|R01518|R04173|R06982|R06983|R07136|R08059|R08214|R08215|R08331|R08332|R08572|R09099|R12754
map00680	rn00680	Methane metabolism / C1 metabolism	iAF1260	iECD_1391	0		1	R01196	31	R00199|R00230|R00235|R00315|R00342|R00345|R00527|R00582|R00604|R00605|R00658|R00756|R00762|R00945|R01068|R01388|R01440|R01513|R01518|R04173|R06982|R06983|R07136|R08059|R08214|R08215|R08331|R08332|R08572|R09099|R12754
map00680	rn00680	Methane metabolism / C1 metabolism	iAF1260	iECED1_1282	0		1	R01196	31	R00199|R00230|R00235|R00315|R00342|R00345|R00527|R00582|R00604|R00605|R00658|R00756|R00762|R00945|R01068|R01388|R01440|R01513|R01518|R04173|R06982|R06983|R07136|R08059|R08214|R08215|R08331|R08332|R08572|R09099|R12754
map00680	rn00680	Methane metabolism / C1 metabolism	iAF1260	iECH74115_1262	1	R12754	1	R01196	30	R00199|R00230|R00235|R00315|R00342|R00345|R00527|R00582|R00604|R00605|R00658|R00756|R00762|R00945|R01068|R01388|R01440|R01513|R01518|R04173|R06982|R06983|R07136|R08059|R08214|R08215|R08331|R08332|R08572|R09099
map00680	rn00680	Methane metabolism / C1 metabolism	iAF1260	iECIAI1_1343	0		1	R01196	31	R00199|R00230|R00235|R00315|R00342|R00345|R00527|R00582|R00604|R00605|R00658|R00756|R00762|R00945|R01068|R01388|R01440|R01513|R01518|R04173|R06982|R06983|R07136|R08059|R08214|R08215|R08331|R08332|R08572|R09099|R12754
map00680	rn00680	Methane metabolism / C1 metabolism	iAF1260	iECIAI39_1322	0		1	R01196	31	R00199|R00230|R00235|R00315|R00342|R00345|R00527|R00582|R00604|R00605|R00658|R00756|R00762|R00945|R01068|R01388|R01440|R01513|R01518|R04173|R06982|R06983|R07136|R08059|R08214|R08215|R08331|R08332|R08572|R09099|R12754
map00680	rn00680	Methane metabolism / C1 metabolism	iAF1260	iECNA114_1301	0		1	R01196	31	R00199|R00230|R00235|R00315|R00342|R00345|R00527|R00582|R00604|R00605|R00658|R00756|R00762|R00945|R01068|R01388|R01440|R01513|R01518|R04173|R06982|R06983|R07136|R08059|R08214|R08215|R08331|R08332|R08572|R09099|R12754
map00680	rn00680	Methane metabolism / C1 metabolism	iAF1260	iECO103_1326	0		1	R01196	31	R00199|R00230|R00235|R00315|R00342|R00345|R00527|R00582|R00604|R00605|R00658|R00756|R00762|R00945|R01068|R01388|R01440|R01513|R01518|R04173|R06982|R06983|R07136|R08059|R08214|R08215|R08331|R08332|R08572|R09099|R12754
map00680	rn00680	Methane metabolism / C1 metabolism	iAF1260	iECO111_1330	0		1	R01196	31	R00199|R00230|R00235|R00315|R00342|R00345|R00527|R00582|R00604|R00605|R00658|R00756|R00762|R00945|R01068|R01388|R01440|R01513|R01518|R04173|R06982|R06983|R07136|R08059|R08214|R08215|R08331|R08332|R08572|R09099|R12754
map00680	rn00680	Methane metabolism / C1 metabolism	iAF1260	iECO26_1355	0		1	R01196	31	R00199|R00230|R00235|R00315|R00342|R00345|R00527|R00582|R00604|R00605|R00658|R00756|R00762|R00945|R01068|R01388|R01440|R01513|R01518|R04173|R06982|R06983|R07136|R08059|R08214|R08215|R08331|R08332|R08572|R09099|R12754
map00680	rn00680	Methane metabolism / C1 metabolism	iAF1260	iECOK1_1307	0		1	R01196	31	R00199|R00230|R00235|R00315|R00342|R00345|R00527|R00582|R00604|R00605|R00658|R00756|R00762|R00945|R01068|R01388|R01440|R01513|R01518|R04173|R06982|R06983|R07136|R08059|R08214|R08215|R08331|R08332|R08572|R09099|R12754
map00680	rn00680	Methane metabolism / C1 metabolism	iAF1260	iECP_1309	0		1	R01196	31	R00199|R00230|R00235|R00315|R00342|R00345|R00527|R00582|R00604|R00605|R00658|R00756|R00762|R00945|R01068|R01388|R01440|R01513|R01518|R04173|R06982|R06983|R07136|R08059|R08214|R08215|R08331|R08332|R08572|R09099|R12754
map00680	rn00680	Methane metabolism / C1 metabolism	iAF1260	iECS88_1305	0		1	R01196	31	R00199|R00230|R00235|R00315|R00342|R00345|R00527|R00582|R00604|R00605|R00658|R00756|R00762|R00945|R01068|R01388|R01440|R01513|R01518|R04173|R06982|R06983|R07136|R08059|R08214|R08215|R08331|R08332|R08572|R09099|R12754
map00680	rn00680	Methane metabolism / C1 metabolism	iAF1260	iECSE_1348	0		1	R01196	31	R00199|R00230|R00235|R00315|R00342|R00345|R00527|R00582|R00604|R00605|R00658|R00756|R00762|R00945|R01068|R01388|R01440|R01513|R01518|R04173|R06982|R06983|R07136|R08059|R08214|R08215|R08331|R08332|R08572|R09099|R12754
map00680	rn00680	Methane metabolism / C1 metabolism	iAF1260	iECSF_1327	0		1	R01196	31	R00199|R00230|R00235|R00315|R00342|R00345|R00527|R00582|R00604|R00605|R00658|R00756|R00762|R00945|R01068|R01388|R01440|R01513|R01518|R04173|R06982|R06983|R07136|R08059|R08214|R08215|R08331|R08332|R08572|R09099|R12754
map00680	rn00680	Methane metabolism / C1 metabolism	iAF1260	iECSP_1301	0		1	R01196	31	R00199|R00230|R00235|R00315|R00342|R00345|R00527|R00582|R00604|R00605|R00658|R00756|R00762|R00945|R01068|R01388|R01440|R01513|R01518|R04173|R06982|R06983|R07136|R08059|R08214|R08215|R08331|R08332|R08572|R09099|R12754
map00680	rn00680	Methane metabolism / C1 metabolism	iAF1260	iECUMN_1333	0		1	R01196	31	R00199|R00230|R00235|R00315|R00342|R00345|R00527|R00582|R00604|R00605|R00658|R00756|R00762|R00945|R01068|R01388|R01440|R01513|R01518|R04173|R06982|R06983|R07136|R08059|R08214|R08215|R08331|R08332|R08572|R09099|R12754
map00680	rn00680	Methane metabolism / C1 metabolism	iAF1260	iECW_1372	0		1	R01196	31	R00199|R00230|R00235|R00315|R00342|R00345|R00527|R00582|R00604|R00605|R00658|R00756|R00762|R00945|R01068|R01388|R01440|R01513|R01518|R04173|R06982|R06983|R07136|R08059|R08214|R08215|R08331|R08332|R08572|R09099|R12754
map00680	rn00680	Methane metabolism / C1 metabolism	iAF1260	iECs_1301	0		1	R01196	31	R00199|R00230|R00235|R00315|R00342|R00345|R00527|R00582|R00604|R00605|R00658|R00756|R00762|R00945|R01068|R01388|R01440|R01513|R01518|R04173|R06982|R06983|R07136|R08059|R08214|R08215|R08331|R08332|R08572|R09099|R12754
map00680	rn00680	Methane metabolism / C1 metabolism	iAF1260	iEKO11_1354	0		1	R01196	31	R00199|R00230|R00235|R00315|R00342|R00345|R00527|R00582|R00604|R00605|R00658|R00756|R00762|R00945|R01068|R01388|R01440|R01513|R01518|R04173|R06982|R06983|R07136|R08059|R08214|R08215|R08331|R08332|R08572|R09099|R12754
map00680	rn00680	Methane metabolism / C1 metabolism	iAF1260	iETEC_1333	0		1	R01196	31	R00199|R00230|R00235|R00315|R00342|R00345|R00527|R00582|R00604|R00605|R00658|R00756|R00762|R00945|R01068|R01388|R01440|R01513|R01518|R04173|R06982|R06983|R07136|R08059|R08214|R08215|R08331|R08332|R08572|R09099|R12754
map00680	rn00680	Methane metabolism / C1 metabolism	iAF1260	iEcDH1_1363	0		1	R01196	31	R00199|R00230|R00235|R00315|R00342|R00345|R00527|R00582|R00604|R00605|R00658|R00756|R00762|R00945|R01068|R01388|R01440|R01513|R01518|R04173|R06982|R06983|R07136|R08059|R08214|R08215|R08331|R08332|R08572|R09099|R12754
map00680	rn00680	Methane metabolism / C1 metabolism	iAF1260	iEcE24377_1341	0		1	R01196	31	R00199|R00230|R00235|R00315|R00342|R00345|R00527|R00582|R00604|R00605|R00658|R00756|R00762|R00945|R01068|R01388|R01440|R01513|R01518|R04173|R06982|R06983|R07136|R08059|R08214|R08215|R08331|R08332|R08572|R09099|R12754
map00680	rn00680	Methane metabolism / C1 metabolism	iAF1260	iEcHS_1320	0		1	R01196	31	R00199|R00230|R00235|R00315|R00342|R00345|R00527|R00582|R00604|R00605|R00658|R00756|R00762|R00945|R01068|R01388|R01440|R01513|R01518|R04173|R06982|R06983|R07136|R08059|R08214|R08215|R08331|R08332|R08572|R09099|R12754
map00680	rn00680	Methane metabolism / C1 metabolism	iAF1260	iEcSMS35_1347	0		1	R01196	31	R00199|R00230|R00235|R00315|R00342|R00345|R00527|R00582|R00604|R00605|R00658|R00756|R00762|R00945|R01068|R01388|R01440|R01513|R01518|R04173|R06982|R06983|R07136|R08059|R08214|R08215|R08331|R08332|R08572|R09099|R12754
map00680	rn00680	Methane metabolism / C1 metabolism	iAF1260	iEcolC_1368	0		1	R01196	31	R00199|R00230|R00235|R00315|R00342|R00345|R00527|R00582|R00604|R00605|R00658|R00756|R00762|R00945|R01068|R01388|R01440|R01513|R01518|R04173|R06982|R06983|R07136|R08059|R08214|R08215|R08331|R08332|R08572|R09099|R12754
map00680	rn00680	Methane metabolism / C1 metabolism	iAF1260	iG2583_1286	1	R12754	1	R01196	30	R00199|R00230|R00235|R00315|R00342|R00345|R00527|R00582|R00604|R00605|R00658|R00756|R00762|R00945|R01068|R01388|R01440|R01513|R01518|R04173|R06982|R06983|R07136|R08059|R08214|R08215|R08331|R08332|R08572|R09099
map00680	rn00680	Methane metabolism / C1 metabolism	iAF1260	iJR904	3	R00605|R06982|R08059	0		28	R00199|R00230|R00235|R00315|R00342|R00345|R00527|R00582|R00604|R00658|R00756|R00762|R00945|R01068|R01388|R01440|R01513|R01518|R04173|R06983|R07136|R08214|R08215|R08331|R08332|R08572|R09099|R12754
map00680	rn00680	Methane metabolism / C1 metabolism	iAF1260	iLF82_1304	0		1	R01196	31	R00199|R00230|R00235|R00315|R00342|R00345|R00527|R00582|R00604|R00605|R00658|R00756|R00762|R00945|R01068|R01388|R01440|R01513|R01518|R04173|R06982|R06983|R07136|R08059|R08214|R08215|R08331|R08332|R08572|R09099|R12754
map00680	rn00680	Methane metabolism / C1 metabolism	iAF1260	iNRG857_1313	0		1	R01196	31	R00199|R00230|R00235|R00315|R00342|R00345|R00527|R00582|R00604|R00605|R00658|R00756|R00762|R00945|R01068|R01388|R01440|R01513|R01518|R04173|R06982|R06983|R07136|R08059|R08214|R08215|R08331|R08332|R08572|R09099|R12754
map00680	rn00680	Methane metabolism / C1 metabolism	iAF1260	iUMN146_1321	0		1	R01196	31	R00199|R00230|R00235|R00315|R00342|R00345|R00527|R00582|R00604|R00605|R00658|R00756|R00762|R00945|R01068|R01388|R01440|R01513|R01518|R04173|R06982|R06983|R07136|R08059|R08214|R08215|R08331|R08332|R08572|R09099|R12754
map00680	rn00680	Methane metabolism / C1 metabolism	iAF1260	iUMNK88_1353	0		1	R01196	31	R00199|R00230|R00235|R00315|R00342|R00345|R00527|R00582|R00604|R00605|R00658|R00756|R00762|R00945|R01068|R01388|R01440|R01513|R01518|R04173|R06982|R06983|R07136|R08059|R08214|R08215|R08331|R08332|R08572|R09099|R12754
map00680	rn00680	Methane metabolism / C1 metabolism	iAF1260	iUTI89_1310	0		1	R01196	31	R00199|R00230|R00235|R00315|R00342|R00345|R00527|R00582|R00604|R00605|R00658|R00756|R00762|R00945|R01068|R01388|R01440|R01513|R01518|R04173|R06982|R06983|R07136|R08059|R08214|R08215|R08331|R08332|R08572|R09099|R12754
map00680	rn00680	Methane metabolism / C1 metabolism	iAF1260	iWFL_1372	0		1	R01196	31	R00199|R00230|R00235|R00315|R00342|R00345|R00527|R00582|R00604|R00605|R00658|R00756|R00762|R00945|R01068|R01388|R01440|R01513|R01518|R04173|R06982|R06983|R07136|R08059|R08214|R08215|R08331|R08332|R08572|R09099|R12754
map00680	rn00680	Methane metabolism / C1 metabolism	iAF1260	iY75_1357	0		1	R01196	31	R00199|R00230|R00235|R00315|R00342|R00345|R00527|R00582|R00604|R00605|R00658|R00756|R00762|R00945|R01068|R01388|R01440|R01513|R01518|R04173|R06982|R06983|R07136|R08059|R08214|R08215|R08331|R08332|R08572|R09099|R12754
map00680	rn00680	Methane metabolism / C1 metabolism	iAF1260	iZ_1308	0		1	R01196	31	R00199|R00230|R00235|R00315|R00342|R00345|R00527|R00582|R00604|R00605|R00658|R00756|R00762|R00945|R01068|R01388|R01440|R01513|R01518|R04173|R06982|R06983|R07136|R08059|R08214|R08215|R08331|R08332|R08572|R09099|R12754
map00680	rn00680	Methane metabolism / C1 metabolism	iAF1260	ic_1306	0		1	R01196	31	R00199|R00230|R00235|R00315|R00342|R00345|R00527|R00582|R00604|R00605|R00658|R00756|R00762|R00945|R01068|R01388|R01440|R01513|R01518|R04173|R06982|R06983|R07136|R08059|R08214|R08215|R08331|R08332|R08572|R09099|R12754
map00680	rn00680	Methane metabolism / C1 metabolism	iAF1260b	iAPECO1_1312	0		1	R01196	31	R00199|R00230|R00235|R00315|R00342|R00345|R00527|R00582|R00604|R00605|R00658|R00756|R00762|R00945|R01068|R01388|R01440|R01513|R01518|R04173|R06982|R06983|R07136|R08059|R08214|R08215|R08331|R08332|R08572|R09099|R12754
map00680	rn00680	Methane metabolism / C1 metabolism	iAF1260b	iB21_1397	0		1	R01196	31	R00199|R00230|R00235|R00315|R00342|R00345|R00527|R00582|R00604|R00605|R00658|R00756|R00762|R00945|R01068|R01388|R01440|R01513|R01518|R04173|R06982|R06983|R07136|R08059|R08214|R08215|R08331|R08332|R08572|R09099|R12754
map00680	rn00680	Methane metabolism / C1 metabolism	iAF1260b	iBWG_1329	0		1	R01196	31	R00199|R00230|R00235|R00315|R00342|R00345|R00527|R00582|R00604|R00605|R00658|R00756|R00762|R00945|R01068|R01388|R01440|R01513|R01518|R04173|R06982|R06983|R07136|R08059|R08214|R08215|R08331|R08332|R08572|R09099|R12754
map00680	rn00680	Methane metabolism / C1 metabolism	iAF1260b	iE2348C_1286	0		1	R01196	31	R00199|R00230|R00235|R00315|R00342|R00345|R00527|R00582|R00604|R00605|R00658|R00756|R00762|R00945|R01068|R01388|R01440|R01513|R01518|R04173|R06982|R06983|R07136|R08059|R08214|R08215|R08331|R08332|R08572|R09099|R12754
map00680	rn00680	Methane metabolism / C1 metabolism	iAF1260b	iEC042_1314	0		1	R01196	31	R00199|R00230|R00235|R00315|R00342|R00345|R00527|R00582|R00604|R00605|R00658|R00756|R00762|R00945|R01068|R01388|R01440|R01513|R01518|R04173|R06982|R06983|R07136|R08059|R08214|R08215|R08331|R08332|R08572|R09099|R12754
map00680	rn00680	Methane metabolism / C1 metabolism	iAF1260b	iEC1349_Crooks	0		1	R00134	31	R00199|R00230|R00235|R00315|R00342|R00345|R00527|R00582|R00604|R00605|R00658|R00756|R00762|R00945|R01068|R01388|R01440|R01513|R01518|R04173|R06982|R06983|R07136|R08059|R08214|R08215|R08331|R08332|R08572|R09099|R12754
map00680	rn00680	Methane metabolism / C1 metabolism	iAF1260b	iEC55989_1330	0		1	R01196	31	R00199|R00230|R00235|R00315|R00342|R00345|R00527|R00582|R00604|R00605|R00658|R00756|R00762|R00945|R01068|R01388|R01440|R01513|R01518|R04173|R06982|R06983|R07136|R08059|R08214|R08215|R08331|R08332|R08572|R09099|R12754
map00680	rn00680	Methane metabolism / C1 metabolism	iAF1260b	iECABU_c1320	0		1	R01196	31	R00199|R00230|R00235|R00315|R00342|R00345|R00527|R00582|R00604|R00605|R00658|R00756|R00762|R00945|R01068|R01388|R01440|R01513|R01518|R04173|R06982|R06983|R07136|R08059|R08214|R08215|R08331|R08332|R08572|R09099|R12754
map00680	rn00680	Methane metabolism / C1 metabolism	iAF1260b	iECBD_1354	0		1	R01196	31	R00199|R00230|R00235|R00315|R00342|R00345|R00527|R00582|R00604|R00605|R00658|R00756|R00762|R00945|R01068|R01388|R01440|R01513|R01518|R04173|R06982|R06983|R07136|R08059|R08214|R08215|R08331|R08332|R08572|R09099|R12754
map00680	rn00680	Methane metabolism / C1 metabolism	iAF1260b	iECB_1328	0		1	R01196	31	R00199|R00230|R00235|R00315|R00342|R00345|R00527|R00582|R00604|R00605|R00658|R00756|R00762|R00945|R01068|R01388|R01440|R01513|R01518|R04173|R06982|R06983|R07136|R08059|R08214|R08215|R08331|R08332|R08572|R09099|R12754
map00680	rn00680	Methane metabolism / C1 metabolism	iAF1260b	iECDH10B_1368	0		1	R01196	31	R00199|R00230|R00235|R00315|R00342|R00345|R00527|R00582|R00604|R00605|R00658|R00756|R00762|R00945|R01068|R01388|R01440|R01513|R01518|R04173|R06982|R06983|R07136|R08059|R08214|R08215|R08331|R08332|R08572|R09099|R12754
map00680	rn00680	Methane metabolism / C1 metabolism	iAF1260b	iECDH1ME8569_1439	0		1	R01196	31	R00199|R00230|R00235|R00315|R00342|R00345|R00527|R00582|R00604|R00605|R00658|R00756|R00762|R00945|R01068|R01388|R01440|R01513|R01518|R04173|R06982|R06983|R07136|R08059|R08214|R08215|R08331|R08332|R08572|R09099|R12754
map00680	rn00680	Methane metabolism / C1 metabolism	iAF1260b	iECD_1391	0		1	R01196	31	R00199|R00230|R00235|R00315|R00342|R00345|R00527|R00582|R00604|R00605|R00658|R00756|R00762|R00945|R01068|R01388|R01440|R01513|R01518|R04173|R06982|R06983|R07136|R08059|R08214|R08215|R08331|R08332|R08572|R09099|R12754
map00680	rn00680	Methane metabolism / C1 metabolism	iAF1260b	iECED1_1282	0		1	R01196	31	R00199|R00230|R00235|R00315|R00342|R00345|R00527|R00582|R00604|R00605|R00658|R00756|R00762|R00945|R01068|R01388|R01440|R01513|R01518|R04173|R06982|R06983|R07136|R08059|R08214|R08215|R08331|R08332|R08572|R09099|R12754
map00680	rn00680	Methane metabolism / C1 metabolism	iAF1260b	iECH74115_1262	1	R12754	1	R01196	30	R00199|R00230|R00235|R00315|R00342|R00345|R00527|R00582|R00604|R00605|R00658|R00756|R00762|R00945|R01068|R01388|R01440|R01513|R01518|R04173|R06982|R06983|R07136|R08059|R08214|R08215|R08331|R08332|R08572|R09099
map00680	rn00680	Methane metabolism / C1 metabolism	iAF1260b	iECIAI1_1343	0		1	R01196	31	R00199|R00230|R00235|R00315|R00342|R00345|R00527|R00582|R00604|R00605|R00658|R00756|R00762|R00945|R01068|R01388|R01440|R01513|R01518|R04173|R06982|R06983|R07136|R08059|R08214|R08215|R08331|R08332|R08572|R09099|R12754
map00680	rn00680	Methane metabolism / C1 metabolism	iAF1260b	iECIAI39_1322	0		1	R01196	31	R00199|R00230|R00235|R00315|R00342|R00345|R00527|R00582|R00604|R00605|R00658|R00756|R00762|R00945|R01068|R01388|R01440|R01513|R01518|R04173|R06982|R06983|R07136|R08059|R08214|R08215|R08331|R08332|R08572|R09099|R12754
map00680	rn00680	Methane metabolism / C1 metabolism	iAF1260b	iECNA114_1301	0		1	R01196	31	R00199|R00230|R00235|R00315|R00342|R00345|R00527|R00582|R00604|R00605|R00658|R00756|R00762|R00945|R01068|R01388|R01440|R01513|R01518|R04173|R06982|R06983|R07136|R08059|R08214|R08215|R08331|R08332|R08572|R09099|R12754
map00680	rn00680	Methane metabolism / C1 metabolism	iAF1260b	iECO103_1326	0		1	R01196	31	R00199|R00230|R00235|R00315|R00342|R00345|R00527|R00582|R00604|R00605|R00658|R00756|R00762|R00945|R01068|R01388|R01440|R01513|R01518|R04173|R06982|R06983|R07136|R08059|R08214|R08215|R08331|R08332|R08572|R09099|R12754
map00680	rn00680	Methane metabolism / C1 metabolism	iAF1260b	iECO111_1330	0		1	R01196	31	R00199|R00230|R00235|R00315|R00342|R00345|R00527|R00582|R00604|R00605|R00658|R00756|R00762|R00945|R01068|R01388|R01440|R01513|R01518|R04173|R06982|R06983|R07136|R08059|R08214|R08215|R08331|R08332|R08572|R09099|R12754
map00680	rn00680	Methane metabolism / C1 metabolism	iAF1260b	iECO26_1355	0		1	R01196	31	R00199|R00230|R00235|R00315|R00342|R00345|R00527|R00582|R00604|R00605|R00658|R00756|R00762|R00945|R01068|R01388|R01440|R01513|R01518|R04173|R06982|R06983|R07136|R08059|R08214|R08215|R08331|R08332|R08572|R09099|R12754
map00680	rn00680	Methane metabolism / C1 metabolism	iAF1260b	iECOK1_1307	0		1	R01196	31	R00199|R00230|R00235|R00315|R00342|R00345|R00527|R00582|R00604|R00605|R00658|R00756|R00762|R00945|R01068|R01388|R01440|R01513|R01518|R04173|R06982|R06983|R07136|R08059|R08214|R08215|R08331|R08332|R08572|R09099|R12754
map00680	rn00680	Methane metabolism / C1 metabolism	iAF1260b	iECP_1309	0		1	R01196	31	R00199|R00230|R00235|R00315|R00342|R00345|R00527|R00582|R00604|R00605|R00658|R00756|R00762|R00945|R01068|R01388|R01440|R01513|R01518|R04173|R06982|R06983|R07136|R08059|R08214|R08215|R08331|R08332|R08572|R09099|R12754
map00680	rn00680	Methane metabolism / C1 metabolism	iAF1260b	iECS88_1305	0		1	R01196	31	R00199|R00230|R00235|R00315|R00342|R00345|R00527|R00582|R00604|R00605|R00658|R00756|R00762|R00945|R01068|R01388|R01440|R01513|R01518|R04173|R06982|R06983|R07136|R08059|R08214|R08215|R08331|R08332|R08572|R09099|R12754
map00680	rn00680	Methane metabolism / C1 metabolism	iAF1260b	iECSE_1348	0		1	R01196	31	R00199|R00230|R00235|R00315|R00342|R00345|R00527|R00582|R00604|R00605|R00658|R00756|R00762|R00945|R01068|R01388|R01440|R01513|R01518|R04173|R06982|R06983|R07136|R08059|R08214|R08215|R08331|R08332|R08572|R09099|R12754
map00680	rn00680	Methane metabolism / C1 metabolism	iAF1260b	iECSF_1327	0		1	R01196	31	R00199|R00230|R00235|R00315|R00342|R00345|R00527|R00582|R00604|R00605|R00658|R00756|R00762|R00945|R01068|R01388|R01440|R01513|R01518|R04173|R06982|R06983|R07136|R08059|R08214|R08215|R08331|R08332|R08572|R09099|R12754
map00680	rn00680	Methane metabolism / C1 metabolism	iAF1260b	iECSP_1301	0		1	R01196	31	R00199|R00230|R00235|R00315|R00342|R00345|R00527|R00582|R00604|R00605|R00658|R00756|R00762|R00945|R01068|R01388|R01440|R01513|R01518|R04173|R06982|R06983|R07136|R08059|R08214|R08215|R08331|R08332|R08572|R09099|R12754
map00680	rn00680	Methane metabolism / C1 metabolism	iAF1260b	iECUMN_1333	0		1	R01196	31	R00199|R00230|R00235|R00315|R00342|R00345|R00527|R00582|R00604|R00605|R00658|R00756|R00762|R00945|R01068|R01388|R01440|R01513|R01518|R04173|R06982|R06983|R07136|R08059|R08214|R08215|R08331|R08332|R08572|R09099|R12754
map00680	rn00680	Methane metabolism / C1 metabolism	iAF1260b	iECW_1372	0		1	R01196	31	R00199|R00230|R00235|R00315|R00342|R00345|R00527|R00582|R00604|R00605|R00658|R00756|R00762|R00945|R01068|R01388|R01440|R01513|R01518|R04173|R06982|R06983|R07136|R08059|R08214|R08215|R08331|R08332|R08572|R09099|R12754
map00680	rn00680	Methane metabolism / C1 metabolism	iAF1260b	iECs_1301	0		1	R01196	31	R00199|R00230|R00235|R00315|R00342|R00345|R00527|R00582|R00604|R00605|R00658|R00756|R00762|R00945|R01068|R01388|R01440|R01513|R01518|R04173|R06982|R06983|R07136|R08059|R08214|R08215|R08331|R08332|R08572|R09099|R12754
map00680	rn00680	Methane metabolism / C1 metabolism	iAF1260b	iEKO11_1354	0		1	R01196	31	R00199|R00230|R00235|R00315|R00342|R00345|R00527|R00582|R00604|R00605|R00658|R00756|R00762|R00945|R01068|R01388|R01440|R01513|R01518|R04173|R06982|R06983|R07136|R08059|R08214|R08215|R08331|R08332|R08572|R09099|R12754
map00680	rn00680	Methane metabolism / C1 metabolism	iAF1260b	iETEC_1333	0		1	R01196	31	R00199|R00230|R00235|R00315|R00342|R00345|R00527|R00582|R00604|R00605|R00658|R00756|R00762|R00945|R01068|R01388|R01440|R01513|R01518|R04173|R06982|R06983|R07136|R08059|R08214|R08215|R08331|R08332|R08572|R09099|R12754
map00680	rn00680	Methane metabolism / C1 metabolism	iAF1260b	iEcDH1_1363	0		1	R01196	31	R00199|R00230|R00235|R00315|R00342|R00345|R00527|R00582|R00604|R00605|R00658|R00756|R00762|R00945|R01068|R01388|R01440|R01513|R01518|R04173|R06982|R06983|R07136|R08059|R08214|R08215|R08331|R08332|R08572|R09099|R12754
map00680	rn00680	Methane metabolism / C1 metabolism	iAF1260b	iEcE24377_1341	0		1	R01196	31	R00199|R00230|R00235|R00315|R00342|R00345|R00527|R00582|R00604|R00605|R00658|R00756|R00762|R00945|R01068|R01388|R01440|R01513|R01518|R04173|R06982|R06983|R07136|R08059|R08214|R08215|R08331|R08332|R08572|R09099|R12754
map00680	rn00680	Methane metabolism / C1 metabolism	iAF1260b	iEcHS_1320	0		1	R01196	31	R00199|R00230|R00235|R00315|R00342|R00345|R00527|R00582|R00604|R00605|R00658|R00756|R00762|R00945|R01068|R01388|R01440|R01513|R01518|R04173|R06982|R06983|R07136|R08059|R08214|R08215|R08331|R08332|R08572|R09099|R12754
map00680	rn00680	Methane metabolism / C1 metabolism	iAF1260b	iEcSMS35_1347	0		1	R01196	31	R00199|R00230|R00235|R00315|R00342|R00345|R00527|R00582|R00604|R00605|R00658|R00756|R00762|R00945|R01068|R01388|R01440|R01513|R01518|R04173|R06982|R06983|R07136|R08059|R08214|R08215|R08331|R08332|R08572|R09099|R12754
map00680	rn00680	Methane metabolism / C1 metabolism	iAF1260b	iEcolC_1368	0		1	R01196	31	R00199|R00230|R00235|R00315|R00342|R00345|R00527|R00582|R00604|R00605|R00658|R00756|R00762|R00945|R01068|R01388|R01440|R01513|R01518|R04173|R06982|R06983|R07136|R08059|R08214|R08215|R08331|R08332|R08572|R09099|R12754
map00680	rn00680	Methane metabolism / C1 metabolism	iAF1260b	iG2583_1286	1	R12754	1	R01196	30	R00199|R00230|R00235|R00315|R00342|R00345|R00527|R00582|R00604|R00605|R00658|R00756|R00762|R00945|R01068|R01388|R01440|R01513|R01518|R04173|R06982|R06983|R07136|R08059|R08214|R08215|R08331|R08332|R08572|R09099
map00680	rn00680	Methane metabolism / C1 metabolism	iAF1260b	iJR904	3	R00605|R06982|R08059	0		28	R00199|R00230|R00235|R00315|R00342|R00345|R00527|R00582|R00604|R00658|R00756|R00762|R00945|R01068|R01388|R01440|R01513|R01518|R04173|R06983|R07136|R08214|R08215|R08331|R08332|R08572|R09099|R12754
map00680	rn00680	Methane metabolism / C1 metabolism	iAF1260b	iLF82_1304	0		1	R01196	31	R00199|R00230|R00235|R00315|R00342|R00345|R00527|R00582|R00604|R00605|R00658|R00756|R00762|R00945|R01068|R01388|R01440|R01513|R01518|R04173|R06982|R06983|R07136|R08059|R08214|R08215|R08331|R08332|R08572|R09099|R12754
map00680	rn00680	Methane metabolism / C1 metabolism	iAF1260b	iNRG857_1313	0		1	R01196	31	R00199|R00230|R00235|R00315|R00342|R00345|R00527|R00582|R00604|R00605|R00658|R00756|R00762|R00945|R01068|R01388|R01440|R01513|R01518|R04173|R06982|R06983|R07136|R08059|R08214|R08215|R08331|R08332|R08572|R09099|R12754
map00680	rn00680	Methane metabolism / C1 metabolism	iAF1260b	iUMN146_1321	0		1	R01196	31	R00199|R00230|R00235|R00315|R00342|R00345|R00527|R00582|R00604|R00605|R00658|R00756|R00762|R00945|R01068|R01388|R01440|R01513|R01518|R04173|R06982|R06983|R07136|R08059|R08214|R08215|R08331|R08332|R08572|R09099|R12754
map00680	rn00680	Methane metabolism / C1 metabolism	iAF1260b	iUMNK88_1353	0		1	R01196	31	R00199|R00230|R00235|R00315|R00342|R00345|R00527|R00582|R00604|R00605|R00658|R00756|R00762|R00945|R01068|R01388|R01440|R01513|R01518|R04173|R06982|R06983|R07136|R08059|R08214|R08215|R08331|R08332|R08572|R09099|R12754
map00680	rn00680	Methane metabolism / C1 metabolism	iAF1260b	iUTI89_1310	0		1	R01196	31	R00199|R00230|R00235|R00315|R00342|R00345|R00527|R00582|R00604|R00605|R00658|R00756|R00762|R00945|R01068|R01388|R01440|R01513|R01518|R04173|R06982|R06983|R07136|R08059|R08214|R08215|R08331|R08332|R08572|R09099|R12754
map00680	rn00680	Methane metabolism / C1 metabolism	iAF1260b	iWFL_1372	0		1	R01196	31	R00199|R00230|R00235|R00315|R00342|R00345|R00527|R00582|R00604|R00605|R00658|R00756|R00762|R00945|R01068|R01388|R01440|R01513|R01518|R04173|R06982|R06983|R07136|R08059|R08214|R08215|R08331|R08332|R08572|R09099|R12754
map00680	rn00680	Methane metabolism / C1 metabolism	iAF1260b	iY75_1357	0		1	R01196	31	R00199|R00230|R00235|R00315|R00342|R00345|R00527|R00582|R00604|R00605|R00658|R00756|R00762|R00945|R01068|R01388|R01440|R01513|R01518|R04173|R06982|R06983|R07136|R08059|R08214|R08215|R08331|R08332|R08572|R09099|R12754
map00680	rn00680	Methane metabolism / C1 metabolism	iAF1260b	iZ_1308	0		1	R01196	31	R00199|R00230|R00235|R00315|R00342|R00345|R00527|R00582|R00604|R00605|R00658|R00756|R00762|R00945|R01068|R01388|R01440|R01513|R01518|R04173|R06982|R06983|R07136|R08059|R08214|R08215|R08331|R08332|R08572|R09099|R12754
map00680	rn00680	Methane metabolism / C1 metabolism	iAF1260b	ic_1306	0		1	R01196	31	R00199|R00230|R00235|R00315|R00342|R00345|R00527|R00582|R00604|R00605|R00658|R00756|R00762|R00945|R01068|R01388|R01440|R01513|R01518|R04173|R06982|R06983|R07136|R08059|R08214|R08215|R08331|R08332|R08572|R09099|R12754
map00680	rn00680	Methane metabolism / C1 metabolism	iAPECO1_1312	iEC1344_C	1	R01196	0		31	R00199|R00230|R00235|R00315|R00342|R00345|R00527|R00582|R00604|R00605|R00658|R00756|R00762|R00945|R01068|R01388|R01440|R01513|R01518|R04173|R06982|R06983|R07136|R08059|R08214|R08215|R08331|R08332|R08572|R09099|R12754
map00680	rn00680	Methane metabolism / C1 metabolism	iAPECO1_1312	iEC1349_Crooks	1	R01196	1	R00134	31	R00199|R00230|R00235|R00315|R00342|R00345|R00527|R00582|R00604|R00605|R00658|R00756|R00762|R00945|R01068|R01388|R01440|R01513|R01518|R04173|R06982|R06983|R07136|R08059|R08214|R08215|R08331|R08332|R08572|R09099|R12754
map00680	rn00680	Methane metabolism / C1 metabolism	iAPECO1_1312	iEC1356_Bl21DE3	1	R01196	0		31	R00199|R00230|R00235|R00315|R00342|R00345|R00527|R00582|R00604|R00605|R00658|R00756|R00762|R00945|R01068|R01388|R01440|R01513|R01518|R04173|R06982|R06983|R07136|R08059|R08214|R08215|R08331|R08332|R08572|R09099|R12754
map00680	rn00680	Methane metabolism / C1 metabolism	iAPECO1_1312	iEC1364_W	1	R01196	0		31	R00199|R00230|R00235|R00315|R00342|R00345|R00527|R00582|R00604|R00605|R00658|R00756|R00762|R00945|R01068|R01388|R01440|R01513|R01518|R04173|R06982|R06983|R07136|R08059|R08214|R08215|R08331|R08332|R08572|R09099|R12754
map00680	rn00680	Methane metabolism / C1 metabolism	iAPECO1_1312	iEC1368_DH5a	1	R01196	0		31	R00199|R00230|R00235|R00315|R00342|R00345|R00527|R00582|R00604|R00605|R00658|R00756|R00762|R00945|R01068|R01388|R01440|R01513|R01518|R04173|R06982|R06983|R07136|R08059|R08214|R08215|R08331|R08332|R08572|R09099|R12754
map00680	rn00680	Methane metabolism / C1 metabolism	iAPECO1_1312	iEC1372_W3110	1	R01196	0		31	R00199|R00230|R00235|R00315|R00342|R00345|R00527|R00582|R00604|R00605|R00658|R00756|R00762|R00945|R01068|R01388|R01440|R01513|R01518|R04173|R06982|R06983|R07136|R08059|R08214|R08215|R08331|R08332|R08572|R09099|R12754
map00680	rn00680	Methane metabolism / C1 metabolism	iAPECO1_1312	iECH74115_1262	1	R12754	0		31	R00199|R00230|R00235|R00315|R00342|R00345|R00527|R00582|R00604|R00605|R00658|R00756|R00762|R00945|R01068|R01196|R01388|R01440|R01513|R01518|R04173|R06982|R06983|R07136|R08059|R08214|R08215|R08331|R08332|R08572|R09099
map00680	rn00680	Methane metabolism / C1 metabolism	iAPECO1_1312	iG2583_1286	1	R12754	0		31	R00199|R00230|R00235|R00315|R00342|R00345|R00527|R00582|R00604|R00605|R00658|R00756|R00762|R00945|R01068|R01196|R01388|R01440|R01513|R01518|R04173|R06982|R06983|R07136|R08059|R08214|R08215|R08331|R08332|R08572|R09099
map00680	rn00680	Methane metabolism / C1 metabolism	iAPECO1_1312	iJO1366	1	R01196	0		31	R00199|R00230|R00235|R00315|R00342|R00345|R00527|R00582|R00604|R00605|R00658|R00756|R00762|R00945|R01068|R01388|R01440|R01513|R01518|R04173|R06982|R06983|R07136|R08059|R08214|R08215|R08331|R08332|R08572|R09099|R12754
map00680	rn00680	Methane metabolism / C1 metabolism	iAPECO1_1312	iJR904	4	R00605|R01196|R06982|R08059	0		28	R00199|R00230|R00235|R00315|R00342|R00345|R00527|R00582|R00604|R00658|R00756|R00762|R00945|R01068|R01388|R01440|R01513|R01518|R04173|R06983|R07136|R08214|R08215|R08331|R08332|R08572|R09099|R12754
map00680	rn00680	Methane metabolism / C1 metabolism	iAPECO1_1312	iML1515	1	R01196	0		31	R00199|R00230|R00235|R00315|R00342|R00345|R00527|R00582|R00604|R00605|R00658|R00756|R00762|R00945|R01068|R01388|R01440|R01513|R01518|R04173|R06982|R06983|R07136|R08059|R08214|R08215|R08331|R08332|R08572|R09099|R12754
map00680	rn00680	Methane metabolism / C1 metabolism	iB21_1397	iEC1344_C	1	R01196	0		31	R00199|R00230|R00235|R00315|R00342|R00345|R00527|R00582|R00604|R00605|R00658|R00756|R00762|R00945|R01068|R01388|R01440|R01513|R01518|R04173|R06982|R06983|R07136|R08059|R08214|R08215|R08331|R08332|R08572|R09099|R12754
map00680	rn00680	Methane metabolism / C1 metabolism	iB21_1397	iEC1349_Crooks	1	R01196	1	R00134	31	R00199|R00230|R00235|R00315|R00342|R00345|R00527|R00582|R00604|R00605|R00658|R00756|R00762|R00945|R01068|R01388|R01440|R01513|R01518|R04173|R06982|R06983|R07136|R08059|R08214|R08215|R08331|R08332|R08572|R09099|R12754
map00680	rn00680	Methane metabolism / C1 metabolism	iB21_1397	iEC1356_Bl21DE3	1	R01196	0		31	R00199|R00230|R00235|R00315|R00342|R00345|R00527|R00582|R00604|R00605|R00658|R00756|R00762|R00945|R01068|R01388|R01440|R01513|R01518|R04173|R06982|R06983|R07136|R08059|R08214|R08215|R08331|R08332|R08572|R09099|R12754
map00680	rn00680	Methane metabolism / C1 metabolism	iB21_1397	iEC1364_W	1	R01196	0		31	R00199|R00230|R00235|R00315|R00342|R00345|R00527|R00582|R00604|R00605|R00658|R00756|R00762|R00945|R01068|R01388|R01440|R01513|R01518|R04173|R06982|R06983|R07136|R08059|R08214|R08215|R08331|R08332|R08572|R09099|R12754
map00680	rn00680	Methane metabolism / C1 metabolism	iB21_1397	iEC1368_DH5a	1	R01196	0		31	R00199|R00230|R00235|R00315|R00342|R00345|R00527|R00582|R00604|R00605|R00658|R00756|R00762|R00945|R01068|R01388|R01440|R01513|R01518|R04173|R06982|R06983|R07136|R08059|R08214|R08215|R08331|R08332|R08572|R09099|R12754
map00680	rn00680	Methane metabolism / C1 metabolism	iB21_1397	iEC1372_W3110	1	R01196	0		31	R00199|R00230|R00235|R00315|R00342|R00345|R00527|R00582|R00604|R00605|R00658|R00756|R00762|R00945|R01068|R01388|R01440|R01513|R01518|R04173|R06982|R06983|R07136|R08059|R08214|R08215|R08331|R08332|R08572|R09099|R12754
map00680	rn00680	Methane metabolism / C1 metabolism	iB21_1397	iECH74115_1262	1	R12754	0		31	R00199|R00230|R00235|R00315|R00342|R00345|R00527|R00582|R00604|R00605|R00658|R00756|R00762|R00945|R01068|R01196|R01388|R01440|R01513|R01518|R04173|R06982|R06983|R07136|R08059|R08214|R08215|R08331|R08332|R08572|R09099
map00680	rn00680	Methane metabolism / C1 metabolism	iB21_1397	iG2583_1286	1	R12754	0		31	R00199|R00230|R00235|R00315|R00342|R00345|R00527|R00582|R00604|R00605|R00658|R00756|R00762|R00945|R01068|R01196|R01388|R01440|R01513|R01518|R04173|R06982|R06983|R07136|R08059|R08214|R08215|R08331|R08332|R08572|R09099
map00680	rn00680	Methane metabolism / C1 metabolism	iB21_1397	iJO1366	1	R01196	0		31	R00199|R00230|R00235|R00315|R00342|R00345|R00527|R00582|R00604|R00605|R00658|R00756|R00762|R00945|R01068|R01388|R01440|R01513|R01518|R04173|R06982|R06983|R07136|R08059|R08214|R08215|R08331|R08332|R08572|R09099|R12754
map00680	rn00680	Methane metabolism / C1 metabolism	iB21_1397	iJR904	4	R00605|R01196|R06982|R08059	0		28	R00199|R00230|R00235|R00315|R00342|R00345|R00527|R00582|R00604|R00658|R00756|R00762|R00945|R01068|R01388|R01440|R01513|R01518|R04173|R06983|R07136|R08214|R08215|R08331|R08332|R08572|R09099|R12754
map00680	rn00680	Methane metabolism / C1 metabolism	iB21_1397	iML1515	1	R01196	0		31	R00199|R00230|R00235|R00315|R00342|R00345|R00527|R00582|R00604|R00605|R00658|R00756|R00762|R00945|R01068|R01388|R01440|R01513|R01518|R04173|R06982|R06983|R07136|R08059|R08214|R08215|R08331|R08332|R08572|R09099|R12754
map00680	rn00680	Methane metabolism / C1 metabolism	iBWG_1329	iEC1344_C	1	R01196	0		31	R00199|R00230|R00235|R00315|R00342|R00345|R00527|R00582|R00604|R00605|R00658|R00756|R00762|R00945|R01068|R01388|R01440|R01513|R01518|R04173|R06982|R06983|R07136|R08059|R08214|R08215|R08331|R08332|R08572|R09099|R12754
map00680	rn00680	Methane metabolism / C1 metabolism	iBWG_1329	iEC1349_Crooks	1	R01196	1	R00134	31	R00199|R00230|R00235|R00315|R00342|R00345|R00527|R00582|R00604|R00605|R00658|R00756|R00762|R00945|R01068|R01388|R01440|R01513|R01518|R04173|R06982|R06983|R07136|R08059|R08214|R08215|R08331|R08332|R08572|R09099|R12754
map00680	rn00680	Methane metabolism / C1 metabolism	iBWG_1329	iEC1356_Bl21DE3	1	R01196	0		31	R00199|R00230|R00235|R00315|R00342|R00345|R00527|R00582|R00604|R00605|R00658|R00756|R00762|R00945|R01068|R01388|R01440|R01513|R01518|R04173|R06982|R06983|R07136|R08059|R08214|R08215|R08331|R08332|R08572|R09099|R12754
map00680	rn00680	Methane metabolism / C1 metabolism	iBWG_1329	iEC1364_W	1	R01196	0		31	R00199|R00230|R00235|R00315|R00342|R00345|R00527|R00582|R00604|R00605|R00658|R00756|R00762|R00945|R01068|R01388|R01440|R01513|R01518|R04173|R06982|R06983|R07136|R08059|R08214|R08215|R08331|R08332|R08572|R09099|R12754
map00680	rn00680	Methane metabolism / C1 metabolism	iBWG_1329	iEC1368_DH5a	1	R01196	0		31	R00199|R00230|R00235|R00315|R00342|R00345|R00527|R00582|R00604|R00605|R00658|R00756|R00762|R00945|R01068|R01388|R01440|R01513|R01518|R04173|R06982|R06983|R07136|R08059|R08214|R08215|R08331|R08332|R08572|R09099|R12754
map00680	rn00680	Methane metabolism / C1 metabolism	iBWG_1329	iEC1372_W3110	1	R01196	0		31	R00199|R00230|R00235|R00315|R00342|R00345|R00527|R00582|R00604|R00605|R00658|R00756|R00762|R00945|R01068|R01388|R01440|R01513|R01518|R04173|R06982|R06983|R07136|R08059|R08214|R08215|R08331|R08332|R08572|R09099|R12754
map00680	rn00680	Methane metabolism / C1 metabolism	iBWG_1329	iECH74115_1262	1	R12754	0		31	R00199|R00230|R00235|R00315|R00342|R00345|R00527|R00582|R00604|R00605|R00658|R00756|R00762|R00945|R01068|R01196|R01388|R01440|R01513|R01518|R04173|R06982|R06983|R07136|R08059|R08214|R08215|R08331|R08332|R08572|R09099
map00680	rn00680	Methane metabolism / C1 metabolism	iBWG_1329	iG2583_1286	1	R12754	0		31	R00199|R00230|R00235|R00315|R00342|R00345|R00527|R00582|R00604|R00605|R00658|R00756|R00762|R00945|R01068|R01196|R01388|R01440|R01513|R01518|R04173|R06982|R06983|R07136|R08059|R08214|R08215|R08331|R08332|R08572|R09099
map00680	rn00680	Methane metabolism / C1 metabolism	iBWG_1329	iJO1366	1	R01196	0		31	R00199|R00230|R00235|R00315|R00342|R00345|R00527|R00582|R00604|R00605|R00658|R00756|R00762|R00945|R01068|R01388|R01440|R01513|R01518|R04173|R06982|R06983|R07136|R08059|R08214|R08215|R08331|R08332|R08572|R09099|R12754
map00680	rn00680	Methane metabolism / C1 metabolism	iBWG_1329	iJR904	4	R00605|R01196|R06982|R08059	0		28	R00199|R00230|R00235|R00315|R00342|R00345|R00527|R00582|R00604|R00658|R00756|R00762|R00945|R01068|R01388|R01440|R01513|R01518|R04173|R06983|R07136|R08214|R08215|R08331|R08332|R08572|R09099|R12754
map00680	rn00680	Methane metabolism / C1 metabolism	iBWG_1329	iML1515	1	R01196	0		31	R00199|R00230|R00235|R00315|R00342|R00345|R00527|R00582|R00604|R00605|R00658|R00756|R00762|R00945|R01068|R01388|R01440|R01513|R01518|R04173|R06982|R06983|R07136|R08059|R08214|R08215|R08331|R08332|R08572|R09099|R12754
map00680	rn00680	Methane metabolism / C1 metabolism	iE2348C_1286	iEC1344_C	1	R01196	0		31	R00199|R00230|R00235|R00315|R00342|R00345|R00527|R00582|R00604|R00605|R00658|R00756|R00762|R00945|R01068|R01388|R01440|R01513|R01518|R04173|R06982|R06983|R07136|R08059|R08214|R08215|R08331|R08332|R08572|R09099|R12754
map00680	rn00680	Methane metabolism / C1 metabolism	iE2348C_1286	iEC1349_Crooks	1	R01196	1	R00134	31	R00199|R00230|R00235|R00315|R00342|R00345|R00527|R00582|R00604|R00605|R00658|R00756|R00762|R00945|R01068|R01388|R01440|R01513|R01518|R04173|R06982|R06983|R07136|R08059|R08214|R08215|R08331|R08332|R08572|R09099|R12754
map00680	rn00680	Methane metabolism / C1 metabolism	iE2348C_1286	iEC1356_Bl21DE3	1	R01196	0		31	R00199|R00230|R00235|R00315|R00342|R00345|R00527|R00582|R00604|R00605|R00658|R00756|R00762|R00945|R01068|R01388|R01440|R01513|R01518|R04173|R06982|R06983|R07136|R08059|R08214|R08215|R08331|R08332|R08572|R09099|R12754
map00680	rn00680	Methane metabolism / C1 metabolism	iE2348C_1286	iEC1364_W	1	R01196	0		31	R00199|R00230|R00235|R00315|R00342|R00345|R00527|R00582|R00604|R00605|R00658|R00756|R00762|R00945|R01068|R01388|R01440|R01513|R01518|R04173|R06982|R06983|R07136|R08059|R08214|R08215|R08331|R08332|R08572|R09099|R12754
map00680	rn00680	Methane metabolism / C1 metabolism	iE2348C_1286	iEC1368_DH5a	1	R01196	0		31	R00199|R00230|R00235|R00315|R00342|R00345|R00527|R00582|R00604|R00605|R00658|R00756|R00762|R00945|R01068|R01388|R01440|R01513|R01518|R04173|R06982|R06983|R07136|R08059|R08214|R08215|R08331|R08332|R08572|R09099|R12754
map00680	rn00680	Methane metabolism / C1 metabolism	iE2348C_1286	iEC1372_W3110	1	R01196	0		31	R00199|R00230|R00235|R00315|R00342|R00345|R00527|R00582|R00604|R00605|R00658|R00756|R00762|R00945|R01068|R01388|R01440|R01513|R01518|R04173|R06982|R06983|R07136|R08059|R08214|R08215|R08331|R08332|R08572|R09099|R12754
map00680	rn00680	Methane metabolism / C1 metabolism	iE2348C_1286	iECH74115_1262	1	R12754	0		31	R00199|R00230|R00235|R00315|R00342|R00345|R00527|R00582|R00604|R00605|R00658|R00756|R00762|R00945|R01068|R01196|R01388|R01440|R01513|R01518|R04173|R06982|R06983|R07136|R08059|R08214|R08215|R08331|R08332|R08572|R09099
map00680	rn00680	Methane metabolism / C1 metabolism	iE2348C_1286	iG2583_1286	1	R12754	0		31	R00199|R00230|R00235|R00315|R00342|R00345|R00527|R00582|R00604|R00605|R00658|R00756|R00762|R00945|R01068|R01196|R01388|R01440|R01513|R01518|R04173|R06982|R06983|R07136|R08059|R08214|R08215|R08331|R08332|R08572|R09099
map00680	rn00680	Methane metabolism / C1 metabolism	iE2348C_1286	iJO1366	1	R01196	0		31	R00199|R00230|R00235|R00315|R00342|R00345|R00527|R00582|R00604|R00605|R00658|R00756|R00762|R00945|R01068|R01388|R01440|R01513|R01518|R04173|R06982|R06983|R07136|R08059|R08214|R08215|R08331|R08332|R08572|R09099|R12754
map00680	rn00680	Methane metabolism / C1 metabolism	iE2348C_1286	iJR904	4	R00605|R01196|R06982|R08059	0		28	R00199|R00230|R00235|R00315|R00342|R00345|R00527|R00582|R00604|R00658|R00756|R00762|R00945|R01068|R01388|R01440|R01513|R01518|R04173|R06983|R07136|R08214|R08215|R08331|R08332|R08572|R09099|R12754
map00680	rn00680	Methane metabolism / C1 metabolism	iE2348C_1286	iML1515	1	R01196	0		31	R00199|R00230|R00235|R00315|R00342|R00345|R00527|R00582|R00604|R00605|R00658|R00756|R00762|R00945|R01068|R01388|R01440|R01513|R01518|R04173|R06982|R06983|R07136|R08059|R08214|R08215|R08331|R08332|R08572|R09099|R12754
map00680	rn00680	Methane metabolism / C1 metabolism	iEC042_1314	iEC1344_C	1	R01196	0		31	R00199|R00230|R00235|R00315|R00342|R00345|R00527|R00582|R00604|R00605|R00658|R00756|R00762|R00945|R01068|R01388|R01440|R01513|R01518|R04173|R06982|R06983|R07136|R08059|R08214|R08215|R08331|R08332|R08572|R09099|R12754
map00680	rn00680	Methane metabolism / C1 metabolism	iEC042_1314	iEC1349_Crooks	1	R01196	1	R00134	31	R00199|R00230|R00235|R00315|R00342|R00345|R00527|R00582|R00604|R00605|R00658|R00756|R00762|R00945|R01068|R01388|R01440|R01513|R01518|R04173|R06982|R06983|R07136|R08059|R08214|R08215|R08331|R08332|R08572|R09099|R12754
map00680	rn00680	Methane metabolism / C1 metabolism	iEC042_1314	iEC1356_Bl21DE3	1	R01196	0		31	R00199|R00230|R00235|R00315|R00342|R00345|R00527|R00582|R00604|R00605|R00658|R00756|R00762|R00945|R01068|R01388|R01440|R01513|R01518|R04173|R06982|R06983|R07136|R08059|R08214|R08215|R08331|R08332|R08572|R09099|R12754
map00680	rn00680	Methane metabolism / C1 metabolism	iEC042_1314	iEC1364_W	1	R01196	0		31	R00199|R00230|R00235|R00315|R00342|R00345|R00527|R00582|R00604|R00605|R00658|R00756|R00762|R00945|R01068|R01388|R01440|R01513|R01518|R04173|R06982|R06983|R07136|R08059|R08214|R08215|R08331|R08332|R08572|R09099|R12754
map00680	rn00680	Methane metabolism / C1 metabolism	iEC042_1314	iEC1368_DH5a	1	R01196	0		31	R00199|R00230|R00235|R00315|R00342|R00345|R00527|R00582|R00604|R00605|R00658|R00756|R00762|R00945|R01068|R01388|R01440|R01513|R01518|R04173|R06982|R06983|R07136|R08059|R08214|R08215|R08331|R08332|R08572|R09099|R12754
map00680	rn00680	Methane metabolism / C1 metabolism	iEC042_1314	iEC1372_W3110	1	R01196	0		31	R00199|R00230|R00235|R00315|R00342|R00345|R00527|R00582|R00604|R00605|R00658|R00756|R00762|R00945|R01068|R01388|R01440|R01513|R01518|R04173|R06982|R06983|R07136|R08059|R08214|R08215|R08331|R08332|R08572|R09099|R12754
map00680	rn00680	Methane metabolism / C1 metabolism	iEC042_1314	iECH74115_1262	1	R12754	0		31	R00199|R00230|R00235|R00315|R00342|R00345|R00527|R00582|R00604|R00605|R00658|R00756|R00762|R00945|R01068|R01196|R01388|R01440|R01513|R01518|R04173|R06982|R06983|R07136|R08059|R08214|R08215|R08331|R08332|R08572|R09099
map00680	rn00680	Methane metabolism / C1 metabolism	iEC042_1314	iG2583_1286	1	R12754	0		31	R00199|R00230|R00235|R00315|R00342|R00345|R00527|R00582|R00604|R00605|R00658|R00756|R00762|R00945|R01068|R01196|R01388|R01440|R01513|R01518|R04173|R06982|R06983|R07136|R08059|R08214|R08215|R08331|R08332|R08572|R09099
map00680	rn00680	Methane metabolism / C1 metabolism	iEC042_1314	iJO1366	1	R01196	0		31	R00199|R00230|R00235|R00315|R00342|R00345|R00527|R00582|R00604|R00605|R00658|R00756|R00762|R00945|R01068|R01388|R01440|R01513|R01518|R04173|R06982|R06983|R07136|R08059|R08214|R08215|R08331|R08332|R08572|R09099|R12754
map00680	rn00680	Methane metabolism / C1 metabolism	iEC042_1314	iJR904	4	R00605|R01196|R06982|R08059	0		28	R00199|R00230|R00235|R00315|R00342|R00345|R00527|R00582|R00604|R00658|R00756|R00762|R00945|R01068|R01388|R01440|R01513|R01518|R04173|R06983|R07136|R08214|R08215|R08331|R08332|R08572|R09099|R12754
map00680	rn00680	Methane metabolism / C1 metabolism	iEC042_1314	iML1515	1	R01196	0		31	R00199|R00230|R00235|R00315|R00342|R00345|R00527|R00582|R00604|R00605|R00658|R00756|R00762|R00945|R01068|R01388|R01440|R01513|R01518|R04173|R06982|R06983|R07136|R08059|R08214|R08215|R08331|R08332|R08572|R09099|R12754
map00680	rn00680	Methane metabolism / C1 metabolism	iEC1344_C	iEC1349_Crooks	0		1	R00134	31	R00199|R00230|R00235|R00315|R00342|R00345|R00527|R00582|R00604|R00605|R00658|R00756|R00762|R00945|R01068|R01388|R01440|R01513|R01518|R04173|R06982|R06983|R07136|R08059|R08214|R08215|R08331|R08332|R08572|R09099|R12754
map00680	rn00680	Methane metabolism / C1 metabolism	iEC1344_C	iEC55989_1330	0		1	R01196	31	R00199|R00230|R00235|R00315|R00342|R00345|R00527|R00582|R00604|R00605|R00658|R00756|R00762|R00945|R01068|R01388|R01440|R01513|R01518|R04173|R06982|R06983|R07136|R08059|R08214|R08215|R08331|R08332|R08572|R09099|R12754
map00680	rn00680	Methane metabolism / C1 metabolism	iEC1344_C	iECABU_c1320	0		1	R01196	31	R00199|R00230|R00235|R00315|R00342|R00345|R00527|R00582|R00604|R00605|R00658|R00756|R00762|R00945|R01068|R01388|R01440|R01513|R01518|R04173|R06982|R06983|R07136|R08059|R08214|R08215|R08331|R08332|R08572|R09099|R12754
map00680	rn00680	Methane metabolism / C1 metabolism	iEC1344_C	iECBD_1354	0		1	R01196	31	R00199|R00230|R00235|R00315|R00342|R00345|R00527|R00582|R00604|R00605|R00658|R00756|R00762|R00945|R01068|R01388|R01440|R01513|R01518|R04173|R06982|R06983|R07136|R08059|R08214|R08215|R08331|R08332|R08572|R09099|R12754
map00680	rn00680	Methane metabolism / C1 metabolism	iEC1344_C	iECB_1328	0		1	R01196	31	R00199|R00230|R00235|R00315|R00342|R00345|R00527|R00582|R00604|R00605|R00658|R00756|R00762|R00945|R01068|R01388|R01440|R01513|R01518|R04173|R06982|R06983|R07136|R08059|R08214|R08215|R08331|R08332|R08572|R09099|R12754
map00680	rn00680	Methane metabolism / C1 metabolism	iEC1344_C	iECDH10B_1368	0		1	R01196	31	R00199|R00230|R00235|R00315|R00342|R00345|R00527|R00582|R00604|R00605|R00658|R00756|R00762|R00945|R01068|R01388|R01440|R01513|R01518|R04173|R06982|R06983|R07136|R08059|R08214|R08215|R08331|R08332|R08572|R09099|R12754
map00680	rn00680	Methane metabolism / C1 metabolism	iEC1344_C	iECDH1ME8569_1439	0		1	R01196	31	R00199|R00230|R00235|R00315|R00342|R00345|R00527|R00582|R00604|R00605|R00658|R00756|R00762|R00945|R01068|R01388|R01440|R01513|R01518|R04173|R06982|R06983|R07136|R08059|R08214|R08215|R08331|R08332|R08572|R09099|R12754
map00680	rn00680	Methane metabolism / C1 metabolism	iEC1344_C	iECD_1391	0		1	R01196	31	R00199|R00230|R00235|R00315|R00342|R00345|R00527|R00582|R00604|R00605|R00658|R00756|R00762|R00945|R01068|R01388|R01440|R01513|R01518|R04173|R06982|R06983|R07136|R08059|R08214|R08215|R08331|R08332|R08572|R09099|R12754
map00680	rn00680	Methane metabolism / C1 metabolism	iEC1344_C	iECED1_1282	0		1	R01196	31	R00199|R00230|R00235|R00315|R00342|R00345|R00527|R00582|R00604|R00605|R00658|R00756|R00762|R00945|R01068|R01388|R01440|R01513|R01518|R04173|R06982|R06983|R07136|R08059|R08214|R08215|R08331|R08332|R08572|R09099|R12754
map00680	rn00680	Methane metabolism / C1 metabolism	iEC1344_C	iECH74115_1262	1	R12754	1	R01196	30	R00199|R00230|R00235|R00315|R00342|R00345|R00527|R00582|R00604|R00605|R00658|R00756|R00762|R00945|R01068|R01388|R01440|R01513|R01518|R04173|R06982|R06983|R07136|R08059|R08214|R08215|R08331|R08332|R08572|R09099
map00680	rn00680	Methane metabolism / C1 metabolism	iEC1344_C	iECIAI1_1343	0		1	R01196	31	R00199|R00230|R00235|R00315|R00342|R00345|R00527|R00582|R00604|R00605|R00658|R00756|R00762|R00945|R01068|R01388|R01440|R01513|R01518|R04173|R06982|R06983|R07136|R08059|R08214|R08215|R08331|R08332|R08572|R09099|R12754
map00680	rn00680	Methane metabolism / C1 metabolism	iEC1344_C	iECIAI39_1322	0		1	R01196	31	R00199|R00230|R00235|R00315|R00342|R00345|R00527|R00582|R00604|R00605|R00658|R00756|R00762|R00945|R01068|R01388|R01440|R01513|R01518|R04173|R06982|R06983|R07136|R08059|R08214|R08215|R08331|R08332|R08572|R09099|R12754
map00680	rn00680	Methane metabolism / C1 metabolism	iEC1344_C	iECNA114_1301	0		1	R01196	31	R00199|R00230|R00235|R00315|R00342|R00345|R00527|R00582|R00604|R00605|R00658|R00756|R00762|R00945|R01068|R01388|R01440|R01513|R01518|R04173|R06982|R06983|R07136|R08059|R08214|R08215|R08331|R08332|R08572|R09099|R12754
map00680	rn00680	Methane metabolism / C1 metabolism	iEC1344_C	iECO103_1326	0		1	R01196	31	R00199|R00230|R00235|R00315|R00342|R00345|R00527|R00582|R00604|R00605|R00658|R00756|R00762|R00945|R01068|R01388|R01440|R01513|R01518|R04173|R06982|R06983|R07136|R08059|R08214|R08215|R08331|R08332|R08572|R09099|R12754
map00680	rn00680	Methane metabolism / C1 metabolism	iEC1344_C	iECO111_1330	0		1	R01196	31	R00199|R00230|R00235|R00315|R00342|R00345|R00527|R00582|R00604|R00605|R00658|R00756|R00762|R00945|R01068|R01388|R01440|R01513|R01518|R04173|R06982|R06983|R07136|R08059|R08214|R08215|R08331|R08332|R08572|R09099|R12754
map00680	rn00680	Methane metabolism / C1 metabolism	iEC1344_C	iECO26_1355	0		1	R01196	31	R00199|R00230|R00235|R00315|R00342|R00345|R00527|R00582|R00604|R00605|R00658|R00756|R00762|R00945|R01068|R01388|R01440|R01513|R01518|R04173|R06982|R06983|R07136|R08059|R08214|R08215|R08331|R08332|R08572|R09099|R12754
map00680	rn00680	Methane metabolism / C1 metabolism	iEC1344_C	iECOK1_1307	0		1	R01196	31	R00199|R00230|R00235|R00315|R00342|R00345|R00527|R00582|R00604|R00605|R00658|R00756|R00762|R00945|R01068|R01388|R01440|R01513|R01518|R04173|R06982|R06983|R07136|R08059|R08214|R08215|R08331|R08332|R08572|R09099|R12754
map00680	rn00680	Methane metabolism / C1 metabolism	iEC1344_C	iECP_1309	0		1	R01196	31	R00199|R00230|R00235|R00315|R00342|R00345|R00527|R00582|R00604|R00605|R00658|R00756|R00762|R00945|R01068|R01388|R01440|R01513|R01518|R04173|R06982|R06983|R07136|R08059|R08214|R08215|R08331|R08332|R08572|R09099|R12754
map00680	rn00680	Methane metabolism / C1 metabolism	iEC1344_C	iECS88_1305	0		1	R01196	31	R00199|R00230|R00235|R00315|R00342|R00345|R00527|R00582|R00604|R00605|R00658|R00756|R00762|R00945|R01068|R01388|R01440|R01513|R01518|R04173|R06982|R06983|R07136|R08059|R08214|R08215|R08331|R08332|R08572|R09099|R12754
map00680	rn00680	Methane metabolism / C1 metabolism	iEC1344_C	iECSE_1348	0		1	R01196	31	R00199|R00230|R00235|R00315|R00342|R00345|R00527|R00582|R00604|R00605|R00658|R00756|R00762|R00945|R01068|R01388|R01440|R01513|R01518|R04173|R06982|R06983|R07136|R08059|R08214|R08215|R08331|R08332|R08572|R09099|R12754
map00680	rn00680	Methane metabolism / C1 metabolism	iEC1344_C	iECSF_1327	0		1	R01196	31	R00199|R00230|R00235|R00315|R00342|R00345|R00527|R00582|R00604|R00605|R00658|R00756|R00762|R00945|R01068|R01388|R01440|R01513|R01518|R04173|R06982|R06983|R07136|R08059|R08214|R08215|R08331|R08332|R08572|R09099|R12754
map00680	rn00680	Methane metabolism / C1 metabolism	iEC1344_C	iECSP_1301	0		1	R01196	31	R00199|R00230|R00235|R00315|R00342|R00345|R00527|R00582|R00604|R00605|R00658|R00756|R00762|R00945|R01068|R01388|R01440|R01513|R01518|R04173|R06982|R06983|R07136|R08059|R08214|R08215|R08331|R08332|R08572|R09099|R12754
map00680	rn00680	Methane metabolism / C1 metabolism	iEC1344_C	iECUMN_1333	0		1	R01196	31	R00199|R00230|R00235|R00315|R00342|R00345|R00527|R00582|R00604|R00605|R00658|R00756|R00762|R00945|R01068|R01388|R01440|R01513|R01518|R04173|R06982|R06983|R07136|R08059|R08214|R08215|R08331|R08332|R08572|R09099|R12754
map00680	rn00680	Methane metabolism / C1 metabolism	iEC1344_C	iECW_1372	0		1	R01196	31	R00199|R00230|R00235|R00315|R00342|R00345|R00527|R00582|R00604|R00605|R00658|R00756|R00762|R00945|R01068|R01388|R01440|R01513|R01518|R04173|R06982|R06983|R07136|R08059|R08214|R08215|R08331|R08332|R08572|R09099|R12754
map00680	rn00680	Methane metabolism / C1 metabolism	iEC1344_C	iECs_1301	0		1	R01196	31	R00199|R00230|R00235|R00315|R00342|R00345|R00527|R00582|R00604|R00605|R00658|R00756|R00762|R00945|R01068|R01388|R01440|R01513|R01518|R04173|R06982|R06983|R07136|R08059|R08214|R08215|R08331|R08332|R08572|R09099|R12754
map00680	rn00680	Methane metabolism / C1 metabolism	iEC1344_C	iEKO11_1354	0		1	R01196	31	R00199|R00230|R00235|R00315|R00342|R00345|R00527|R00582|R00604|R00605|R00658|R00756|R00762|R00945|R01068|R01388|R01440|R01513|R01518|R04173|R06982|R06983|R07136|R08059|R08214|R08215|R08331|R08332|R08572|R09099|R12754
map00680	rn00680	Methane metabolism / C1 metabolism	iEC1344_C	iETEC_1333	0		1	R01196	31	R00199|R00230|R00235|R00315|R00342|R00345|R00527|R00582|R00604|R00605|R00658|R00756|R00762|R00945|R01068|R01388|R01440|R01513|R01518|R04173|R06982|R06983|R07136|R08059|R08214|R08215|R08331|R08332|R08572|R09099|R12754
map00680	rn00680	Methane metabolism / C1 metabolism	iEC1344_C	iEcDH1_1363	0		1	R01196	31	R00199|R00230|R00235|R00315|R00342|R00345|R00527|R00582|R00604|R00605|R00658|R00756|R00762|R00945|R01068|R01388|R01440|R01513|R01518|R04173|R06982|R06983|R07136|R08059|R08214|R08215|R08331|R08332|R08572|R09099|R12754
map00680	rn00680	Methane metabolism / C1 metabolism	iEC1344_C	iEcE24377_1341	0		1	R01196	31	R00199|R00230|R00235|R00315|R00342|R00345|R00527|R00582|R00604|R00605|R00658|R00756|R00762|R00945|R01068|R01388|R01440|R01513|R01518|R04173|R06982|R06983|R07136|R08059|R08214|R08215|R08331|R08332|R08572|R09099|R12754
map00680	rn00680	Methane metabolism / C1 metabolism	iEC1344_C	iEcHS_1320	0		1	R01196	31	R00199|R00230|R00235|R00315|R00342|R00345|R00527|R00582|R00604|R00605|R00658|R00756|R00762|R00945|R01068|R01388|R01440|R01513|R01518|R04173|R06982|R06983|R07136|R08059|R08214|R08215|R08331|R08332|R08572|R09099|R12754
map00680	rn00680	Methane metabolism / C1 metabolism	iEC1344_C	iEcSMS35_1347	0		1	R01196	31	R00199|R00230|R00235|R00315|R00342|R00345|R00527|R00582|R00604|R00605|R00658|R00756|R00762|R00945|R01068|R01388|R01440|R01513|R01518|R04173|R06982|R06983|R07136|R08059|R08214|R08215|R08331|R08332|R08572|R09099|R12754
map00680	rn00680	Methane metabolism / C1 metabolism	iEC1344_C	iEcolC_1368	0		1	R01196	31	R00199|R00230|R00235|R00315|R00342|R00345|R00527|R00582|R00604|R00605|R00658|R00756|R00762|R00945|R01068|R01388|R01440|R01513|R01518|R04173|R06982|R06983|R07136|R08059|R08214|R08215|R08331|R08332|R08572|R09099|R12754
map00680	rn00680	Methane metabolism / C1 metabolism	iEC1344_C	iG2583_1286	1	R12754	1	R01196	30	R00199|R00230|R00235|R00315|R00342|R00345|R00527|R00582|R00604|R00605|R00658|R00756|R00762|R00945|R01068|R01388|R01440|R01513|R01518|R04173|R06982|R06983|R07136|R08059|R08214|R08215|R08331|R08332|R08572|R09099
map00680	rn00680	Methane metabolism / C1 metabolism	iEC1344_C	iJR904	3	R00605|R06982|R08059	0		28	R00199|R00230|R00235|R00315|R00342|R00345|R00527|R00582|R00604|R00658|R00756|R00762|R00945|R01068|R01388|R01440|R01513|R01518|R04173|R06983|R07136|R08214|R08215|R08331|R08332|R08572|R09099|R12754
map00680	rn00680	Methane metabolism / C1 metabolism	iEC1344_C	iLF82_1304	0		1	R01196	31	R00199|R00230|R00235|R00315|R00342|R00345|R00527|R00582|R00604|R00605|R00658|R00756|R00762|R00945|R01068|R01388|R01440|R01513|R01518|R04173|R06982|R06983|R07136|R08059|R08214|R08215|R08331|R08332|R08572|R09099|R12754
map00680	rn00680	Methane metabolism / C1 metabolism	iEC1344_C	iNRG857_1313	0		1	R01196	31	R00199|R00230|R00235|R00315|R00342|R00345|R00527|R00582|R00604|R00605|R00658|R00756|R00762|R00945|R01068|R01388|R01440|R01513|R01518|R04173|R06982|R06983|R07136|R08059|R08214|R08215|R08331|R08332|R08572|R09099|R12754
map00680	rn00680	Methane metabolism / C1 metabolism	iEC1344_C	iUMN146_1321	0		1	R01196	31	R00199|R00230|R00235|R00315|R00342|R00345|R00527|R00582|R00604|R00605|R00658|R00756|R00762|R00945|R01068|R01388|R01440|R01513|R01518|R04173|R06982|R06983|R07136|R08059|R08214|R08215|R08331|R08332|R08572|R09099|R12754
map00680	rn00680	Methane metabolism / C1 metabolism	iEC1344_C	iUMNK88_1353	0		1	R01196	31	R00199|R00230|R00235|R00315|R00342|R00345|R00527|R00582|R00604|R00605|R00658|R00756|R00762|R00945|R01068|R01388|R01440|R01513|R01518|R04173|R06982|R06983|R07136|R08059|R08214|R08215|R08331|R08332|R08572|R09099|R12754
map00680	rn00680	Methane metabolism / C1 metabolism	iEC1344_C	iUTI89_1310	0		1	R01196	31	R00199|R00230|R00235|R00315|R00342|R00345|R00527|R00582|R00604|R00605|R00658|R00756|R00762|R00945|R01068|R01388|R01440|R01513|R01518|R04173|R06982|R06983|R07136|R08059|R08214|R08215|R08331|R08332|R08572|R09099|R12754
map00680	rn00680	Methane metabolism / C1 metabolism	iEC1344_C	iWFL_1372	0		1	R01196	31	R00199|R00230|R00235|R00315|R00342|R00345|R00527|R00582|R00604|R00605|R00658|R00756|R00762|R00945|R01068|R01388|R01440|R01513|R01518|R04173|R06982|R06983|R07136|R08059|R08214|R08215|R08331|R08332|R08572|R09099|R12754
map00680	rn00680	Methane metabolism / C1 metabolism	iEC1344_C	iY75_1357	0		1	R01196	31	R00199|R00230|R00235|R00315|R00342|R00345|R00527|R00582|R00604|R00605|R00658|R00756|R00762|R00945|R01068|R01388|R01440|R01513|R01518|R04173|R06982|R06983|R07136|R08059|R08214|R08215|R08331|R08332|R08572|R09099|R12754
map00680	rn00680	Methane metabolism / C1 metabolism	iEC1344_C	iZ_1308	0		1	R01196	31	R00199|R00230|R00235|R00315|R00342|R00345|R00527|R00582|R00604|R00605|R00658|R00756|R00762|R00945|R01068|R01388|R01440|R01513|R01518|R04173|R06982|R06983|R07136|R08059|R08214|R08215|R08331|R08332|R08572|R09099|R12754
map00680	rn00680	Methane metabolism / C1 metabolism	iEC1344_C	ic_1306	0		1	R01196	31	R00199|R00230|R00235|R00315|R00342|R00345|R00527|R00582|R00604|R00605|R00658|R00756|R00762|R00945|R01068|R01388|R01440|R01513|R01518|R04173|R06982|R06983|R07136|R08059|R08214|R08215|R08331|R08332|R08572|R09099|R12754
map00680	rn00680	Methane metabolism / C1 metabolism	iEC1349_Crooks	iEC1356_Bl21DE3	1	R00134	0		31	R00199|R00230|R00235|R00315|R00342|R00345|R00527|R00582|R00604|R00605|R00658|R00756|R00762|R00945|R01068|R01388|R01440|R01513|R01518|R04173|R06982|R06983|R07136|R08059|R08214|R08215|R08331|R08332|R08572|R09099|R12754
map00680	rn00680	Methane metabolism / C1 metabolism	iEC1349_Crooks	iEC1364_W	1	R00134	0		31	R00199|R00230|R00235|R00315|R00342|R00345|R00527|R00582|R00604|R00605|R00658|R00756|R00762|R00945|R01068|R01388|R01440|R01513|R01518|R04173|R06982|R06983|R07136|R08059|R08214|R08215|R08331|R08332|R08572|R09099|R12754
map00680	rn00680	Methane metabolism / C1 metabolism	iEC1349_Crooks	iEC1368_DH5a	1	R00134	0		31	R00199|R00230|R00235|R00315|R00342|R00345|R00527|R00582|R00604|R00605|R00658|R00756|R00762|R00945|R01068|R01388|R01440|R01513|R01518|R04173|R06982|R06983|R07136|R08059|R08214|R08215|R08331|R08332|R08572|R09099|R12754
map00680	rn00680	Methane metabolism / C1 metabolism	iEC1349_Crooks	iEC1372_W3110	1	R00134	0		31	R00199|R00230|R00235|R00315|R00342|R00345|R00527|R00582|R00604|R00605|R00658|R00756|R00762|R00945|R01068|R01388|R01440|R01513|R01518|R04173|R06982|R06983|R07136|R08059|R08214|R08215|R08331|R08332|R08572|R09099|R12754
map00680	rn00680	Methane metabolism / C1 metabolism	iEC1349_Crooks	iEC55989_1330	1	R00134	1	R01196	31	R00199|R00230|R00235|R00315|R00342|R00345|R00527|R00582|R00604|R00605|R00658|R00756|R00762|R00945|R01068|R01388|R01440|R01513|R01518|R04173|R06982|R06983|R07136|R08059|R08214|R08215|R08331|R08332|R08572|R09099|R12754
map00680	rn00680	Methane metabolism / C1 metabolism	iEC1349_Crooks	iECABU_c1320	1	R00134	1	R01196	31	R00199|R00230|R00235|R00315|R00342|R00345|R00527|R00582|R00604|R00605|R00658|R00756|R00762|R00945|R01068|R01388|R01440|R01513|R01518|R04173|R06982|R06983|R07136|R08059|R08214|R08215|R08331|R08332|R08572|R09099|R12754
map00680	rn00680	Methane metabolism / C1 metabolism	iEC1349_Crooks	iECBD_1354	1	R00134	1	R01196	31	R00199|R00230|R00235|R00315|R00342|R00345|R00527|R00582|R00604|R00605|R00658|R00756|R00762|R00945|R01068|R01388|R01440|R01513|R01518|R04173|R06982|R06983|R07136|R08059|R08214|R08215|R08331|R08332|R08572|R09099|R12754
map00680	rn00680	Methane metabolism / C1 metabolism	iEC1349_Crooks	iECB_1328	1	R00134	1	R01196	31	R00199|R00230|R00235|R00315|R00342|R00345|R00527|R00582|R00604|R00605|R00658|R00756|R00762|R00945|R01068|R01388|R01440|R01513|R01518|R04173|R06982|R06983|R07136|R08059|R08214|R08215|R08331|R08332|R08572|R09099|R12754
map00680	rn00680	Methane metabolism / C1 metabolism	iEC1349_Crooks	iECDH10B_1368	1	R00134	1	R01196	31	R00199|R00230|R00235|R00315|R00342|R00345|R00527|R00582|R00604|R00605|R00658|R00756|R00762|R00945|R01068|R01388|R01440|R01513|R01518|R04173|R06982|R06983|R07136|R08059|R08214|R08215|R08331|R08332|R08572|R09099|R12754
map00680	rn00680	Methane metabolism / C1 metabolism	iEC1349_Crooks	iECDH1ME8569_1439	1	R00134	1	R01196	31	R00199|R00230|R00235|R00315|R00342|R00345|R00527|R00582|R00604|R00605|R00658|R00756|R00762|R00945|R01068|R01388|R01440|R01513|R01518|R04173|R06982|R06983|R07136|R08059|R08214|R08215|R08331|R08332|R08572|R09099|R12754
map00680	rn00680	Methane metabolism / C1 metabolism	iEC1349_Crooks	iECD_1391	1	R00134	1	R01196	31	R00199|R00230|R00235|R00315|R00342|R00345|R00527|R00582|R00604|R00605|R00658|R00756|R00762|R00945|R01068|R01388|R01440|R01513|R01518|R04173|R06982|R06983|R07136|R08059|R08214|R08215|R08331|R08332|R08572|R09099|R12754
map00680	rn00680	Methane metabolism / C1 metabolism	iEC1349_Crooks	iECED1_1282	1	R00134	1	R01196	31	R00199|R00230|R00235|R00315|R00342|R00345|R00527|R00582|R00604|R00605|R00658|R00756|R00762|R00945|R01068|R01388|R01440|R01513|R01518|R04173|R06982|R06983|R07136|R08059|R08214|R08215|R08331|R08332|R08572|R09099|R12754
map00680	rn00680	Methane metabolism / C1 metabolism	iEC1349_Crooks	iECH74115_1262	2	R00134|R12754	1	R01196	30	R00199|R00230|R00235|R00315|R00342|R00345|R00527|R00582|R00604|R00605|R00658|R00756|R00762|R00945|R01068|R01388|R01440|R01513|R01518|R04173|R06982|R06983|R07136|R08059|R08214|R08215|R08331|R08332|R08572|R09099
map00680	rn00680	Methane metabolism / C1 metabolism	iEC1349_Crooks	iECIAI1_1343	1	R00134	1	R01196	31	R00199|R00230|R00235|R00315|R00342|R00345|R00527|R00582|R00604|R00605|R00658|R00756|R00762|R00945|R01068|R01388|R01440|R01513|R01518|R04173|R06982|R06983|R07136|R08059|R08214|R08215|R08331|R08332|R08572|R09099|R12754
map00680	rn00680	Methane metabolism / C1 metabolism	iEC1349_Crooks	iECIAI39_1322	1	R00134	1	R01196	31	R00199|R00230|R00235|R00315|R00342|R00345|R00527|R00582|R00604|R00605|R00658|R00756|R00762|R00945|R01068|R01388|R01440|R01513|R01518|R04173|R06982|R06983|R07136|R08059|R08214|R08215|R08331|R08332|R08572|R09099|R12754
map00680	rn00680	Methane metabolism / C1 metabolism	iEC1349_Crooks	iECNA114_1301	1	R00134	1	R01196	31	R00199|R00230|R00235|R00315|R00342|R00345|R00527|R00582|R00604|R00605|R00658|R00756|R00762|R00945|R01068|R01388|R01440|R01513|R01518|R04173|R06982|R06983|R07136|R08059|R08214|R08215|R08331|R08332|R08572|R09099|R12754
map00680	rn00680	Methane metabolism / C1 metabolism	iEC1349_Crooks	iECO103_1326	1	R00134	1	R01196	31	R00199|R00230|R00235|R00315|R00342|R00345|R00527|R00582|R00604|R00605|R00658|R00756|R00762|R00945|R01068|R01388|R01440|R01513|R01518|R04173|R06982|R06983|R07136|R08059|R08214|R08215|R08331|R08332|R08572|R09099|R12754
map00680	rn00680	Methane metabolism / C1 metabolism	iEC1349_Crooks	iECO111_1330	1	R00134	1	R01196	31	R00199|R00230|R00235|R00315|R00342|R00345|R00527|R00582|R00604|R00605|R00658|R00756|R00762|R00945|R01068|R01388|R01440|R01513|R01518|R04173|R06982|R06983|R07136|R08059|R08214|R08215|R08331|R08332|R08572|R09099|R12754
map00680	rn00680	Methane metabolism / C1 metabolism	iEC1349_Crooks	iECO26_1355	1	R00134	1	R01196	31	R00199|R00230|R00235|R00315|R00342|R00345|R00527|R00582|R00604|R00605|R00658|R00756|R00762|R00945|R01068|R01388|R01440|R01513|R01518|R04173|R06982|R06983|R07136|R08059|R08214|R08215|R08331|R08332|R08572|R09099|R12754
map00680	rn00680	Methane metabolism / C1 metabolism	iEC1349_Crooks	iECOK1_1307	1	R00134	1	R01196	31	R00199|R00230|R00235|R00315|R00342|R00345|R00527|R00582|R00604|R00605|R00658|R00756|R00762|R00945|R01068|R01388|R01440|R01513|R01518|R04173|R06982|R06983|R07136|R08059|R08214|R08215|R08331|R08332|R08572|R09099|R12754
map00680	rn00680	Methane metabolism / C1 metabolism	iEC1349_Crooks	iECP_1309	1	R00134	1	R01196	31	R00199|R00230|R00235|R00315|R00342|R00345|R00527|R00582|R00604|R00605|R00658|R00756|R00762|R00945|R01068|R01388|R01440|R01513|R01518|R04173|R06982|R06983|R07136|R08059|R08214|R08215|R08331|R08332|R08572|R09099|R12754
map00680	rn00680	Methane metabolism / C1 metabolism	iEC1349_Crooks	iECS88_1305	1	R00134	1	R01196	31	R00199|R00230|R00235|R00315|R00342|R00345|R00527|R00582|R00604|R00605|R00658|R00756|R00762|R00945|R01068|R01388|R01440|R01513|R01518|R04173|R06982|R06983|R07136|R08059|R08214|R08215|R08331|R08332|R08572|R09099|R12754
map00680	rn00680	Methane metabolism / C1 metabolism	iEC1349_Crooks	iECSE_1348	1	R00134	1	R01196	31	R00199|R00230|R00235|R00315|R00342|R00345|R00527|R00582|R00604|R00605|R00658|R00756|R00762|R00945|R01068|R01388|R01440|R01513|R01518|R04173|R06982|R06983|R07136|R08059|R08214|R08215|R08331|R08332|R08572|R09099|R12754
map00680	rn00680	Methane metabolism / C1 metabolism	iEC1349_Crooks	iECSF_1327	1	R00134	1	R01196	31	R00199|R00230|R00235|R00315|R00342|R00345|R00527|R00582|R00604|R00605|R00658|R00756|R00762|R00945|R01068|R01388|R01440|R01513|R01518|R04173|R06982|R06983|R07136|R08059|R08214|R08215|R08331|R08332|R08572|R09099|R12754
map00680	rn00680	Methane metabolism / C1 metabolism	iEC1349_Crooks	iECSP_1301	1	R00134	1	R01196	31	R00199|R00230|R00235|R00315|R00342|R00345|R00527|R00582|R00604|R00605|R00658|R00756|R00762|R00945|R01068|R01388|R01440|R01513|R01518|R04173|R06982|R06983|R07136|R08059|R08214|R08215|R08331|R08332|R08572|R09099|R12754
map00680	rn00680	Methane metabolism / C1 metabolism	iEC1349_Crooks	iECUMN_1333	1	R00134	1	R01196	31	R00199|R00230|R00235|R00315|R00342|R00345|R00527|R00582|R00604|R00605|R00658|R00756|R00762|R00945|R01068|R01388|R01440|R01513|R01518|R04173|R06982|R06983|R07136|R08059|R08214|R08215|R08331|R08332|R08572|R09099|R12754
map00680	rn00680	Methane metabolism / C1 metabolism	iEC1349_Crooks	iECW_1372	1	R00134	1	R01196	31	R00199|R00230|R00235|R00315|R00342|R00345|R00527|R00582|R00604|R00605|R00658|R00756|R00762|R00945|R01068|R01388|R01440|R01513|R01518|R04173|R06982|R06983|R07136|R08059|R08214|R08215|R08331|R08332|R08572|R09099|R12754
map00680	rn00680	Methane metabolism / C1 metabolism	iEC1349_Crooks	iECs_1301	1	R00134	1	R01196	31	R00199|R00230|R00235|R00315|R00342|R00345|R00527|R00582|R00604|R00605|R00658|R00756|R00762|R00945|R01068|R01388|R01440|R01513|R01518|R04173|R06982|R06983|R07136|R08059|R08214|R08215|R08331|R08332|R08572|R09099|R12754
map00680	rn00680	Methane metabolism / C1 metabolism	iEC1349_Crooks	iEKO11_1354	1	R00134	1	R01196	31	R00199|R00230|R00235|R00315|R00342|R00345|R00527|R00582|R00604|R00605|R00658|R00756|R00762|R00945|R01068|R01388|R01440|R01513|R01518|R04173|R06982|R06983|R07136|R08059|R08214|R08215|R08331|R08332|R08572|R09099|R12754
map00680	rn00680	Methane metabolism / C1 metabolism	iEC1349_Crooks	iETEC_1333	1	R00134	1	R01196	31	R00199|R00230|R00235|R00315|R00342|R00345|R00527|R00582|R00604|R00605|R00658|R00756|R00762|R00945|R01068|R01388|R01440|R01513|R01518|R04173|R06982|R06983|R07136|R08059|R08214|R08215|R08331|R08332|R08572|R09099|R12754
map00680	rn00680	Methane metabolism / C1 metabolism	iEC1349_Crooks	iEcDH1_1363	1	R00134	1	R01196	31	R00199|R00230|R00235|R00315|R00342|R00345|R00527|R00582|R00604|R00605|R00658|R00756|R00762|R00945|R01068|R01388|R01440|R01513|R01518|R04173|R06982|R06983|R07136|R08059|R08214|R08215|R08331|R08332|R08572|R09099|R12754
map00680	rn00680	Methane metabolism / C1 metabolism	iEC1349_Crooks	iEcE24377_1341	1	R00134	1	R01196	31	R00199|R00230|R00235|R00315|R00342|R00345|R00527|R00582|R00604|R00605|R00658|R00756|R00762|R00945|R01068|R01388|R01440|R01513|R01518|R04173|R06982|R06983|R07136|R08059|R08214|R08215|R08331|R08332|R08572|R09099|R12754
map00680	rn00680	Methane metabolism / C1 metabolism	iEC1349_Crooks	iEcHS_1320	1	R00134	1	R01196	31	R00199|R00230|R00235|R00315|R00342|R00345|R00527|R00582|R00604|R00605|R00658|R00756|R00762|R00945|R01068|R01388|R01440|R01513|R01518|R04173|R06982|R06983|R07136|R08059|R08214|R08215|R08331|R08332|R08572|R09099|R12754
map00680	rn00680	Methane metabolism / C1 metabolism	iEC1349_Crooks	iEcSMS35_1347	1	R00134	1	R01196	31	R00199|R00230|R00235|R00315|R00342|R00345|R00527|R00582|R00604|R00605|R00658|R00756|R00762|R00945|R01068|R01388|R01440|R01513|R01518|R04173|R06982|R06983|R07136|R08059|R08214|R08215|R08331|R08332|R08572|R09099|R12754
map00680	rn00680	Methane metabolism / C1 metabolism	iEC1349_Crooks	iEcolC_1368	1	R00134	1	R01196	31	R00199|R00230|R00235|R00315|R00342|R00345|R00527|R00582|R00604|R00605|R00658|R00756|R00762|R00945|R01068|R01388|R01440|R01513|R01518|R04173|R06982|R06983|R07136|R08059|R08214|R08215|R08331|R08332|R08572|R09099|R12754
map00680	rn00680	Methane metabolism / C1 metabolism	iEC1349_Crooks	iG2583_1286	2	R00134|R12754	1	R01196	30	R00199|R00230|R00235|R00315|R00342|R00345|R00527|R00582|R00604|R00605|R00658|R00756|R00762|R00945|R01068|R01388|R01440|R01513|R01518|R04173|R06982|R06983|R07136|R08059|R08214|R08215|R08331|R08332|R08572|R09099
map00680	rn00680	Methane metabolism / C1 metabolism	iEC1349_Crooks	iJO1366	1	R00134	0		31	R00199|R00230|R00235|R00315|R00342|R00345|R00527|R00582|R00604|R00605|R00658|R00756|R00762|R00945|R01068|R01388|R01440|R01513|R01518|R04173|R06982|R06983|R07136|R08059|R08214|R08215|R08331|R08332|R08572|R09099|R12754
map00680	rn00680	Methane metabolism / C1 metabolism	iEC1349_Crooks	iJR904	4	R00134|R00605|R06982|R08059	0		28	R00199|R00230|R00235|R00315|R00342|R00345|R00527|R00582|R00604|R00658|R00756|R00762|R00945|R01068|R01388|R01440|R01513|R01518|R04173|R06983|R07136|R08214|R08215|R08331|R08332|R08572|R09099|R12754
map00680	rn00680	Methane metabolism / C1 metabolism	iEC1349_Crooks	iLF82_1304	1	R00134	1	R01196	31	R00199|R00230|R00235|R00315|R00342|R00345|R00527|R00582|R00604|R00605|R00658|R00756|R00762|R00945|R01068|R01388|R01440|R01513|R01518|R04173|R06982|R06983|R07136|R08059|R08214|R08215|R08331|R08332|R08572|R09099|R12754
map00680	rn00680	Methane metabolism / C1 metabolism	iEC1349_Crooks	iML1515	1	R00134	0		31	R00199|R00230|R00235|R00315|R00342|R00345|R00527|R00582|R00604|R00605|R00658|R00756|R00762|R00945|R01068|R01388|R01440|R01513|R01518|R04173|R06982|R06983|R07136|R08059|R08214|R08215|R08331|R08332|R08572|R09099|R12754
map00680	rn00680	Methane metabolism / C1 metabolism	iEC1349_Crooks	iNRG857_1313	1	R00134	1	R01196	31	R00199|R00230|R00235|R00315|R00342|R00345|R00527|R00582|R00604|R00605|R00658|R00756|R00762|R00945|R01068|R01388|R01440|R01513|R01518|R04173|R06982|R06983|R07136|R08059|R08214|R08215|R08331|R08332|R08572|R09099|R12754
map00680	rn00680	Methane metabolism / C1 metabolism	iEC1349_Crooks	iUMN146_1321	1	R00134	1	R01196	31	R00199|R00230|R00235|R00315|R00342|R00345|R00527|R00582|R00604|R00605|R00658|R00756|R00762|R00945|R01068|R01388|R01440|R01513|R01518|R04173|R06982|R06983|R07136|R08059|R08214|R08215|R08331|R08332|R08572|R09099|R12754
map00680	rn00680	Methane metabolism / C1 metabolism	iEC1349_Crooks	iUMNK88_1353	1	R00134	1	R01196	31	R00199|R00230|R00235|R00315|R00342|R00345|R00527|R00582|R00604|R00605|R00658|R00756|R00762|R00945|R01068|R01388|R01440|R01513|R01518|R04173|R06982|R06983|R07136|R08059|R08214|R08215|R08331|R08332|R08572|R09099|R12754
map00680	rn00680	Methane metabolism / C1 metabolism	iEC1349_Crooks	iUTI89_1310	1	R00134	1	R01196	31	R00199|R00230|R00235|R00315|R00342|R00345|R00527|R00582|R00604|R00605|R00658|R00756|R00762|R00945|R01068|R01388|R01440|R01513|R01518|R04173|R06982|R06983|R07136|R08059|R08214|R08215|R08331|R08332|R08572|R09099|R12754
map00680	rn00680	Methane metabolism / C1 metabolism	iEC1349_Crooks	iWFL_1372	1	R00134	1	R01196	31	R00199|R00230|R00235|R00315|R00342|R00345|R00527|R00582|R00604|R00605|R00658|R00756|R00762|R00945|R01068|R01388|R01440|R01513|R01518|R04173|R06982|R06983|R07136|R08059|R08214|R08215|R08331|R08332|R08572|R09099|R12754
map00680	rn00680	Methane metabolism / C1 metabolism	iEC1349_Crooks	iY75_1357	1	R00134	1	R01196	31	R00199|R00230|R00235|R00315|R00342|R00345|R00527|R00582|R00604|R00605|R00658|R00756|R00762|R00945|R01068|R01388|R01440|R01513|R01518|R04173|R06982|R06983|R07136|R08059|R08214|R08215|R08331|R08332|R08572|R09099|R12754
map00680	rn00680	Methane metabolism / C1 metabolism	iEC1349_Crooks	iZ_1308	1	R00134	1	R01196	31	R00199|R00230|R00235|R00315|R00342|R00345|R00527|R00582|R00604|R00605|R00658|R00756|R00762|R00945|R01068|R01388|R01440|R01513|R01518|R04173|R06982|R06983|R07136|R08059|R08214|R08215|R08331|R08332|R08572|R09099|R12754
map00680	rn00680	Methane metabolism / C1 metabolism	iEC1349_Crooks	ic_1306	1	R00134	1	R01196	31	R00199|R00230|R00235|R00315|R00342|R00345|R00527|R00582|R00604|R00605|R00658|R00756|R00762|R00945|R01068|R01388|R01440|R01513|R01518|R04173|R06982|R06983|R07136|R08059|R08214|R08215|R08331|R08332|R08572|R09099|R12754
map00680	rn00680	Methane metabolism / C1 metabolism	iEC1356_Bl21DE3	iEC55989_1330	0		1	R01196	31	R00199|R00230|R00235|R00315|R00342|R00345|R00527|R00582|R00604|R00605|R00658|R00756|R00762|R00945|R01068|R01388|R01440|R01513|R01518|R04173|R06982|R06983|R07136|R08059|R08214|R08215|R08331|R08332|R08572|R09099|R12754
map00680	rn00680	Methane metabolism / C1 metabolism	iEC1356_Bl21DE3	iECABU_c1320	0		1	R01196	31	R00199|R00230|R00235|R00315|R00342|R00345|R00527|R00582|R00604|R00605|R00658|R00756|R00762|R00945|R01068|R01388|R01440|R01513|R01518|R04173|R06982|R06983|R07136|R08059|R08214|R08215|R08331|R08332|R08572|R09099|R12754
map00680	rn00680	Methane metabolism / C1 metabolism	iEC1356_Bl21DE3	iECBD_1354	0		1	R01196	31	R00199|R00230|R00235|R00315|R00342|R00345|R00527|R00582|R00604|R00605|R00658|R00756|R00762|R00945|R01068|R01388|R01440|R01513|R01518|R04173|R06982|R06983|R07136|R08059|R08214|R08215|R08331|R08332|R08572|R09099|R12754
map00680	rn00680	Methane metabolism / C1 metabolism	iEC1356_Bl21DE3	iECB_1328	0		1	R01196	31	R00199|R00230|R00235|R00315|R00342|R00345|R00527|R00582|R00604|R00605|R00658|R00756|R00762|R00945|R01068|R01388|R01440|R01513|R01518|R04173|R06982|R06983|R07136|R08059|R08214|R08215|R08331|R08332|R08572|R09099|R12754
map00680	rn00680	Methane metabolism / C1 metabolism	iEC1356_Bl21DE3	iECDH10B_1368	0		1	R01196	31	R00199|R00230|R00235|R00315|R00342|R00345|R00527|R00582|R00604|R00605|R00658|R00756|R00762|R00945|R01068|R01388|R01440|R01513|R01518|R04173|R06982|R06983|R07136|R08059|R08214|R08215|R08331|R08332|R08572|R09099|R12754
map00680	rn00680	Methane metabolism / C1 metabolism	iEC1356_Bl21DE3	iECDH1ME8569_1439	0		1	R01196	31	R00199|R00230|R00235|R00315|R00342|R00345|R00527|R00582|R00604|R00605|R00658|R00756|R00762|R00945|R01068|R01388|R01440|R01513|R01518|R04173|R06982|R06983|R07136|R08059|R08214|R08215|R08331|R08332|R08572|R09099|R12754
map00680	rn00680	Methane metabolism / C1 metabolism	iEC1356_Bl21DE3	iECD_1391	0		1	R01196	31	R00199|R00230|R00235|R00315|R00342|R00345|R00527|R00582|R00604|R00605|R00658|R00756|R00762|R00945|R01068|R01388|R01440|R01513|R01518|R04173|R06982|R06983|R07136|R08059|R08214|R08215|R08331|R08332|R08572|R09099|R12754
map00680	rn00680	Methane metabolism / C1 metabolism	iEC1356_Bl21DE3	iECED1_1282	0		1	R01196	31	R00199|R00230|R00235|R00315|R00342|R00345|R00527|R00582|R00604|R00605|R00658|R00756|R00762|R00945|R01068|R01388|R01440|R01513|R01518|R04173|R06982|R06983|R07136|R08059|R08214|R08215|R08331|R08332|R08572|R09099|R12754
map00680	rn00680	Methane metabolism / C1 metabolism	iEC1356_Bl21DE3	iECH74115_1262	1	R12754	1	R01196	30	R00199|R00230|R00235|R00315|R00342|R00345|R00527|R00582|R00604|R00605|R00658|R00756|R00762|R00945|R01068|R01388|R01440|R01513|R01518|R04173|R06982|R06983|R07136|R08059|R08214|R08215|R08331|R08332|R08572|R09099
map00680	rn00680	Methane metabolism / C1 metabolism	iEC1356_Bl21DE3	iECIAI1_1343	0		1	R01196	31	R00199|R00230|R00235|R00315|R00342|R00345|R00527|R00582|R00604|R00605|R00658|R00756|R00762|R00945|R01068|R01388|R01440|R01513|R01518|R04173|R06982|R06983|R07136|R08059|R08214|R08215|R08331|R08332|R08572|R09099|R12754
map00680	rn00680	Methane metabolism / C1 metabolism	iEC1356_Bl21DE3	iECIAI39_1322	0		1	R01196	31	R00199|R00230|R00235|R00315|R00342|R00345|R00527|R00582|R00604|R00605|R00658|R00756|R00762|R00945|R01068|R01388|R01440|R01513|R01518|R04173|R06982|R06983|R07136|R08059|R08214|R08215|R08331|R08332|R08572|R09099|R12754
map00680	rn00680	Methane metabolism / C1 metabolism	iEC1356_Bl21DE3	iECNA114_1301	0		1	R01196	31	R00199|R00230|R00235|R00315|R00342|R00345|R00527|R00582|R00604|R00605|R00658|R00756|R00762|R00945|R01068|R01388|R01440|R01513|R01518|R04173|R06982|R06983|R07136|R08059|R08214|R08215|R08331|R08332|R08572|R09099|R12754
map00680	rn00680	Methane metabolism / C1 metabolism	iEC1356_Bl21DE3	iECO103_1326	0		1	R01196	31	R00199|R00230|R00235|R00315|R00342|R00345|R00527|R00582|R00604|R00605|R00658|R00756|R00762|R00945|R01068|R01388|R01440|R01513|R01518|R04173|R06982|R06983|R07136|R08059|R08214|R08215|R08331|R08332|R08572|R09099|R12754
map00680	rn00680	Methane metabolism / C1 metabolism	iEC1356_Bl21DE3	iECO111_1330	0		1	R01196	31	R00199|R00230|R00235|R00315|R00342|R00345|R00527|R00582|R00604|R00605|R00658|R00756|R00762|R00945|R01068|R01388|R01440|R01513|R01518|R04173|R06982|R06983|R07136|R08059|R08214|R08215|R08331|R08332|R08572|R09099|R12754
map00680	rn00680	Methane metabolism / C1 metabolism	iEC1356_Bl21DE3	iECO26_1355	0		1	R01196	31	R00199|R00230|R00235|R00315|R00342|R00345|R00527|R00582|R00604|R00605|R00658|R00756|R00762|R00945|R01068|R01388|R01440|R01513|R01518|R04173|R06982|R06983|R07136|R08059|R08214|R08215|R08331|R08332|R08572|R09099|R12754
map00680	rn00680	Methane metabolism / C1 metabolism	iEC1356_Bl21DE3	iECOK1_1307	0		1	R01196	31	R00199|R00230|R00235|R00315|R00342|R00345|R00527|R00582|R00604|R00605|R00658|R00756|R00762|R00945|R01068|R01388|R01440|R01513|R01518|R04173|R06982|R06983|R07136|R08059|R08214|R08215|R08331|R08332|R08572|R09099|R12754
map00680	rn00680	Methane metabolism / C1 metabolism	iEC1356_Bl21DE3	iECP_1309	0		1	R01196	31	R00199|R00230|R00235|R00315|R00342|R00345|R00527|R00582|R00604|R00605|R00658|R00756|R00762|R00945|R01068|R01388|R01440|R01513|R01518|R04173|R06982|R06983|R07136|R08059|R08214|R08215|R08331|R08332|R08572|R09099|R12754
map00680	rn00680	Methane metabolism / C1 metabolism	iEC1356_Bl21DE3	iECS88_1305	0		1	R01196	31	R00199|R00230|R00235|R00315|R00342|R00345|R00527|R00582|R00604|R00605|R00658|R00756|R00762|R00945|R01068|R01388|R01440|R01513|R01518|R04173|R06982|R06983|R07136|R08059|R08214|R08215|R08331|R08332|R08572|R09099|R12754
map00680	rn00680	Methane metabolism / C1 metabolism	iEC1356_Bl21DE3	iECSE_1348	0		1	R01196	31	R00199|R00230|R00235|R00315|R00342|R00345|R00527|R00582|R00604|R00605|R00658|R00756|R00762|R00945|R01068|R01388|R01440|R01513|R01518|R04173|R06982|R06983|R07136|R08059|R08214|R08215|R08331|R08332|R08572|R09099|R12754
map00680	rn00680	Methane metabolism / C1 metabolism	iEC1356_Bl21DE3	iECSF_1327	0		1	R01196	31	R00199|R00230|R00235|R00315|R00342|R00345|R00527|R00582|R00604|R00605|R00658|R00756|R00762|R00945|R01068|R01388|R01440|R01513|R01518|R04173|R06982|R06983|R07136|R08059|R08214|R08215|R08331|R08332|R08572|R09099|R12754
map00680	rn00680	Methane metabolism / C1 metabolism	iEC1356_Bl21DE3	iECSP_1301	0		1	R01196	31	R00199|R00230|R00235|R00315|R00342|R00345|R00527|R00582|R00604|R00605|R00658|R00756|R00762|R00945|R01068|R01388|R01440|R01513|R01518|R04173|R06982|R06983|R07136|R08059|R08214|R08215|R08331|R08332|R08572|R09099|R12754
map00680	rn00680	Methane metabolism / C1 metabolism	iEC1356_Bl21DE3	iECUMN_1333	0		1	R01196	31	R00199|R00230|R00235|R00315|R00342|R00345|R00527|R00582|R00604|R00605|R00658|R00756|R00762|R00945|R01068|R01388|R01440|R01513|R01518|R04173|R06982|R06983|R07136|R08059|R08214|R08215|R08331|R08332|R08572|R09099|R12754
map00680	rn00680	Methane metabolism / C1 metabolism	iEC1356_Bl21DE3	iECW_1372	0		1	R01196	31	R00199|R00230|R00235|R00315|R00342|R00345|R00527|R00582|R00604|R00605|R00658|R00756|R00762|R00945|R01068|R01388|R01440|R01513|R01518|R04173|R06982|R06983|R07136|R08059|R08214|R08215|R08331|R08332|R08572|R09099|R12754
map00680	rn00680	Methane metabolism / C1 metabolism	iEC1356_Bl21DE3	iECs_1301	0		1	R01196	31	R00199|R00230|R00235|R00315|R00342|R00345|R00527|R00582|R00604|R00605|R00658|R00756|R00762|R00945|R01068|R01388|R01440|R01513|R01518|R04173|R06982|R06983|R07136|R08059|R08214|R08215|R08331|R08332|R08572|R09099|R12754
map00680	rn00680	Methane metabolism / C1 metabolism	iEC1356_Bl21DE3	iEKO11_1354	0		1	R01196	31	R00199|R00230|R00235|R00315|R00342|R00345|R00527|R00582|R00604|R00605|R00658|R00756|R00762|R00945|R01068|R01388|R01440|R01513|R01518|R04173|R06982|R06983|R07136|R08059|R08214|R08215|R08331|R08332|R08572|R09099|R12754
map00680	rn00680	Methane metabolism / C1 metabolism	iEC1356_Bl21DE3	iETEC_1333	0		1	R01196	31	R00199|R00230|R00235|R00315|R00342|R00345|R00527|R00582|R00604|R00605|R00658|R00756|R00762|R00945|R01068|R01388|R01440|R01513|R01518|R04173|R06982|R06983|R07136|R08059|R08214|R08215|R08331|R08332|R08572|R09099|R12754
map00680	rn00680	Methane metabolism / C1 metabolism	iEC1356_Bl21DE3	iEcDH1_1363	0		1	R01196	31	R00199|R00230|R00235|R00315|R00342|R00345|R00527|R00582|R00604|R00605|R00658|R00756|R00762|R00945|R01068|R01388|R01440|R01513|R01518|R04173|R06982|R06983|R07136|R08059|R08214|R08215|R08331|R08332|R08572|R09099|R12754
map00680	rn00680	Methane metabolism / C1 metabolism	iEC1356_Bl21DE3	iEcE24377_1341	0		1	R01196	31	R00199|R00230|R00235|R00315|R00342|R00345|R00527|R00582|R00604|R00605|R00658|R00756|R00762|R00945|R01068|R01388|R01440|R01513|R01518|R04173|R06982|R06983|R07136|R08059|R08214|R08215|R08331|R08332|R08572|R09099|R12754
map00680	rn00680	Methane metabolism / C1 metabolism	iEC1356_Bl21DE3	iEcHS_1320	0		1	R01196	31	R00199|R00230|R00235|R00315|R00342|R00345|R00527|R00582|R00604|R00605|R00658|R00756|R00762|R00945|R01068|R01388|R01440|R01513|R01518|R04173|R06982|R06983|R07136|R08059|R08214|R08215|R08331|R08332|R08572|R09099|R12754
map00680	rn00680	Methane metabolism / C1 metabolism	iEC1356_Bl21DE3	iEcSMS35_1347	0		1	R01196	31	R00199|R00230|R00235|R00315|R00342|R00345|R00527|R00582|R00604|R00605|R00658|R00756|R00762|R00945|R01068|R01388|R01440|R01513|R01518|R04173|R06982|R06983|R07136|R08059|R08214|R08215|R08331|R08332|R08572|R09099|R12754
map00680	rn00680	Methane metabolism / C1 metabolism	iEC1356_Bl21DE3	iEcolC_1368	0		1	R01196	31	R00199|R00230|R00235|R00315|R00342|R00345|R00527|R00582|R00604|R00605|R00658|R00756|R00762|R00945|R01068|R01388|R01440|R01513|R01518|R04173|R06982|R06983|R07136|R08059|R08214|R08215|R08331|R08332|R08572|R09099|R12754
map00680	rn00680	Methane metabolism / C1 metabolism	iEC1356_Bl21DE3	iG2583_1286	1	R12754	1	R01196	30	R00199|R00230|R00235|R00315|R00342|R00345|R00527|R00582|R00604|R00605|R00658|R00756|R00762|R00945|R01068|R01388|R01440|R01513|R01518|R04173|R06982|R06983|R07136|R08059|R08214|R08215|R08331|R08332|R08572|R09099
map00680	rn00680	Methane metabolism / C1 metabolism	iEC1356_Bl21DE3	iJR904	3	R00605|R06982|R08059	0		28	R00199|R00230|R00235|R00315|R00342|R00345|R00527|R00582|R00604|R00658|R00756|R00762|R00945|R01068|R01388|R01440|R01513|R01518|R04173|R06983|R07136|R08214|R08215|R08331|R08332|R08572|R09099|R12754
map00680	rn00680	Methane metabolism / C1 metabolism	iEC1356_Bl21DE3	iLF82_1304	0		1	R01196	31	R00199|R00230|R00235|R00315|R00342|R00345|R00527|R00582|R00604|R00605|R00658|R00756|R00762|R00945|R01068|R01388|R01440|R01513|R01518|R04173|R06982|R06983|R07136|R08059|R08214|R08215|R08331|R08332|R08572|R09099|R12754
map00680	rn00680	Methane metabolism / C1 metabolism	iEC1356_Bl21DE3	iNRG857_1313	0		1	R01196	31	R00199|R00230|R00235|R00315|R00342|R00345|R00527|R00582|R00604|R00605|R00658|R00756|R00762|R00945|R01068|R01388|R01440|R01513|R01518|R04173|R06982|R06983|R07136|R08059|R08214|R08215|R08331|R08332|R08572|R09099|R12754
map00680	rn00680	Methane metabolism / C1 metabolism	iEC1356_Bl21DE3	iUMN146_1321	0		1	R01196	31	R00199|R00230|R00235|R00315|R00342|R00345|R00527|R00582|R00604|R00605|R00658|R00756|R00762|R00945|R01068|R01388|R01440|R01513|R01518|R04173|R06982|R06983|R07136|R08059|R08214|R08215|R08331|R08332|R08572|R09099|R12754
map00680	rn00680	Methane metabolism / C1 metabolism	iEC1356_Bl21DE3	iUMNK88_1353	0		1	R01196	31	R00199|R00230|R00235|R00315|R00342|R00345|R00527|R00582|R00604|R00605|R00658|R00756|R00762|R00945|R01068|R01388|R01440|R01513|R01518|R04173|R06982|R06983|R07136|R08059|R08214|R08215|R08331|R08332|R08572|R09099|R12754
map00680	rn00680	Methane metabolism / C1 metabolism	iEC1356_Bl21DE3	iUTI89_1310	0		1	R01196	31	R00199|R00230|R00235|R00315|R00342|R00345|R00527|R00582|R00604|R00605|R00658|R00756|R00762|R00945|R01068|R01388|R01440|R01513|R01518|R04173|R06982|R06983|R07136|R08059|R08214|R08215|R08331|R08332|R08572|R09099|R12754
map00680	rn00680	Methane metabolism / C1 metabolism	iEC1356_Bl21DE3	iWFL_1372	0		1	R01196	31	R00199|R00230|R00235|R00315|R00342|R00345|R00527|R00582|R00604|R00605|R00658|R00756|R00762|R00945|R01068|R01388|R01440|R01513|R01518|R04173|R06982|R06983|R07136|R08059|R08214|R08215|R08331|R08332|R08572|R09099|R12754
map00680	rn00680	Methane metabolism / C1 metabolism	iEC1356_Bl21DE3	iY75_1357	0		1	R01196	31	R00199|R00230|R00235|R00315|R00342|R00345|R00527|R00582|R00604|R00605|R00658|R00756|R00762|R00945|R01068|R01388|R01440|R01513|R01518|R04173|R06982|R06983|R07136|R08059|R08214|R08215|R08331|R08332|R08572|R09099|R12754
map00680	rn00680	Methane metabolism / C1 metabolism	iEC1356_Bl21DE3	iZ_1308	0		1	R01196	31	R00199|R00230|R00235|R00315|R00342|R00345|R00527|R00582|R00604|R00605|R00658|R00756|R00762|R00945|R01068|R01388|R01440|R01513|R01518|R04173|R06982|R06983|R07136|R08059|R08214|R08215|R08331|R08332|R08572|R09099|R12754
map00680	rn00680	Methane metabolism / C1 metabolism	iEC1356_Bl21DE3	ic_1306	0		1	R01196	31	R00199|R00230|R00235|R00315|R00342|R00345|R00527|R00582|R00604|R00605|R00658|R00756|R00762|R00945|R01068|R01388|R01440|R01513|R01518|R04173|R06982|R06983|R07136|R08059|R08214|R08215|R08331|R08332|R08572|R09099|R12754
map00680	rn00680	Methane metabolism / C1 metabolism	iEC1364_W	iEC55989_1330	0		1	R01196	31	R00199|R00230|R00235|R00315|R00342|R00345|R00527|R00582|R00604|R00605|R00658|R00756|R00762|R00945|R01068|R01388|R01440|R01513|R01518|R04173|R06982|R06983|R07136|R08059|R08214|R08215|R08331|R08332|R08572|R09099|R12754
map00680	rn00680	Methane metabolism / C1 metabolism	iEC1364_W	iECABU_c1320	0		1	R01196	31	R00199|R00230|R00235|R00315|R00342|R00345|R00527|R00582|R00604|R00605|R00658|R00756|R00762|R00945|R01068|R01388|R01440|R01513|R01518|R04173|R06982|R06983|R07136|R08059|R08214|R08215|R08331|R08332|R08572|R09099|R12754
map00680	rn00680	Methane metabolism / C1 metabolism	iEC1364_W	iECBD_1354	0		1	R01196	31	R00199|R00230|R00235|R00315|R00342|R00345|R00527|R00582|R00604|R00605|R00658|R00756|R00762|R00945|R01068|R01388|R01440|R01513|R01518|R04173|R06982|R06983|R07136|R08059|R08214|R08215|R08331|R08332|R08572|R09099|R12754
map00680	rn00680	Methane metabolism / C1 metabolism	iEC1364_W	iECB_1328	0		1	R01196	31	R00199|R00230|R00235|R00315|R00342|R00345|R00527|R00582|R00604|R00605|R00658|R00756|R00762|R00945|R01068|R01388|R01440|R01513|R01518|R04173|R06982|R06983|R07136|R08059|R08214|R08215|R08331|R08332|R08572|R09099|R12754
map00680	rn00680	Methane metabolism / C1 metabolism	iEC1364_W	iECDH10B_1368	0		1	R01196	31	R00199|R00230|R00235|R00315|R00342|R00345|R00527|R00582|R00604|R00605|R00658|R00756|R00762|R00945|R01068|R01388|R01440|R01513|R01518|R04173|R06982|R06983|R07136|R08059|R08214|R08215|R08331|R08332|R08572|R09099|R12754
map00680	rn00680	Methane metabolism / C1 metabolism	iEC1364_W	iECDH1ME8569_1439	0		1	R01196	31	R00199|R00230|R00235|R00315|R00342|R00345|R00527|R00582|R00604|R00605|R00658|R00756|R00762|R00945|R01068|R01388|R01440|R01513|R01518|R04173|R06982|R06983|R07136|R08059|R08214|R08215|R08331|R08332|R08572|R09099|R12754
map00680	rn00680	Methane metabolism / C1 metabolism	iEC1364_W	iECD_1391	0		1	R01196	31	R00199|R00230|R00235|R00315|R00342|R00345|R00527|R00582|R00604|R00605|R00658|R00756|R00762|R00945|R01068|R01388|R01440|R01513|R01518|R04173|R06982|R06983|R07136|R08059|R08214|R08215|R08331|R08332|R08572|R09099|R12754
map00680	rn00680	Methane metabolism / C1 metabolism	iEC1364_W	iECED1_1282	0		1	R01196	31	R00199|R00230|R00235|R00315|R00342|R00345|R00527|R00582|R00604|R00605|R00658|R00756|R00762|R00945|R01068|R01388|R01440|R01513|R01518|R04173|R06982|R06983|R07136|R08059|R08214|R08215|R08331|R08332|R08572|R09099|R12754
map00680	rn00680	Methane metabolism / C1 metabolism	iEC1364_W	iECH74115_1262	1	R12754	1	R01196	30	R00199|R00230|R00235|R00315|R00342|R00345|R00527|R00582|R00604|R00605|R00658|R00756|R00762|R00945|R01068|R01388|R01440|R01513|R01518|R04173|R06982|R06983|R07136|R08059|R08214|R08215|R08331|R08332|R08572|R09099
map00680	rn00680	Methane metabolism / C1 metabolism	iEC1364_W	iECIAI1_1343	0		1	R01196	31	R00199|R00230|R00235|R00315|R00342|R00345|R00527|R00582|R00604|R00605|R00658|R00756|R00762|R00945|R01068|R01388|R01440|R01513|R01518|R04173|R06982|R06983|R07136|R08059|R08214|R08215|R08331|R08332|R08572|R09099|R12754
map00680	rn00680	Methane metabolism / C1 metabolism	iEC1364_W	iECIAI39_1322	0		1	R01196	31	R00199|R00230|R00235|R00315|R00342|R00345|R00527|R00582|R00604|R00605|R00658|R00756|R00762|R00945|R01068|R01388|R01440|R01513|R01518|R04173|R06982|R06983|R07136|R08059|R08214|R08215|R08331|R08332|R08572|R09099|R12754
map00680	rn00680	Methane metabolism / C1 metabolism	iEC1364_W	iECNA114_1301	0		1	R01196	31	R00199|R00230|R00235|R00315|R00342|R00345|R00527|R00582|R00604|R00605|R00658|R00756|R00762|R00945|R01068|R01388|R01440|R01513|R01518|R04173|R06982|R06983|R07136|R08059|R08214|R08215|R08331|R08332|R08572|R09099|R12754
map00680	rn00680	Methane metabolism / C1 metabolism	iEC1364_W	iECO103_1326	0		1	R01196	31	R00199|R00230|R00235|R00315|R00342|R00345|R00527|R00582|R00604|R00605|R00658|R00756|R00762|R00945|R01068|R01388|R01440|R01513|R01518|R04173|R06982|R06983|R07136|R08059|R08214|R08215|R08331|R08332|R08572|R09099|R12754
map00680	rn00680	Methane metabolism / C1 metabolism	iEC1364_W	iECO111_1330	0		1	R01196	31	R00199|R00230|R00235|R00315|R00342|R00345|R00527|R00582|R00604|R00605|R00658|R00756|R00762|R00945|R01068|R01388|R01440|R01513|R01518|R04173|R06982|R06983|R07136|R08059|R08214|R08215|R08331|R08332|R08572|R09099|R12754
map00680	rn00680	Methane metabolism / C1 metabolism	iEC1364_W	iECO26_1355	0		1	R01196	31	R00199|R00230|R00235|R00315|R00342|R00345|R00527|R00582|R00604|R00605|R00658|R00756|R00762|R00945|R01068|R01388|R01440|R01513|R01518|R04173|R06982|R06983|R07136|R08059|R08214|R08215|R08331|R08332|R08572|R09099|R12754
map00680	rn00680	Methane metabolism / C1 metabolism	iEC1364_W	iECOK1_1307	0		1	R01196	31	R00199|R00230|R00235|R00315|R00342|R00345|R00527|R00582|R00604|R00605|R00658|R00756|R00762|R00945|R01068|R01388|R01440|R01513|R01518|R04173|R06982|R06983|R07136|R08059|R08214|R08215|R08331|R08332|R08572|R09099|R12754
map00680	rn00680	Methane metabolism / C1 metabolism	iEC1364_W	iECP_1309	0		1	R01196	31	R00199|R00230|R00235|R00315|R00342|R00345|R00527|R00582|R00604|R00605|R00658|R00756|R00762|R00945|R01068|R01388|R01440|R01513|R01518|R04173|R06982|R06983|R07136|R08059|R08214|R08215|R08331|R08332|R08572|R09099|R12754
map00680	rn00680	Methane metabolism / C1 metabolism	iEC1364_W	iECS88_1305	0		1	R01196	31	R00199|R00230|R00235|R00315|R00342|R00345|R00527|R00582|R00604|R00605|R00658|R00756|R00762|R00945|R01068|R01388|R01440|R01513|R01518|R04173|R06982|R06983|R07136|R08059|R08214|R08215|R08331|R08332|R08572|R09099|R12754
map00680	rn00680	Methane metabolism / C1 metabolism	iEC1364_W	iECSE_1348	0		1	R01196	31	R00199|R00230|R00235|R00315|R00342|R00345|R00527|R00582|R00604|R00605|R00658|R00756|R00762|R00945|R01068|R01388|R01440|R01513|R01518|R04173|R06982|R06983|R07136|R08059|R08214|R08215|R08331|R08332|R08572|R09099|R12754
map00680	rn00680	Methane metabolism / C1 metabolism	iEC1364_W	iECSF_1327	0		1	R01196	31	R00199|R00230|R00235|R00315|R00342|R00345|R00527|R00582|R00604|R00605|R00658|R00756|R00762|R00945|R01068|R01388|R01440|R01513|R01518|R04173|R06982|R06983|R07136|R08059|R08214|R08215|R08331|R08332|R08572|R09099|R12754
map00680	rn00680	Methane metabolism / C1 metabolism	iEC1364_W	iECSP_1301	0		1	R01196	31	R00199|R00230|R00235|R00315|R00342|R00345|R00527|R00582|R00604|R00605|R00658|R00756|R00762|R00945|R01068|R01388|R01440|R01513|R01518|R04173|R06982|R06983|R07136|R08059|R08214|R08215|R08331|R08332|R08572|R09099|R12754
map00680	rn00680	Methane metabolism / C1 metabolism	iEC1364_W	iECUMN_1333	0		1	R01196	31	R00199|R00230|R00235|R00315|R00342|R00345|R00527|R00582|R00604|R00605|R00658|R00756|R00762|R00945|R01068|R01388|R01440|R01513|R01518|R04173|R06982|R06983|R07136|R08059|R08214|R08215|R08331|R08332|R08572|R09099|R12754
map00680	rn00680	Methane metabolism / C1 metabolism	iEC1364_W	iECW_1372	0		1	R01196	31	R00199|R00230|R00235|R00315|R00342|R00345|R00527|R00582|R00604|R00605|R00658|R00756|R00762|R00945|R01068|R01388|R01440|R01513|R01518|R04173|R06982|R06983|R07136|R08059|R08214|R08215|R08331|R08332|R08572|R09099|R12754
map00680	rn00680	Methane metabolism / C1 metabolism	iEC1364_W	iECs_1301	0		1	R01196	31	R00199|R00230|R00235|R00315|R00342|R00345|R00527|R00582|R00604|R00605|R00658|R00756|R00762|R00945|R01068|R01388|R01440|R01513|R01518|R04173|R06982|R06983|R07136|R08059|R08214|R08215|R08331|R08332|R08572|R09099|R12754
map00680	rn00680	Methane metabolism / C1 metabolism	iEC1364_W	iEKO11_1354	0		1	R01196	31	R00199|R00230|R00235|R00315|R00342|R00345|R00527|R00582|R00604|R00605|R00658|R00756|R00762|R00945|R01068|R01388|R01440|R01513|R01518|R04173|R06982|R06983|R07136|R08059|R08214|R08215|R08331|R08332|R08572|R09099|R12754
map00680	rn00680	Methane metabolism / C1 metabolism	iEC1364_W	iETEC_1333	0		1	R01196	31	R00199|R00230|R00235|R00315|R00342|R00345|R00527|R00582|R00604|R00605|R00658|R00756|R00762|R00945|R01068|R01388|R01440|R01513|R01518|R04173|R06982|R06983|R07136|R08059|R08214|R08215|R08331|R08332|R08572|R09099|R12754
map00680	rn00680	Methane metabolism / C1 metabolism	iEC1364_W	iEcDH1_1363	0		1	R01196	31	R00199|R00230|R00235|R00315|R00342|R00345|R00527|R00582|R00604|R00605|R00658|R00756|R00762|R00945|R01068|R01388|R01440|R01513|R01518|R04173|R06982|R06983|R07136|R08059|R08214|R08215|R08331|R08332|R08572|R09099|R12754
map00680	rn00680	Methane metabolism / C1 metabolism	iEC1364_W	iEcE24377_1341	0		1	R01196	31	R00199|R00230|R00235|R00315|R00342|R00345|R00527|R00582|R00604|R00605|R00658|R00756|R00762|R00945|R01068|R01388|R01440|R01513|R01518|R04173|R06982|R06983|R07136|R08059|R08214|R08215|R08331|R08332|R08572|R09099|R12754
map00680	rn00680	Methane metabolism / C1 metabolism	iEC1364_W	iEcHS_1320	0		1	R01196	31	R00199|R00230|R00235|R00315|R00342|R00345|R00527|R00582|R00604|R00605|R00658|R00756|R00762|R00945|R01068|R01388|R01440|R01513|R01518|R04173|R06982|R06983|R07136|R08059|R08214|R08215|R08331|R08332|R08572|R09099|R12754
map00680	rn00680	Methane metabolism / C1 metabolism	iEC1364_W	iEcSMS35_1347	0		1	R01196	31	R00199|R00230|R00235|R00315|R00342|R00345|R00527|R00582|R00604|R00605|R00658|R00756|R00762|R00945|R01068|R01388|R01440|R01513|R01518|R04173|R06982|R06983|R07136|R08059|R08214|R08215|R08331|R08332|R08572|R09099|R12754
map00680	rn00680	Methane metabolism / C1 metabolism	iEC1364_W	iEcolC_1368	0		1	R01196	31	R00199|R00230|R00235|R00315|R00342|R00345|R00527|R00582|R00604|R00605|R00658|R00756|R00762|R00945|R01068|R01388|R01440|R01513|R01518|R04173|R06982|R06983|R07136|R08059|R08214|R08215|R08331|R08332|R08572|R09099|R12754
map00680	rn00680	Methane metabolism / C1 metabolism	iEC1364_W	iG2583_1286	1	R12754	1	R01196	30	R00199|R00230|R00235|R00315|R00342|R00345|R00527|R00582|R00604|R00605|R00658|R00756|R00762|R00945|R01068|R01388|R01440|R01513|R01518|R04173|R06982|R06983|R07136|R08059|R08214|R08215|R08331|R08332|R08572|R09099
map00680	rn00680	Methane metabolism / C1 metabolism	iEC1364_W	iJR904	3	R00605|R06982|R08059	0		28	R00199|R00230|R00235|R00315|R00342|R00345|R00527|R00582|R00604|R00658|R00756|R00762|R00945|R01068|R01388|R01440|R01513|R01518|R04173|R06983|R07136|R08214|R08215|R08331|R08332|R08572|R09099|R12754
map00680	rn00680	Methane metabolism / C1 metabolism	iEC1364_W	iLF82_1304	0		1	R01196	31	R00199|R00230|R00235|R00315|R00342|R00345|R00527|R00582|R00604|R00605|R00658|R00756|R00762|R00945|R01068|R01388|R01440|R01513|R01518|R04173|R06982|R06983|R07136|R08059|R08214|R08215|R08331|R08332|R08572|R09099|R12754
map00680	rn00680	Methane metabolism / C1 metabolism	iEC1364_W	iNRG857_1313	0		1	R01196	31	R00199|R00230|R00235|R00315|R00342|R00345|R00527|R00582|R00604|R00605|R00658|R00756|R00762|R00945|R01068|R01388|R01440|R01513|R01518|R04173|R06982|R06983|R07136|R08059|R08214|R08215|R08331|R08332|R08572|R09099|R12754
map00680	rn00680	Methane metabolism / C1 metabolism	iEC1364_W	iUMN146_1321	0		1	R01196	31	R00199|R00230|R00235|R00315|R00342|R00345|R00527|R00582|R00604|R00605|R00658|R00756|R00762|R00945|R01068|R01388|R01440|R01513|R01518|R04173|R06982|R06983|R07136|R08059|R08214|R08215|R08331|R08332|R08572|R09099|R12754
map00680	rn00680	Methane metabolism / C1 metabolism	iEC1364_W	iUMNK88_1353	0		1	R01196	31	R00199|R00230|R00235|R00315|R00342|R00345|R00527|R00582|R00604|R00605|R00658|R00756|R00762|R00945|R01068|R01388|R01440|R01513|R01518|R04173|R06982|R06983|R07136|R08059|R08214|R08215|R08331|R08332|R08572|R09099|R12754
map00680	rn00680	Methane metabolism / C1 metabolism	iEC1364_W	iUTI89_1310	0		1	R01196	31	R00199|R00230|R00235|R00315|R00342|R00345|R00527|R00582|R00604|R00605|R00658|R00756|R00762|R00945|R01068|R01388|R01440|R01513|R01518|R04173|R06982|R06983|R07136|R08059|R08214|R08215|R08331|R08332|R08572|R09099|R12754
map00680	rn00680	Methane metabolism / C1 metabolism	iEC1364_W	iWFL_1372	0		1	R01196	31	R00199|R00230|R00235|R00315|R00342|R00345|R00527|R00582|R00604|R00605|R00658|R00756|R00762|R00945|R01068|R01388|R01440|R01513|R01518|R04173|R06982|R06983|R07136|R08059|R08214|R08215|R08331|R08332|R08572|R09099|R12754
map00680	rn00680	Methane metabolism / C1 metabolism	iEC1364_W	iY75_1357	0		1	R01196	31	R00199|R00230|R00235|R00315|R00342|R00345|R00527|R00582|R00604|R00605|R00658|R00756|R00762|R00945|R01068|R01388|R01440|R01513|R01518|R04173|R06982|R06983|R07136|R08059|R08214|R08215|R08331|R08332|R08572|R09099|R12754
map00680	rn00680	Methane metabolism / C1 metabolism	iEC1364_W	iZ_1308	0		1	R01196	31	R00199|R00230|R00235|R00315|R00342|R00345|R00527|R00582|R00604|R00605|R00658|R00756|R00762|R00945|R01068|R01388|R01440|R01513|R01518|R04173|R06982|R06983|R07136|R08059|R08214|R08215|R08331|R08332|R08572|R09099|R12754
map00680	rn00680	Methane metabolism / C1 metabolism	iEC1364_W	ic_1306	0		1	R01196	31	R00199|R00230|R00235|R00315|R00342|R00345|R00527|R00582|R00604|R00605|R00658|R00756|R00762|R00945|R01068|R01388|R01440|R01513|R01518|R04173|R06982|R06983|R07136|R08059|R08214|R08215|R08331|R08332|R08572|R09099|R12754
map00680	rn00680	Methane metabolism / C1 metabolism	iEC1368_DH5a	iEC55989_1330	0		1	R01196	31	R00199|R00230|R00235|R00315|R00342|R00345|R00527|R00582|R00604|R00605|R00658|R00756|R00762|R00945|R01068|R01388|R01440|R01513|R01518|R04173|R06982|R06983|R07136|R08059|R08214|R08215|R08331|R08332|R08572|R09099|R12754
map00680	rn00680	Methane metabolism / C1 metabolism	iEC1368_DH5a	iECABU_c1320	0		1	R01196	31	R00199|R00230|R00235|R00315|R00342|R00345|R00527|R00582|R00604|R00605|R00658|R00756|R00762|R00945|R01068|R01388|R01440|R01513|R01518|R04173|R06982|R06983|R07136|R08059|R08214|R08215|R08331|R08332|R08572|R09099|R12754
map00680	rn00680	Methane metabolism / C1 metabolism	iEC1368_DH5a	iECBD_1354	0		1	R01196	31	R00199|R00230|R00235|R00315|R00342|R00345|R00527|R00582|R00604|R00605|R00658|R00756|R00762|R00945|R01068|R01388|R01440|R01513|R01518|R04173|R06982|R06983|R07136|R08059|R08214|R08215|R08331|R08332|R08572|R09099|R12754
map00680	rn00680	Methane metabolism / C1 metabolism	iEC1368_DH5a	iECB_1328	0		1	R01196	31	R00199|R00230|R00235|R00315|R00342|R00345|R00527|R00582|R00604|R00605|R00658|R00756|R00762|R00945|R01068|R01388|R01440|R01513|R01518|R04173|R06982|R06983|R07136|R08059|R08214|R08215|R08331|R08332|R08572|R09099|R12754
map00680	rn00680	Methane metabolism / C1 metabolism	iEC1368_DH5a	iECDH10B_1368	0		1	R01196	31	R00199|R00230|R00235|R00315|R00342|R00345|R00527|R00582|R00604|R00605|R00658|R00756|R00762|R00945|R01068|R01388|R01440|R01513|R01518|R04173|R06982|R06983|R07136|R08059|R08214|R08215|R08331|R08332|R08572|R09099|R12754
map00680	rn00680	Methane metabolism / C1 metabolism	iEC1368_DH5a	iECDH1ME8569_1439	0		1	R01196	31	R00199|R00230|R00235|R00315|R00342|R00345|R00527|R00582|R00604|R00605|R00658|R00756|R00762|R00945|R01068|R01388|R01440|R01513|R01518|R04173|R06982|R06983|R07136|R08059|R08214|R08215|R08331|R08332|R08572|R09099|R12754
map00680	rn00680	Methane metabolism / C1 metabolism	iEC1368_DH5a	iECD_1391	0		1	R01196	31	R00199|R00230|R00235|R00315|R00342|R00345|R00527|R00582|R00604|R00605|R00658|R00756|R00762|R00945|R01068|R01388|R01440|R01513|R01518|R04173|R06982|R06983|R07136|R08059|R08214|R08215|R08331|R08332|R08572|R09099|R12754
map00680	rn00680	Methane metabolism / C1 metabolism	iEC1368_DH5a	iECED1_1282	0		1	R01196	31	R00199|R00230|R00235|R00315|R00342|R00345|R00527|R00582|R00604|R00605|R00658|R00756|R00762|R00945|R01068|R01388|R01440|R01513|R01518|R04173|R06982|R06983|R07136|R08059|R08214|R08215|R08331|R08332|R08572|R09099|R12754
map00680	rn00680	Methane metabolism / C1 metabolism	iEC1368_DH5a	iECH74115_1262	1	R12754	1	R01196	30	R00199|R00230|R00235|R00315|R00342|R00345|R00527|R00582|R00604|R00605|R00658|R00756|R00762|R00945|R01068|R01388|R01440|R01513|R01518|R04173|R06982|R06983|R07136|R08059|R08214|R08215|R08331|R08332|R08572|R09099
map00680	rn00680	Methane metabolism / C1 metabolism	iEC1368_DH5a	iECIAI1_1343	0		1	R01196	31	R00199|R00230|R00235|R00315|R00342|R00345|R00527|R00582|R00604|R00605|R00658|R00756|R00762|R00945|R01068|R01388|R01440|R01513|R01518|R04173|R06982|R06983|R07136|R08059|R08214|R08215|R08331|R08332|R08572|R09099|R12754
map00680	rn00680	Methane metabolism / C1 metabolism	iEC1368_DH5a	iECIAI39_1322	0		1	R01196	31	R00199|R00230|R00235|R00315|R00342|R00345|R00527|R00582|R00604|R00605|R00658|R00756|R00762|R00945|R01068|R01388|R01440|R01513|R01518|R04173|R06982|R06983|R07136|R08059|R08214|R08215|R08331|R08332|R08572|R09099|R12754
map00680	rn00680	Methane metabolism / C1 metabolism	iEC1368_DH5a	iECNA114_1301	0		1	R01196	31	R00199|R00230|R00235|R00315|R00342|R00345|R00527|R00582|R00604|R00605|R00658|R00756|R00762|R00945|R01068|R01388|R01440|R01513|R01518|R04173|R06982|R06983|R07136|R08059|R08214|R08215|R08331|R08332|R08572|R09099|R12754
map00680	rn00680	Methane metabolism / C1 metabolism	iEC1368_DH5a	iECO103_1326	0		1	R01196	31	R00199|R00230|R00235|R00315|R00342|R00345|R00527|R00582|R00604|R00605|R00658|R00756|R00762|R00945|R01068|R01388|R01440|R01513|R01518|R04173|R06982|R06983|R07136|R08059|R08214|R08215|R08331|R08332|R08572|R09099|R12754
map00680	rn00680	Methane metabolism / C1 metabolism	iEC1368_DH5a	iECO111_1330	0		1	R01196	31	R00199|R00230|R00235|R00315|R00342|R00345|R00527|R00582|R00604|R00605|R00658|R00756|R00762|R00945|R01068|R01388|R01440|R01513|R01518|R04173|R06982|R06983|R07136|R08059|R08214|R08215|R08331|R08332|R08572|R09099|R12754
map00680	rn00680	Methane metabolism / C1 metabolism	iEC1368_DH5a	iECO26_1355	0		1	R01196	31	R00199|R00230|R00235|R00315|R00342|R00345|R00527|R00582|R00604|R00605|R00658|R00756|R00762|R00945|R01068|R01388|R01440|R01513|R01518|R04173|R06982|R06983|R07136|R08059|R08214|R08215|R08331|R08332|R08572|R09099|R12754
map00680	rn00680	Methane metabolism / C1 metabolism	iEC1368_DH5a	iECOK1_1307	0		1	R01196	31	R00199|R00230|R00235|R00315|R00342|R00345|R00527|R00582|R00604|R00605|R00658|R00756|R00762|R00945|R01068|R01388|R01440|R01513|R01518|R04173|R06982|R06983|R07136|R08059|R08214|R08215|R08331|R08332|R08572|R09099|R12754
map00680	rn00680	Methane metabolism / C1 metabolism	iEC1368_DH5a	iECP_1309	0		1	R01196	31	R00199|R00230|R00235|R00315|R00342|R00345|R00527|R00582|R00604|R00605|R00658|R00756|R00762|R00945|R01068|R01388|R01440|R01513|R01518|R04173|R06982|R06983|R07136|R08059|R08214|R08215|R08331|R08332|R08572|R09099|R12754
map00680	rn00680	Methane metabolism / C1 metabolism	iEC1368_DH5a	iECS88_1305	0		1	R01196	31	R00199|R00230|R00235|R00315|R00342|R00345|R00527|R00582|R00604|R00605|R00658|R00756|R00762|R00945|R01068|R01388|R01440|R01513|R01518|R04173|R06982|R06983|R07136|R08059|R08214|R08215|R08331|R08332|R08572|R09099|R12754
map00680	rn00680	Methane metabolism / C1 metabolism	iEC1368_DH5a	iECSE_1348	0		1	R01196	31	R00199|R00230|R00235|R00315|R00342|R00345|R00527|R00582|R00604|R00605|R00658|R00756|R00762|R00945|R01068|R01388|R01440|R01513|R01518|R04173|R06982|R06983|R07136|R08059|R08214|R08215|R08331|R08332|R08572|R09099|R12754
map00680	rn00680	Methane metabolism / C1 metabolism	iEC1368_DH5a	iECSF_1327	0		1	R01196	31	R00199|R00230|R00235|R00315|R00342|R00345|R00527|R00582|R00604|R00605|R00658|R00756|R00762|R00945|R01068|R01388|R01440|R01513|R01518|R04173|R06982|R06983|R07136|R08059|R08214|R08215|R08331|R08332|R08572|R09099|R12754
map00680	rn00680	Methane metabolism / C1 metabolism	iEC1368_DH5a	iECSP_1301	0		1	R01196	31	R00199|R00230|R00235|R00315|R00342|R00345|R00527|R00582|R00604|R00605|R00658|R00756|R00762|R00945|R01068|R01388|R01440|R01513|R01518|R04173|R06982|R06983|R07136|R08059|R08214|R08215|R08331|R08332|R08572|R09099|R12754
map00680	rn00680	Methane metabolism / C1 metabolism	iEC1368_DH5a	iECUMN_1333	0		1	R01196	31	R00199|R00230|R00235|R00315|R00342|R00345|R00527|R00582|R00604|R00605|R00658|R00756|R00762|R00945|R01068|R01388|R01440|R01513|R01518|R04173|R06982|R06983|R07136|R08059|R08214|R08215|R08331|R08332|R08572|R09099|R12754
map00680	rn00680	Methane metabolism / C1 metabolism	iEC1368_DH5a	iECW_1372	0		1	R01196	31	R00199|R00230|R00235|R00315|R00342|R00345|R00527|R00582|R00604|R00605|R00658|R00756|R00762|R00945|R01068|R01388|R01440|R01513|R01518|R04173|R06982|R06983|R07136|R08059|R08214|R08215|R08331|R08332|R08572|R09099|R12754
map00680	rn00680	Methane metabolism / C1 metabolism	iEC1368_DH5a	iECs_1301	0		1	R01196	31	R00199|R00230|R00235|R00315|R00342|R00345|R00527|R00582|R00604|R00605|R00658|R00756|R00762|R00945|R01068|R01388|R01440|R01513|R01518|R04173|R06982|R06983|R07136|R08059|R08214|R08215|R08331|R08332|R08572|R09099|R12754
map00680	rn00680	Methane metabolism / C1 metabolism	iEC1368_DH5a	iEKO11_1354	0		1	R01196	31	R00199|R00230|R00235|R00315|R00342|R00345|R00527|R00582|R00604|R00605|R00658|R00756|R00762|R00945|R01068|R01388|R01440|R01513|R01518|R04173|R06982|R06983|R07136|R08059|R08214|R08215|R08331|R08332|R08572|R09099|R12754
map00680	rn00680	Methane metabolism / C1 metabolism	iEC1368_DH5a	iETEC_1333	0		1	R01196	31	R00199|R00230|R00235|R00315|R00342|R00345|R00527|R00582|R00604|R00605|R00658|R00756|R00762|R00945|R01068|R01388|R01440|R01513|R01518|R04173|R06982|R06983|R07136|R08059|R08214|R08215|R08331|R08332|R08572|R09099|R12754
map00680	rn00680	Methane metabolism / C1 metabolism	iEC1368_DH5a	iEcDH1_1363	0		1	R01196	31	R00199|R00230|R00235|R00315|R00342|R00345|R00527|R00582|R00604|R00605|R00658|R00756|R00762|R00945|R01068|R01388|R01440|R01513|R01518|R04173|R06982|R06983|R07136|R08059|R08214|R08215|R08331|R08332|R08572|R09099|R12754
map00680	rn00680	Methane metabolism / C1 metabolism	iEC1368_DH5a	iEcE24377_1341	0		1	R01196	31	R00199|R00230|R00235|R00315|R00342|R00345|R00527|R00582|R00604|R00605|R00658|R00756|R00762|R00945|R01068|R01388|R01440|R01513|R01518|R04173|R06982|R06983|R07136|R08059|R08214|R08215|R08331|R08332|R08572|R09099|R12754
map00680	rn00680	Methane metabolism / C1 metabolism	iEC1368_DH5a	iEcHS_1320	0		1	R01196	31	R00199|R00230|R00235|R00315|R00342|R00345|R00527|R00582|R00604|R00605|R00658|R00756|R00762|R00945|R01068|R01388|R01440|R01513|R01518|R04173|R06982|R06983|R07136|R08059|R08214|R08215|R08331|R08332|R08572|R09099|R12754
map00680	rn00680	Methane metabolism / C1 metabolism	iEC1368_DH5a	iEcSMS35_1347	0		1	R01196	31	R00199|R00230|R00235|R00315|R00342|R00345|R00527|R00582|R00604|R00605|R00658|R00756|R00762|R00945|R01068|R01388|R01440|R01513|R01518|R04173|R06982|R06983|R07136|R08059|R08214|R08215|R08331|R08332|R08572|R09099|R12754
map00680	rn00680	Methane metabolism / C1 metabolism	iEC1368_DH5a	iEcolC_1368	0		1	R01196	31	R00199|R00230|R00235|R00315|R00342|R00345|R00527|R00582|R00604|R00605|R00658|R00756|R00762|R00945|R01068|R01388|R01440|R01513|R01518|R04173|R06982|R06983|R07136|R08059|R08214|R08215|R08331|R08332|R08572|R09099|R12754
map00680	rn00680	Methane metabolism / C1 metabolism	iEC1368_DH5a	iG2583_1286	1	R12754	1	R01196	30	R00199|R00230|R00235|R00315|R00342|R00345|R00527|R00582|R00604|R00605|R00658|R00756|R00762|R00945|R01068|R01388|R01440|R01513|R01518|R04173|R06982|R06983|R07136|R08059|R08214|R08215|R08331|R08332|R08572|R09099
map00680	rn00680	Methane metabolism / C1 metabolism	iEC1368_DH5a	iJR904	3	R00605|R06982|R08059	0		28	R00199|R00230|R00235|R00315|R00342|R00345|R00527|R00582|R00604|R00658|R00756|R00762|R00945|R01068|R01388|R01440|R01513|R01518|R04173|R06983|R07136|R08214|R08215|R08331|R08332|R08572|R09099|R12754
map00680	rn00680	Methane metabolism / C1 metabolism	iEC1368_DH5a	iLF82_1304	0		1	R01196	31	R00199|R00230|R00235|R00315|R00342|R00345|R00527|R00582|R00604|R00605|R00658|R00756|R00762|R00945|R01068|R01388|R01440|R01513|R01518|R04173|R06982|R06983|R07136|R08059|R08214|R08215|R08331|R08332|R08572|R09099|R12754
map00680	rn00680	Methane metabolism / C1 metabolism	iEC1368_DH5a	iNRG857_1313	0		1	R01196	31	R00199|R00230|R00235|R00315|R00342|R00345|R00527|R00582|R00604|R00605|R00658|R00756|R00762|R00945|R01068|R01388|R01440|R01513|R01518|R04173|R06982|R06983|R07136|R08059|R08214|R08215|R08331|R08332|R08572|R09099|R12754
map00680	rn00680	Methane metabolism / C1 metabolism	iEC1368_DH5a	iUMN146_1321	0		1	R01196	31	R00199|R00230|R00235|R00315|R00342|R00345|R00527|R00582|R00604|R00605|R00658|R00756|R00762|R00945|R01068|R01388|R01440|R01513|R01518|R04173|R06982|R06983|R07136|R08059|R08214|R08215|R08331|R08332|R08572|R09099|R12754
map00680	rn00680	Methane metabolism / C1 metabolism	iEC1368_DH5a	iUMNK88_1353	0		1	R01196	31	R00199|R00230|R00235|R00315|R00342|R00345|R00527|R00582|R00604|R00605|R00658|R00756|R00762|R00945|R01068|R01388|R01440|R01513|R01518|R04173|R06982|R06983|R07136|R08059|R08214|R08215|R08331|R08332|R08572|R09099|R12754
map00680	rn00680	Methane metabolism / C1 metabolism	iEC1368_DH5a	iUTI89_1310	0		1	R01196	31	R00199|R00230|R00235|R00315|R00342|R00345|R00527|R00582|R00604|R00605|R00658|R00756|R00762|R00945|R01068|R01388|R01440|R01513|R01518|R04173|R06982|R06983|R07136|R08059|R08214|R08215|R08331|R08332|R08572|R09099|R12754
map00680	rn00680	Methane metabolism / C1 metabolism	iEC1368_DH5a	iWFL_1372	0		1	R01196	31	R00199|R00230|R00235|R00315|R00342|R00345|R00527|R00582|R00604|R00605|R00658|R00756|R00762|R00945|R01068|R01388|R01440|R01513|R01518|R04173|R06982|R06983|R07136|R08059|R08214|R08215|R08331|R08332|R08572|R09099|R12754
map00680	rn00680	Methane metabolism / C1 metabolism	iEC1368_DH5a	iY75_1357	0		1	R01196	31	R00199|R00230|R00235|R00315|R00342|R00345|R00527|R00582|R00604|R00605|R00658|R00756|R00762|R00945|R01068|R01388|R01440|R01513|R01518|R04173|R06982|R06983|R07136|R08059|R08214|R08215|R08331|R08332|R08572|R09099|R12754
map00680	rn00680	Methane metabolism / C1 metabolism	iEC1368_DH5a	iZ_1308	0		1	R01196	31	R00199|R00230|R00235|R00315|R00342|R00345|R00527|R00582|R00604|R00605|R00658|R00756|R00762|R00945|R01068|R01388|R01440|R01513|R01518|R04173|R06982|R06983|R07136|R08059|R08214|R08215|R08331|R08332|R08572|R09099|R12754
map00680	rn00680	Methane metabolism / C1 metabolism	iEC1368_DH5a	ic_1306	0		1	R01196	31	R00199|R00230|R00235|R00315|R00342|R00345|R00527|R00582|R00604|R00605|R00658|R00756|R00762|R00945|R01068|R01388|R01440|R01513|R01518|R04173|R06982|R06983|R07136|R08059|R08214|R08215|R08331|R08332|R08572|R09099|R12754
map00680	rn00680	Methane metabolism / C1 metabolism	iEC1372_W3110	iEC55989_1330	0		1	R01196	31	R00199|R00230|R00235|R00315|R00342|R00345|R00527|R00582|R00604|R00605|R00658|R00756|R00762|R00945|R01068|R01388|R01440|R01513|R01518|R04173|R06982|R06983|R07136|R08059|R08214|R08215|R08331|R08332|R08572|R09099|R12754
map00680	rn00680	Methane metabolism / C1 metabolism	iEC1372_W3110	iECABU_c1320	0		1	R01196	31	R00199|R00230|R00235|R00315|R00342|R00345|R00527|R00582|R00604|R00605|R00658|R00756|R00762|R00945|R01068|R01388|R01440|R01513|R01518|R04173|R06982|R06983|R07136|R08059|R08214|R08215|R08331|R08332|R08572|R09099|R12754
map00680	rn00680	Methane metabolism / C1 metabolism	iEC1372_W3110	iECBD_1354	0		1	R01196	31	R00199|R00230|R00235|R00315|R00342|R00345|R00527|R00582|R00604|R00605|R00658|R00756|R00762|R00945|R01068|R01388|R01440|R01513|R01518|R04173|R06982|R06983|R07136|R08059|R08214|R08215|R08331|R08332|R08572|R09099|R12754
map00680	rn00680	Methane metabolism / C1 metabolism	iEC1372_W3110	iECB_1328	0		1	R01196	31	R00199|R00230|R00235|R00315|R00342|R00345|R00527|R00582|R00604|R00605|R00658|R00756|R00762|R00945|R01068|R01388|R01440|R01513|R01518|R04173|R06982|R06983|R07136|R08059|R08214|R08215|R08331|R08332|R08572|R09099|R12754
map00680	rn00680	Methane metabolism / C1 metabolism	iEC1372_W3110	iECDH10B_1368	0		1	R01196	31	R00199|R00230|R00235|R00315|R00342|R00345|R00527|R00582|R00604|R00605|R00658|R00756|R00762|R00945|R01068|R01388|R01440|R01513|R01518|R04173|R06982|R06983|R07136|R08059|R08214|R08215|R08331|R08332|R08572|R09099|R12754
map00680	rn00680	Methane metabolism / C1 metabolism	iEC1372_W3110	iECDH1ME8569_1439	0		1	R01196	31	R00199|R00230|R00235|R00315|R00342|R00345|R00527|R00582|R00604|R00605|R00658|R00756|R00762|R00945|R01068|R01388|R01440|R01513|R01518|R04173|R06982|R06983|R07136|R08059|R08214|R08215|R08331|R08332|R08572|R09099|R12754
map00680	rn00680	Methane metabolism / C1 metabolism	iEC1372_W3110	iECD_1391	0		1	R01196	31	R00199|R00230|R00235|R00315|R00342|R00345|R00527|R00582|R00604|R00605|R00658|R00756|R00762|R00945|R01068|R01388|R01440|R01513|R01518|R04173|R06982|R06983|R07136|R08059|R08214|R08215|R08331|R08332|R08572|R09099|R12754
map00680	rn00680	Methane metabolism / C1 metabolism	iEC1372_W3110	iECED1_1282	0		1	R01196	31	R00199|R00230|R00235|R00315|R00342|R00345|R00527|R00582|R00604|R00605|R00658|R00756|R00762|R00945|R01068|R01388|R01440|R01513|R01518|R04173|R06982|R06983|R07136|R08059|R08214|R08215|R08331|R08332|R08572|R09099|R12754
map00680	rn00680	Methane metabolism / C1 metabolism	iEC1372_W3110	iECH74115_1262	1	R12754	1	R01196	30	R00199|R00230|R00235|R00315|R00342|R00345|R00527|R00582|R00604|R00605|R00658|R00756|R00762|R00945|R01068|R01388|R01440|R01513|R01518|R04173|R06982|R06983|R07136|R08059|R08214|R08215|R08331|R08332|R08572|R09099
map00680	rn00680	Methane metabolism / C1 metabolism	iEC1372_W3110	iECIAI1_1343	0		1	R01196	31	R00199|R00230|R00235|R00315|R00342|R00345|R00527|R00582|R00604|R00605|R00658|R00756|R00762|R00945|R01068|R01388|R01440|R01513|R01518|R04173|R06982|R06983|R07136|R08059|R08214|R08215|R08331|R08332|R08572|R09099|R12754
map00680	rn00680	Methane metabolism / C1 metabolism	iEC1372_W3110	iECIAI39_1322	0		1	R01196	31	R00199|R00230|R00235|R00315|R00342|R00345|R00527|R00582|R00604|R00605|R00658|R00756|R00762|R00945|R01068|R01388|R01440|R01513|R01518|R04173|R06982|R06983|R07136|R08059|R08214|R08215|R08331|R08332|R08572|R09099|R12754
map00680	rn00680	Methane metabolism / C1 metabolism	iEC1372_W3110	iECNA114_1301	0		1	R01196	31	R00199|R00230|R00235|R00315|R00342|R00345|R00527|R00582|R00604|R00605|R00658|R00756|R00762|R00945|R01068|R01388|R01440|R01513|R01518|R04173|R06982|R06983|R07136|R08059|R08214|R08215|R08331|R08332|R08572|R09099|R12754
map00680	rn00680	Methane metabolism / C1 metabolism	iEC1372_W3110	iECO103_1326	0		1	R01196	31	R00199|R00230|R00235|R00315|R00342|R00345|R00527|R00582|R00604|R00605|R00658|R00756|R00762|R00945|R01068|R01388|R01440|R01513|R01518|R04173|R06982|R06983|R07136|R08059|R08214|R08215|R08331|R08332|R08572|R09099|R12754
map00680	rn00680	Methane metabolism / C1 metabolism	iEC1372_W3110	iECO111_1330	0		1	R01196	31	R00199|R00230|R00235|R00315|R00342|R00345|R00527|R00582|R00604|R00605|R00658|R00756|R00762|R00945|R01068|R01388|R01440|R01513|R01518|R04173|R06982|R06983|R07136|R08059|R08214|R08215|R08331|R08332|R08572|R09099|R12754
map00680	rn00680	Methane metabolism / C1 metabolism	iEC1372_W3110	iECO26_1355	0		1	R01196	31	R00199|R00230|R00235|R00315|R00342|R00345|R00527|R00582|R00604|R00605|R00658|R00756|R00762|R00945|R01068|R01388|R01440|R01513|R01518|R04173|R06982|R06983|R07136|R08059|R08214|R08215|R08331|R08332|R08572|R09099|R12754
map00680	rn00680	Methane metabolism / C1 metabolism	iEC1372_W3110	iECOK1_1307	0		1	R01196	31	R00199|R00230|R00235|R00315|R00342|R00345|R00527|R00582|R00604|R00605|R00658|R00756|R00762|R00945|R01068|R01388|R01440|R01513|R01518|R04173|R06982|R06983|R07136|R08059|R08214|R08215|R08331|R08332|R08572|R09099|R12754
map00680	rn00680	Methane metabolism / C1 metabolism	iEC1372_W3110	iECP_1309	0		1	R01196	31	R00199|R00230|R00235|R00315|R00342|R00345|R00527|R00582|R00604|R00605|R00658|R00756|R00762|R00945|R01068|R01388|R01440|R01513|R01518|R04173|R06982|R06983|R07136|R08059|R08214|R08215|R08331|R08332|R08572|R09099|R12754
map00680	rn00680	Methane metabolism / C1 metabolism	iEC1372_W3110	iECS88_1305	0		1	R01196	31	R00199|R00230|R00235|R00315|R00342|R00345|R00527|R00582|R00604|R00605|R00658|R00756|R00762|R00945|R01068|R01388|R01440|R01513|R01518|R04173|R06982|R06983|R07136|R08059|R08214|R08215|R08331|R08332|R08572|R09099|R12754
map00680	rn00680	Methane metabolism / C1 metabolism	iEC1372_W3110	iECSE_1348	0		1	R01196	31	R00199|R00230|R00235|R00315|R00342|R00345|R00527|R00582|R00604|R00605|R00658|R00756|R00762|R00945|R01068|R01388|R01440|R01513|R01518|R04173|R06982|R06983|R07136|R08059|R08214|R08215|R08331|R08332|R08572|R09099|R12754
map00680	rn00680	Methane metabolism / C1 metabolism	iEC1372_W3110	iECSF_1327	0		1	R01196	31	R00199|R00230|R00235|R00315|R00342|R00345|R00527|R00582|R00604|R00605|R00658|R00756|R00762|R00945|R01068|R01388|R01440|R01513|R01518|R04173|R06982|R06983|R07136|R08059|R08214|R08215|R08331|R08332|R08572|R09099|R12754
map00680	rn00680	Methane metabolism / C1 metabolism	iEC1372_W3110	iECSP_1301	0		1	R01196	31	R00199|R00230|R00235|R00315|R00342|R00345|R00527|R00582|R00604|R00605|R00658|R00756|R00762|R00945|R01068|R01388|R01440|R01513|R01518|R04173|R06982|R06983|R07136|R08059|R08214|R08215|R08331|R08332|R08572|R09099|R12754
map00680	rn00680	Methane metabolism / C1 metabolism	iEC1372_W3110	iECUMN_1333	0		1	R01196	31	R00199|R00230|R00235|R00315|R00342|R00345|R00527|R00582|R00604|R00605|R00658|R00756|R00762|R00945|R01068|R01388|R01440|R01513|R01518|R04173|R06982|R06983|R07136|R08059|R08214|R08215|R08331|R08332|R08572|R09099|R12754
map00680	rn00680	Methane metabolism / C1 metabolism	iEC1372_W3110	iECW_1372	0		1	R01196	31	R00199|R00230|R00235|R00315|R00342|R00345|R00527|R00582|R00604|R00605|R00658|R00756|R00762|R00945|R01068|R01388|R01440|R01513|R01518|R04173|R06982|R06983|R07136|R08059|R08214|R08215|R08331|R08332|R08572|R09099|R12754
map00680	rn00680	Methane metabolism / C1 metabolism	iEC1372_W3110	iECs_1301	0		1	R01196	31	R00199|R00230|R00235|R00315|R00342|R00345|R00527|R00582|R00604|R00605|R00658|R00756|R00762|R00945|R01068|R01388|R01440|R01513|R01518|R04173|R06982|R06983|R07136|R08059|R08214|R08215|R08331|R08332|R08572|R09099|R12754
map00680	rn00680	Methane metabolism / C1 metabolism	iEC1372_W3110	iEKO11_1354	0		1	R01196	31	R00199|R00230|R00235|R00315|R00342|R00345|R00527|R00582|R00604|R00605|R00658|R00756|R00762|R00945|R01068|R01388|R01440|R01513|R01518|R04173|R06982|R06983|R07136|R08059|R08214|R08215|R08331|R08332|R08572|R09099|R12754
map00680	rn00680	Methane metabolism / C1 metabolism	iEC1372_W3110	iETEC_1333	0		1	R01196	31	R00199|R00230|R00235|R00315|R00342|R00345|R00527|R00582|R00604|R00605|R00658|R00756|R00762|R00945|R01068|R01388|R01440|R01513|R01518|R04173|R06982|R06983|R07136|R08059|R08214|R08215|R08331|R08332|R08572|R09099|R12754
map00680	rn00680	Methane metabolism / C1 metabolism	iEC1372_W3110	iEcDH1_1363	0		1	R01196	31	R00199|R00230|R00235|R00315|R00342|R00345|R00527|R00582|R00604|R00605|R00658|R00756|R00762|R00945|R01068|R01388|R01440|R01513|R01518|R04173|R06982|R06983|R07136|R08059|R08214|R08215|R08331|R08332|R08572|R09099|R12754
map00680	rn00680	Methane metabolism / C1 metabolism	iEC1372_W3110	iEcE24377_1341	0		1	R01196	31	R00199|R00230|R00235|R00315|R00342|R00345|R00527|R00582|R00604|R00605|R00658|R00756|R00762|R00945|R01068|R01388|R01440|R01513|R01518|R04173|R06982|R06983|R07136|R08059|R08214|R08215|R08331|R08332|R08572|R09099|R12754
map00680	rn00680	Methane metabolism / C1 metabolism	iEC1372_W3110	iEcHS_1320	0		1	R01196	31	R00199|R00230|R00235|R00315|R00342|R00345|R00527|R00582|R00604|R00605|R00658|R00756|R00762|R00945|R01068|R01388|R01440|R01513|R01518|R04173|R06982|R06983|R07136|R08059|R08214|R08215|R08331|R08332|R08572|R09099|R12754
map00680	rn00680	Methane metabolism / C1 metabolism	iEC1372_W3110	iEcSMS35_1347	0		1	R01196	31	R00199|R00230|R00235|R00315|R00342|R00345|R00527|R00582|R00604|R00605|R00658|R00756|R00762|R00945|R01068|R01388|R01440|R01513|R01518|R04173|R06982|R06983|R07136|R08059|R08214|R08215|R08331|R08332|R08572|R09099|R12754
map00680	rn00680	Methane metabolism / C1 metabolism	iEC1372_W3110	iEcolC_1368	0		1	R01196	31	R00199|R00230|R00235|R00315|R00342|R00345|R00527|R00582|R00604|R00605|R00658|R00756|R00762|R00945|R01068|R01388|R01440|R01513|R01518|R04173|R06982|R06983|R07136|R08059|R08214|R08215|R08331|R08332|R08572|R09099|R12754
map00680	rn00680	Methane metabolism / C1 metabolism	iEC1372_W3110	iG2583_1286	1	R12754	1	R01196	30	R00199|R00230|R00235|R00315|R00342|R00345|R00527|R00582|R00604|R00605|R00658|R00756|R00762|R00945|R01068|R01388|R01440|R01513|R01518|R04173|R06982|R06983|R07136|R08059|R08214|R08215|R08331|R08332|R08572|R09099
map00680	rn00680	Methane metabolism / C1 metabolism	iEC1372_W3110	iJR904	3	R00605|R06982|R08059	0		28	R00199|R00230|R00235|R00315|R00342|R00345|R00527|R00582|R00604|R00658|R00756|R00762|R00945|R01068|R01388|R01440|R01513|R01518|R04173|R06983|R07136|R08214|R08215|R08331|R08332|R08572|R09099|R12754
map00680	rn00680	Methane metabolism / C1 metabolism	iEC1372_W3110	iLF82_1304	0		1	R01196	31	R00199|R00230|R00235|R00315|R00342|R00345|R00527|R00582|R00604|R00605|R00658|R00756|R00762|R00945|R01068|R01388|R01440|R01513|R01518|R04173|R06982|R06983|R07136|R08059|R08214|R08215|R08331|R08332|R08572|R09099|R12754
map00680	rn00680	Methane metabolism / C1 metabolism	iEC1372_W3110	iNRG857_1313	0		1	R01196	31	R00199|R00230|R00235|R00315|R00342|R00345|R00527|R00582|R00604|R00605|R00658|R00756|R00762|R00945|R01068|R01388|R01440|R01513|R01518|R04173|R06982|R06983|R07136|R08059|R08214|R08215|R08331|R08332|R08572|R09099|R12754
map00680	rn00680	Methane metabolism / C1 metabolism	iEC1372_W3110	iUMN146_1321	0		1	R01196	31	R00199|R00230|R00235|R00315|R00342|R00345|R00527|R00582|R00604|R00605|R00658|R00756|R00762|R00945|R01068|R01388|R01440|R01513|R01518|R04173|R06982|R06983|R07136|R08059|R08214|R08215|R08331|R08332|R08572|R09099|R12754
map00680	rn00680	Methane metabolism / C1 metabolism	iEC1372_W3110	iUMNK88_1353	0		1	R01196	31	R00199|R00230|R00235|R00315|R00342|R00345|R00527|R00582|R00604|R00605|R00658|R00756|R00762|R00945|R01068|R01388|R01440|R01513|R01518|R04173|R06982|R06983|R07136|R08059|R08214|R08215|R08331|R08332|R08572|R09099|R12754
map00680	rn00680	Methane metabolism / C1 metabolism	iEC1372_W3110	iUTI89_1310	0		1	R01196	31	R00199|R00230|R00235|R00315|R00342|R00345|R00527|R00582|R00604|R00605|R00658|R00756|R00762|R00945|R01068|R01388|R01440|R01513|R01518|R04173|R06982|R06983|R07136|R08059|R08214|R08215|R08331|R08332|R08572|R09099|R12754
map00680	rn00680	Methane metabolism / C1 metabolism	iEC1372_W3110	iWFL_1372	0		1	R01196	31	R00199|R00230|R00235|R00315|R00342|R00345|R00527|R00582|R00604|R00605|R00658|R00756|R00762|R00945|R01068|R01388|R01440|R01513|R01518|R04173|R06982|R06983|R07136|R08059|R08214|R08215|R08331|R08332|R08572|R09099|R12754
map00680	rn00680	Methane metabolism / C1 metabolism	iEC1372_W3110	iY75_1357	0		1	R01196	31	R00199|R00230|R00235|R00315|R00342|R00345|R00527|R00582|R00604|R00605|R00658|R00756|R00762|R00945|R01068|R01388|R01440|R01513|R01518|R04173|R06982|R06983|R07136|R08059|R08214|R08215|R08331|R08332|R08572|R09099|R12754
map00680	rn00680	Methane metabolism / C1 metabolism	iEC1372_W3110	iZ_1308	0		1	R01196	31	R00199|R00230|R00235|R00315|R00342|R00345|R00527|R00582|R00604|R00605|R00658|R00756|R00762|R00945|R01068|R01388|R01440|R01513|R01518|R04173|R06982|R06983|R07136|R08059|R08214|R08215|R08331|R08332|R08572|R09099|R12754
map00680	rn00680	Methane metabolism / C1 metabolism	iEC1372_W3110	ic_1306	0		1	R01196	31	R00199|R00230|R00235|R00315|R00342|R00345|R00527|R00582|R00604|R00605|R00658|R00756|R00762|R00945|R01068|R01388|R01440|R01513|R01518|R04173|R06982|R06983|R07136|R08059|R08214|R08215|R08331|R08332|R08572|R09099|R12754
map00680	rn00680	Methane metabolism / C1 metabolism	iEC55989_1330	iECH74115_1262	1	R12754	0		31	R00199|R00230|R00235|R00315|R00342|R00345|R00527|R00582|R00604|R00605|R00658|R00756|R00762|R00945|R01068|R01196|R01388|R01440|R01513|R01518|R04173|R06982|R06983|R07136|R08059|R08214|R08215|R08331|R08332|R08572|R09099
map00680	rn00680	Methane metabolism / C1 metabolism	iEC55989_1330	iG2583_1286	1	R12754	0		31	R00199|R00230|R00235|R00315|R00342|R00345|R00527|R00582|R00604|R00605|R00658|R00756|R00762|R00945|R01068|R01196|R01388|R01440|R01513|R01518|R04173|R06982|R06983|R07136|R08059|R08214|R08215|R08331|R08332|R08572|R09099
map00680	rn00680	Methane metabolism / C1 metabolism	iEC55989_1330	iJO1366	1	R01196	0		31	R00199|R00230|R00235|R00315|R00342|R00345|R00527|R00582|R00604|R00605|R00658|R00756|R00762|R00945|R01068|R01388|R01440|R01513|R01518|R04173|R06982|R06983|R07136|R08059|R08214|R08215|R08331|R08332|R08572|R09099|R12754
map00680	rn00680	Methane metabolism / C1 metabolism	iEC55989_1330	iJR904	4	R00605|R01196|R06982|R08059	0		28	R00199|R00230|R00235|R00315|R00342|R00345|R00527|R00582|R00604|R00658|R00756|R00762|R00945|R01068|R01388|R01440|R01513|R01518|R04173|R06983|R07136|R08214|R08215|R08331|R08332|R08572|R09099|R12754
map00680	rn00680	Methane metabolism / C1 metabolism	iEC55989_1330	iML1515	1	R01196	0		31	R00199|R00230|R00235|R00315|R00342|R00345|R00527|R00582|R00604|R00605|R00658|R00756|R00762|R00945|R01068|R01388|R01440|R01513|R01518|R04173|R06982|R06983|R07136|R08059|R08214|R08215|R08331|R08332|R08572|R09099|R12754
map00680	rn00680	Methane metabolism / C1 metabolism	iECABU_c1320	iECH74115_1262	1	R12754	0		31	R00199|R00230|R00235|R00315|R00342|R00345|R00527|R00582|R00604|R00605|R00658|R00756|R00762|R00945|R01068|R01196|R01388|R01440|R01513|R01518|R04173|R06982|R06983|R07136|R08059|R08214|R08215|R08331|R08332|R08572|R09099
map00680	rn00680	Methane metabolism / C1 metabolism	iECABU_c1320	iG2583_1286	1	R12754	0		31	R00199|R00230|R00235|R00315|R00342|R00345|R00527|R00582|R00604|R00605|R00658|R00756|R00762|R00945|R01068|R01196|R01388|R01440|R01513|R01518|R04173|R06982|R06983|R07136|R08059|R08214|R08215|R08331|R08332|R08572|R09099
map00680	rn00680	Methane metabolism / C1 metabolism	iECABU_c1320	iJO1366	1	R01196	0		31	R00199|R00230|R00235|R00315|R00342|R00345|R00527|R00582|R00604|R00605|R00658|R00756|R00762|R00945|R01068|R01388|R01440|R01513|R01518|R04173|R06982|R06983|R07136|R08059|R08214|R08215|R08331|R08332|R08572|R09099|R12754
map00680	rn00680	Methane metabolism / C1 metabolism	iECABU_c1320	iJR904	4	R00605|R01196|R06982|R08059	0		28	R00199|R00230|R00235|R00315|R00342|R00345|R00527|R00582|R00604|R00658|R00756|R00762|R00945|R01068|R01388|R01440|R01513|R01518|R04173|R06983|R07136|R08214|R08215|R08331|R08332|R08572|R09099|R12754
map00680	rn00680	Methane metabolism / C1 metabolism	iECABU_c1320	iML1515	1	R01196	0		31	R00199|R00230|R00235|R00315|R00342|R00345|R00527|R00582|R00604|R00605|R00658|R00756|R00762|R00945|R01068|R01388|R01440|R01513|R01518|R04173|R06982|R06983|R07136|R08059|R08214|R08215|R08331|R08332|R08572|R09099|R12754
map00680	rn00680	Methane metabolism / C1 metabolism	iECBD_1354	iECH74115_1262	1	R12754	0		31	R00199|R00230|R00235|R00315|R00342|R00345|R00527|R00582|R00604|R00605|R00658|R00756|R00762|R00945|R01068|R01196|R01388|R01440|R01513|R01518|R04173|R06982|R06983|R07136|R08059|R08214|R08215|R08331|R08332|R08572|R09099
map00680	rn00680	Methane metabolism / C1 metabolism	iECBD_1354	iG2583_1286	1	R12754	0		31	R00199|R00230|R00235|R00315|R00342|R00345|R00527|R00582|R00604|R00605|R00658|R00756|R00762|R00945|R01068|R01196|R01388|R01440|R01513|R01518|R04173|R06982|R06983|R07136|R08059|R08214|R08215|R08331|R08332|R08572|R09099
map00680	rn00680	Methane metabolism / C1 metabolism	iECBD_1354	iJO1366	1	R01196	0		31	R00199|R00230|R00235|R00315|R00342|R00345|R00527|R00582|R00604|R00605|R00658|R00756|R00762|R00945|R01068|R01388|R01440|R01513|R01518|R04173|R06982|R06983|R07136|R08059|R08214|R08215|R08331|R08332|R08572|R09099|R12754
map00680	rn00680	Methane metabolism / C1 metabolism	iECBD_1354	iJR904	4	R00605|R01196|R06982|R08059	0		28	R00199|R00230|R00235|R00315|R00342|R00345|R00527|R00582|R00604|R00658|R00756|R00762|R00945|R01068|R01388|R01440|R01513|R01518|R04173|R06983|R07136|R08214|R08215|R08331|R08332|R08572|R09099|R12754
map00680	rn00680	Methane metabolism / C1 metabolism	iECBD_1354	iML1515	1	R01196	0		31	R00199|R00230|R00235|R00315|R00342|R00345|R00527|R00582|R00604|R00605|R00658|R00756|R00762|R00945|R01068|R01388|R01440|R01513|R01518|R04173|R06982|R06983|R07136|R08059|R08214|R08215|R08331|R08332|R08572|R09099|R12754
map00680	rn00680	Methane metabolism / C1 metabolism	iECB_1328	iECH74115_1262	1	R12754	0		31	R00199|R00230|R00235|R00315|R00342|R00345|R00527|R00582|R00604|R00605|R00658|R00756|R00762|R00945|R01068|R01196|R01388|R01440|R01513|R01518|R04173|R06982|R06983|R07136|R08059|R08214|R08215|R08331|R08332|R08572|R09099
map00680	rn00680	Methane metabolism / C1 metabolism	iECB_1328	iG2583_1286	1	R12754	0		31	R00199|R00230|R00235|R00315|R00342|R00345|R00527|R00582|R00604|R00605|R00658|R00756|R00762|R00945|R01068|R01196|R01388|R01440|R01513|R01518|R04173|R06982|R06983|R07136|R08059|R08214|R08215|R08331|R08332|R08572|R09099
map00680	rn00680	Methane metabolism / C1 metabolism	iECB_1328	iJO1366	1	R01196	0		31	R00199|R00230|R00235|R00315|R00342|R00345|R00527|R00582|R00604|R00605|R00658|R00756|R00762|R00945|R01068|R01388|R01440|R01513|R01518|R04173|R06982|R06983|R07136|R08059|R08214|R08215|R08331|R08332|R08572|R09099|R12754
map00680	rn00680	Methane metabolism / C1 metabolism	iECB_1328	iJR904	4	R00605|R01196|R06982|R08059	0		28	R00199|R00230|R00235|R00315|R00342|R00345|R00527|R00582|R00604|R00658|R00756|R00762|R00945|R01068|R01388|R01440|R01513|R01518|R04173|R06983|R07136|R08214|R08215|R08331|R08332|R08572|R09099|R12754
map00680	rn00680	Methane metabolism / C1 metabolism	iECB_1328	iML1515	1	R01196	0		31	R00199|R00230|R00235|R00315|R00342|R00345|R00527|R00582|R00604|R00605|R00658|R00756|R00762|R00945|R01068|R01388|R01440|R01513|R01518|R04173|R06982|R06983|R07136|R08059|R08214|R08215|R08331|R08332|R08572|R09099|R12754
map00680	rn00680	Methane metabolism / C1 metabolism	iECDH10B_1368	iECH74115_1262	1	R12754	0		31	R00199|R00230|R00235|R00315|R00342|R00345|R00527|R00582|R00604|R00605|R00658|R00756|R00762|R00945|R01068|R01196|R01388|R01440|R01513|R01518|R04173|R06982|R06983|R07136|R08059|R08214|R08215|R08331|R08332|R08572|R09099
map00680	rn00680	Methane metabolism / C1 metabolism	iECDH10B_1368	iG2583_1286	1	R12754	0		31	R00199|R00230|R00235|R00315|R00342|R00345|R00527|R00582|R00604|R00605|R00658|R00756|R00762|R00945|R01068|R01196|R01388|R01440|R01513|R01518|R04173|R06982|R06983|R07136|R08059|R08214|R08215|R08331|R08332|R08572|R09099
map00680	rn00680	Methane metabolism / C1 metabolism	iECDH10B_1368	iJO1366	1	R01196	0		31	R00199|R00230|R00235|R00315|R00342|R00345|R00527|R00582|R00604|R00605|R00658|R00756|R00762|R00945|R01068|R01388|R01440|R01513|R01518|R04173|R06982|R06983|R07136|R08059|R08214|R08215|R08331|R08332|R08572|R09099|R12754
map00680	rn00680	Methane metabolism / C1 metabolism	iECDH10B_1368	iJR904	4	R00605|R01196|R06982|R08059	0		28	R00199|R00230|R00235|R00315|R00342|R00345|R00527|R00582|R00604|R00658|R00756|R00762|R00945|R01068|R01388|R01440|R01513|R01518|R04173|R06983|R07136|R08214|R08215|R08331|R08332|R08572|R09099|R12754
map00680	rn00680	Methane metabolism / C1 metabolism	iECDH10B_1368	iML1515	1	R01196	0		31	R00199|R00230|R00235|R00315|R00342|R00345|R00527|R00582|R00604|R00605|R00658|R00756|R00762|R00945|R01068|R01388|R01440|R01513|R01518|R04173|R06982|R06983|R07136|R08059|R08214|R08215|R08331|R08332|R08572|R09099|R12754
map00680	rn00680	Methane metabolism / C1 metabolism	iECDH1ME8569_1439	iECH74115_1262	1	R12754	0		31	R00199|R00230|R00235|R00315|R00342|R00345|R00527|R00582|R00604|R00605|R00658|R00756|R00762|R00945|R01068|R01196|R01388|R01440|R01513|R01518|R04173|R06982|R06983|R07136|R08059|R08214|R08215|R08331|R08332|R08572|R09099
map00680	rn00680	Methane metabolism / C1 metabolism	iECDH1ME8569_1439	iG2583_1286	1	R12754	0		31	R00199|R00230|R00235|R00315|R00342|R00345|R00527|R00582|R00604|R00605|R00658|R00756|R00762|R00945|R01068|R01196|R01388|R01440|R01513|R01518|R04173|R06982|R06983|R07136|R08059|R08214|R08215|R08331|R08332|R08572|R09099
map00680	rn00680	Methane metabolism / C1 metabolism	iECDH1ME8569_1439	iJO1366	1	R01196	0		31	R00199|R00230|R00235|R00315|R00342|R00345|R00527|R00582|R00604|R00605|R00658|R00756|R00762|R00945|R01068|R01388|R01440|R01513|R01518|R04173|R06982|R06983|R07136|R08059|R08214|R08215|R08331|R08332|R08572|R09099|R12754
map00680	rn00680	Methane metabolism / C1 metabolism	iECDH1ME8569_1439	iJR904	4	R00605|R01196|R06982|R08059	0		28	R00199|R00230|R00235|R00315|R00342|R00345|R00527|R00582|R00604|R00658|R00756|R00762|R00945|R01068|R01388|R01440|R01513|R01518|R04173|R06983|R07136|R08214|R08215|R08331|R08332|R08572|R09099|R12754
map00680	rn00680	Methane metabolism / C1 metabolism	iECDH1ME8569_1439	iML1515	1	R01196	0		31	R00199|R00230|R00235|R00315|R00342|R00345|R00527|R00582|R00604|R00605|R00658|R00756|R00762|R00945|R01068|R01388|R01440|R01513|R01518|R04173|R06982|R06983|R07136|R08059|R08214|R08215|R08331|R08332|R08572|R09099|R12754
map00680	rn00680	Methane metabolism / C1 metabolism	iECD_1391	iECH74115_1262	1	R12754	0		31	R00199|R00230|R00235|R00315|R00342|R00345|R00527|R00582|R00604|R00605|R00658|R00756|R00762|R00945|R01068|R01196|R01388|R01440|R01513|R01518|R04173|R06982|R06983|R07136|R08059|R08214|R08215|R08331|R08332|R08572|R09099
map00680	rn00680	Methane metabolism / C1 metabolism	iECD_1391	iG2583_1286	1	R12754	0		31	R00199|R00230|R00235|R00315|R00342|R00345|R00527|R00582|R00604|R00605|R00658|R00756|R00762|R00945|R01068|R01196|R01388|R01440|R01513|R01518|R04173|R06982|R06983|R07136|R08059|R08214|R08215|R08331|R08332|R08572|R09099
map00680	rn00680	Methane metabolism / C1 metabolism	iECD_1391	iJO1366	1	R01196	0		31	R00199|R00230|R00235|R00315|R00342|R00345|R00527|R00582|R00604|R00605|R00658|R00756|R00762|R00945|R01068|R01388|R01440|R01513|R01518|R04173|R06982|R06983|R07136|R08059|R08214|R08215|R08331|R08332|R08572|R09099|R12754
map00680	rn00680	Methane metabolism / C1 metabolism	iECD_1391	iJR904	4	R00605|R01196|R06982|R08059	0		28	R00199|R00230|R00235|R00315|R00342|R00345|R00527|R00582|R00604|R00658|R00756|R00762|R00945|R01068|R01388|R01440|R01513|R01518|R04173|R06983|R07136|R08214|R08215|R08331|R08332|R08572|R09099|R12754
map00680	rn00680	Methane metabolism / C1 metabolism	iECD_1391	iML1515	1	R01196	0		31	R00199|R00230|R00235|R00315|R00342|R00345|R00527|R00582|R00604|R00605|R00658|R00756|R00762|R00945|R01068|R01388|R01440|R01513|R01518|R04173|R06982|R06983|R07136|R08059|R08214|R08215|R08331|R08332|R08572|R09099|R12754
map00680	rn00680	Methane metabolism / C1 metabolism	iECED1_1282	iECH74115_1262	1	R12754	0		31	R00199|R00230|R00235|R00315|R00342|R00345|R00527|R00582|R00604|R00605|R00658|R00756|R00762|R00945|R01068|R01196|R01388|R01440|R01513|R01518|R04173|R06982|R06983|R07136|R08059|R08214|R08215|R08331|R08332|R08572|R09099
map00680	rn00680	Methane metabolism / C1 metabolism	iECED1_1282	iG2583_1286	1	R12754	0		31	R00199|R00230|R00235|R00315|R00342|R00345|R00527|R00582|R00604|R00605|R00658|R00756|R00762|R00945|R01068|R01196|R01388|R01440|R01513|R01518|R04173|R06982|R06983|R07136|R08059|R08214|R08215|R08331|R08332|R08572|R09099
map00680	rn00680	Methane metabolism / C1 metabolism	iECED1_1282	iJO1366	1	R01196	0		31	R00199|R00230|R00235|R00315|R00342|R00345|R00527|R00582|R00604|R00605|R00658|R00756|R00762|R00945|R01068|R01388|R01440|R01513|R01518|R04173|R06982|R06983|R07136|R08059|R08214|R08215|R08331|R08332|R08572|R09099|R12754
map00680	rn00680	Methane metabolism / C1 metabolism	iECED1_1282	iJR904	4	R00605|R01196|R06982|R08059	0		28	R00199|R00230|R00235|R00315|R00342|R00345|R00527|R00582|R00604|R00658|R00756|R00762|R00945|R01068|R01388|R01440|R01513|R01518|R04173|R06983|R07136|R08214|R08215|R08331|R08332|R08572|R09099|R12754
map00680	rn00680	Methane metabolism / C1 metabolism	iECED1_1282	iML1515	1	R01196	0		31	R00199|R00230|R00235|R00315|R00342|R00345|R00527|R00582|R00604|R00605|R00658|R00756|R00762|R00945|R01068|R01388|R01440|R01513|R01518|R04173|R06982|R06983|R07136|R08059|R08214|R08215|R08331|R08332|R08572|R09099|R12754
map00680	rn00680	Methane metabolism / C1 metabolism	iECH74115_1262	iECIAI1_1343	0		1	R12754	31	R00199|R00230|R00235|R00315|R00342|R00345|R00527|R00582|R00604|R00605|R00658|R00756|R00762|R00945|R01068|R01196|R01388|R01440|R01513|R01518|R04173|R06982|R06983|R07136|R08059|R08214|R08215|R08331|R08332|R08572|R09099
map00680	rn00680	Methane metabolism / C1 metabolism	iECH74115_1262	iECIAI39_1322	0		1	R12754	31	R00199|R00230|R00235|R00315|R00342|R00345|R00527|R00582|R00604|R00605|R00658|R00756|R00762|R00945|R01068|R01196|R01388|R01440|R01513|R01518|R04173|R06982|R06983|R07136|R08059|R08214|R08215|R08331|R08332|R08572|R09099
map00680	rn00680	Methane metabolism / C1 metabolism	iECH74115_1262	iECNA114_1301	0		1	R12754	31	R00199|R00230|R00235|R00315|R00342|R00345|R00527|R00582|R00604|R00605|R00658|R00756|R00762|R00945|R01068|R01196|R01388|R01440|R01513|R01518|R04173|R06982|R06983|R07136|R08059|R08214|R08215|R08331|R08332|R08572|R09099
map00680	rn00680	Methane metabolism / C1 metabolism	iECH74115_1262	iECO103_1326	0		1	R12754	31	R00199|R00230|R00235|R00315|R00342|R00345|R00527|R00582|R00604|R00605|R00658|R00756|R00762|R00945|R01068|R01196|R01388|R01440|R01513|R01518|R04173|R06982|R06983|R07136|R08059|R08214|R08215|R08331|R08332|R08572|R09099
map00680	rn00680	Methane metabolism / C1 metabolism	iECH74115_1262	iECO111_1330	0		1	R12754	31	R00199|R00230|R00235|R00315|R00342|R00345|R00527|R00582|R00604|R00605|R00658|R00756|R00762|R00945|R01068|R01196|R01388|R01440|R01513|R01518|R04173|R06982|R06983|R07136|R08059|R08214|R08215|R08331|R08332|R08572|R09099
map00680	rn00680	Methane metabolism / C1 metabolism	iECH74115_1262	iECO26_1355	0		1	R12754	31	R00199|R00230|R00235|R00315|R00342|R00345|R00527|R00582|R00604|R00605|R00658|R00756|R00762|R00945|R01068|R01196|R01388|R01440|R01513|R01518|R04173|R06982|R06983|R07136|R08059|R08214|R08215|R08331|R08332|R08572|R09099
map00680	rn00680	Methane metabolism / C1 metabolism	iECH74115_1262	iECOK1_1307	0		1	R12754	31	R00199|R00230|R00235|R00315|R00342|R00345|R00527|R00582|R00604|R00605|R00658|R00756|R00762|R00945|R01068|R01196|R01388|R01440|R01513|R01518|R04173|R06982|R06983|R07136|R08059|R08214|R08215|R08331|R08332|R08572|R09099
map00680	rn00680	Methane metabolism / C1 metabolism	iECH74115_1262	iECP_1309	0		1	R12754	31	R00199|R00230|R00235|R00315|R00342|R00345|R00527|R00582|R00604|R00605|R00658|R00756|R00762|R00945|R01068|R01196|R01388|R01440|R01513|R01518|R04173|R06982|R06983|R07136|R08059|R08214|R08215|R08331|R08332|R08572|R09099
map00680	rn00680	Methane metabolism / C1 metabolism	iECH74115_1262	iECS88_1305	0		1	R12754	31	R00199|R00230|R00235|R00315|R00342|R00345|R00527|R00582|R00604|R00605|R00658|R00756|R00762|R00945|R01068|R01196|R01388|R01440|R01513|R01518|R04173|R06982|R06983|R07136|R08059|R08214|R08215|R08331|R08332|R08572|R09099
map00680	rn00680	Methane metabolism / C1 metabolism	iECH74115_1262	iECSE_1348	0		1	R12754	31	R00199|R00230|R00235|R00315|R00342|R00345|R00527|R00582|R00604|R00605|R00658|R00756|R00762|R00945|R01068|R01196|R01388|R01440|R01513|R01518|R04173|R06982|R06983|R07136|R08059|R08214|R08215|R08331|R08332|R08572|R09099
map00680	rn00680	Methane metabolism / C1 metabolism	iECH74115_1262	iECSF_1327	0		1	R12754	31	R00199|R00230|R00235|R00315|R00342|R00345|R00527|R00582|R00604|R00605|R00658|R00756|R00762|R00945|R01068|R01196|R01388|R01440|R01513|R01518|R04173|R06982|R06983|R07136|R08059|R08214|R08215|R08331|R08332|R08572|R09099
map00680	rn00680	Methane metabolism / C1 metabolism	iECH74115_1262	iECSP_1301	0		1	R12754	31	R00199|R00230|R00235|R00315|R00342|R00345|R00527|R00582|R00604|R00605|R00658|R00756|R00762|R00945|R01068|R01196|R01388|R01440|R01513|R01518|R04173|R06982|R06983|R07136|R08059|R08214|R08215|R08331|R08332|R08572|R09099
map00680	rn00680	Methane metabolism / C1 metabolism	iECH74115_1262	iECUMN_1333	0		1	R12754	31	R00199|R00230|R00235|R00315|R00342|R00345|R00527|R00582|R00604|R00605|R00658|R00756|R00762|R00945|R01068|R01196|R01388|R01440|R01513|R01518|R04173|R06982|R06983|R07136|R08059|R08214|R08215|R08331|R08332|R08572|R09099
map00680	rn00680	Methane metabolism / C1 metabolism	iECH74115_1262	iECW_1372	0		1	R12754	31	R00199|R00230|R00235|R00315|R00342|R00345|R00527|R00582|R00604|R00605|R00658|R00756|R00762|R00945|R01068|R01196|R01388|R01440|R01513|R01518|R04173|R06982|R06983|R07136|R08059|R08214|R08215|R08331|R08332|R08572|R09099
map00680	rn00680	Methane metabolism / C1 metabolism	iECH74115_1262	iECs_1301	0		1	R12754	31	R00199|R00230|R00235|R00315|R00342|R00345|R00527|R00582|R00604|R00605|R00658|R00756|R00762|R00945|R01068|R01196|R01388|R01440|R01513|R01518|R04173|R06982|R06983|R07136|R08059|R08214|R08215|R08331|R08332|R08572|R09099
map00680	rn00680	Methane metabolism / C1 metabolism	iECH74115_1262	iEKO11_1354	0		1	R12754	31	R00199|R00230|R00235|R00315|R00342|R00345|R00527|R00582|R00604|R00605|R00658|R00756|R00762|R00945|R01068|R01196|R01388|R01440|R01513|R01518|R04173|R06982|R06983|R07136|R08059|R08214|R08215|R08331|R08332|R08572|R09099
map00680	rn00680	Methane metabolism / C1 metabolism	iECH74115_1262	iETEC_1333	0		1	R12754	31	R00199|R00230|R00235|R00315|R00342|R00345|R00527|R00582|R00604|R00605|R00658|R00756|R00762|R00945|R01068|R01196|R01388|R01440|R01513|R01518|R04173|R06982|R06983|R07136|R08059|R08214|R08215|R08331|R08332|R08572|R09099
map00680	rn00680	Methane metabolism / C1 metabolism	iECH74115_1262	iEcDH1_1363	0		1	R12754	31	R00199|R00230|R00235|R00315|R00342|R00345|R00527|R00582|R00604|R00605|R00658|R00756|R00762|R00945|R01068|R01196|R01388|R01440|R01513|R01518|R04173|R06982|R06983|R07136|R08059|R08214|R08215|R08331|R08332|R08572|R09099
map00680	rn00680	Methane metabolism / C1 metabolism	iECH74115_1262	iEcE24377_1341	0		1	R12754	31	R00199|R00230|R00235|R00315|R00342|R00345|R00527|R00582|R00604|R00605|R00658|R00756|R00762|R00945|R01068|R01196|R01388|R01440|R01513|R01518|R04173|R06982|R06983|R07136|R08059|R08214|R08215|R08331|R08332|R08572|R09099
map00680	rn00680	Methane metabolism / C1 metabolism	iECH74115_1262	iEcHS_1320	0		1	R12754	31	R00199|R00230|R00235|R00315|R00342|R00345|R00527|R00582|R00604|R00605|R00658|R00756|R00762|R00945|R01068|R01196|R01388|R01440|R01513|R01518|R04173|R06982|R06983|R07136|R08059|R08214|R08215|R08331|R08332|R08572|R09099
map00680	rn00680	Methane metabolism / C1 metabolism	iECH74115_1262	iEcSMS35_1347	0		1	R12754	31	R00199|R00230|R00235|R00315|R00342|R00345|R00527|R00582|R00604|R00605|R00658|R00756|R00762|R00945|R01068|R01196|R01388|R01440|R01513|R01518|R04173|R06982|R06983|R07136|R08059|R08214|R08215|R08331|R08332|R08572|R09099
map00680	rn00680	Methane metabolism / C1 metabolism	iECH74115_1262	iEcolC_1368	0		1	R12754	31	R00199|R00230|R00235|R00315|R00342|R00345|R00527|R00582|R00604|R00605|R00658|R00756|R00762|R00945|R01068|R01196|R01388|R01440|R01513|R01518|R04173|R06982|R06983|R07136|R08059|R08214|R08215|R08331|R08332|R08572|R09099
map00680	rn00680	Methane metabolism / C1 metabolism	iECH74115_1262	iJO1366	1	R01196	1	R12754	30	R00199|R00230|R00235|R00315|R00342|R00345|R00527|R00582|R00604|R00605|R00658|R00756|R00762|R00945|R01068|R01388|R01440|R01513|R01518|R04173|R06982|R06983|R07136|R08059|R08214|R08215|R08331|R08332|R08572|R09099
map00680	rn00680	Methane metabolism / C1 metabolism	iECH74115_1262	iJR904	4	R00605|R01196|R06982|R08059	1	R12754	27	R00199|R00230|R00235|R00315|R00342|R00345|R00527|R00582|R00604|R00658|R00756|R00762|R00945|R01068|R01388|R01440|R01513|R01518|R04173|R06983|R07136|R08214|R08215|R08331|R08332|R08572|R09099
map00680	rn00680	Methane metabolism / C1 metabolism	iECH74115_1262	iLF82_1304	0		1	R12754	31	R00199|R00230|R00235|R00315|R00342|R00345|R00527|R00582|R00604|R00605|R00658|R00756|R00762|R00945|R01068|R01196|R01388|R01440|R01513|R01518|R04173|R06982|R06983|R07136|R08059|R08214|R08215|R08331|R08332|R08572|R09099
map00680	rn00680	Methane metabolism / C1 metabolism	iECH74115_1262	iML1515	1	R01196	1	R12754	30	R00199|R00230|R00235|R00315|R00342|R00345|R00527|R00582|R00604|R00605|R00658|R00756|R00762|R00945|R01068|R01388|R01440|R01513|R01518|R04173|R06982|R06983|R07136|R08059|R08214|R08215|R08331|R08332|R08572|R09099
map00680	rn00680	Methane metabolism / C1 metabolism	iECH74115_1262	iNRG857_1313	0		1	R12754	31	R00199|R00230|R00235|R00315|R00342|R00345|R00527|R00582|R00604|R00605|R00658|R00756|R00762|R00945|R01068|R01196|R01388|R01440|R01513|R01518|R04173|R06982|R06983|R07136|R08059|R08214|R08215|R08331|R08332|R08572|R09099
map00680	rn00680	Methane metabolism / C1 metabolism	iECH74115_1262	iUMN146_1321	0		1	R12754	31	R00199|R00230|R00235|R00315|R00342|R00345|R00527|R00582|R00604|R00605|R00658|R00756|R00762|R00945|R01068|R01196|R01388|R01440|R01513|R01518|R04173|R06982|R06983|R07136|R08059|R08214|R08215|R08331|R08332|R08572|R09099
map00680	rn00680	Methane metabolism / C1 metabolism	iECH74115_1262	iUMNK88_1353	0		1	R12754	31	R00199|R00230|R00235|R00315|R00342|R00345|R00527|R00582|R00604|R00605|R00658|R00756|R00762|R00945|R01068|R01196|R01388|R01440|R01513|R01518|R04173|R06982|R06983|R07136|R08059|R08214|R08215|R08331|R08332|R08572|R09099
map00680	rn00680	Methane metabolism / C1 metabolism	iECH74115_1262	iUTI89_1310	0		1	R12754	31	R00199|R00230|R00235|R00315|R00342|R00345|R00527|R00582|R00604|R00605|R00658|R00756|R00762|R00945|R01068|R01196|R01388|R01440|R01513|R01518|R04173|R06982|R06983|R07136|R08059|R08214|R08215|R08331|R08332|R08572|R09099
map00680	rn00680	Methane metabolism / C1 metabolism	iECH74115_1262	iWFL_1372	0		1	R12754	31	R00199|R00230|R00235|R00315|R00342|R00345|R00527|R00582|R00604|R00605|R00658|R00756|R00762|R00945|R01068|R01196|R01388|R01440|R01513|R01518|R04173|R06982|R06983|R07136|R08059|R08214|R08215|R08331|R08332|R08572|R09099
map00680	rn00680	Methane metabolism / C1 metabolism	iECH74115_1262	iY75_1357	0		1	R12754	31	R00199|R00230|R00235|R00315|R00342|R00345|R00527|R00582|R00604|R00605|R00658|R00756|R00762|R00945|R01068|R01196|R01388|R01440|R01513|R01518|R04173|R06982|R06983|R07136|R08059|R08214|R08215|R08331|R08332|R08572|R09099
map00680	rn00680	Methane metabolism / C1 metabolism	iECH74115_1262	iZ_1308	0		1	R12754	31	R00199|R00230|R00235|R00315|R00342|R00345|R00527|R00582|R00604|R00605|R00658|R00756|R00762|R00945|R01068|R01196|R01388|R01440|R01513|R01518|R04173|R06982|R06983|R07136|R08059|R08214|R08215|R08331|R08332|R08572|R09099
map00680	rn00680	Methane metabolism / C1 metabolism	iECH74115_1262	ic_1306	0		1	R12754	31	R00199|R00230|R00235|R00315|R00342|R00345|R00527|R00582|R00604|R00605|R00658|R00756|R00762|R00945|R01068|R01196|R01388|R01440|R01513|R01518|R04173|R06982|R06983|R07136|R08059|R08214|R08215|R08331|R08332|R08572|R09099
map00680	rn00680	Methane metabolism / C1 metabolism	iECIAI1_1343	iG2583_1286	1	R12754	0		31	R00199|R00230|R00235|R00315|R00342|R00345|R00527|R00582|R00604|R00605|R00658|R00756|R00762|R00945|R01068|R01196|R01388|R01440|R01513|R01518|R04173|R06982|R06983|R07136|R08059|R08214|R08215|R08331|R08332|R08572|R09099
map00680	rn00680	Methane metabolism / C1 metabolism	iECIAI1_1343	iJO1366	1	R01196	0		31	R00199|R00230|R00235|R00315|R00342|R00345|R00527|R00582|R00604|R00605|R00658|R00756|R00762|R00945|R01068|R01388|R01440|R01513|R01518|R04173|R06982|R06983|R07136|R08059|R08214|R08215|R08331|R08332|R08572|R09099|R12754
map00680	rn00680	Methane metabolism / C1 metabolism	iECIAI1_1343	iJR904	4	R00605|R01196|R06982|R08059	0		28	R00199|R00230|R00235|R00315|R00342|R00345|R00527|R00582|R00604|R00658|R00756|R00762|R00945|R01068|R01388|R01440|R01513|R01518|R04173|R06983|R07136|R08214|R08215|R08331|R08332|R08572|R09099|R12754
map00680	rn00680	Methane metabolism / C1 metabolism	iECIAI1_1343	iML1515	1	R01196	0		31	R00199|R00230|R00235|R00315|R00342|R00345|R00527|R00582|R00604|R00605|R00658|R00756|R00762|R00945|R01068|R01388|R01440|R01513|R01518|R04173|R06982|R06983|R07136|R08059|R08214|R08215|R08331|R08332|R08572|R09099|R12754
map00680	rn00680	Methane metabolism / C1 metabolism	iECIAI39_1322	iG2583_1286	1	R12754	0		31	R00199|R00230|R00235|R00315|R00342|R00345|R00527|R00582|R00604|R00605|R00658|R00756|R00762|R00945|R01068|R01196|R01388|R01440|R01513|R01518|R04173|R06982|R06983|R07136|R08059|R08214|R08215|R08331|R08332|R08572|R09099
map00680	rn00680	Methane metabolism / C1 metabolism	iECIAI39_1322	iJO1366	1	R01196	0		31	R00199|R00230|R00235|R00315|R00342|R00345|R00527|R00582|R00604|R00605|R00658|R00756|R00762|R00945|R01068|R01388|R01440|R01513|R01518|R04173|R06982|R06983|R07136|R08059|R08214|R08215|R08331|R08332|R08572|R09099|R12754
map00680	rn00680	Methane metabolism / C1 metabolism	iECIAI39_1322	iJR904	4	R00605|R01196|R06982|R08059	0		28	R00199|R00230|R00235|R00315|R00342|R00345|R00527|R00582|R00604|R00658|R00756|R00762|R00945|R01068|R01388|R01440|R01513|R01518|R04173|R06983|R07136|R08214|R08215|R08331|R08332|R08572|R09099|R12754
map00680	rn00680	Methane metabolism / C1 metabolism	iECIAI39_1322	iML1515	1	R01196	0		31	R00199|R00230|R00235|R00315|R00342|R00345|R00527|R00582|R00604|R00605|R00658|R00756|R00762|R00945|R01068|R01388|R01440|R01513|R01518|R04173|R06982|R06983|R07136|R08059|R08214|R08215|R08331|R08332|R08572|R09099|R12754
map00680	rn00680	Methane metabolism / C1 metabolism	iECNA114_1301	iG2583_1286	1	R12754	0		31	R00199|R00230|R00235|R00315|R00342|R00345|R00527|R00582|R00604|R00605|R00658|R00756|R00762|R00945|R01068|R01196|R01388|R01440|R01513|R01518|R04173|R06982|R06983|R07136|R08059|R08214|R08215|R08331|R08332|R08572|R09099
map00680	rn00680	Methane metabolism / C1 metabolism	iECNA114_1301	iJO1366	1	R01196	0		31	R00199|R00230|R00235|R00315|R00342|R00345|R00527|R00582|R00604|R00605|R00658|R00756|R00762|R00945|R01068|R01388|R01440|R01513|R01518|R04173|R06982|R06983|R07136|R08059|R08214|R08215|R08331|R08332|R08572|R09099|R12754
map00680	rn00680	Methane metabolism / C1 metabolism	iECNA114_1301	iJR904	4	R00605|R01196|R06982|R08059	0		28	R00199|R00230|R00235|R00315|R00342|R00345|R00527|R00582|R00604|R00658|R00756|R00762|R00945|R01068|R01388|R01440|R01513|R01518|R04173|R06983|R07136|R08214|R08215|R08331|R08332|R08572|R09099|R12754
map00680	rn00680	Methane metabolism / C1 metabolism	iECNA114_1301	iML1515	1	R01196	0		31	R00199|R00230|R00235|R00315|R00342|R00345|R00527|R00582|R00604|R00605|R00658|R00756|R00762|R00945|R01068|R01388|R01440|R01513|R01518|R04173|R06982|R06983|R07136|R08059|R08214|R08215|R08331|R08332|R08572|R09099|R12754
map00680	rn00680	Methane metabolism / C1 metabolism	iECO103_1326	iG2583_1286	1	R12754	0		31	R00199|R00230|R00235|R00315|R00342|R00345|R00527|R00582|R00604|R00605|R00658|R00756|R00762|R00945|R01068|R01196|R01388|R01440|R01513|R01518|R04173|R06982|R06983|R07136|R08059|R08214|R08215|R08331|R08332|R08572|R09099
map00680	rn00680	Methane metabolism / C1 metabolism	iECO103_1326	iJO1366	1	R01196	0		31	R00199|R00230|R00235|R00315|R00342|R00345|R00527|R00582|R00604|R00605|R00658|R00756|R00762|R00945|R01068|R01388|R01440|R01513|R01518|R04173|R06982|R06983|R07136|R08059|R08214|R08215|R08331|R08332|R08572|R09099|R12754
map00680	rn00680	Methane metabolism / C1 metabolism	iECO103_1326	iJR904	4	R00605|R01196|R06982|R08059	0		28	R00199|R00230|R00235|R00315|R00342|R00345|R00527|R00582|R00604|R00658|R00756|R00762|R00945|R01068|R01388|R01440|R01513|R01518|R04173|R06983|R07136|R08214|R08215|R08331|R08332|R08572|R09099|R12754
map00680	rn00680	Methane metabolism / C1 metabolism	iECO103_1326	iML1515	1	R01196	0		31	R00199|R00230|R00235|R00315|R00342|R00345|R00527|R00582|R00604|R00605|R00658|R00756|R00762|R00945|R01068|R01388|R01440|R01513|R01518|R04173|R06982|R06983|R07136|R08059|R08214|R08215|R08331|R08332|R08572|R09099|R12754
map00680	rn00680	Methane metabolism / C1 metabolism	iECO111_1330	iG2583_1286	1	R12754	0		31	R00199|R00230|R00235|R00315|R00342|R00345|R00527|R00582|R00604|R00605|R00658|R00756|R00762|R00945|R01068|R01196|R01388|R01440|R01513|R01518|R04173|R06982|R06983|R07136|R08059|R08214|R08215|R08331|R08332|R08572|R09099
map00680	rn00680	Methane metabolism / C1 metabolism	iECO111_1330	iJO1366	1	R01196	0		31	R00199|R00230|R00235|R00315|R00342|R00345|R00527|R00582|R00604|R00605|R00658|R00756|R00762|R00945|R01068|R01388|R01440|R01513|R01518|R04173|R06982|R06983|R07136|R08059|R08214|R08215|R08331|R08332|R08572|R09099|R12754
map00680	rn00680	Methane metabolism / C1 metabolism	iECO111_1330	iJR904	4	R00605|R01196|R06982|R08059	0		28	R00199|R00230|R00235|R00315|R00342|R00345|R00527|R00582|R00604|R00658|R00756|R00762|R00945|R01068|R01388|R01440|R01513|R01518|R04173|R06983|R07136|R08214|R08215|R08331|R08332|R08572|R09099|R12754
map00680	rn00680	Methane metabolism / C1 metabolism	iECO111_1330	iML1515	1	R01196	0		31	R00199|R00230|R00235|R00315|R00342|R00345|R00527|R00582|R00604|R00605|R00658|R00756|R00762|R00945|R01068|R01388|R01440|R01513|R01518|R04173|R06982|R06983|R07136|R08059|R08214|R08215|R08331|R08332|R08572|R09099|R12754
map00680	rn00680	Methane metabolism / C1 metabolism	iECO26_1355	iG2583_1286	1	R12754	0		31	R00199|R00230|R00235|R00315|R00342|R00345|R00527|R00582|R00604|R00605|R00658|R00756|R00762|R00945|R01068|R01196|R01388|R01440|R01513|R01518|R04173|R06982|R06983|R07136|R08059|R08214|R08215|R08331|R08332|R08572|R09099
map00680	rn00680	Methane metabolism / C1 metabolism	iECO26_1355	iJO1366	1	R01196	0		31	R00199|R00230|R00235|R00315|R00342|R00345|R00527|R00582|R00604|R00605|R00658|R00756|R00762|R00945|R01068|R01388|R01440|R01513|R01518|R04173|R06982|R06983|R07136|R08059|R08214|R08215|R08331|R08332|R08572|R09099|R12754
map00680	rn00680	Methane metabolism / C1 metabolism	iECO26_1355	iJR904	4	R00605|R01196|R06982|R08059	0		28	R00199|R00230|R00235|R00315|R00342|R00345|R00527|R00582|R00604|R00658|R00756|R00762|R00945|R01068|R01388|R01440|R01513|R01518|R04173|R06983|R07136|R08214|R08215|R08331|R08332|R08572|R09099|R12754
map00680	rn00680	Methane metabolism / C1 metabolism	iECO26_1355	iML1515	1	R01196	0		31	R00199|R00230|R00235|R00315|R00342|R00345|R00527|R00582|R00604|R00605|R00658|R00756|R00762|R00945|R01068|R01388|R01440|R01513|R01518|R04173|R06982|R06983|R07136|R08059|R08214|R08215|R08331|R08332|R08572|R09099|R12754
map00680	rn00680	Methane metabolism / C1 metabolism	iECOK1_1307	iG2583_1286	1	R12754	0		31	R00199|R00230|R00235|R00315|R00342|R00345|R00527|R00582|R00604|R00605|R00658|R00756|R00762|R00945|R01068|R01196|R01388|R01440|R01513|R01518|R04173|R06982|R06983|R07136|R08059|R08214|R08215|R08331|R08332|R08572|R09099
map00680	rn00680	Methane metabolism / C1 metabolism	iECOK1_1307	iJO1366	1	R01196	0		31	R00199|R00230|R00235|R00315|R00342|R00345|R00527|R00582|R00604|R00605|R00658|R00756|R00762|R00945|R01068|R01388|R01440|R01513|R01518|R04173|R06982|R06983|R07136|R08059|R08214|R08215|R08331|R08332|R08572|R09099|R12754
map00680	rn00680	Methane metabolism / C1 metabolism	iECOK1_1307	iJR904	4	R00605|R01196|R06982|R08059	0		28	R00199|R00230|R00235|R00315|R00342|R00345|R00527|R00582|R00604|R00658|R00756|R00762|R00945|R01068|R01388|R01440|R01513|R01518|R04173|R06983|R07136|R08214|R08215|R08331|R08332|R08572|R09099|R12754
map00680	rn00680	Methane metabolism / C1 metabolism	iECOK1_1307	iML1515	1	R01196	0		31	R00199|R00230|R00235|R00315|R00342|R00345|R00527|R00582|R00604|R00605|R00658|R00756|R00762|R00945|R01068|R01388|R01440|R01513|R01518|R04173|R06982|R06983|R07136|R08059|R08214|R08215|R08331|R08332|R08572|R09099|R12754
map00680	rn00680	Methane metabolism / C1 metabolism	iECP_1309	iG2583_1286	1	R12754	0		31	R00199|R00230|R00235|R00315|R00342|R00345|R00527|R00582|R00604|R00605|R00658|R00756|R00762|R00945|R01068|R01196|R01388|R01440|R01513|R01518|R04173|R06982|R06983|R07136|R08059|R08214|R08215|R08331|R08332|R08572|R09099
map00680	rn00680	Methane metabolism / C1 metabolism	iECP_1309	iJO1366	1	R01196	0		31	R00199|R00230|R00235|R00315|R00342|R00345|R00527|R00582|R00604|R00605|R00658|R00756|R00762|R00945|R01068|R01388|R01440|R01513|R01518|R04173|R06982|R06983|R07136|R08059|R08214|R08215|R08331|R08332|R08572|R09099|R12754
map00680	rn00680	Methane metabolism / C1 metabolism	iECP_1309	iJR904	4	R00605|R01196|R06982|R08059	0		28	R00199|R00230|R00235|R00315|R00342|R00345|R00527|R00582|R00604|R00658|R00756|R00762|R00945|R01068|R01388|R01440|R01513|R01518|R04173|R06983|R07136|R08214|R08215|R08331|R08332|R08572|R09099|R12754
map00680	rn00680	Methane metabolism / C1 metabolism	iECP_1309	iML1515	1	R01196	0		31	R00199|R00230|R00235|R00315|R00342|R00345|R00527|R00582|R00604|R00605|R00658|R00756|R00762|R00945|R01068|R01388|R01440|R01513|R01518|R04173|R06982|R06983|R07136|R08059|R08214|R08215|R08331|R08332|R08572|R09099|R12754
map00680	rn00680	Methane metabolism / C1 metabolism	iECS88_1305	iG2583_1286	1	R12754	0		31	R00199|R00230|R00235|R00315|R00342|R00345|R00527|R00582|R00604|R00605|R00658|R00756|R00762|R00945|R01068|R01196|R01388|R01440|R01513|R01518|R04173|R06982|R06983|R07136|R08059|R08214|R08215|R08331|R08332|R08572|R09099
map00680	rn00680	Methane metabolism / C1 metabolism	iECS88_1305	iJO1366	1	R01196	0		31	R00199|R00230|R00235|R00315|R00342|R00345|R00527|R00582|R00604|R00605|R00658|R00756|R00762|R00945|R01068|R01388|R01440|R01513|R01518|R04173|R06982|R06983|R07136|R08059|R08214|R08215|R08331|R08332|R08572|R09099|R12754
map00680	rn00680	Methane metabolism / C1 metabolism	iECS88_1305	iJR904	4	R00605|R01196|R06982|R08059	0		28	R00199|R00230|R00235|R00315|R00342|R00345|R00527|R00582|R00604|R00658|R00756|R00762|R00945|R01068|R01388|R01440|R01513|R01518|R04173|R06983|R07136|R08214|R08215|R08331|R08332|R08572|R09099|R12754
map00680	rn00680	Methane metabolism / C1 metabolism	iECS88_1305	iML1515	1	R01196	0		31	R00199|R00230|R00235|R00315|R00342|R00345|R00527|R00582|R00604|R00605|R00658|R00756|R00762|R00945|R01068|R01388|R01440|R01513|R01518|R04173|R06982|R06983|R07136|R08059|R08214|R08215|R08331|R08332|R08572|R09099|R12754
map00680	rn00680	Methane metabolism / C1 metabolism	iECSE_1348	iG2583_1286	1	R12754	0		31	R00199|R00230|R00235|R00315|R00342|R00345|R00527|R00582|R00604|R00605|R00658|R00756|R00762|R00945|R01068|R01196|R01388|R01440|R01513|R01518|R04173|R06982|R06983|R07136|R08059|R08214|R08215|R08331|R08332|R08572|R09099
map00680	rn00680	Methane metabolism / C1 metabolism	iECSE_1348	iJO1366	1	R01196	0		31	R00199|R00230|R00235|R00315|R00342|R00345|R00527|R00582|R00604|R00605|R00658|R00756|R00762|R00945|R01068|R01388|R01440|R01513|R01518|R04173|R06982|R06983|R07136|R08059|R08214|R08215|R08331|R08332|R08572|R09099|R12754
map00680	rn00680	Methane metabolism / C1 metabolism	iECSE_1348	iJR904	4	R00605|R01196|R06982|R08059	0		28	R00199|R00230|R00235|R00315|R00342|R00345|R00527|R00582|R00604|R00658|R00756|R00762|R00945|R01068|R01388|R01440|R01513|R01518|R04173|R06983|R07136|R08214|R08215|R08331|R08332|R08572|R09099|R12754
map00680	rn00680	Methane metabolism / C1 metabolism	iECSE_1348	iML1515	1	R01196	0		31	R00199|R00230|R00235|R00315|R00342|R00345|R00527|R00582|R00604|R00605|R00658|R00756|R00762|R00945|R01068|R01388|R01440|R01513|R01518|R04173|R06982|R06983|R07136|R08059|R08214|R08215|R08331|R08332|R08572|R09099|R12754
map00680	rn00680	Methane metabolism / C1 metabolism	iECSF_1327	iG2583_1286	1	R12754	0		31	R00199|R00230|R00235|R00315|R00342|R00345|R00527|R00582|R00604|R00605|R00658|R00756|R00762|R00945|R01068|R01196|R01388|R01440|R01513|R01518|R04173|R06982|R06983|R07136|R08059|R08214|R08215|R08331|R08332|R08572|R09099
map00680	rn00680	Methane metabolism / C1 metabolism	iECSF_1327	iJO1366	1	R01196	0		31	R00199|R00230|R00235|R00315|R00342|R00345|R00527|R00582|R00604|R00605|R00658|R00756|R00762|R00945|R01068|R01388|R01440|R01513|R01518|R04173|R06982|R06983|R07136|R08059|R08214|R08215|R08331|R08332|R08572|R09099|R12754
map00680	rn00680	Methane metabolism / C1 metabolism	iECSF_1327	iJR904	4	R00605|R01196|R06982|R08059	0		28	R00199|R00230|R00235|R00315|R00342|R00345|R00527|R00582|R00604|R00658|R00756|R00762|R00945|R01068|R01388|R01440|R01513|R01518|R04173|R06983|R07136|R08214|R08215|R08331|R08332|R08572|R09099|R12754
map00680	rn00680	Methane metabolism / C1 metabolism	iECSF_1327	iML1515	1	R01196	0		31	R00199|R00230|R00235|R00315|R00342|R00345|R00527|R00582|R00604|R00605|R00658|R00756|R00762|R00945|R01068|R01388|R01440|R01513|R01518|R04173|R06982|R06983|R07136|R08059|R08214|R08215|R08331|R08332|R08572|R09099|R12754
map00680	rn00680	Methane metabolism / C1 metabolism	iECSP_1301	iG2583_1286	1	R12754	0		31	R00199|R00230|R00235|R00315|R00342|R00345|R00527|R00582|R00604|R00605|R00658|R00756|R00762|R00945|R01068|R01196|R01388|R01440|R01513|R01518|R04173|R06982|R06983|R07136|R08059|R08214|R08215|R08331|R08332|R08572|R09099
map00680	rn00680	Methane metabolism / C1 metabolism	iECSP_1301	iJO1366	1	R01196	0		31	R00199|R00230|R00235|R00315|R00342|R00345|R00527|R00582|R00604|R00605|R00658|R00756|R00762|R00945|R01068|R01388|R01440|R01513|R01518|R04173|R06982|R06983|R07136|R08059|R08214|R08215|R08331|R08332|R08572|R09099|R12754
map00680	rn00680	Methane metabolism / C1 metabolism	iECSP_1301	iJR904	4	R00605|R01196|R06982|R08059	0		28	R00199|R00230|R00235|R00315|R00342|R00345|R00527|R00582|R00604|R00658|R00756|R00762|R00945|R01068|R01388|R01440|R01513|R01518|R04173|R06983|R07136|R08214|R08215|R08331|R08332|R08572|R09099|R12754
map00680	rn00680	Methane metabolism / C1 metabolism	iECSP_1301	iML1515	1	R01196	0		31	R00199|R00230|R00235|R00315|R00342|R00345|R00527|R00582|R00604|R00605|R00658|R00756|R00762|R00945|R01068|R01388|R01440|R01513|R01518|R04173|R06982|R06983|R07136|R08059|R08214|R08215|R08331|R08332|R08572|R09099|R12754
map00680	rn00680	Methane metabolism / C1 metabolism	iECUMN_1333	iG2583_1286	1	R12754	0		31	R00199|R00230|R00235|R00315|R00342|R00345|R00527|R00582|R00604|R00605|R00658|R00756|R00762|R00945|R01068|R01196|R01388|R01440|R01513|R01518|R04173|R06982|R06983|R07136|R08059|R08214|R08215|R08331|R08332|R08572|R09099
map00680	rn00680	Methane metabolism / C1 metabolism	iECUMN_1333	iJO1366	1	R01196	0		31	R00199|R00230|R00235|R00315|R00342|R00345|R00527|R00582|R00604|R00605|R00658|R00756|R00762|R00945|R01068|R01388|R01440|R01513|R01518|R04173|R06982|R06983|R07136|R08059|R08214|R08215|R08331|R08332|R08572|R09099|R12754
map00680	rn00680	Methane metabolism / C1 metabolism	iECUMN_1333	iJR904	4	R00605|R01196|R06982|R08059	0		28	R00199|R00230|R00235|R00315|R00342|R00345|R00527|R00582|R00604|R00658|R00756|R00762|R00945|R01068|R01388|R01440|R01513|R01518|R04173|R06983|R07136|R08214|R08215|R08331|R08332|R08572|R09099|R12754
map00680	rn00680	Methane metabolism / C1 metabolism	iECUMN_1333	iML1515	1	R01196	0		31	R00199|R00230|R00235|R00315|R00342|R00345|R00527|R00582|R00604|R00605|R00658|R00756|R00762|R00945|R01068|R01388|R01440|R01513|R01518|R04173|R06982|R06983|R07136|R08059|R08214|R08215|R08331|R08332|R08572|R09099|R12754
map00680	rn00680	Methane metabolism / C1 metabolism	iECW_1372	iG2583_1286	1	R12754	0		31	R00199|R00230|R00235|R00315|R00342|R00345|R00527|R00582|R00604|R00605|R00658|R00756|R00762|R00945|R01068|R01196|R01388|R01440|R01513|R01518|R04173|R06982|R06983|R07136|R08059|R08214|R08215|R08331|R08332|R08572|R09099
map00680	rn00680	Methane metabolism / C1 metabolism	iECW_1372	iJO1366	1	R01196	0		31	R00199|R00230|R00235|R00315|R00342|R00345|R00527|R00582|R00604|R00605|R00658|R00756|R00762|R00945|R01068|R01388|R01440|R01513|R01518|R04173|R06982|R06983|R07136|R08059|R08214|R08215|R08331|R08332|R08572|R09099|R12754
map00680	rn00680	Methane metabolism / C1 metabolism	iECW_1372	iJR904	4	R00605|R01196|R06982|R08059	0		28	R00199|R00230|R00235|R00315|R00342|R00345|R00527|R00582|R00604|R00658|R00756|R00762|R00945|R01068|R01388|R01440|R01513|R01518|R04173|R06983|R07136|R08214|R08215|R08331|R08332|R08572|R09099|R12754
map00680	rn00680	Methane metabolism / C1 metabolism	iECW_1372	iML1515	1	R01196	0		31	R00199|R00230|R00235|R00315|R00342|R00345|R00527|R00582|R00604|R00605|R00658|R00756|R00762|R00945|R01068|R01388|R01440|R01513|R01518|R04173|R06982|R06983|R07136|R08059|R08214|R08215|R08331|R08332|R08572|R09099|R12754
map00680	rn00680	Methane metabolism / C1 metabolism	iECs_1301	iG2583_1286	1	R12754	0		31	R00199|R00230|R00235|R00315|R00342|R00345|R00527|R00582|R00604|R00605|R00658|R00756|R00762|R00945|R01068|R01196|R01388|R01440|R01513|R01518|R04173|R06982|R06983|R07136|R08059|R08214|R08215|R08331|R08332|R08572|R09099
map00680	rn00680	Methane metabolism / C1 metabolism	iECs_1301	iJO1366	1	R01196	0		31	R00199|R00230|R00235|R00315|R00342|R00345|R00527|R00582|R00604|R00605|R00658|R00756|R00762|R00945|R01068|R01388|R01440|R01513|R01518|R04173|R06982|R06983|R07136|R08059|R08214|R08215|R08331|R08332|R08572|R09099|R12754
map00680	rn00680	Methane metabolism / C1 metabolism	iECs_1301	iJR904	4	R00605|R01196|R06982|R08059	0		28	R00199|R00230|R00235|R00315|R00342|R00345|R00527|R00582|R00604|R00658|R00756|R00762|R00945|R01068|R01388|R01440|R01513|R01518|R04173|R06983|R07136|R08214|R08215|R08331|R08332|R08572|R09099|R12754
map00680	rn00680	Methane metabolism / C1 metabolism	iECs_1301	iML1515	1	R01196	0		31	R00199|R00230|R00235|R00315|R00342|R00345|R00527|R00582|R00604|R00605|R00658|R00756|R00762|R00945|R01068|R01388|R01440|R01513|R01518|R04173|R06982|R06983|R07136|R08059|R08214|R08215|R08331|R08332|R08572|R09099|R12754
map00680	rn00680	Methane metabolism / C1 metabolism	iEKO11_1354	iG2583_1286	1	R12754	0		31	R00199|R00230|R00235|R00315|R00342|R00345|R00527|R00582|R00604|R00605|R00658|R00756|R00762|R00945|R01068|R01196|R01388|R01440|R01513|R01518|R04173|R06982|R06983|R07136|R08059|R08214|R08215|R08331|R08332|R08572|R09099
map00680	rn00680	Methane metabolism / C1 metabolism	iEKO11_1354	iJO1366	1	R01196	0		31	R00199|R00230|R00235|R00315|R00342|R00345|R00527|R00582|R00604|R00605|R00658|R00756|R00762|R00945|R01068|R01388|R01440|R01513|R01518|R04173|R06982|R06983|R07136|R08059|R08214|R08215|R08331|R08332|R08572|R09099|R12754
map00680	rn00680	Methane metabolism / C1 metabolism	iEKO11_1354	iJR904	4	R00605|R01196|R06982|R08059	0		28	R00199|R00230|R00235|R00315|R00342|R00345|R00527|R00582|R00604|R00658|R00756|R00762|R00945|R01068|R01388|R01440|R01513|R01518|R04173|R06983|R07136|R08214|R08215|R08331|R08332|R08572|R09099|R12754
map00680	rn00680	Methane metabolism / C1 metabolism	iEKO11_1354	iML1515	1	R01196	0		31	R00199|R00230|R00235|R00315|R00342|R00345|R00527|R00582|R00604|R00605|R00658|R00756|R00762|R00945|R01068|R01388|R01440|R01513|R01518|R04173|R06982|R06983|R07136|R08059|R08214|R08215|R08331|R08332|R08572|R09099|R12754
map00680	rn00680	Methane metabolism / C1 metabolism	iETEC_1333	iG2583_1286	1	R12754	0		31	R00199|R00230|R00235|R00315|R00342|R00345|R00527|R00582|R00604|R00605|R00658|R00756|R00762|R00945|R01068|R01196|R01388|R01440|R01513|R01518|R04173|R06982|R06983|R07136|R08059|R08214|R08215|R08331|R08332|R08572|R09099
map00680	rn00680	Methane metabolism / C1 metabolism	iETEC_1333	iJO1366	1	R01196	0		31	R00199|R00230|R00235|R00315|R00342|R00345|R00527|R00582|R00604|R00605|R00658|R00756|R00762|R00945|R01068|R01388|R01440|R01513|R01518|R04173|R06982|R06983|R07136|R08059|R08214|R08215|R08331|R08332|R08572|R09099|R12754
map00680	rn00680	Methane metabolism / C1 metabolism	iETEC_1333	iJR904	4	R00605|R01196|R06982|R08059	0		28	R00199|R00230|R00235|R00315|R00342|R00345|R00527|R00582|R00604|R00658|R00756|R00762|R00945|R01068|R01388|R01440|R01513|R01518|R04173|R06983|R07136|R08214|R08215|R08331|R08332|R08572|R09099|R12754
map00680	rn00680	Methane metabolism / C1 metabolism	iETEC_1333	iML1515	1	R01196	0		31	R00199|R00230|R00235|R00315|R00342|R00345|R00527|R00582|R00604|R00605|R00658|R00756|R00762|R00945|R01068|R01388|R01440|R01513|R01518|R04173|R06982|R06983|R07136|R08059|R08214|R08215|R08331|R08332|R08572|R09099|R12754
map00680	rn00680	Methane metabolism / C1 metabolism	iEcDH1_1363	iG2583_1286	1	R12754	0		31	R00199|R00230|R00235|R00315|R00342|R00345|R00527|R00582|R00604|R00605|R00658|R00756|R00762|R00945|R01068|R01196|R01388|R01440|R01513|R01518|R04173|R06982|R06983|R07136|R08059|R08214|R08215|R08331|R08332|R08572|R09099
map00680	rn00680	Methane metabolism / C1 metabolism	iEcDH1_1363	iJO1366	1	R01196	0		31	R00199|R00230|R00235|R00315|R00342|R00345|R00527|R00582|R00604|R00605|R00658|R00756|R00762|R00945|R01068|R01388|R01440|R01513|R01518|R04173|R06982|R06983|R07136|R08059|R08214|R08215|R08331|R08332|R08572|R09099|R12754
map00680	rn00680	Methane metabolism / C1 metabolism	iEcDH1_1363	iJR904	4	R00605|R01196|R06982|R08059	0		28	R00199|R00230|R00235|R00315|R00342|R00345|R00527|R00582|R00604|R00658|R00756|R00762|R00945|R01068|R01388|R01440|R01513|R01518|R04173|R06983|R07136|R08214|R08215|R08331|R08332|R08572|R09099|R12754
map00680	rn00680	Methane metabolism / C1 metabolism	iEcDH1_1363	iML1515	1	R01196	0		31	R00199|R00230|R00235|R00315|R00342|R00345|R00527|R00582|R00604|R00605|R00658|R00756|R00762|R00945|R01068|R01388|R01440|R01513|R01518|R04173|R06982|R06983|R07136|R08059|R08214|R08215|R08331|R08332|R08572|R09099|R12754
map00680	rn00680	Methane metabolism / C1 metabolism	iEcE24377_1341	iG2583_1286	1	R12754	0		31	R00199|R00230|R00235|R00315|R00342|R00345|R00527|R00582|R00604|R00605|R00658|R00756|R00762|R00945|R01068|R01196|R01388|R01440|R01513|R01518|R04173|R06982|R06983|R07136|R08059|R08214|R08215|R08331|R08332|R08572|R09099
map00680	rn00680	Methane metabolism / C1 metabolism	iEcE24377_1341	iJO1366	1	R01196	0		31	R00199|R00230|R00235|R00315|R00342|R00345|R00527|R00582|R00604|R00605|R00658|R00756|R00762|R00945|R01068|R01388|R01440|R01513|R01518|R04173|R06982|R06983|R07136|R08059|R08214|R08215|R08331|R08332|R08572|R09099|R12754
map00680	rn00680	Methane metabolism / C1 metabolism	iEcE24377_1341	iJR904	4	R00605|R01196|R06982|R08059	0		28	R00199|R00230|R00235|R00315|R00342|R00345|R00527|R00582|R00604|R00658|R00756|R00762|R00945|R01068|R01388|R01440|R01513|R01518|R04173|R06983|R07136|R08214|R08215|R08331|R08332|R08572|R09099|R12754
map00680	rn00680	Methane metabolism / C1 metabolism	iEcE24377_1341	iML1515	1	R01196	0		31	R00199|R00230|R00235|R00315|R00342|R00345|R00527|R00582|R00604|R00605|R00658|R00756|R00762|R00945|R01068|R01388|R01440|R01513|R01518|R04173|R06982|R06983|R07136|R08059|R08214|R08215|R08331|R08332|R08572|R09099|R12754
map00680	rn00680	Methane metabolism / C1 metabolism	iEcHS_1320	iG2583_1286	1	R12754	0		31	R00199|R00230|R00235|R00315|R00342|R00345|R00527|R00582|R00604|R00605|R00658|R00756|R00762|R00945|R01068|R01196|R01388|R01440|R01513|R01518|R04173|R06982|R06983|R07136|R08059|R08214|R08215|R08331|R08332|R08572|R09099
map00680	rn00680	Methane metabolism / C1 metabolism	iEcHS_1320	iJO1366	1	R01196	0		31	R00199|R00230|R00235|R00315|R00342|R00345|R00527|R00582|R00604|R00605|R00658|R00756|R00762|R00945|R01068|R01388|R01440|R01513|R01518|R04173|R06982|R06983|R07136|R08059|R08214|R08215|R08331|R08332|R08572|R09099|R12754
map00680	rn00680	Methane metabolism / C1 metabolism	iEcHS_1320	iJR904	4	R00605|R01196|R06982|R08059	0		28	R00199|R00230|R00235|R00315|R00342|R00345|R00527|R00582|R00604|R00658|R00756|R00762|R00945|R01068|R01388|R01440|R01513|R01518|R04173|R06983|R07136|R08214|R08215|R08331|R08332|R08572|R09099|R12754
map00680	rn00680	Methane metabolism / C1 metabolism	iEcHS_1320	iML1515	1	R01196	0		31	R00199|R00230|R00235|R00315|R00342|R00345|R00527|R00582|R00604|R00605|R00658|R00756|R00762|R00945|R01068|R01388|R01440|R01513|R01518|R04173|R06982|R06983|R07136|R08059|R08214|R08215|R08331|R08332|R08572|R09099|R12754
map00680	rn00680	Methane metabolism / C1 metabolism	iEcSMS35_1347	iG2583_1286	1	R12754	0		31	R00199|R00230|R00235|R00315|R00342|R00345|R00527|R00582|R00604|R00605|R00658|R00756|R00762|R00945|R01068|R01196|R01388|R01440|R01513|R01518|R04173|R06982|R06983|R07136|R08059|R08214|R08215|R08331|R08332|R08572|R09099
map00680	rn00680	Methane metabolism / C1 metabolism	iEcSMS35_1347	iJO1366	1	R01196	0		31	R00199|R00230|R00235|R00315|R00342|R00345|R00527|R00582|R00604|R00605|R00658|R00756|R00762|R00945|R01068|R01388|R01440|R01513|R01518|R04173|R06982|R06983|R07136|R08059|R08214|R08215|R08331|R08332|R08572|R09099|R12754
map00680	rn00680	Methane metabolism / C1 metabolism	iEcSMS35_1347	iJR904	4	R00605|R01196|R06982|R08059	0		28	R00199|R00230|R00235|R00315|R00342|R00345|R00527|R00582|R00604|R00658|R00756|R00762|R00945|R01068|R01388|R01440|R01513|R01518|R04173|R06983|R07136|R08214|R08215|R08331|R08332|R08572|R09099|R12754
map00680	rn00680	Methane metabolism / C1 metabolism	iEcSMS35_1347	iML1515	1	R01196	0		31	R00199|R00230|R00235|R00315|R00342|R00345|R00527|R00582|R00604|R00605|R00658|R00756|R00762|R00945|R01068|R01388|R01440|R01513|R01518|R04173|R06982|R06983|R07136|R08059|R08214|R08215|R08331|R08332|R08572|R09099|R12754
map00680	rn00680	Methane metabolism / C1 metabolism	iEcolC_1368	iG2583_1286	1	R12754	0		31	R00199|R00230|R00235|R00315|R00342|R00345|R00527|R00582|R00604|R00605|R00658|R00756|R00762|R00945|R01068|R01196|R01388|R01440|R01513|R01518|R04173|R06982|R06983|R07136|R08059|R08214|R08215|R08331|R08332|R08572|R09099
map00680	rn00680	Methane metabolism / C1 metabolism	iEcolC_1368	iJO1366	1	R01196	0		31	R00199|R00230|R00235|R00315|R00342|R00345|R00527|R00582|R00604|R00605|R00658|R00756|R00762|R00945|R01068|R01388|R01440|R01513|R01518|R04173|R06982|R06983|R07136|R08059|R08214|R08215|R08331|R08332|R08572|R09099|R12754
map00680	rn00680	Methane metabolism / C1 metabolism	iEcolC_1368	iJR904	4	R00605|R01196|R06982|R08059	0		28	R00199|R00230|R00235|R00315|R00342|R00345|R00527|R00582|R00604|R00658|R00756|R00762|R00945|R01068|R01388|R01440|R01513|R01518|R04173|R06983|R07136|R08214|R08215|R08331|R08332|R08572|R09099|R12754
map00680	rn00680	Methane metabolism / C1 metabolism	iEcolC_1368	iML1515	1	R01196	0		31	R00199|R00230|R00235|R00315|R00342|R00345|R00527|R00582|R00604|R00605|R00658|R00756|R00762|R00945|R01068|R01388|R01440|R01513|R01518|R04173|R06982|R06983|R07136|R08059|R08214|R08215|R08331|R08332|R08572|R09099|R12754
map00680	rn00680	Methane metabolism / C1 metabolism	iG2583_1286	iJO1366	1	R01196	1	R12754	30	R00199|R00230|R00235|R00315|R00342|R00345|R00527|R00582|R00604|R00605|R00658|R00756|R00762|R00945|R01068|R01388|R01440|R01513|R01518|R04173|R06982|R06983|R07136|R08059|R08214|R08215|R08331|R08332|R08572|R09099
map00680	rn00680	Methane metabolism / C1 metabolism	iG2583_1286	iJR904	4	R00605|R01196|R06982|R08059	1	R12754	27	R00199|R00230|R00235|R00315|R00342|R00345|R00527|R00582|R00604|R00658|R00756|R00762|R00945|R01068|R01388|R01440|R01513|R01518|R04173|R06983|R07136|R08214|R08215|R08331|R08332|R08572|R09099
map00680	rn00680	Methane metabolism / C1 metabolism	iG2583_1286	iLF82_1304	0		1	R12754	31	R00199|R00230|R00235|R00315|R00342|R00345|R00527|R00582|R00604|R00605|R00658|R00756|R00762|R00945|R01068|R01196|R01388|R01440|R01513|R01518|R04173|R06982|R06983|R07136|R08059|R08214|R08215|R08331|R08332|R08572|R09099
map00680	rn00680	Methane metabolism / C1 metabolism	iG2583_1286	iML1515	1	R01196	1	R12754	30	R00199|R00230|R00235|R00315|R00342|R00345|R00527|R00582|R00604|R00605|R00658|R00756|R00762|R00945|R01068|R01388|R01440|R01513|R01518|R04173|R06982|R06983|R07136|R08059|R08214|R08215|R08331|R08332|R08572|R09099
map00680	rn00680	Methane metabolism / C1 metabolism	iG2583_1286	iNRG857_1313	0		1	R12754	31	R00199|R00230|R00235|R00315|R00342|R00345|R00527|R00582|R00604|R00605|R00658|R00756|R00762|R00945|R01068|R01196|R01388|R01440|R01513|R01518|R04173|R06982|R06983|R07136|R08059|R08214|R08215|R08331|R08332|R08572|R09099
map00680	rn00680	Methane metabolism / C1 metabolism	iG2583_1286	iUMN146_1321	0		1	R12754	31	R00199|R00230|R00235|R00315|R00342|R00345|R00527|R00582|R00604|R00605|R00658|R00756|R00762|R00945|R01068|R01196|R01388|R01440|R01513|R01518|R04173|R06982|R06983|R07136|R08059|R08214|R08215|R08331|R08332|R08572|R09099
map00680	rn00680	Methane metabolism / C1 metabolism	iG2583_1286	iUMNK88_1353	0		1	R12754	31	R00199|R00230|R00235|R00315|R00342|R00345|R00527|R00582|R00604|R00605|R00658|R00756|R00762|R00945|R01068|R01196|R01388|R01440|R01513|R01518|R04173|R06982|R06983|R07136|R08059|R08214|R08215|R08331|R08332|R08572|R09099
map00680	rn00680	Methane metabolism / C1 metabolism	iG2583_1286	iUTI89_1310	0		1	R12754	31	R00199|R00230|R00235|R00315|R00342|R00345|R00527|R00582|R00604|R00605|R00658|R00756|R00762|R00945|R01068|R01196|R01388|R01440|R01513|R01518|R04173|R06982|R06983|R07136|R08059|R08214|R08215|R08331|R08332|R08572|R09099
map00680	rn00680	Methane metabolism / C1 metabolism	iG2583_1286	iWFL_1372	0		1	R12754	31	R00199|R00230|R00235|R00315|R00342|R00345|R00527|R00582|R00604|R00605|R00658|R00756|R00762|R00945|R01068|R01196|R01388|R01440|R01513|R01518|R04173|R06982|R06983|R07136|R08059|R08214|R08215|R08331|R08332|R08572|R09099
map00680	rn00680	Methane metabolism / C1 metabolism	iG2583_1286	iY75_1357	0		1	R12754	31	R00199|R00230|R00235|R00315|R00342|R00345|R00527|R00582|R00604|R00605|R00658|R00756|R00762|R00945|R01068|R01196|R01388|R01440|R01513|R01518|R04173|R06982|R06983|R07136|R08059|R08214|R08215|R08331|R08332|R08572|R09099
map00680	rn00680	Methane metabolism / C1 metabolism	iG2583_1286	iZ_1308	0		1	R12754	31	R00199|R00230|R00235|R00315|R00342|R00345|R00527|R00582|R00604|R00605|R00658|R00756|R00762|R00945|R01068|R01196|R01388|R01440|R01513|R01518|R04173|R06982|R06983|R07136|R08059|R08214|R08215|R08331|R08332|R08572|R09099
map00680	rn00680	Methane metabolism / C1 metabolism	iG2583_1286	ic_1306	0		1	R12754	31	R00199|R00230|R00235|R00315|R00342|R00345|R00527|R00582|R00604|R00605|R00658|R00756|R00762|R00945|R01068|R01196|R01388|R01440|R01513|R01518|R04173|R06982|R06983|R07136|R08059|R08214|R08215|R08331|R08332|R08572|R09099
map00680	rn00680	Methane metabolism / C1 metabolism	iJO1366	iJR904	3	R00605|R06982|R08059	0		28	R00199|R00230|R00235|R00315|R00342|R00345|R00527|R00582|R00604|R00658|R00756|R00762|R00945|R01068|R01388|R01440|R01513|R01518|R04173|R06983|R07136|R08214|R08215|R08331|R08332|R08572|R09099|R12754
map00680	rn00680	Methane metabolism / C1 metabolism	iJO1366	iLF82_1304	0		1	R01196	31	R00199|R00230|R00235|R00315|R00342|R00345|R00527|R00582|R00604|R00605|R00658|R00756|R00762|R00945|R01068|R01388|R01440|R01513|R01518|R04173|R06982|R06983|R07136|R08059|R08214|R08215|R08331|R08332|R08572|R09099|R12754
map00680	rn00680	Methane metabolism / C1 metabolism	iJO1366	iNRG857_1313	0		1	R01196	31	R00199|R00230|R00235|R00315|R00342|R00345|R00527|R00582|R00604|R00605|R00658|R00756|R00762|R00945|R01068|R01388|R01440|R01513|R01518|R04173|R06982|R06983|R07136|R08059|R08214|R08215|R08331|R08332|R08572|R09099|R12754
map00680	rn00680	Methane metabolism / C1 metabolism	iJO1366	iUMN146_1321	0		1	R01196	31	R00199|R00230|R00235|R00315|R00342|R00345|R00527|R00582|R00604|R00605|R00658|R00756|R00762|R00945|R01068|R01388|R01440|R01513|R01518|R04173|R06982|R06983|R07136|R08059|R08214|R08215|R08331|R08332|R08572|R09099|R12754
map00680	rn00680	Methane metabolism / C1 metabolism	iJO1366	iUMNK88_1353	0		1	R01196	31	R00199|R00230|R00235|R00315|R00342|R00345|R00527|R00582|R00604|R00605|R00658|R00756|R00762|R00945|R01068|R01388|R01440|R01513|R01518|R04173|R06982|R06983|R07136|R08059|R08214|R08215|R08331|R08332|R08572|R09099|R12754
map00680	rn00680	Methane metabolism / C1 metabolism	iJO1366	iUTI89_1310	0		1	R01196	31	R00199|R00230|R00235|R00315|R00342|R00345|R00527|R00582|R00604|R00605|R00658|R00756|R00762|R00945|R01068|R01388|R01440|R01513|R01518|R04173|R06982|R06983|R07136|R08059|R08214|R08215|R08331|R08332|R08572|R09099|R12754
map00680	rn00680	Methane metabolism / C1 metabolism	iJO1366	iWFL_1372	0		1	R01196	31	R00199|R00230|R00235|R00315|R00342|R00345|R00527|R00582|R00604|R00605|R00658|R00756|R00762|R00945|R01068|R01388|R01440|R01513|R01518|R04173|R06982|R06983|R07136|R08059|R08214|R08215|R08331|R08332|R08572|R09099|R12754
map00680	rn00680	Methane metabolism / C1 metabolism	iJO1366	iY75_1357	0		1	R01196	31	R00199|R00230|R00235|R00315|R00342|R00345|R00527|R00582|R00604|R00605|R00658|R00756|R00762|R00945|R01068|R01388|R01440|R01513|R01518|R04173|R06982|R06983|R07136|R08059|R08214|R08215|R08331|R08332|R08572|R09099|R12754
map00680	rn00680	Methane metabolism / C1 metabolism	iJO1366	iZ_1308	0		1	R01196	31	R00199|R00230|R00235|R00315|R00342|R00345|R00527|R00582|R00604|R00605|R00658|R00756|R00762|R00945|R01068|R01388|R01440|R01513|R01518|R04173|R06982|R06983|R07136|R08059|R08214|R08215|R08331|R08332|R08572|R09099|R12754
map00680	rn00680	Methane metabolism / C1 metabolism	iJO1366	ic_1306	0		1	R01196	31	R00199|R00230|R00235|R00315|R00342|R00345|R00527|R00582|R00604|R00605|R00658|R00756|R00762|R00945|R01068|R01388|R01440|R01513|R01518|R04173|R06982|R06983|R07136|R08059|R08214|R08215|R08331|R08332|R08572|R09099|R12754
map00680	rn00680	Methane metabolism / C1 metabolism	iJR904	iLF82_1304	0		4	R00605|R01196|R06982|R08059	28	R00199|R00230|R00235|R00315|R00342|R00345|R00527|R00582|R00604|R00658|R00756|R00762|R00945|R01068|R01388|R01440|R01513|R01518|R04173|R06983|R07136|R08214|R08215|R08331|R08332|R08572|R09099|R12754
map00680	rn00680	Methane metabolism / C1 metabolism	iJR904	iML1515	0		3	R00605|R06982|R08059	28	R00199|R00230|R00235|R00315|R00342|R00345|R00527|R00582|R00604|R00658|R00756|R00762|R00945|R01068|R01388|R01440|R01513|R01518|R04173|R06983|R07136|R08214|R08215|R08331|R08332|R08572|R09099|R12754
map00680	rn00680	Methane metabolism / C1 metabolism	iJR904	iNRG857_1313	0		4	R00605|R01196|R06982|R08059	28	R00199|R00230|R00235|R00315|R00342|R00345|R00527|R00582|R00604|R00658|R00756|R00762|R00945|R01068|R01388|R01440|R01513|R01518|R04173|R06983|R07136|R08214|R08215|R08331|R08332|R08572|R09099|R12754
map00680	rn00680	Methane metabolism / C1 metabolism	iJR904	iUMN146_1321	0		4	R00605|R01196|R06982|R08059	28	R00199|R00230|R00235|R00315|R00342|R00345|R00527|R00582|R00604|R00658|R00756|R00762|R00945|R01068|R01388|R01440|R01513|R01518|R04173|R06983|R07136|R08214|R08215|R08331|R08332|R08572|R09099|R12754
map00680	rn00680	Methane metabolism / C1 metabolism	iJR904	iUMNK88_1353	0		4	R00605|R01196|R06982|R08059	28	R00199|R00230|R00235|R00315|R00342|R00345|R00527|R00582|R00604|R00658|R00756|R00762|R00945|R01068|R01388|R01440|R01513|R01518|R04173|R06983|R07136|R08214|R08215|R08331|R08332|R08572|R09099|R12754
map00680	rn00680	Methane metabolism / C1 metabolism	iJR904	iUTI89_1310	0		4	R00605|R01196|R06982|R08059	28	R00199|R00230|R00235|R00315|R00342|R00345|R00527|R00582|R00604|R00658|R00756|R00762|R00945|R01068|R01388|R01440|R01513|R01518|R04173|R06983|R07136|R08214|R08215|R08331|R08332|R08572|R09099|R12754
map00680	rn00680	Methane metabolism / C1 metabolism	iJR904	iWFL_1372	0		4	R00605|R01196|R06982|R08059	28	R00199|R00230|R00235|R00315|R00342|R00345|R00527|R00582|R00604|R00658|R00756|R00762|R00945|R01068|R01388|R01440|R01513|R01518|R04173|R06983|R07136|R08214|R08215|R08331|R08332|R08572|R09099|R12754
map00680	rn00680	Methane metabolism / C1 metabolism	iJR904	iY75_1357	0		4	R00605|R01196|R06982|R08059	28	R00199|R00230|R00235|R00315|R00342|R00345|R00527|R00582|R00604|R00658|R00756|R00762|R00945|R01068|R01388|R01440|R01513|R01518|R04173|R06983|R07136|R08214|R08215|R08331|R08332|R08572|R09099|R12754
map00680	rn00680	Methane metabolism / C1 metabolism	iJR904	iZ_1308	0		4	R00605|R01196|R06982|R08059	28	R00199|R00230|R00235|R00315|R00342|R00345|R00527|R00582|R00604|R00658|R00756|R00762|R00945|R01068|R01388|R01440|R01513|R01518|R04173|R06983|R07136|R08214|R08215|R08331|R08332|R08572|R09099|R12754
map00680	rn00680	Methane metabolism / C1 metabolism	iJR904	ic_1306	0		4	R00605|R01196|R06982|R08059	28	R00199|R00230|R00235|R00315|R00342|R00345|R00527|R00582|R00604|R00658|R00756|R00762|R00945|R01068|R01388|R01440|R01513|R01518|R04173|R06983|R07136|R08214|R08215|R08331|R08332|R08572|R09099|R12754
map00680	rn00680	Methane metabolism / C1 metabolism	iLF82_1304	iML1515	1	R01196	0		31	R00199|R00230|R00235|R00315|R00342|R00345|R00527|R00582|R00604|R00605|R00658|R00756|R00762|R00945|R01068|R01388|R01440|R01513|R01518|R04173|R06982|R06983|R07136|R08059|R08214|R08215|R08331|R08332|R08572|R09099|R12754
map00680	rn00680	Methane metabolism / C1 metabolism	iML1515	iNRG857_1313	0		1	R01196	31	R00199|R00230|R00235|R00315|R00342|R00345|R00527|R00582|R00604|R00605|R00658|R00756|R00762|R00945|R01068|R01388|R01440|R01513|R01518|R04173|R06982|R06983|R07136|R08059|R08214|R08215|R08331|R08332|R08572|R09099|R12754
map00680	rn00680	Methane metabolism / C1 metabolism	iML1515	iUMN146_1321	0		1	R01196	31	R00199|R00230|R00235|R00315|R00342|R00345|R00527|R00582|R00604|R00605|R00658|R00756|R00762|R00945|R01068|R01388|R01440|R01513|R01518|R04173|R06982|R06983|R07136|R08059|R08214|R08215|R08331|R08332|R08572|R09099|R12754
map00680	rn00680	Methane metabolism / C1 metabolism	iML1515	iUMNK88_1353	0		1	R01196	31	R00199|R00230|R00235|R00315|R00342|R00345|R00527|R00582|R00604|R00605|R00658|R00756|R00762|R00945|R01068|R01388|R01440|R01513|R01518|R04173|R06982|R06983|R07136|R08059|R08214|R08215|R08331|R08332|R08572|R09099|R12754
map00680	rn00680	Methane metabolism / C1 metabolism	iML1515	iUTI89_1310	0		1	R01196	31	R00199|R00230|R00235|R00315|R00342|R00345|R00527|R00582|R00604|R00605|R00658|R00756|R00762|R00945|R01068|R01388|R01440|R01513|R01518|R04173|R06982|R06983|R07136|R08059|R08214|R08215|R08331|R08332|R08572|R09099|R12754
map00680	rn00680	Methane metabolism / C1 metabolism	iML1515	iWFL_1372	0		1	R01196	31	R00199|R00230|R00235|R00315|R00342|R00345|R00527|R00582|R00604|R00605|R00658|R00756|R00762|R00945|R01068|R01388|R01440|R01513|R01518|R04173|R06982|R06983|R07136|R08059|R08214|R08215|R08331|R08332|R08572|R09099|R12754
map00680	rn00680	Methane metabolism / C1 metabolism	iML1515	iY75_1357	0		1	R01196	31	R00199|R00230|R00235|R00315|R00342|R00345|R00527|R00582|R00604|R00605|R00658|R00756|R00762|R00945|R01068|R01388|R01440|R01513|R01518|R04173|R06982|R06983|R07136|R08059|R08214|R08215|R08331|R08332|R08572|R09099|R12754
map00680	rn00680	Methane metabolism / C1 metabolism	iML1515	iZ_1308	0		1	R01196	31	R00199|R00230|R00235|R00315|R00342|R00345|R00527|R00582|R00604|R00605|R00658|R00756|R00762|R00945|R01068|R01388|R01440|R01513|R01518|R04173|R06982|R06983|R07136|R08059|R08214|R08215|R08331|R08332|R08572|R09099|R12754
map00680	rn00680	Methane metabolism / C1 metabolism	iML1515	ic_1306	0		1	R01196	31	R00199|R00230|R00235|R00315|R00342|R00345|R00527|R00582|R00604|R00605|R00658|R00756|R00762|R00945|R01068|R01388|R01440|R01513|R01518|R04173|R06982|R06983|R07136|R08059|R08214|R08215|R08331|R08332|R08572|R09099|R12754
