status	bigg_id	organism	pathway	pathway_rn	pathway_label	source_reaction_count	source_metabolite_count	source_gene_count	model_reactions	model_metabolites	kegg_reactions	kegg_metabolites	kgml_reaction_entries_omitted	kgml_reactions_omitted	matched_reactions	unmatched_reactions	reaction_retention_percent	matched_metabolites	unmatched_metabolites	metabolite_retention_percent	escher_nodes	escher_reactions	escher_segments	invalid_segments_removed	secondary_nodes_seen	secondary_nodes_converted	map_json	map_html	summary_json	model_xml	elapsed_seconds	error
built	e_coli_core	Escherichia coli str. K-12 substr. MG1655	map00010	rn00010	Glycolysis / gluconeogenesis	95	72	137	95	72	56	31	0		26	30	46.43	15	16	48.39	169	26	176	0	67	0	outputs\bigg_prokaryote_bioemma\maps\map00010\e_coli_core\e_coli_core_map00010_map.json	outputs\bigg_prokaryote_bioemma\maps\map00010\e_coli_core\e_coli_core_map00010_map.html	outputs\bigg_prokaryote_bioemma\maps\map00010\e_coli_core\summary.json	outputs\bigg_prokaryote_bioemma\models\e_coli_core.xml	2.688	
built	e_coli_core	Escherichia coli str. K-12 substr. MG1655	map00020	rn00020	Citrate cycle (TCA cycle)	95	72	137	95	72	29	20	0		20	9	68.97	12	8	60.0	141	20	150	0	61	0	outputs\bigg_prokaryote_bioemma\maps\map00020\e_coli_core\e_coli_core_map00020_map.json	outputs\bigg_prokaryote_bioemma\maps\map00020\e_coli_core\e_coli_core_map00020_map.html	outputs\bigg_prokaryote_bioemma\maps\map00020\e_coli_core\summary.json	outputs\bigg_prokaryote_bioemma\models\e_coli_core.xml	0.878	
built	e_coli_core	Escherichia coli str. K-12 substr. MG1655	map00030	rn00030	Pentose phosphate pathway	95	72	137	95	72	58	37	1	R06837	17	41	29.31	14	23	37.84	101	17	106	0	32	0	outputs\bigg_prokaryote_bioemma\maps\map00030\e_coli_core\e_coli_core_map00030_map.json	outputs\bigg_prokaryote_bioemma\maps\map00030\e_coli_core\e_coli_core_map00030_map.html	outputs\bigg_prokaryote_bioemma\maps\map00030\e_coli_core\summary.json	outputs\bigg_prokaryote_bioemma\models\e_coli_core.xml	1.043	
built	e_coli_core	Escherichia coli str. K-12 substr. MG1655	map00680	rn00680	Methane metabolism / C1 metabolism	95	72	137	95	72	104	86	3	R08323, R08328, R10397	15	89	14.42	18	68	20.93	112	15	103	0	40	0	outputs\bigg_prokaryote_bioemma\maps\map00680\e_coli_core\e_coli_core_map00680_map.json	outputs\bigg_prokaryote_bioemma\maps\map00680\e_coli_core\e_coli_core_map00680_map.html	outputs\bigg_prokaryote_bioemma\maps\map00680\e_coli_core\summary.json	outputs\bigg_prokaryote_bioemma\models\e_coli_core.xml	0.823	
built	iAF1260	Escherichia coli str. K-12 substr. MG1655	map00010	rn00010	Glycolysis / gluconeogenesis	2382	1668	1261	2382	1668	56	31	0		40	16	71.43	19	12	61.29	269	40	283	0	118	0	outputs\bigg_prokaryote_bioemma\maps\map00010\iAF1260\iAF1260_map00010_map.json	outputs\bigg_prokaryote_bioemma\maps\map00010\iAF1260\iAF1260_map00010_map.html	outputs\bigg_prokaryote_bioemma\maps\map00010\iAF1260\summary.json	outputs\bigg_prokaryote_bioemma\models\iAF1260.xml	1.773	
built	iAF1260	Escherichia coli str. K-12 substr. MG1655	map00020	rn00020	Citrate cycle (TCA cycle)	2382	1668	1261	2382	1668	29	20	0		22	7	75.86	13	7	65.0	150	22	162	0	64	0	outputs\bigg_prokaryote_bioemma\maps\map00020\iAF1260\iAF1260_map00020_map.json	outputs\bigg_prokaryote_bioemma\maps\map00020\iAF1260\iAF1260_map00020_map.html	outputs\bigg_prokaryote_bioemma\maps\map00020\iAF1260\summary.json	outputs\bigg_prokaryote_bioemma\models\iAF1260.xml	1.226	
built	iAF1260	Escherichia coli str. K-12 substr. MG1655	map00030	rn00030	Pentose phosphate pathway	2382	1668	1261	2382	1668	58	37	1	R06837	34	24	58.62	26	11	70.27	204	34	215	0	71	0	outputs\bigg_prokaryote_bioemma\maps\map00030\iAF1260\iAF1260_map00030_map.json	outputs\bigg_prokaryote_bioemma\maps\map00030\iAF1260\iAF1260_map00030_map.html	outputs\bigg_prokaryote_bioemma\maps\map00030\iAF1260\summary.json	outputs\bigg_prokaryote_bioemma\models\iAF1260.xml	1.752	
built	iAF1260	Escherichia coli str. K-12 substr. MG1655	map00680	rn00680	Methane metabolism / C1 metabolism	2382	1668	1261	2382	1668	104	86	3	R08323, R08328, R10397	31	73	29.81	35	51	40.7	232	31	221	0	92	0	outputs\bigg_prokaryote_bioemma\maps\map00680\iAF1260\iAF1260_map00680_map.json	outputs\bigg_prokaryote_bioemma\maps\map00680\iAF1260\iAF1260_map00680_map.html	outputs\bigg_prokaryote_bioemma\maps\map00680\iAF1260\summary.json	outputs\bigg_prokaryote_bioemma\models\iAF1260.xml	2.758	
built	iAF1260b	Escherichia coli str. K-12 substr. MG1655	map00010	rn00010	Glycolysis / gluconeogenesis	2388	1668	1261	2388	1668	56	31	0		40	16	71.43	19	12	61.29	269	40	283	0	118	0	outputs\bigg_prokaryote_bioemma\maps\map00010\iAF1260b\iAF1260b_map00010_map.json	outputs\bigg_prokaryote_bioemma\maps\map00010\iAF1260b\iAF1260b_map00010_map.html	outputs\bigg_prokaryote_bioemma\maps\map00010\iAF1260b\summary.json	outputs\bigg_prokaryote_bioemma\models\iAF1260b.xml	1.919	
built	iAF1260b	Escherichia coli str. K-12 substr. MG1655	map00020	rn00020	Citrate cycle (TCA cycle)	2388	1668	1261	2388	1668	29	20	0		22	7	75.86	13	7	65.0	150	22	162	0	64	0	outputs\bigg_prokaryote_bioemma\maps\map00020\iAF1260b\iAF1260b_map00020_map.json	outputs\bigg_prokaryote_bioemma\maps\map00020\iAF1260b\iAF1260b_map00020_map.html	outputs\bigg_prokaryote_bioemma\maps\map00020\iAF1260b\summary.json	outputs\bigg_prokaryote_bioemma\models\iAF1260b.xml	1.386	
built	iAF1260b	Escherichia coli str. K-12 substr. MG1655	map00030	rn00030	Pentose phosphate pathway	2388	1668	1261	2388	1668	58	37	1	R06837	34	24	58.62	26	11	70.27	204	34	215	0	71	0	outputs\bigg_prokaryote_bioemma\maps\map00030\iAF1260b\iAF1260b_map00030_map.json	outputs\bigg_prokaryote_bioemma\maps\map00030\iAF1260b\iAF1260b_map00030_map.html	outputs\bigg_prokaryote_bioemma\maps\map00030\iAF1260b\summary.json	outputs\bigg_prokaryote_bioemma\models\iAF1260b.xml	1.791	
built	iAF1260b	Escherichia coli str. K-12 substr. MG1655	map00680	rn00680	Methane metabolism / C1 metabolism	2388	1668	1261	2388	1668	104	86	3	R08323, R08328, R10397	31	73	29.81	35	51	40.7	232	31	221	0	92	0	outputs\bigg_prokaryote_bioemma\maps\map00680\iAF1260b\iAF1260b_map00680_map.json	outputs\bigg_prokaryote_bioemma\maps\map00680\iAF1260b\iAF1260b_map00680_map.html	outputs\bigg_prokaryote_bioemma\maps\map00680\iAF1260b\summary.json	outputs\bigg_prokaryote_bioemma\models\iAF1260b.xml	2.666	
built	iAF692	Methanosarcina barkeri str. Fusaro	map00010	rn00010	Glycolysis / gluconeogenesis	690	628	692	690	628	56	31	0		33	23	58.93	19	12	61.29	226	33	233	0	99	0	outputs\bigg_prokaryote_bioemma\maps\map00010\iAF692\iAF692_map00010_map.json	outputs\bigg_prokaryote_bioemma\maps\map00010\iAF692\iAF692_map00010_map.html	outputs\bigg_prokaryote_bioemma\maps\map00010\iAF692\summary.json	outputs\bigg_prokaryote_bioemma\models\iAF692.xml	1.66	
built	iAF692	Methanosarcina barkeri str. Fusaro	map00020	rn00020	Citrate cycle (TCA cycle)	690	628	692	690	628	29	20	0		10	19	34.48	12	8	60.0	70	10	67	0	25	0	outputs\bigg_prokaryote_bioemma\maps\map00020\iAF692\iAF692_map00020_map.json	outputs\bigg_prokaryote_bioemma\maps\map00020\iAF692\iAF692_map00020_map.html	outputs\bigg_prokaryote_bioemma\maps\map00020\iAF692\summary.json	outputs\bigg_prokaryote_bioemma\models\iAF692.xml	0.909	
built	iAF692	Methanosarcina barkeri str. Fusaro	map00030	rn00030	Pentose phosphate pathway	690	628	692	690	628	58	37	1	R06837	17	41	29.31	21	16	56.76	107	17	104	0	30	0	outputs\bigg_prokaryote_bioemma\maps\map00030\iAF692\iAF692_map00030_map.json	outputs\bigg_prokaryote_bioemma\maps\map00030\iAF692\iAF692_map00030_map.html	outputs\bigg_prokaryote_bioemma\maps\map00030\iAF692\summary.json	outputs\bigg_prokaryote_bioemma\models\iAF692.xml	1.324	
built	iAF692	Methanosarcina barkeri str. Fusaro	map00680	rn00680	Methane metabolism / C1 metabolism	690	628	692	690	628	104	86	3	R08323, R08328, R10397	43	61	41.35	57	29	66.28	301	43	284	0	105	0	outputs\bigg_prokaryote_bioemma\maps\map00680\iAF692\iAF692_map00680_map.json	outputs\bigg_prokaryote_bioemma\maps\map00680\iAF692\iAF692_map00680_map.html	outputs\bigg_prokaryote_bioemma\maps\map00680\iAF692\summary.json	outputs\bigg_prokaryote_bioemma\models\iAF692.xml	1.266	
built	iAF987	Geobacter metallireducens GS-15	map00010	rn00010	Glycolysis / gluconeogenesis	1285	1109	987	1285	1109	56	31	0		33	23	58.93	18	13	58.06	222	33	233	0	96	0	outputs\bigg_prokaryote_bioemma\maps\map00010\iAF987\iAF987_map00010_map.json	outputs\bigg_prokaryote_bioemma\maps\map00010\iAF987\iAF987_map00010_map.html	outputs\bigg_prokaryote_bioemma\maps\map00010\iAF987\summary.json	outputs\bigg_prokaryote_bioemma\models\iAF987.xml	1.525	
built	iAF987	Geobacter metallireducens GS-15	map00020	rn00020	Citrate cycle (TCA cycle)	1285	1109	987	1285	1109	29	20	0		22	7	75.86	13	7	65.0	155	22	167	0	69	0	outputs\bigg_prokaryote_bioemma\maps\map00020\iAF987\iAF987_map00020_map.json	outputs\bigg_prokaryote_bioemma\maps\map00020\iAF987\iAF987_map00020_map.html	outputs\bigg_prokaryote_bioemma\maps\map00020\iAF987\summary.json	outputs\bigg_prokaryote_bioemma\models\iAF987.xml	1.017	
built	iAF987	Geobacter metallireducens GS-15	map00030	rn00030	Pentose phosphate pathway	1285	1109	987	1285	1109	58	37	1	R06837	23	35	39.66	18	19	48.65	142	23	146	0	48	0	outputs\bigg_prokaryote_bioemma\maps\map00030\iAF987\iAF987_map00030_map.json	outputs\bigg_prokaryote_bioemma\maps\map00030\iAF987\iAF987_map00030_map.html	outputs\bigg_prokaryote_bioemma\maps\map00030\iAF987\summary.json	outputs\bigg_prokaryote_bioemma\models\iAF987.xml	1.423	
built	iAF987	Geobacter metallireducens GS-15	map00680	rn00680	Methane metabolism / C1 metabolism	1285	1109	987	1285	1109	104	86	3	R08323, R08328, R10397	28	76	26.92	29	57	33.72	222	28	209	0	92	0	outputs\bigg_prokaryote_bioemma\maps\map00680\iAF987\iAF987_map00680_map.json	outputs\bigg_prokaryote_bioemma\maps\map00680\iAF987\iAF987_map00680_map.html	outputs\bigg_prokaryote_bioemma\maps\map00680\iAF987\summary.json	outputs\bigg_prokaryote_bioemma\models\iAF987.xml	2.041	
built	iAPECO1_1312	Escherichia coli APEC O1	map00010	rn00010	Glycolysis / gluconeogenesis	2735	1942	1313	2735	1942	56	31	0		41	15	73.21	22	9	70.97	279	41	294	0	125	0	outputs\bigg_prokaryote_bioemma\maps\map00010\iAPECO1_1312\iAPECO1_1312_map00010_map.json	outputs\bigg_prokaryote_bioemma\maps\map00010\iAPECO1_1312\iAPECO1_1312_map00010_map.html	outputs\bigg_prokaryote_bioemma\maps\map00010\iAPECO1_1312\summary.json	outputs\bigg_prokaryote_bioemma\models\iAPECO1_1312.xml	1.921	
built	iAPECO1_1312	Escherichia coli APEC O1	map00020	rn00020	Citrate cycle (TCA cycle)	2735	1942	1313	2735	1942	29	20	0		23	6	79.31	13	7	65.0	158	23	171	0	69	0	outputs\bigg_prokaryote_bioemma\maps\map00020\iAPECO1_1312\iAPECO1_1312_map00020_map.json	outputs\bigg_prokaryote_bioemma\maps\map00020\iAPECO1_1312\iAPECO1_1312_map00020_map.html	outputs\bigg_prokaryote_bioemma\maps\map00020\iAPECO1_1312\summary.json	outputs\bigg_prokaryote_bioemma\models\iAPECO1_1312.xml	1.44	
built	iAPECO1_1312	Escherichia coli APEC O1	map00030	rn00030	Pentose phosphate pathway	2735	1942	1313	2735	1942	58	37	1	R06837	34	24	58.62	26	11	70.27	206	34	217	0	73	0	outputs\bigg_prokaryote_bioemma\maps\map00030\iAPECO1_1312\iAPECO1_1312_map00030_map.json	outputs\bigg_prokaryote_bioemma\maps\map00030\iAPECO1_1312\iAPECO1_1312_map00030_map.html	outputs\bigg_prokaryote_bioemma\maps\map00030\iAPECO1_1312\summary.json	outputs\bigg_prokaryote_bioemma\models\iAPECO1_1312.xml	1.961	
built	iAPECO1_1312	Escherichia coli APEC O1	map00680	rn00680	Methane metabolism / C1 metabolism	2735	1942	1313	2735	1942	104	86	3	R08323, R08328, R10397	32	72	30.77	36	50	41.86	239	32	229	0	96	0	outputs\bigg_prokaryote_bioemma\maps\map00680\iAPECO1_1312\iAPECO1_1312_map00680_map.json	outputs\bigg_prokaryote_bioemma\maps\map00680\iAPECO1_1312\iAPECO1_1312_map00680_map.html	outputs\bigg_prokaryote_bioemma\maps\map00680\iAPECO1_1312\summary.json	outputs\bigg_prokaryote_bioemma\models\iAPECO1_1312.xml	2.999	
built	iB21_1397	Escherichia coli BL21(DE3)	map00010	rn00010	Glycolysis / gluconeogenesis	2741	1943	1337	2741	1943	56	31	0		41	15	73.21	21	10	67.74	278	41	293	0	124	0	outputs\bigg_prokaryote_bioemma\maps\map00010\iB21_1397\iB21_1397_map00010_map.json	outputs\bigg_prokaryote_bioemma\maps\map00010\iB21_1397\iB21_1397_map00010_map.html	outputs\bigg_prokaryote_bioemma\maps\map00010\iB21_1397\summary.json	outputs\bigg_prokaryote_bioemma\models\iB21_1397.xml	2.045	
built	iB21_1397	Escherichia coli BL21(DE3)	map00020	rn00020	Citrate cycle (TCA cycle)	2741	1943	1337	2741	1943	29	20	0		23	6	79.31	13	7	65.0	158	23	171	0	69	0	outputs\bigg_prokaryote_bioemma\maps\map00020\iB21_1397\iB21_1397_map00020_map.json	outputs\bigg_prokaryote_bioemma\maps\map00020\iB21_1397\iB21_1397_map00020_map.html	outputs\bigg_prokaryote_bioemma\maps\map00020\iB21_1397\summary.json	outputs\bigg_prokaryote_bioemma\models\iB21_1397.xml	1.328	
built	iB21_1397	Escherichia coli BL21(DE3)	map00030	rn00030	Pentose phosphate pathway	2741	1943	1337	2741	1943	58	37	1	R06837	33	25	56.9	26	11	70.27	201	33	211	0	71	0	outputs\bigg_prokaryote_bioemma\maps\map00030\iB21_1397\iB21_1397_map00030_map.json	outputs\bigg_prokaryote_bioemma\maps\map00030\iB21_1397\iB21_1397_map00030_map.html	outputs\bigg_prokaryote_bioemma\maps\map00030\iB21_1397\summary.json	outputs\bigg_prokaryote_bioemma\models\iB21_1397.xml	1.957	
built	iB21_1397	Escherichia coli BL21(DE3)	map00680	rn00680	Methane metabolism / C1 metabolism	2741	1943	1337	2741	1943	104	86	3	R08323, R08328, R10397	32	72	30.77	36	50	41.86	239	32	229	0	96	0	outputs\bigg_prokaryote_bioemma\maps\map00680\iB21_1397\iB21_1397_map00680_map.json	outputs\bigg_prokaryote_bioemma\maps\map00680\iB21_1397\iB21_1397_map00680_map.html	outputs\bigg_prokaryote_bioemma\maps\map00680\iB21_1397\summary.json	outputs\bigg_prokaryote_bioemma\models\iB21_1397.xml	3.155	
built	iBWG_1329	Escherichia coli BW2952	map00010	rn00010	Glycolysis / gluconeogenesis	2741	1949	1329	2741	1949	56	31	0		41	15	73.21	21	10	67.74	277	41	292	0	123	0	outputs\bigg_prokaryote_bioemma\maps\map00010\iBWG_1329\iBWG_1329_map00010_map.json	outputs\bigg_prokaryote_bioemma\maps\map00010\iBWG_1329\iBWG_1329_map00010_map.html	outputs\bigg_prokaryote_bioemma\maps\map00010\iBWG_1329\summary.json	outputs\bigg_prokaryote_bioemma\models\iBWG_1329.xml	2.088	
built	iBWG_1329	Escherichia coli BW2952	map00020	rn00020	Citrate cycle (TCA cycle)	2741	1949	1329	2741	1949	29	20	0		23	6	79.31	13	7	65.0	158	23	171	0	69	0	outputs\bigg_prokaryote_bioemma\maps\map00020\iBWG_1329\iBWG_1329_map00020_map.json	outputs\bigg_prokaryote_bioemma\maps\map00020\iBWG_1329\iBWG_1329_map00020_map.html	outputs\bigg_prokaryote_bioemma\maps\map00020\iBWG_1329\summary.json	outputs\bigg_prokaryote_bioemma\models\iBWG_1329.xml	1.363	
built	iBWG_1329	Escherichia coli BW2952	map00030	rn00030	Pentose phosphate pathway	2741	1949	1329	2741	1949	58	37	1	R06837	34	24	58.62	26	11	70.27	206	34	217	0	73	0	outputs\bigg_prokaryote_bioemma\maps\map00030\iBWG_1329\iBWG_1329_map00030_map.json	outputs\bigg_prokaryote_bioemma\maps\map00030\iBWG_1329\iBWG_1329_map00030_map.html	outputs\bigg_prokaryote_bioemma\maps\map00030\iBWG_1329\summary.json	outputs\bigg_prokaryote_bioemma\models\iBWG_1329.xml	1.997	
built	iBWG_1329	Escherichia coli BW2952	map00680	rn00680	Methane metabolism / C1 metabolism	2741	1949	1329	2741	1949	104	86	3	R08323, R08328, R10397	32	72	30.77	36	50	41.86	239	32	229	0	96	0	outputs\bigg_prokaryote_bioemma\maps\map00680\iBWG_1329\iBWG_1329_map00680_map.json	outputs\bigg_prokaryote_bioemma\maps\map00680\iBWG_1329\iBWG_1329_map00680_map.html	outputs\bigg_prokaryote_bioemma\maps\map00680\iBWG_1329\summary.json	outputs\bigg_prokaryote_bioemma\models\iBWG_1329.xml	3.226	
built	ic_1306	Escherichia coli CFT073	map00010	rn00010	Glycolysis / gluconeogenesis	2726	1936	1307	2726	1936	56	31	0		41	15	73.21	22	9	70.97	279	41	294	0	125	0	outputs\bigg_prokaryote_bioemma\maps\map00010\ic_1306\ic_1306_map00010_map.json	outputs\bigg_prokaryote_bioemma\maps\map00010\ic_1306\ic_1306_map00010_map.html	outputs\bigg_prokaryote_bioemma\maps\map00010\ic_1306\summary.json	outputs\bigg_prokaryote_bioemma\models\ic_1306.xml	2.049	
built	ic_1306	Escherichia coli CFT073	map00020	rn00020	Citrate cycle (TCA cycle)	2726	1936	1307	2726	1936	29	20	0		23	6	79.31	13	7	65.0	158	23	171	0	69	0	outputs\bigg_prokaryote_bioemma\maps\map00020\ic_1306\ic_1306_map00020_map.json	outputs\bigg_prokaryote_bioemma\maps\map00020\ic_1306\ic_1306_map00020_map.html	outputs\bigg_prokaryote_bioemma\maps\map00020\ic_1306\summary.json	outputs\bigg_prokaryote_bioemma\models\ic_1306.xml	1.511	
built	ic_1306	Escherichia coli CFT073	map00030	rn00030	Pentose phosphate pathway	2726	1936	1307	2726	1936	58	37	1	R06837	34	24	58.62	26	11	70.27	205	34	216	0	72	0	outputs\bigg_prokaryote_bioemma\maps\map00030\ic_1306\ic_1306_map00030_map.json	outputs\bigg_prokaryote_bioemma\maps\map00030\ic_1306\ic_1306_map00030_map.html	outputs\bigg_prokaryote_bioemma\maps\map00030\ic_1306\summary.json	outputs\bigg_prokaryote_bioemma\models\ic_1306.xml	1.869	
built	ic_1306	Escherichia coli CFT073	map00680	rn00680	Methane metabolism / C1 metabolism	2726	1936	1307	2726	1936	104	86	3	R08323, R08328, R10397	32	72	30.77	36	50	41.86	238	32	228	0	95	0	outputs\bigg_prokaryote_bioemma\maps\map00680\ic_1306\ic_1306_map00680_map.json	outputs\bigg_prokaryote_bioemma\maps\map00680\ic_1306\ic_1306_map00680_map.html	outputs\bigg_prokaryote_bioemma\maps\map00680\ic_1306\summary.json	outputs\bigg_prokaryote_bioemma\models\ic_1306.xml	2.999	
built	iCN718	Acinetobacter baumannii AYE	map00010	rn00010	Glycolysis / gluconeogenesis	1015	888	709	1015	888	56	31	0		28	28	50.0	21	10	67.74	178	28	185	0	68	0	outputs\bigg_prokaryote_bioemma\maps\map00010\iCN718\iCN718_map00010_map.json	outputs\bigg_prokaryote_bioemma\maps\map00010\iCN718\iCN718_map00010_map.html	outputs\bigg_prokaryote_bioemma\maps\map00010\iCN718\summary.json	outputs\bigg_prokaryote_bioemma\models\iCN718.xml	1.355	
built	iCN718	Acinetobacter baumannii AYE	map00020	rn00020	Citrate cycle (TCA cycle)	1015	888	709	1015	888	29	20	0		21	8	72.41	13	7	65.0	138	21	149	0	55	0	outputs\bigg_prokaryote_bioemma\maps\map00020\iCN718\iCN718_map00020_map.json	outputs\bigg_prokaryote_bioemma\maps\map00020\iCN718\iCN718_map00020_map.html	outputs\bigg_prokaryote_bioemma\maps\map00020\iCN718\summary.json	outputs\bigg_prokaryote_bioemma\models\iCN718.xml	1.084	
built	iCN718	Acinetobacter baumannii AYE	map00030	rn00030	Pentose phosphate pathway	1015	888	709	1015	888	58	37	1	R06837	20	38	34.48	24	13	64.86	114	20	115	0	27	0	outputs\bigg_prokaryote_bioemma\maps\map00030\iCN718\iCN718_map00030_map.json	outputs\bigg_prokaryote_bioemma\maps\map00030\iCN718\iCN718_map00030_map.html	outputs\bigg_prokaryote_bioemma\maps\map00030\iCN718\summary.json	outputs\bigg_prokaryote_bioemma\models\iCN718.xml	1.295	
built	iCN718	Acinetobacter baumannii AYE	map00680	rn00680	Methane metabolism / C1 metabolism	1015	888	709	1015	888	104	86	3	R08323, R08328, R10397	31	73	29.81	30	56	34.88	233	31	223	0	94	0	outputs\bigg_prokaryote_bioemma\maps\map00680\iCN718\iCN718_map00680_map.json	outputs\bigg_prokaryote_bioemma\maps\map00680\iCN718\iCN718_map00680_map.html	outputs\bigg_prokaryote_bioemma\maps\map00680\iCN718\summary.json	outputs\bigg_prokaryote_bioemma\models\iCN718.xml	1.828	
built	iCN900	Clostridioides difficile 630	map00010	rn00010	Glycolysis / gluconeogenesis	1229	885	900	1229	885	56	31	0		42	14	75.0	24	7	77.42	275	42	291	0	118	0	outputs\bigg_prokaryote_bioemma\maps\map00010\iCN900\iCN900_map00010_map.json	outputs\bigg_prokaryote_bioemma\maps\map00010\iCN900\iCN900_map00010_map.html	outputs\bigg_prokaryote_bioemma\maps\map00010\iCN900\summary.json	outputs\bigg_prokaryote_bioemma\models\iCN900.xml	1.384	
built	iCN900	Clostridioides difficile 630	map00020	rn00020	Citrate cycle (TCA cycle)	1229	885	900	1229	885	29	20	0		23	6	79.31	13	7	65.0	166	23	178	0	77	0	outputs\bigg_prokaryote_bioemma\maps\map00020\iCN900\iCN900_map00020_map.json	outputs\bigg_prokaryote_bioemma\maps\map00020\iCN900\iCN900_map00020_map.html	outputs\bigg_prokaryote_bioemma\maps\map00020\iCN900\summary.json	outputs\bigg_prokaryote_bioemma\models\iCN900.xml	1.01	
built	iCN900	Clostridioides difficile 630	map00030	rn00030	Pentose phosphate pathway	1229	885	900	1229	885	58	37	1	R06837	32	26	55.17	26	11	70.27	189	32	200	0	64	0	outputs\bigg_prokaryote_bioemma\maps\map00030\iCN900\iCN900_map00030_map.json	outputs\bigg_prokaryote_bioemma\maps\map00030\iCN900\iCN900_map00030_map.html	outputs\bigg_prokaryote_bioemma\maps\map00030\iCN900\summary.json	outputs\bigg_prokaryote_bioemma\models\iCN900.xml	1.389	
built	iCN900	Clostridioides difficile 630	map00680	rn00680	Methane metabolism / C1 metabolism	1229	885	900	1229	885	104	86	3	R08323, R08328, R10397	33	71	31.73	32	54	37.21	241	33	235	0	96	0	outputs\bigg_prokaryote_bioemma\maps\map00680\iCN900\iCN900_map00680_map.json	outputs\bigg_prokaryote_bioemma\maps\map00680\iCN900\iCN900_map00680_map.html	outputs\bigg_prokaryote_bioemma\maps\map00680\iCN900\summary.json	outputs\bigg_prokaryote_bioemma\models\iCN900.xml	1.836	
built	iE2348C_1286	Escherichia coli O127:H6 str. E2348/69	map00010	rn00010	Glycolysis / gluconeogenesis	2703	1919	1287	2703	1919	56	31	0		41	15	73.21	21	10	67.74	278	41	293	0	124	0	outputs\bigg_prokaryote_bioemma\maps\map00010\iE2348C_1286\iE2348C_1286_map00010_map.json	outputs\bigg_prokaryote_bioemma\maps\map00010\iE2348C_1286\iE2348C_1286_map00010_map.html	outputs\bigg_prokaryote_bioemma\maps\map00010\iE2348C_1286\summary.json	outputs\bigg_prokaryote_bioemma\models\iE2348C_1286.xml	1.95	
built	iE2348C_1286	Escherichia coli O127:H6 str. E2348/69	map00020	rn00020	Citrate cycle (TCA cycle)	2703	1919	1287	2703	1919	29	20	0		23	6	79.31	13	7	65.0	157	23	170	0	68	0	outputs\bigg_prokaryote_bioemma\maps\map00020\iE2348C_1286\iE2348C_1286_map00020_map.json	outputs\bigg_prokaryote_bioemma\maps\map00020\iE2348C_1286\iE2348C_1286_map00020_map.html	outputs\bigg_prokaryote_bioemma\maps\map00020\iE2348C_1286\summary.json	outputs\bigg_prokaryote_bioemma\models\iE2348C_1286.xml	1.306	
built	iE2348C_1286	Escherichia coli O127:H6 str. E2348/69	map00030	rn00030	Pentose phosphate pathway	2703	1919	1287	2703	1919	58	37	1	R06837	33	25	56.9	26	11	70.27	200	33	210	0	70	0	outputs\bigg_prokaryote_bioemma\maps\map00030\iE2348C_1286\iE2348C_1286_map00030_map.json	outputs\bigg_prokaryote_bioemma\maps\map00030\iE2348C_1286\iE2348C_1286_map00030_map.html	outputs\bigg_prokaryote_bioemma\maps\map00030\iE2348C_1286\summary.json	outputs\bigg_prokaryote_bioemma\models\iE2348C_1286.xml	1.886	
built	iE2348C_1286	Escherichia coli O127:H6 str. E2348/69	map00680	rn00680	Methane metabolism / C1 metabolism	2703	1919	1287	2703	1919	104	86	3	R08323, R08328, R10397	32	72	30.77	36	50	41.86	239	32	229	0	96	0	outputs\bigg_prokaryote_bioemma\maps\map00680\iE2348C_1286\iE2348C_1286_map00680_map.json	outputs\bigg_prokaryote_bioemma\maps\map00680\iE2348C_1286\iE2348C_1286_map00680_map.html	outputs\bigg_prokaryote_bioemma\maps\map00680\iE2348C_1286\summary.json	outputs\bigg_prokaryote_bioemma\models\iE2348C_1286.xml	3.239	
built	iEC042_1314	Escherichia coli 042	map00010	rn00010	Glycolysis / gluconeogenesis	2714	1926	1314	2714	1926	56	31	0		41	15	73.21	21	10	67.74	277	41	292	0	123	0	outputs\bigg_prokaryote_bioemma\maps\map00010\iEC042_1314\iEC042_1314_map00010_map.json	outputs\bigg_prokaryote_bioemma\maps\map00010\iEC042_1314\iEC042_1314_map00010_map.html	outputs\bigg_prokaryote_bioemma\maps\map00010\iEC042_1314\summary.json	outputs\bigg_prokaryote_bioemma\models\iEC042_1314.xml	2.037	
built	iEC042_1314	Escherichia coli 042	map00020	rn00020	Citrate cycle (TCA cycle)	2714	1926	1314	2714	1926	29	20	0		23	6	79.31	13	7	65.0	158	23	171	0	69	0	outputs\bigg_prokaryote_bioemma\maps\map00020\iEC042_1314\iEC042_1314_map00020_map.json	outputs\bigg_prokaryote_bioemma\maps\map00020\iEC042_1314\iEC042_1314_map00020_map.html	outputs\bigg_prokaryote_bioemma\maps\map00020\iEC042_1314\summary.json	outputs\bigg_prokaryote_bioemma\models\iEC042_1314.xml	1.35	
built	iEC042_1314	Escherichia coli 042	map00030	rn00030	Pentose phosphate pathway	2714	1926	1314	2714	1926	58	37	1	R06837	34	24	58.62	26	11	70.27	206	34	217	0	73	0	outputs\bigg_prokaryote_bioemma\maps\map00030\iEC042_1314\iEC042_1314_map00030_map.json	outputs\bigg_prokaryote_bioemma\maps\map00030\iEC042_1314\iEC042_1314_map00030_map.html	outputs\bigg_prokaryote_bioemma\maps\map00030\iEC042_1314\summary.json	outputs\bigg_prokaryote_bioemma\models\iEC042_1314.xml	1.801	
built	iEC042_1314	Escherichia coli 042	map00680	rn00680	Methane metabolism / C1 metabolism	2714	1926	1314	2714	1926	104	86	3	R08323, R08328, R10397	32	72	30.77	36	50	41.86	239	32	229	0	96	0	outputs\bigg_prokaryote_bioemma\maps\map00680\iEC042_1314\iEC042_1314_map00680_map.json	outputs\bigg_prokaryote_bioemma\maps\map00680\iEC042_1314\iEC042_1314_map00680_map.html	outputs\bigg_prokaryote_bioemma\maps\map00680\iEC042_1314\summary.json	outputs\bigg_prokaryote_bioemma\models\iEC042_1314.xml	3.119	
built	iEC1344_C	Escherichia coli C	map00010	rn00010	Glycolysis / gluconeogenesis	2726	1934	1344	2726	1934	56	31	0		41	15	73.21	21	10	67.74	274	41	289	0	120	0	outputs\bigg_prokaryote_bioemma\maps\map00010\iEC1344_C\iEC1344_C_map00010_map.json	outputs\bigg_prokaryote_bioemma\maps\map00010\iEC1344_C\iEC1344_C_map00010_map.html	outputs\bigg_prokaryote_bioemma\maps\map00010\iEC1344_C\summary.json	outputs\bigg_prokaryote_bioemma\models\iEC1344_C.xml	2.062	
built	iEC1344_C	Escherichia coli C	map00020	rn00020	Citrate cycle (TCA cycle)	2726	1934	1344	2726	1934	29	20	0		22	7	75.86	13	7	65.0	150	22	162	0	64	0	outputs\bigg_prokaryote_bioemma\maps\map00020\iEC1344_C\iEC1344_C_map00020_map.json	outputs\bigg_prokaryote_bioemma\maps\map00020\iEC1344_C\iEC1344_C_map00020_map.html	outputs\bigg_prokaryote_bioemma\maps\map00020\iEC1344_C\summary.json	outputs\bigg_prokaryote_bioemma\models\iEC1344_C.xml	1.345	
built	iEC1344_C	Escherichia coli C	map00030	rn00030	Pentose phosphate pathway	2726	1934	1344	2726	1934	58	37	1	R06837	34	24	58.62	26	11	70.27	204	34	215	0	71	0	outputs\bigg_prokaryote_bioemma\maps\map00030\iEC1344_C\iEC1344_C_map00030_map.json	outputs\bigg_prokaryote_bioemma\maps\map00030\iEC1344_C\iEC1344_C_map00030_map.html	outputs\bigg_prokaryote_bioemma\maps\map00030\iEC1344_C\summary.json	outputs\bigg_prokaryote_bioemma\models\iEC1344_C.xml	1.977	
built	iEC1344_C	Escherichia coli C	map00680	rn00680	Methane metabolism / C1 metabolism	2726	1934	1344	2726	1934	104	86	3	R08323, R08328, R10397	31	73	29.81	37	49	43.02	233	31	221	0	92	0	outputs\bigg_prokaryote_bioemma\maps\map00680\iEC1344_C\iEC1344_C_map00680_map.json	outputs\bigg_prokaryote_bioemma\maps\map00680\iEC1344_C\iEC1344_C_map00680_map.html	outputs\bigg_prokaryote_bioemma\maps\map00680\iEC1344_C\summary.json	outputs\bigg_prokaryote_bioemma\models\iEC1344_C.xml	3.014	
built	iEC1349_Crooks	Escherichia coli ATCC 8739	map00010	rn00010	Glycolysis / gluconeogenesis	2756	1946	1349	2756	1946	56	31	0		40	16	71.43	21	10	67.74	269	40	283	0	118	0	outputs\bigg_prokaryote_bioemma\maps\map00010\iEC1349_Crooks\iEC1349_Crooks_map00010_map.json	outputs\bigg_prokaryote_bioemma\maps\map00010\iEC1349_Crooks\iEC1349_Crooks_map00010_map.html	outputs\bigg_prokaryote_bioemma\maps\map00010\iEC1349_Crooks\summary.json	outputs\bigg_prokaryote_bioemma\models\iEC1349_Crooks.xml	2.148	
built	iEC1349_Crooks	Escherichia coli ATCC 8739	map00020	rn00020	Citrate cycle (TCA cycle)	2756	1946	1349	2756	1946	29	20	0		22	7	75.86	13	7	65.0	150	22	162	0	64	0	outputs\bigg_prokaryote_bioemma\maps\map00020\iEC1349_Crooks\iEC1349_Crooks_map00020_map.json	outputs\bigg_prokaryote_bioemma\maps\map00020\iEC1349_Crooks\iEC1349_Crooks_map00020_map.html	outputs\bigg_prokaryote_bioemma\maps\map00020\iEC1349_Crooks\summary.json	outputs\bigg_prokaryote_bioemma\models\iEC1349_Crooks.xml	1.346	
built	iEC1349_Crooks	Escherichia coli ATCC 8739	map00030	rn00030	Pentose phosphate pathway	2756	1946	1349	2756	1946	58	37	1	R06837	34	24	58.62	26	11	70.27	204	34	215	0	71	0	outputs\bigg_prokaryote_bioemma\maps\map00030\iEC1349_Crooks\iEC1349_Crooks_map00030_map.json	outputs\bigg_prokaryote_bioemma\maps\map00030\iEC1349_Crooks\iEC1349_Crooks_map00030_map.html	outputs\bigg_prokaryote_bioemma\maps\map00030\iEC1349_Crooks\summary.json	outputs\bigg_prokaryote_bioemma\models\iEC1349_Crooks.xml	1.948	
built	iEC1349_Crooks	Escherichia coli ATCC 8739	map00680	rn00680	Methane metabolism / C1 metabolism	2756	1946	1349	2756	1946	104	86	3	R08323, R08328, R10397	32	72	30.77	37	49	43.02	238	32	227	0	94	0	outputs\bigg_prokaryote_bioemma\maps\map00680\iEC1349_Crooks\iEC1349_Crooks_map00680_map.json	outputs\bigg_prokaryote_bioemma\maps\map00680\iEC1349_Crooks\iEC1349_Crooks_map00680_map.html	outputs\bigg_prokaryote_bioemma\maps\map00680\iEC1349_Crooks\summary.json	outputs\bigg_prokaryote_bioemma\models\iEC1349_Crooks.xml	3.153	
built	iEC1356_Bl21DE3	Escherichia coli BL21(DE3)	map00010	rn00010	Glycolysis / gluconeogenesis	2740	1918	1356	2740	1918	56	31	0		41	15	73.21	21	10	67.74	273	41	288	0	119	0	outputs\bigg_prokaryote_bioemma\maps\map00010\iEC1356_Bl21DE3\iEC1356_Bl21DE3_map00010_map.json	outputs\bigg_prokaryote_bioemma\maps\map00010\iEC1356_Bl21DE3\iEC1356_Bl21DE3_map00010_map.html	outputs\bigg_prokaryote_bioemma\maps\map00010\iEC1356_Bl21DE3\summary.json	outputs\bigg_prokaryote_bioemma\models\iEC1356_Bl21DE3.xml	1.902	
built	iEC1356_Bl21DE3	Escherichia coli BL21(DE3)	map00020	rn00020	Citrate cycle (TCA cycle)	2740	1918	1356	2740	1918	29	20	0		22	7	75.86	13	7	65.0	149	22	161	0	63	0	outputs\bigg_prokaryote_bioemma\maps\map00020\iEC1356_Bl21DE3\iEC1356_Bl21DE3_map00020_map.json	outputs\bigg_prokaryote_bioemma\maps\map00020\iEC1356_Bl21DE3\iEC1356_Bl21DE3_map00020_map.html	outputs\bigg_prokaryote_bioemma\maps\map00020\iEC1356_Bl21DE3\summary.json	outputs\bigg_prokaryote_bioemma\models\iEC1356_Bl21DE3.xml	1.459	
built	iEC1356_Bl21DE3	Escherichia coli BL21(DE3)	map00030	rn00030	Pentose phosphate pathway	2740	1918	1356	2740	1918	58	37	1	R06837	33	25	56.9	26	11	70.27	199	33	209	0	69	0	outputs\bigg_prokaryote_bioemma\maps\map00030\iEC1356_Bl21DE3\iEC1356_Bl21DE3_map00030_map.json	outputs\bigg_prokaryote_bioemma\maps\map00030\iEC1356_Bl21DE3\iEC1356_Bl21DE3_map00030_map.html	outputs\bigg_prokaryote_bioemma\maps\map00030\iEC1356_Bl21DE3\summary.json	outputs\bigg_prokaryote_bioemma\models\iEC1356_Bl21DE3.xml	1.933	
built	iEC1356_Bl21DE3	Escherichia coli BL21(DE3)	map00680	rn00680	Methane metabolism / C1 metabolism	2740	1918	1356	2740	1918	104	86	3	R08323, R08328, R10397	31	73	29.81	36	50	41.86	232	31	221	0	92	0	outputs\bigg_prokaryote_bioemma\maps\map00680\iEC1356_Bl21DE3\iEC1356_Bl21DE3_map00680_map.json	outputs\bigg_prokaryote_bioemma\maps\map00680\iEC1356_Bl21DE3\iEC1356_Bl21DE3_map00680_map.html	outputs\bigg_prokaryote_bioemma\maps\map00680\iEC1356_Bl21DE3\summary.json	outputs\bigg_prokaryote_bioemma\models\iEC1356_Bl21DE3.xml	3.23	
built	iEC1364_W	Escherichia coli W	map00010	rn00010	Glycolysis / gluconeogenesis	2764	1927	1364	2764	1927	56	31	0		41	15	73.21	22	9	70.97	274	41	289	0	120	0	outputs\bigg_prokaryote_bioemma\maps\map00010\iEC1364_W\iEC1364_W_map00010_map.json	outputs\bigg_prokaryote_bioemma\maps\map00010\iEC1364_W\iEC1364_W_map00010_map.html	outputs\bigg_prokaryote_bioemma\maps\map00010\iEC1364_W\summary.json	outputs\bigg_prokaryote_bioemma\models\iEC1364_W.xml	1.907	
built	iEC1364_W	Escherichia coli W	map00020	rn00020	Citrate cycle (TCA cycle)	2764	1927	1364	2764	1927	29	20	0		22	7	75.86	13	7	65.0	150	22	162	0	64	0	outputs\bigg_prokaryote_bioemma\maps\map00020\iEC1364_W\iEC1364_W_map00020_map.json	outputs\bigg_prokaryote_bioemma\maps\map00020\iEC1364_W\iEC1364_W_map00020_map.html	outputs\bigg_prokaryote_bioemma\maps\map00020\iEC1364_W\summary.json	outputs\bigg_prokaryote_bioemma\models\iEC1364_W.xml	1.474	
built	iEC1364_W	Escherichia coli W	map00030	rn00030	Pentose phosphate pathway	2764	1927	1364	2764	1927	58	37	1	R06837	34	24	58.62	27	10	72.97	204	34	215	0	71	0	outputs\bigg_prokaryote_bioemma\maps\map00030\iEC1364_W\iEC1364_W_map00030_map.json	outputs\bigg_prokaryote_bioemma\maps\map00030\iEC1364_W\iEC1364_W_map00030_map.html	outputs\bigg_prokaryote_bioemma\maps\map00030\iEC1364_W\summary.json	outputs\bigg_prokaryote_bioemma\models\iEC1364_W.xml	1.971	
built	iEC1364_W	Escherichia coli W	map00680	rn00680	Methane metabolism / C1 metabolism	2764	1927	1364	2764	1927	104	86	3	R08323, R08328, R10397	31	73	29.81	36	50	41.86	232	31	221	0	92	0	outputs\bigg_prokaryote_bioemma\maps\map00680\iEC1364_W\iEC1364_W_map00680_map.json	outputs\bigg_prokaryote_bioemma\maps\map00680\iEC1364_W\iEC1364_W_map00680_map.html	outputs\bigg_prokaryote_bioemma\maps\map00680\iEC1364_W\summary.json	outputs\bigg_prokaryote_bioemma\models\iEC1364_W.xml	3.178	
built	iEC1368_DH5a	Escherichia coli DH5[alpha]	map00010	rn00010	Glycolysis / gluconeogenesis	2779	1951	1368	2779	1951	56	31	0		41	15	73.21	21	10	67.74	274	41	289	0	120	0	outputs\bigg_prokaryote_bioemma\maps\map00010\iEC1368_DH5a\iEC1368_DH5a_map00010_map.json	outputs\bigg_prokaryote_bioemma\maps\map00010\iEC1368_DH5a\iEC1368_DH5a_map00010_map.html	outputs\bigg_prokaryote_bioemma\maps\map00010\iEC1368_DH5a\summary.json	outputs\bigg_prokaryote_bioemma\models\iEC1368_DH5a.xml	2.015	
built	iEC1368_DH5a	Escherichia coli DH5[alpha]	map00020	rn00020	Citrate cycle (TCA cycle)	2779	1951	1368	2779	1951	29	20	0		22	7	75.86	13	7	65.0	150	22	162	0	64	0	outputs\bigg_prokaryote_bioemma\maps\map00020\iEC1368_DH5a\iEC1368_DH5a_map00020_map.json	outputs\bigg_prokaryote_bioemma\maps\map00020\iEC1368_DH5a\iEC1368_DH5a_map00020_map.html	outputs\bigg_prokaryote_bioemma\maps\map00020\iEC1368_DH5a\summary.json	outputs\bigg_prokaryote_bioemma\models\iEC1368_DH5a.xml	1.547	
built	iEC1368_DH5a	Escherichia coli DH5[alpha]	map00030	rn00030	Pentose phosphate pathway	2779	1951	1368	2779	1951	58	37	1	R06837	34	24	58.62	26	11	70.27	204	34	215	0	71	0	outputs\bigg_prokaryote_bioemma\maps\map00030\iEC1368_DH5a\iEC1368_DH5a_map00030_map.json	outputs\bigg_prokaryote_bioemma\maps\map00030\iEC1368_DH5a\iEC1368_DH5a_map00030_map.html	outputs\bigg_prokaryote_bioemma\maps\map00030\iEC1368_DH5a\summary.json	outputs\bigg_prokaryote_bioemma\models\iEC1368_DH5a.xml	1.864	
built	iEC1368_DH5a	Escherichia coli DH5[alpha]	map00680	rn00680	Methane metabolism / C1 metabolism	2779	1951	1368	2779	1951	104	86	3	R08323, R08328, R10397	31	73	29.81	37	49	43.02	233	31	221	0	92	0	outputs\bigg_prokaryote_bioemma\maps\map00680\iEC1368_DH5a\iEC1368_DH5a_map00680_map.json	outputs\bigg_prokaryote_bioemma\maps\map00680\iEC1368_DH5a\iEC1368_DH5a_map00680_map.html	outputs\bigg_prokaryote_bioemma\maps\map00680\iEC1368_DH5a\summary.json	outputs\bigg_prokaryote_bioemma\models\iEC1368_DH5a.xml	3.12	
built	iEC1372_W3110	Escherichia coli str. K-12 substr. W3110	map00010	rn00010	Glycolysis / gluconeogenesis	2758	1918	1372	2758	1918	56	31	0		40	16	71.43	21	10	67.74	269	40	283	0	118	0	outputs\bigg_prokaryote_bioemma\maps\map00010\iEC1372_W3110\iEC1372_W3110_map00010_map.json	outputs\bigg_prokaryote_bioemma\maps\map00010\iEC1372_W3110\iEC1372_W3110_map00010_map.html	outputs\bigg_prokaryote_bioemma\maps\map00010\iEC1372_W3110\summary.json	outputs\bigg_prokaryote_bioemma\models\iEC1372_W3110.xml	2.278	
built	iEC1372_W3110	Escherichia coli str. K-12 substr. W3110	map00020	rn00020	Citrate cycle (TCA cycle)	2758	1918	1372	2758	1918	29	20	0		22	7	75.86	13	7	65.0	150	22	162	0	64	0	outputs\bigg_prokaryote_bioemma\maps\map00020\iEC1372_W3110\iEC1372_W3110_map00020_map.json	outputs\bigg_prokaryote_bioemma\maps\map00020\iEC1372_W3110\iEC1372_W3110_map00020_map.html	outputs\bigg_prokaryote_bioemma\maps\map00020\iEC1372_W3110\summary.json	outputs\bigg_prokaryote_bioemma\models\iEC1372_W3110.xml	1.377	
built	iEC1372_W3110	Escherichia coli str. K-12 substr. W3110	map00030	rn00030	Pentose phosphate pathway	2758	1918	1372	2758	1918	58	37	1	R06837	34	24	58.62	26	11	70.27	204	34	215	0	71	0	outputs\bigg_prokaryote_bioemma\maps\map00030\iEC1372_W3110\iEC1372_W3110_map00030_map.json	outputs\bigg_prokaryote_bioemma\maps\map00030\iEC1372_W3110\iEC1372_W3110_map00030_map.html	outputs\bigg_prokaryote_bioemma\maps\map00030\iEC1372_W3110\summary.json	outputs\bigg_prokaryote_bioemma\models\iEC1372_W3110.xml	1.832	
built	iEC1372_W3110	Escherichia coli str. K-12 substr. W3110	map00680	rn00680	Methane metabolism / C1 metabolism	2758	1918	1372	2758	1918	104	86	3	R08323, R08328, R10397	31	73	29.81	36	50	41.86	231	31	220	0	91	0	outputs\bigg_prokaryote_bioemma\maps\map00680\iEC1372_W3110\iEC1372_W3110_map00680_map.json	outputs\bigg_prokaryote_bioemma\maps\map00680\iEC1372_W3110\iEC1372_W3110_map00680_map.html	outputs\bigg_prokaryote_bioemma\maps\map00680\iEC1372_W3110\summary.json	outputs\bigg_prokaryote_bioemma\models\iEC1372_W3110.xml	3.187	
built	iEC55989_1330	Escherichia coli 55989	map00010	rn00010	Glycolysis / gluconeogenesis	2756	1953	1330	2756	1953	56	31	0		41	15	73.21	22	9	70.97	277	41	292	0	123	0	outputs\bigg_prokaryote_bioemma\maps\map00010\iEC55989_1330\iEC55989_1330_map00010_map.json	outputs\bigg_prokaryote_bioemma\maps\map00010\iEC55989_1330\iEC55989_1330_map00010_map.html	outputs\bigg_prokaryote_bioemma\maps\map00010\iEC55989_1330\summary.json	outputs\bigg_prokaryote_bioemma\models\iEC55989_1330.xml	1.968	
built	iEC55989_1330	Escherichia coli 55989	map00020	rn00020	Citrate cycle (TCA cycle)	2756	1953	1330	2756	1953	29	20	0		23	6	79.31	13	7	65.0	158	23	171	0	69	0	outputs\bigg_prokaryote_bioemma\maps\map00020\iEC55989_1330\iEC55989_1330_map00020_map.json	outputs\bigg_prokaryote_bioemma\maps\map00020\iEC55989_1330\iEC55989_1330_map00020_map.html	outputs\bigg_prokaryote_bioemma\maps\map00020\iEC55989_1330\summary.json	outputs\bigg_prokaryote_bioemma\models\iEC55989_1330.xml	1.496	
built	iEC55989_1330	Escherichia coli 55989	map00030	rn00030	Pentose phosphate pathway	2756	1953	1330	2756	1953	58	37	1	R06837	34	24	58.62	26	11	70.27	206	34	217	0	73	0	outputs\bigg_prokaryote_bioemma\maps\map00030\iEC55989_1330\iEC55989_1330_map00030_map.json	outputs\bigg_prokaryote_bioemma\maps\map00030\iEC55989_1330\iEC55989_1330_map00030_map.html	outputs\bigg_prokaryote_bioemma\maps\map00030\iEC55989_1330\summary.json	outputs\bigg_prokaryote_bioemma\models\iEC55989_1330.xml	1.967	
built	iEC55989_1330	Escherichia coli 55989	map00680	rn00680	Methane metabolism / C1 metabolism	2756	1953	1330	2756	1953	104	86	3	R08323, R08328, R10397	32	72	30.77	36	50	41.86	239	32	229	0	96	0	outputs\bigg_prokaryote_bioemma\maps\map00680\iEC55989_1330\iEC55989_1330_map00680_map.json	outputs\bigg_prokaryote_bioemma\maps\map00680\iEC55989_1330\iEC55989_1330_map00680_map.html	outputs\bigg_prokaryote_bioemma\maps\map00680\iEC55989_1330\summary.json	outputs\bigg_prokaryote_bioemma\models\iEC55989_1330.xml	3.208	
built	iECABU_c1320	Escherichia coli ABU 83972	map00010	rn00010	Glycolysis / gluconeogenesis	2731	1942	1320	2731	1942	56	31	0		41	15	73.21	22	9	70.97	279	41	294	0	125	0	outputs\bigg_prokaryote_bioemma\maps\map00010\iECABU_c1320\iECABU_c1320_map00010_map.json	outputs\bigg_prokaryote_bioemma\maps\map00010\iECABU_c1320\iECABU_c1320_map00010_map.html	outputs\bigg_prokaryote_bioemma\maps\map00010\iECABU_c1320\summary.json	outputs\bigg_prokaryote_bioemma\models\iECABU_c1320.xml	2.108	
built	iECABU_c1320	Escherichia coli ABU 83972	map00020	rn00020	Citrate cycle (TCA cycle)	2731	1942	1320	2731	1942	29	20	0		23	6	79.31	13	7	65.0	158	23	171	0	69	0	outputs\bigg_prokaryote_bioemma\maps\map00020\iECABU_c1320\iECABU_c1320_map00020_map.json	outputs\bigg_prokaryote_bioemma\maps\map00020\iECABU_c1320\iECABU_c1320_map00020_map.html	outputs\bigg_prokaryote_bioemma\maps\map00020\iECABU_c1320\summary.json	outputs\bigg_prokaryote_bioemma\models\iECABU_c1320.xml	1.392	
built	iECABU_c1320	Escherichia coli ABU 83972	map00030	rn00030	Pentose phosphate pathway	2731	1942	1320	2731	1942	58	37	1	R06837	34	24	58.62	26	11	70.27	206	34	217	0	73	0	outputs\bigg_prokaryote_bioemma\maps\map00030\iECABU_c1320\iECABU_c1320_map00030_map.json	outputs\bigg_prokaryote_bioemma\maps\map00030\iECABU_c1320\iECABU_c1320_map00030_map.html	outputs\bigg_prokaryote_bioemma\maps\map00030\iECABU_c1320\summary.json	outputs\bigg_prokaryote_bioemma\models\iECABU_c1320.xml	1.857	
built	iECABU_c1320	Escherichia coli ABU 83972	map00680	rn00680	Methane metabolism / C1 metabolism	2731	1942	1320	2731	1942	104	86	3	R08323, R08328, R10397	32	72	30.77	36	50	41.86	239	32	229	0	96	0	outputs\bigg_prokaryote_bioemma\maps\map00680\iECABU_c1320\iECABU_c1320_map00680_map.json	outputs\bigg_prokaryote_bioemma\maps\map00680\iECABU_c1320\iECABU_c1320_map00680_map.html	outputs\bigg_prokaryote_bioemma\maps\map00680\iECABU_c1320\summary.json	outputs\bigg_prokaryote_bioemma\models\iECABU_c1320.xml	3.186	
built	iECB_1328	Escherichia coli B str. REL606	map00010	rn00010	Glycolysis / gluconeogenesis	2748	1951	1329	2748	1951	56	31	0		41	15	73.21	21	10	67.74	277	41	292	0	123	0	outputs\bigg_prokaryote_bioemma\maps\map00010\iECB_1328\iECB_1328_map00010_map.json	outputs\bigg_prokaryote_bioemma\maps\map00010\iECB_1328\iECB_1328_map00010_map.html	outputs\bigg_prokaryote_bioemma\maps\map00010\iECB_1328\summary.json	outputs\bigg_prokaryote_bioemma\models\iECB_1328.xml	1.903	
built	iECB_1328	Escherichia coli B str. REL606	map00020	rn00020	Citrate cycle (TCA cycle)	2748	1951	1329	2748	1951	29	20	0		23	6	79.31	13	7	65.0	158	23	171	0	69	0	outputs\bigg_prokaryote_bioemma\maps\map00020\iECB_1328\iECB_1328_map00020_map.json	outputs\bigg_prokaryote_bioemma\maps\map00020\iECB_1328\iECB_1328_map00020_map.html	outputs\bigg_prokaryote_bioemma\maps\map00020\iECB_1328\summary.json	outputs\bigg_prokaryote_bioemma\models\iECB_1328.xml	1.716	
built	iECB_1328	Escherichia coli B str. REL606	map00030	rn00030	Pentose phosphate pathway	2748	1951	1329	2748	1951	58	37	1	R06837	34	24	58.62	26	11	70.27	205	34	216	0	72	0	outputs\bigg_prokaryote_bioemma\maps\map00030\iECB_1328\iECB_1328_map00030_map.json	outputs\bigg_prokaryote_bioemma\maps\map00030\iECB_1328\iECB_1328_map00030_map.html	outputs\bigg_prokaryote_bioemma\maps\map00030\iECB_1328\summary.json	outputs\bigg_prokaryote_bioemma\models\iECB_1328.xml	1.969	
built	iECB_1328	Escherichia coli B str. REL606	map00680	rn00680	Methane metabolism / C1 metabolism	2748	1951	1329	2748	1951	104	86	3	R08323, R08328, R10397	32	72	30.77	36	50	41.86	239	32	229	0	96	0	outputs\bigg_prokaryote_bioemma\maps\map00680\iECB_1328\iECB_1328_map00680_map.json	outputs\bigg_prokaryote_bioemma\maps\map00680\iECB_1328\iECB_1328_map00680_map.html	outputs\bigg_prokaryote_bioemma\maps\map00680\iECB_1328\summary.json	outputs\bigg_prokaryote_bioemma\models\iECB_1328.xml	3.245	
built	iECBD_1354	Escherichia coli 'BL21-Gold(DE3)pLysS AG'	map00010	rn00010	Glycolysis / gluconeogenesis	2748	1952	1354	2748	1952	56	31	0		41	15	73.21	21	10	67.74	277	41	292	0	123	0	outputs\bigg_prokaryote_bioemma\maps\map00010\iECBD_1354\iECBD_1354_map00010_map.json	outputs\bigg_prokaryote_bioemma\maps\map00010\iECBD_1354\iECBD_1354_map00010_map.html	outputs\bigg_prokaryote_bioemma\maps\map00010\iECBD_1354\summary.json	outputs\bigg_prokaryote_bioemma\models\iECBD_1354.xml	2.051	
built	iECBD_1354	Escherichia coli 'BL21-Gold(DE3)pLysS AG'	map00020	rn00020	Citrate cycle (TCA cycle)	2748	1952	1354	2748	1952	29	20	0		23	6	79.31	13	7	65.0	158	23	171	0	69	0	outputs\bigg_prokaryote_bioemma\maps\map00020\iECBD_1354\iECBD_1354_map00020_map.json	outputs\bigg_prokaryote_bioemma\maps\map00020\iECBD_1354\iECBD_1354_map00020_map.html	outputs\bigg_prokaryote_bioemma\maps\map00020\iECBD_1354\summary.json	outputs\bigg_prokaryote_bioemma\models\iECBD_1354.xml	1.494	
built	iECBD_1354	Escherichia coli 'BL21-Gold(DE3)pLysS AG'	map00030	rn00030	Pentose phosphate pathway	2748	1952	1354	2748	1952	58	37	1	R06837	33	25	56.9	26	11	70.27	201	33	211	0	71	0	outputs\bigg_prokaryote_bioemma\maps\map00030\iECBD_1354\iECBD_1354_map00030_map.json	outputs\bigg_prokaryote_bioemma\maps\map00030\iECBD_1354\iECBD_1354_map00030_map.html	outputs\bigg_prokaryote_bioemma\maps\map00030\iECBD_1354\summary.json	outputs\bigg_prokaryote_bioemma\models\iECBD_1354.xml	2.032	
built	iECBD_1354	Escherichia coli 'BL21-Gold(DE3)pLysS AG'	map00680	rn00680	Methane metabolism / C1 metabolism	2748	1952	1354	2748	1952	104	86	3	R08323, R08328, R10397	32	72	30.77	36	50	41.86	239	32	229	0	96	0	outputs\bigg_prokaryote_bioemma\maps\map00680\iECBD_1354\iECBD_1354_map00680_map.json	outputs\bigg_prokaryote_bioemma\maps\map00680\iECBD_1354\iECBD_1354_map00680_map.html	outputs\bigg_prokaryote_bioemma\maps\map00680\iECBD_1354\summary.json	outputs\bigg_prokaryote_bioemma\models\iECBD_1354.xml	3.101	
built	iECD_1391	Escherichia coli BL21(DE3)	map00010	rn00010	Glycolysis / gluconeogenesis	2741	1943	1333	2741	1943	56	31	0		41	15	73.21	21	10	67.74	277	41	292	0	123	0	outputs\bigg_prokaryote_bioemma\maps\map00010\iECD_1391\iECD_1391_map00010_map.json	outputs\bigg_prokaryote_bioemma\maps\map00010\iECD_1391\iECD_1391_map00010_map.html	outputs\bigg_prokaryote_bioemma\maps\map00010\iECD_1391\summary.json	outputs\bigg_prokaryote_bioemma\models\iECD_1391.xml	2.105	
built	iECD_1391	Escherichia coli BL21(DE3)	map00020	rn00020	Citrate cycle (TCA cycle)	2741	1943	1333	2741	1943	29	20	0		23	6	79.31	13	7	65.0	158	23	171	0	69	0	outputs\bigg_prokaryote_bioemma\maps\map00020\iECD_1391\iECD_1391_map00020_map.json	outputs\bigg_prokaryote_bioemma\maps\map00020\iECD_1391\iECD_1391_map00020_map.html	outputs\bigg_prokaryote_bioemma\maps\map00020\iECD_1391\summary.json	outputs\bigg_prokaryote_bioemma\models\iECD_1391.xml	1.369	
built	iECD_1391	Escherichia coli BL21(DE3)	map00030	rn00030	Pentose phosphate pathway	2741	1943	1333	2741	1943	58	37	1	R06837	33	25	56.9	26	11	70.27	201	33	211	0	71	0	outputs\bigg_prokaryote_bioemma\maps\map00030\iECD_1391\iECD_1391_map00030_map.json	outputs\bigg_prokaryote_bioemma\maps\map00030\iECD_1391\iECD_1391_map00030_map.html	outputs\bigg_prokaryote_bioemma\maps\map00030\iECD_1391\summary.json	outputs\bigg_prokaryote_bioemma\models\iECD_1391.xml	1.88	
built	iECD_1391	Escherichia coli BL21(DE3)	map00680	rn00680	Methane metabolism / C1 metabolism	2741	1943	1333	2741	1943	104	86	3	R08323, R08328, R10397	32	72	30.77	36	50	41.86	239	32	229	0	96	0	outputs\bigg_prokaryote_bioemma\maps\map00680\iECD_1391\iECD_1391_map00680_map.json	outputs\bigg_prokaryote_bioemma\maps\map00680\iECD_1391\iECD_1391_map00680_map.html	outputs\bigg_prokaryote_bioemma\maps\map00680\iECD_1391\summary.json	outputs\bigg_prokaryote_bioemma\models\iECD_1391.xml	3.211	
built	iECDH10B_1368	Escherichia coli str. K-12 substr. DH10B	map00010	rn00010	Glycolysis / gluconeogenesis	2742	1947	1327	2742	1947	56	31	0		41	15	73.21	21	10	67.74	277	41	292	0	123	0	outputs\bigg_prokaryote_bioemma\maps\map00010\iECDH10B_1368\iECDH10B_1368_map00010_map.json	outputs\bigg_prokaryote_bioemma\maps\map00010\iECDH10B_1368\iECDH10B_1368_map00010_map.html	outputs\bigg_prokaryote_bioemma\maps\map00010\iECDH10B_1368\summary.json	outputs\bigg_prokaryote_bioemma\models\iECDH10B_1368.xml	2.07	
built	iECDH10B_1368	Escherichia coli str. K-12 substr. DH10B	map00020	rn00020	Citrate cycle (TCA cycle)	2742	1947	1327	2742	1947	29	20	0		23	6	79.31	13	7	65.0	158	23	171	0	69	0	outputs\bigg_prokaryote_bioemma\maps\map00020\iECDH10B_1368\iECDH10B_1368_map00020_map.json	outputs\bigg_prokaryote_bioemma\maps\map00020\iECDH10B_1368\iECDH10B_1368_map00020_map.html	outputs\bigg_prokaryote_bioemma\maps\map00020\iECDH10B_1368\summary.json	outputs\bigg_prokaryote_bioemma\models\iECDH10B_1368.xml	1.523	
built	iECDH10B_1368	Escherichia coli str. K-12 substr. DH10B	map00030	rn00030	Pentose phosphate pathway	2742	1947	1327	2742	1947	58	37	1	R06837	34	24	58.62	26	11	70.27	206	34	217	0	73	0	outputs\bigg_prokaryote_bioemma\maps\map00030\iECDH10B_1368\iECDH10B_1368_map00030_map.json	outputs\bigg_prokaryote_bioemma\maps\map00030\iECDH10B_1368\iECDH10B_1368_map00030_map.html	outputs\bigg_prokaryote_bioemma\maps\map00030\iECDH10B_1368\summary.json	outputs\bigg_prokaryote_bioemma\models\iECDH10B_1368.xml	1.872	
built	iECDH10B_1368	Escherichia coli str. K-12 substr. DH10B	map00680	rn00680	Methane metabolism / C1 metabolism	2742	1947	1327	2742	1947	104	86	3	R08323, R08328, R10397	32	72	30.77	36	50	41.86	239	32	229	0	96	0	outputs\bigg_prokaryote_bioemma\maps\map00680\iECDH10B_1368\iECDH10B_1368_map00680_map.json	outputs\bigg_prokaryote_bioemma\maps\map00680\iECDH10B_1368\iECDH10B_1368_map00680_map.html	outputs\bigg_prokaryote_bioemma\maps\map00680\iECDH10B_1368\summary.json	outputs\bigg_prokaryote_bioemma\models\iECDH10B_1368.xml	3.365	
built	iEcDH1_1363	Escherichia coli DH1	map00010	rn00010	Glycolysis / gluconeogenesis	2750	1949	1363	2750	1949	56	31	0		41	15	73.21	21	10	67.74	277	41	292	0	123	0	outputs\bigg_prokaryote_bioemma\maps\map00010\iEcDH1_1363\iEcDH1_1363_map00010_map.json	outputs\bigg_prokaryote_bioemma\maps\map00010\iEcDH1_1363\iEcDH1_1363_map00010_map.html	outputs\bigg_prokaryote_bioemma\maps\map00010\iEcDH1_1363\summary.json	outputs\bigg_prokaryote_bioemma\models\iEcDH1_1363.xml	1.9	
built	iEcDH1_1363	Escherichia coli DH1	map00020	rn00020	Citrate cycle (TCA cycle)	2750	1949	1363	2750	1949	29	20	0		23	6	79.31	13	7	65.0	158	23	171	0	69	0	outputs\bigg_prokaryote_bioemma\maps\map00020\iEcDH1_1363\iEcDH1_1363_map00020_map.json	outputs\bigg_prokaryote_bioemma\maps\map00020\iEcDH1_1363\iEcDH1_1363_map00020_map.html	outputs\bigg_prokaryote_bioemma\maps\map00020\iEcDH1_1363\summary.json	outputs\bigg_prokaryote_bioemma\models\iEcDH1_1363.xml	1.483	
built	iEcDH1_1363	Escherichia coli DH1	map00030	rn00030	Pentose phosphate pathway	2750	1949	1363	2750	1949	58	37	1	R06837	34	24	58.62	26	11	70.27	206	34	217	0	73	0	outputs\bigg_prokaryote_bioemma\maps\map00030\iEcDH1_1363\iEcDH1_1363_map00030_map.json	outputs\bigg_prokaryote_bioemma\maps\map00030\iEcDH1_1363\iEcDH1_1363_map00030_map.html	outputs\bigg_prokaryote_bioemma\maps\map00030\iEcDH1_1363\summary.json	outputs\bigg_prokaryote_bioemma\models\iEcDH1_1363.xml	2.065	
built	iEcDH1_1363	Escherichia coli DH1	map00680	rn00680	Methane metabolism / C1 metabolism	2750	1949	1363	2750	1949	104	86	3	R08323, R08328, R10397	32	72	30.77	36	50	41.86	239	32	229	0	96	0	outputs\bigg_prokaryote_bioemma\maps\map00680\iEcDH1_1363\iEcDH1_1363_map00680_map.json	outputs\bigg_prokaryote_bioemma\maps\map00680\iEcDH1_1363\iEcDH1_1363_map00680_map.html	outputs\bigg_prokaryote_bioemma\maps\map00680\iEcDH1_1363\summary.json	outputs\bigg_prokaryote_bioemma\models\iEcDH1_1363.xml	3.379	
built	iECDH1ME8569_1439	Escherichia coli DH1	map00010	rn00010	Glycolysis / gluconeogenesis	2755	1950	1439	2755	1950	56	31	0		41	15	73.21	21	10	67.74	276	41	291	0	122	0	outputs\bigg_prokaryote_bioemma\maps\map00010\iECDH1ME8569_1439\iECDH1ME8569_1439_map00010_map.json	outputs\bigg_prokaryote_bioemma\maps\map00010\iECDH1ME8569_1439\iECDH1ME8569_1439_map00010_map.html	outputs\bigg_prokaryote_bioemma\maps\map00010\iECDH1ME8569_1439\summary.json	outputs\bigg_prokaryote_bioemma\models\iECDH1ME8569_1439.xml	2.046	
built	iECDH1ME8569_1439	Escherichia coli DH1	map00020	rn00020	Citrate cycle (TCA cycle)	2755	1950	1439	2755	1950	29	20	0		23	6	79.31	13	7	65.0	157	23	170	0	68	0	outputs\bigg_prokaryote_bioemma\maps\map00020\iECDH1ME8569_1439\iECDH1ME8569_1439_map00020_map.json	outputs\bigg_prokaryote_bioemma\maps\map00020\iECDH1ME8569_1439\iECDH1ME8569_1439_map00020_map.html	outputs\bigg_prokaryote_bioemma\maps\map00020\iECDH1ME8569_1439\summary.json	outputs\bigg_prokaryote_bioemma\models\iECDH1ME8569_1439.xml	1.485	
built	iECDH1ME8569_1439	Escherichia coli DH1	map00030	rn00030	Pentose phosphate pathway	2755	1950	1439	2755	1950	58	37	1	R06837	34	24	58.62	26	11	70.27	206	34	217	0	73	0	outputs\bigg_prokaryote_bioemma\maps\map00030\iECDH1ME8569_1439\iECDH1ME8569_1439_map00030_map.json	outputs\bigg_prokaryote_bioemma\maps\map00030\iECDH1ME8569_1439\iECDH1ME8569_1439_map00030_map.html	outputs\bigg_prokaryote_bioemma\maps\map00030\iECDH1ME8569_1439\summary.json	outputs\bigg_prokaryote_bioemma\models\iECDH1ME8569_1439.xml	2.0	
built	iECDH1ME8569_1439	Escherichia coli DH1	map00680	rn00680	Methane metabolism / C1 metabolism	2755	1950	1439	2755	1950	104	86	3	R08323, R08328, R10397	32	72	30.77	36	50	41.86	239	32	229	0	96	0	outputs\bigg_prokaryote_bioemma\maps\map00680\iECDH1ME8569_1439\iECDH1ME8569_1439_map00680_map.json	outputs\bigg_prokaryote_bioemma\maps\map00680\iECDH1ME8569_1439\iECDH1ME8569_1439_map00680_map.html	outputs\bigg_prokaryote_bioemma\maps\map00680\iECDH1ME8569_1439\summary.json	outputs\bigg_prokaryote_bioemma\models\iECDH1ME8569_1439.xml	3.296	
built	iEcE24377_1341	Escherichia coli O139:H28 str. E24377A	map00010	rn00010	Glycolysis / gluconeogenesis	2763	1972	1341	2763	1972	56	31	0		41	15	73.21	22	9	70.97	277	41	292	0	123	0	outputs\bigg_prokaryote_bioemma\maps\map00010\iEcE24377_1341\iEcE24377_1341_map00010_map.json	outputs\bigg_prokaryote_bioemma\maps\map00010\iEcE24377_1341\iEcE24377_1341_map00010_map.html	outputs\bigg_prokaryote_bioemma\maps\map00010\iEcE24377_1341\summary.json	outputs\bigg_prokaryote_bioemma\models\iEcE24377_1341.xml	2.108	
built	iEcE24377_1341	Escherichia coli O139:H28 str. E24377A	map00020	rn00020	Citrate cycle (TCA cycle)	2763	1972	1341	2763	1972	29	20	0		23	6	79.31	13	7	65.0	158	23	171	0	69	0	outputs\bigg_prokaryote_bioemma\maps\map00020\iEcE24377_1341\iEcE24377_1341_map00020_map.json	outputs\bigg_prokaryote_bioemma\maps\map00020\iEcE24377_1341\iEcE24377_1341_map00020_map.html	outputs\bigg_prokaryote_bioemma\maps\map00020\iEcE24377_1341\summary.json	outputs\bigg_prokaryote_bioemma\models\iEcE24377_1341.xml	1.523	
built	iEcE24377_1341	Escherichia coli O139:H28 str. E24377A	map00030	rn00030	Pentose phosphate pathway	2763	1972	1341	2763	1972	58	37	1	R06837	34	24	58.62	26	11	70.27	206	34	217	0	73	0	outputs\bigg_prokaryote_bioemma\maps\map00030\iEcE24377_1341\iEcE24377_1341_map00030_map.json	outputs\bigg_prokaryote_bioemma\maps\map00030\iEcE24377_1341\iEcE24377_1341_map00030_map.html	outputs\bigg_prokaryote_bioemma\maps\map00030\iEcE24377_1341\summary.json	outputs\bigg_prokaryote_bioemma\models\iEcE24377_1341.xml	1.874	
built	iEcE24377_1341	Escherichia coli O139:H28 str. E24377A	map00680	rn00680	Methane metabolism / C1 metabolism	2763	1972	1341	2763	1972	104	86	3	R08323, R08328, R10397	32	72	30.77	36	50	41.86	239	32	229	0	96	0	outputs\bigg_prokaryote_bioemma\maps\map00680\iEcE24377_1341\iEcE24377_1341_map00680_map.json	outputs\bigg_prokaryote_bioemma\maps\map00680\iEcE24377_1341\iEcE24377_1341_map00680_map.html	outputs\bigg_prokaryote_bioemma\maps\map00680\iEcE24377_1341\summary.json	outputs\bigg_prokaryote_bioemma\models\iEcE24377_1341.xml	3.484	
built	iECED1_1282	Escherichia coli ED1a	map00010	rn00010	Glycolysis / gluconeogenesis	2706	1929	1279	2706	1929	56	31	0		41	15	73.21	21	10	67.74	279	41	294	0	125	0	outputs\bigg_prokaryote_bioemma\maps\map00010\iECED1_1282\iECED1_1282_map00010_map.json	outputs\bigg_prokaryote_bioemma\maps\map00010\iECED1_1282\iECED1_1282_map00010_map.html	outputs\bigg_prokaryote_bioemma\maps\map00010\iECED1_1282\summary.json	outputs\bigg_prokaryote_bioemma\models\iECED1_1282.xml	2.018	
built	iECED1_1282	Escherichia coli ED1a	map00020	rn00020	Citrate cycle (TCA cycle)	2706	1929	1279	2706	1929	29	20	0		23	6	79.31	13	7	65.0	158	23	171	0	69	0	outputs\bigg_prokaryote_bioemma\maps\map00020\iECED1_1282\iECED1_1282_map00020_map.json	outputs\bigg_prokaryote_bioemma\maps\map00020\iECED1_1282\iECED1_1282_map00020_map.html	outputs\bigg_prokaryote_bioemma\maps\map00020\iECED1_1282\summary.json	outputs\bigg_prokaryote_bioemma\models\iECED1_1282.xml	1.468	
built	iECED1_1282	Escherichia coli ED1a	map00030	rn00030	Pentose phosphate pathway	2706	1929	1279	2706	1929	58	37	1	R06837	34	24	58.62	26	11	70.27	205	34	216	0	72	0	outputs\bigg_prokaryote_bioemma\maps\map00030\iECED1_1282\iECED1_1282_map00030_map.json	outputs\bigg_prokaryote_bioemma\maps\map00030\iECED1_1282\iECED1_1282_map00030_map.html	outputs\bigg_prokaryote_bioemma\maps\map00030\iECED1_1282\summary.json	outputs\bigg_prokaryote_bioemma\models\iECED1_1282.xml	1.963	
built	iECED1_1282	Escherichia coli ED1a	map00680	rn00680	Methane metabolism / C1 metabolism	2706	1929	1279	2706	1929	104	86	3	R08323, R08328, R10397	32	72	30.77	36	50	41.86	239	32	229	0	96	0	outputs\bigg_prokaryote_bioemma\maps\map00680\iECED1_1282\iECED1_1282_map00680_map.json	outputs\bigg_prokaryote_bioemma\maps\map00680\iECED1_1282\iECED1_1282_map00680_map.html	outputs\bigg_prokaryote_bioemma\maps\map00680\iECED1_1282\summary.json	outputs\bigg_prokaryote_bioemma\models\iECED1_1282.xml	3.178	
built	iECH74115_1262	Escherichia coli O157:H7 str. EC4115	map00010	rn00010	Glycolysis / gluconeogenesis	2694	1918	1262	2694	1918	56	31	0		41	15	73.21	21	10	67.74	277	41	292	0	123	0	outputs\bigg_prokaryote_bioemma\maps\map00010\iECH74115_1262\iECH74115_1262_map00010_map.json	outputs\bigg_prokaryote_bioemma\maps\map00010\iECH74115_1262\iECH74115_1262_map00010_map.html	outputs\bigg_prokaryote_bioemma\maps\map00010\iECH74115_1262\summary.json	outputs\bigg_prokaryote_bioemma\models\iECH74115_1262.xml	2.003	
built	iECH74115_1262	Escherichia coli O157:H7 str. EC4115	map00020	rn00020	Citrate cycle (TCA cycle)	2694	1918	1262	2694	1918	29	20	0		23	6	79.31	13	7	65.0	158	23	171	0	69	0	outputs\bigg_prokaryote_bioemma\maps\map00020\iECH74115_1262\iECH74115_1262_map00020_map.json	outputs\bigg_prokaryote_bioemma\maps\map00020\iECH74115_1262\iECH74115_1262_map00020_map.html	outputs\bigg_prokaryote_bioemma\maps\map00020\iECH74115_1262\summary.json	outputs\bigg_prokaryote_bioemma\models\iECH74115_1262.xml	1.45	
built	iECH74115_1262	Escherichia coli O157:H7 str. EC4115	map00030	rn00030	Pentose phosphate pathway	2694	1918	1262	2694	1918	58	37	1	R06837	33	25	56.9	26	11	70.27	199	33	209	0	69	0	outputs\bigg_prokaryote_bioemma\maps\map00030\iECH74115_1262\iECH74115_1262_map00030_map.json	outputs\bigg_prokaryote_bioemma\maps\map00030\iECH74115_1262\iECH74115_1262_map00030_map.html	outputs\bigg_prokaryote_bioemma\maps\map00030\iECH74115_1262\summary.json	outputs\bigg_prokaryote_bioemma\models\iECH74115_1262.xml	1.951	
built	iECH74115_1262	Escherichia coli O157:H7 str. EC4115	map00680	rn00680	Methane metabolism / C1 metabolism	2694	1918	1262	2694	1918	104	86	3	R08323, R08328, R10397	31	73	29.81	36	50	41.86	234	31	223	0	94	0	outputs\bigg_prokaryote_bioemma\maps\map00680\iECH74115_1262\iECH74115_1262_map00680_map.json	outputs\bigg_prokaryote_bioemma\maps\map00680\iECH74115_1262\iECH74115_1262_map00680_map.html	outputs\bigg_prokaryote_bioemma\maps\map00680\iECH74115_1262\summary.json	outputs\bigg_prokaryote_bioemma\models\iECH74115_1262.xml	3.179	
built	iEcHS_1320	Escherichia coli HS	map00010	rn00010	Glycolysis / gluconeogenesis	2753	1963	1321	2753	1963	56	31	0		41	15	73.21	22	9	70.97	277	41	292	0	123	0	outputs\bigg_prokaryote_bioemma\maps\map00010\iEcHS_1320\iEcHS_1320_map00010_map.json	outputs\bigg_prokaryote_bioemma\maps\map00010\iEcHS_1320\iEcHS_1320_map00010_map.html	outputs\bigg_prokaryote_bioemma\maps\map00010\iEcHS_1320\summary.json	outputs\bigg_prokaryote_bioemma\models\iEcHS_1320.xml	1.923	
built	iEcHS_1320	Escherichia coli HS	map00020	rn00020	Citrate cycle (TCA cycle)	2753	1963	1321	2753	1963	29	20	0		23	6	79.31	13	7	65.0	158	23	171	0	69	0	outputs\bigg_prokaryote_bioemma\maps\map00020\iEcHS_1320\iEcHS_1320_map00020_map.json	outputs\bigg_prokaryote_bioemma\maps\map00020\iEcHS_1320\iEcHS_1320_map00020_map.html	outputs\bigg_prokaryote_bioemma\maps\map00020\iEcHS_1320\summary.json	outputs\bigg_prokaryote_bioemma\models\iEcHS_1320.xml	1.465	
built	iEcHS_1320	Escherichia coli HS	map00030	rn00030	Pentose phosphate pathway	2753	1963	1321	2753	1963	58	37	1	R06837	34	24	58.62	26	11	70.27	206	34	217	0	73	0	outputs\bigg_prokaryote_bioemma\maps\map00030\iEcHS_1320\iEcHS_1320_map00030_map.json	outputs\bigg_prokaryote_bioemma\maps\map00030\iEcHS_1320\iEcHS_1320_map00030_map.html	outputs\bigg_prokaryote_bioemma\maps\map00030\iEcHS_1320\summary.json	outputs\bigg_prokaryote_bioemma\models\iEcHS_1320.xml	1.972	
built	iEcHS_1320	Escherichia coli HS	map00680	rn00680	Methane metabolism / C1 metabolism	2753	1963	1321	2753	1963	104	86	3	R08323, R08328, R10397	32	72	30.77	36	50	41.86	239	32	229	0	96	0	outputs\bigg_prokaryote_bioemma\maps\map00680\iEcHS_1320\iEcHS_1320_map00680_map.json	outputs\bigg_prokaryote_bioemma\maps\map00680\iEcHS_1320\iEcHS_1320_map00680_map.html	outputs\bigg_prokaryote_bioemma\maps\map00680\iEcHS_1320\summary.json	outputs\bigg_prokaryote_bioemma\models\iEcHS_1320.xml	3.208	
built	iECIAI1_1343	Escherichia coli IAI1	map00010	rn00010	Glycolysis / gluconeogenesis	2765	1968	1343	2765	1968	56	31	0		41	15	73.21	22	9	70.97	271	41	286	0	117	0	outputs\bigg_prokaryote_bioemma\maps\map00010\iECIAI1_1343\iECIAI1_1343_map00010_map.json	outputs\bigg_prokaryote_bioemma\maps\map00010\iECIAI1_1343\iECIAI1_1343_map00010_map.html	outputs\bigg_prokaryote_bioemma\maps\map00010\iECIAI1_1343\summary.json	outputs\bigg_prokaryote_bioemma\models\iECIAI1_1343.xml	2.199	
built	iECIAI1_1343	Escherichia coli IAI1	map00020	rn00020	Citrate cycle (TCA cycle)	2765	1968	1343	2765	1968	29	20	0		23	6	79.31	13	7	65.0	158	23	171	0	69	0	outputs\bigg_prokaryote_bioemma\maps\map00020\iECIAI1_1343\iECIAI1_1343_map00020_map.json	outputs\bigg_prokaryote_bioemma\maps\map00020\iECIAI1_1343\iECIAI1_1343_map00020_map.html	outputs\bigg_prokaryote_bioemma\maps\map00020\iECIAI1_1343\summary.json	outputs\bigg_prokaryote_bioemma\models\iECIAI1_1343.xml	1.536	
built	iECIAI1_1343	Escherichia coli IAI1	map00030	rn00030	Pentose phosphate pathway	2765	1968	1343	2765	1968	58	37	1	R06837	34	24	58.62	26	11	70.27	206	34	217	0	73	0	outputs\bigg_prokaryote_bioemma\maps\map00030\iECIAI1_1343\iECIAI1_1343_map00030_map.json	outputs\bigg_prokaryote_bioemma\maps\map00030\iECIAI1_1343\iECIAI1_1343_map00030_map.html	outputs\bigg_prokaryote_bioemma\maps\map00030\iECIAI1_1343\summary.json	outputs\bigg_prokaryote_bioemma\models\iECIAI1_1343.xml	2.014	
built	iECIAI1_1343	Escherichia coli IAI1	map00680	rn00680	Methane metabolism / C1 metabolism	2765	1968	1343	2765	1968	104	86	3	R08323, R08328, R10397	32	72	30.77	36	50	41.86	238	32	228	0	95	0	outputs\bigg_prokaryote_bioemma\maps\map00680\iECIAI1_1343\iECIAI1_1343_map00680_map.json	outputs\bigg_prokaryote_bioemma\maps\map00680\iECIAI1_1343\iECIAI1_1343_map00680_map.html	outputs\bigg_prokaryote_bioemma\maps\map00680\iECIAI1_1343\summary.json	outputs\bigg_prokaryote_bioemma\models\iECIAI1_1343.xml	3.299	
built	iECIAI39_1322	Escherichia coli IAI39	map00010	rn00010	Glycolysis / gluconeogenesis	2721	1953	1321	2721	1953	56	31	0		41	15	73.21	22	9	70.97	275	41	290	0	121	0	outputs\bigg_prokaryote_bioemma\maps\map00010\iECIAI39_1322\iECIAI39_1322_map00010_map.json	outputs\bigg_prokaryote_bioemma\maps\map00010\iECIAI39_1322\iECIAI39_1322_map00010_map.html	outputs\bigg_prokaryote_bioemma\maps\map00010\iECIAI39_1322\summary.json	outputs\bigg_prokaryote_bioemma\models\iECIAI39_1322.xml	2.085	
built	iECIAI39_1322	Escherichia coli IAI39	map00020	rn00020	Citrate cycle (TCA cycle)	2721	1953	1321	2721	1953	29	20	0		23	6	79.31	13	7	65.0	158	23	171	0	69	0	outputs\bigg_prokaryote_bioemma\maps\map00020\iECIAI39_1322\iECIAI39_1322_map00020_map.json	outputs\bigg_prokaryote_bioemma\maps\map00020\iECIAI39_1322\iECIAI39_1322_map00020_map.html	outputs\bigg_prokaryote_bioemma\maps\map00020\iECIAI39_1322\summary.json	outputs\bigg_prokaryote_bioemma\models\iECIAI39_1322.xml	1.545	
built	iECIAI39_1322	Escherichia coli IAI39	map00030	rn00030	Pentose phosphate pathway	2721	1953	1321	2721	1953	58	37	1	R06837	34	24	58.62	26	11	70.27	206	34	217	0	73	0	outputs\bigg_prokaryote_bioemma\maps\map00030\iECIAI39_1322\iECIAI39_1322_map00030_map.json	outputs\bigg_prokaryote_bioemma\maps\map00030\iECIAI39_1322\iECIAI39_1322_map00030_map.html	outputs\bigg_prokaryote_bioemma\maps\map00030\iECIAI39_1322\summary.json	outputs\bigg_prokaryote_bioemma\models\iECIAI39_1322.xml	1.863	
built	iECIAI39_1322	Escherichia coli IAI39	map00680	rn00680	Methane metabolism / C1 metabolism	2721	1953	1321	2721	1953	104	86	3	R08323, R08328, R10397	32	72	30.77	36	50	41.86	238	32	228	0	95	0	outputs\bigg_prokaryote_bioemma\maps\map00680\iECIAI39_1322\iECIAI39_1322_map00680_map.json	outputs\bigg_prokaryote_bioemma\maps\map00680\iECIAI39_1322\iECIAI39_1322_map00680_map.html	outputs\bigg_prokaryote_bioemma\maps\map00680\iECIAI39_1322\summary.json	outputs\bigg_prokaryote_bioemma\models\iECIAI39_1322.xml	3.045	
built	iECNA114_1301	Escherichia coli NA114	map00010	rn00010	Glycolysis / gluconeogenesis	2718	1927	1301	2718	1927	56	31	0		41	15	73.21	21	10	67.74	278	41	293	0	124	0	outputs\bigg_prokaryote_bioemma\maps\map00010\iECNA114_1301\iECNA114_1301_map00010_map.json	outputs\bigg_prokaryote_bioemma\maps\map00010\iECNA114_1301\iECNA114_1301_map00010_map.html	outputs\bigg_prokaryote_bioemma\maps\map00010\iECNA114_1301\summary.json	outputs\bigg_prokaryote_bioemma\models\iECNA114_1301.xml	2.049	
built	iECNA114_1301	Escherichia coli NA114	map00020	rn00020	Citrate cycle (TCA cycle)	2718	1927	1301	2718	1927	29	20	0		23	6	79.31	13	7	65.0	158	23	171	0	69	0	outputs\bigg_prokaryote_bioemma\maps\map00020\iECNA114_1301\iECNA114_1301_map00020_map.json	outputs\bigg_prokaryote_bioemma\maps\map00020\iECNA114_1301\iECNA114_1301_map00020_map.html	outputs\bigg_prokaryote_bioemma\maps\map00020\iECNA114_1301\summary.json	outputs\bigg_prokaryote_bioemma\models\iECNA114_1301.xml	1.484	
built	iECNA114_1301	Escherichia coli NA114	map00030	rn00030	Pentose phosphate pathway	2718	1927	1301	2718	1927	58	37	1	R06837	34	24	58.62	26	11	70.27	206	34	217	0	73	0	outputs\bigg_prokaryote_bioemma\maps\map00030\iECNA114_1301\iECNA114_1301_map00030_map.json	outputs\bigg_prokaryote_bioemma\maps\map00030\iECNA114_1301\iECNA114_1301_map00030_map.html	outputs\bigg_prokaryote_bioemma\maps\map00030\iECNA114_1301\summary.json	outputs\bigg_prokaryote_bioemma\models\iECNA114_1301.xml	2.007	
built	iECNA114_1301	Escherichia coli NA114	map00680	rn00680	Methane metabolism / C1 metabolism	2718	1927	1301	2718	1927	104	86	3	R08323, R08328, R10397	32	72	30.77	36	50	41.86	239	32	229	0	96	0	outputs\bigg_prokaryote_bioemma\maps\map00680\iECNA114_1301\iECNA114_1301_map00680_map.json	outputs\bigg_prokaryote_bioemma\maps\map00680\iECNA114_1301\iECNA114_1301_map00680_map.html	outputs\bigg_prokaryote_bioemma\maps\map00680\iECNA114_1301\summary.json	outputs\bigg_prokaryote_bioemma\models\iECNA114_1301.xml	3.101	
built	iECO103_1326	Escherichia coli O103:H2 str. 12009	map00010	rn00010	Glycolysis / gluconeogenesis	2758	1958	1327	2758	1958	56	31	0		41	15	73.21	21	10	67.74	277	41	292	0	123	0	outputs\bigg_prokaryote_bioemma\maps\map00010\iECO103_1326\iECO103_1326_map00010_map.json	outputs\bigg_prokaryote_bioemma\maps\map00010\iECO103_1326\iECO103_1326_map00010_map.html	outputs\bigg_prokaryote_bioemma\maps\map00010\iECO103_1326\summary.json	outputs\bigg_prokaryote_bioemma\models\iECO103_1326.xml	2.072	
built	iECO103_1326	Escherichia coli O103:H2 str. 12009	map00020	rn00020	Citrate cycle (TCA cycle)	2758	1958	1327	2758	1958	29	20	0		23	6	79.31	13	7	65.0	158	23	171	0	69	0	outputs\bigg_prokaryote_bioemma\maps\map00020\iECO103_1326\iECO103_1326_map00020_map.json	outputs\bigg_prokaryote_bioemma\maps\map00020\iECO103_1326\iECO103_1326_map00020_map.html	outputs\bigg_prokaryote_bioemma\maps\map00020\iECO103_1326\summary.json	outputs\bigg_prokaryote_bioemma\models\iECO103_1326.xml	1.486	
built	iECO103_1326	Escherichia coli O103:H2 str. 12009	map00030	rn00030	Pentose phosphate pathway	2758	1958	1327	2758	1958	58	37	1	R06837	34	24	58.62	26	11	70.27	206	34	217	0	73	0	outputs\bigg_prokaryote_bioemma\maps\map00030\iECO103_1326\iECO103_1326_map00030_map.json	outputs\bigg_prokaryote_bioemma\maps\map00030\iECO103_1326\iECO103_1326_map00030_map.html	outputs\bigg_prokaryote_bioemma\maps\map00030\iECO103_1326\summary.json	outputs\bigg_prokaryote_bioemma\models\iECO103_1326.xml	1.998	
built	iECO103_1326	Escherichia coli O103:H2 str. 12009	map00680	rn00680	Methane metabolism / C1 metabolism	2758	1958	1327	2758	1958	104	86	3	R08323, R08328, R10397	32	72	30.77	36	50	41.86	239	32	229	0	96	0	outputs\bigg_prokaryote_bioemma\maps\map00680\iECO103_1326\iECO103_1326_map00680_map.json	outputs\bigg_prokaryote_bioemma\maps\map00680\iECO103_1326\iECO103_1326_map00680_map.html	outputs\bigg_prokaryote_bioemma\maps\map00680\iECO103_1326\summary.json	outputs\bigg_prokaryote_bioemma\models\iECO103_1326.xml	3.482	
built	iECO111_1330	Escherichia coli O111:H- str. 11128	map00010	rn00010	Glycolysis / gluconeogenesis	2760	1959	1328	2760	1959	56	31	0		41	15	73.21	22	9	70.97	277	41	292	0	123	0	outputs\bigg_prokaryote_bioemma\maps\map00010\iECO111_1330\iECO111_1330_map00010_map.json	outputs\bigg_prokaryote_bioemma\maps\map00010\iECO111_1330\iECO111_1330_map00010_map.html	outputs\bigg_prokaryote_bioemma\maps\map00010\iECO111_1330\summary.json	outputs\bigg_prokaryote_bioemma\models\iECO111_1330.xml	1.916	
built	iECO111_1330	Escherichia coli O111:H- str. 11128	map00020	rn00020	Citrate cycle (TCA cycle)	2760	1959	1328	2760	1959	29	20	0		23	6	79.31	13	7	65.0	158	23	171	0	69	0	outputs\bigg_prokaryote_bioemma\maps\map00020\iECO111_1330\iECO111_1330_map00020_map.json	outputs\bigg_prokaryote_bioemma\maps\map00020\iECO111_1330\iECO111_1330_map00020_map.html	outputs\bigg_prokaryote_bioemma\maps\map00020\iECO111_1330\summary.json	outputs\bigg_prokaryote_bioemma\models\iECO111_1330.xml	1.462	
built	iECO111_1330	Escherichia coli O111:H- str. 11128	map00030	rn00030	Pentose phosphate pathway	2760	1959	1328	2760	1959	58	37	1	R06837	34	24	58.62	26	11	70.27	206	34	217	0	73	0	outputs\bigg_prokaryote_bioemma\maps\map00030\iECO111_1330\iECO111_1330_map00030_map.json	outputs\bigg_prokaryote_bioemma\maps\map00030\iECO111_1330\iECO111_1330_map00030_map.html	outputs\bigg_prokaryote_bioemma\maps\map00030\iECO111_1330\summary.json	outputs\bigg_prokaryote_bioemma\models\iECO111_1330.xml	1.982	
built	iECO111_1330	Escherichia coli O111:H- str. 11128	map00680	rn00680	Methane metabolism / C1 metabolism	2760	1959	1328	2760	1959	104	86	3	R08323, R08328, R10397	32	72	30.77	36	50	41.86	239	32	229	0	96	0	outputs\bigg_prokaryote_bioemma\maps\map00680\iECO111_1330\iECO111_1330_map00680_map.json	outputs\bigg_prokaryote_bioemma\maps\map00680\iECO111_1330\iECO111_1330_map00680_map.html	outputs\bigg_prokaryote_bioemma\maps\map00680\iECO111_1330\summary.json	outputs\bigg_prokaryote_bioemma\models\iECO111_1330.xml	3.217	
built	iECO26_1355	Escherichia coli O26:H11 str. 11368	map00010	rn00010	Glycolysis / gluconeogenesis	2780	1965	1355	2780	1965	56	31	0		41	15	73.21	22	9	70.97	277	41	292	0	123	0	outputs\bigg_prokaryote_bioemma\maps\map00010\iECO26_1355\iECO26_1355_map00010_map.json	outputs\bigg_prokaryote_bioemma\maps\map00010\iECO26_1355\iECO26_1355_map00010_map.html	outputs\bigg_prokaryote_bioemma\maps\map00010\iECO26_1355\summary.json	outputs\bigg_prokaryote_bioemma\models\iECO26_1355.xml	1.95	
built	iECO26_1355	Escherichia coli O26:H11 str. 11368	map00020	rn00020	Citrate cycle (TCA cycle)	2780	1965	1355	2780	1965	29	20	0		23	6	79.31	13	7	65.0	158	23	171	0	69	0	outputs\bigg_prokaryote_bioemma\maps\map00020\iECO26_1355\iECO26_1355_map00020_map.json	outputs\bigg_prokaryote_bioemma\maps\map00020\iECO26_1355\iECO26_1355_map00020_map.html	outputs\bigg_prokaryote_bioemma\maps\map00020\iECO26_1355\summary.json	outputs\bigg_prokaryote_bioemma\models\iECO26_1355.xml	1.486	
built	iECO26_1355	Escherichia coli O26:H11 str. 11368	map00030	rn00030	Pentose phosphate pathway	2780	1965	1355	2780	1965	58	37	1	R06837	34	24	58.62	26	11	70.27	206	34	217	0	73	0	outputs\bigg_prokaryote_bioemma\maps\map00030\iECO26_1355\iECO26_1355_map00030_map.json	outputs\bigg_prokaryote_bioemma\maps\map00030\iECO26_1355\iECO26_1355_map00030_map.html	outputs\bigg_prokaryote_bioemma\maps\map00030\iECO26_1355\summary.json	outputs\bigg_prokaryote_bioemma\models\iECO26_1355.xml	2.005	
built	iECO26_1355	Escherichia coli O26:H11 str. 11368	map00680	rn00680	Methane metabolism / C1 metabolism	2780	1965	1355	2780	1965	104	86	3	R08323, R08328, R10397	32	72	30.77	36	50	41.86	239	32	229	0	96	0	outputs\bigg_prokaryote_bioemma\maps\map00680\iECO26_1355\iECO26_1355_map00680_map.json	outputs\bigg_prokaryote_bioemma\maps\map00680\iECO26_1355\iECO26_1355_map00680_map.html	outputs\bigg_prokaryote_bioemma\maps\map00680\iECO26_1355\summary.json	outputs\bigg_prokaryote_bioemma\models\iECO26_1355.xml	3.362	
built	iECOK1_1307	Escherichia coli IHE3034	map00010	rn00010	Glycolysis / gluconeogenesis	2729	1941	1304	2729	1941	56	31	0		41	15	73.21	22	9	70.97	279	41	294	0	125	0	outputs\bigg_prokaryote_bioemma\maps\map00010\iECOK1_1307\iECOK1_1307_map00010_map.json	outputs\bigg_prokaryote_bioemma\maps\map00010\iECOK1_1307\iECOK1_1307_map00010_map.html	outputs\bigg_prokaryote_bioemma\maps\map00010\iECOK1_1307\summary.json	outputs\bigg_prokaryote_bioemma\models\iECOK1_1307.xml	2.222	
built	iECOK1_1307	Escherichia coli IHE3034	map00020	rn00020	Citrate cycle (TCA cycle)	2729	1941	1304	2729	1941	29	20	0		23	6	79.31	13	7	65.0	158	23	171	0	69	0	outputs\bigg_prokaryote_bioemma\maps\map00020\iECOK1_1307\iECOK1_1307_map00020_map.json	outputs\bigg_prokaryote_bioemma\maps\map00020\iECOK1_1307\iECOK1_1307_map00020_map.html	outputs\bigg_prokaryote_bioemma\maps\map00020\iECOK1_1307\summary.json	outputs\bigg_prokaryote_bioemma\models\iECOK1_1307.xml	1.375	
built	iECOK1_1307	Escherichia coli IHE3034	map00030	rn00030	Pentose phosphate pathway	2729	1941	1304	2729	1941	58	37	1	R06837	34	24	58.62	26	11	70.27	206	34	217	0	73	0	outputs\bigg_prokaryote_bioemma\maps\map00030\iECOK1_1307\iECOK1_1307_map00030_map.json	outputs\bigg_prokaryote_bioemma\maps\map00030\iECOK1_1307\iECOK1_1307_map00030_map.html	outputs\bigg_prokaryote_bioemma\maps\map00030\iECOK1_1307\summary.json	outputs\bigg_prokaryote_bioemma\models\iECOK1_1307.xml	1.886	
built	iECOK1_1307	Escherichia coli IHE3034	map00680	rn00680	Methane metabolism / C1 metabolism	2729	1941	1304	2729	1941	104	86	3	R08323, R08328, R10397	32	72	30.77	36	50	41.86	239	32	229	0	96	0	outputs\bigg_prokaryote_bioemma\maps\map00680\iECOK1_1307\iECOK1_1307_map00680_map.json	outputs\bigg_prokaryote_bioemma\maps\map00680\iECOK1_1307\iECOK1_1307_map00680_map.html	outputs\bigg_prokaryote_bioemma\maps\map00680\iECOK1_1307\summary.json	outputs\bigg_prokaryote_bioemma\models\iECOK1_1307.xml	3.207	
built	iEcolC_1368	Escherichia coli ATCC 8739	map00010	rn00010	Glycolysis / gluconeogenesis	2768	1969	1368	2768	1969	56	31	0		41	15	73.21	21	10	67.74	277	41	292	0	123	0	outputs\bigg_prokaryote_bioemma\maps\map00010\iEcolC_1368\iEcolC_1368_map00010_map.json	outputs\bigg_prokaryote_bioemma\maps\map00010\iEcolC_1368\iEcolC_1368_map00010_map.html	outputs\bigg_prokaryote_bioemma\maps\map00010\iEcolC_1368\summary.json	outputs\bigg_prokaryote_bioemma\models\iEcolC_1368.xml	2.105	
built	iEcolC_1368	Escherichia coli ATCC 8739	map00020	rn00020	Citrate cycle (TCA cycle)	2768	1969	1368	2768	1969	29	20	0		23	6	79.31	13	7	65.0	158	23	171	0	69	0	outputs\bigg_prokaryote_bioemma\maps\map00020\iEcolC_1368\iEcolC_1368_map00020_map.json	outputs\bigg_prokaryote_bioemma\maps\map00020\iEcolC_1368\iEcolC_1368_map00020_map.html	outputs\bigg_prokaryote_bioemma\maps\map00020\iEcolC_1368\summary.json	outputs\bigg_prokaryote_bioemma\models\iEcolC_1368.xml	1.373	
built	iEcolC_1368	Escherichia coli ATCC 8739	map00030	rn00030	Pentose phosphate pathway	2768	1969	1368	2768	1969	58	37	1	R06837	34	24	58.62	26	11	70.27	206	34	217	0	73	0	outputs\bigg_prokaryote_bioemma\maps\map00030\iEcolC_1368\iEcolC_1368_map00030_map.json	outputs\bigg_prokaryote_bioemma\maps\map00030\iEcolC_1368\iEcolC_1368_map00030_map.html	outputs\bigg_prokaryote_bioemma\maps\map00030\iEcolC_1368\summary.json	outputs\bigg_prokaryote_bioemma\models\iEcolC_1368.xml	1.877	
built	iEcolC_1368	Escherichia coli ATCC 8739	map00680	rn00680	Methane metabolism / C1 metabolism	2768	1969	1368	2768	1969	104	86	3	R08323, R08328, R10397	32	72	30.77	36	50	41.86	239	32	229	0	96	0	outputs\bigg_prokaryote_bioemma\maps\map00680\iEcolC_1368\iEcolC_1368_map00680_map.json	outputs\bigg_prokaryote_bioemma\maps\map00680\iEcolC_1368\iEcolC_1368_map00680_map.html	outputs\bigg_prokaryote_bioemma\maps\map00680\iEcolC_1368\summary.json	outputs\bigg_prokaryote_bioemma\models\iEcolC_1368.xml	3.262	
built	iECP_1309	Escherichia coli 536	map00010	rn00010	Glycolysis / gluconeogenesis	2739	1941	1309	2739	1941	56	31	0		41	15	73.21	21	10	67.74	279	41	294	0	125	0	outputs\bigg_prokaryote_bioemma\maps\map00010\iECP_1309\iECP_1309_map00010_map.json	outputs\bigg_prokaryote_bioemma\maps\map00010\iECP_1309\iECP_1309_map00010_map.html	outputs\bigg_prokaryote_bioemma\maps\map00010\iECP_1309\summary.json	outputs\bigg_prokaryote_bioemma\models\iECP_1309.xml	2.063	
built	iECP_1309	Escherichia coli 536	map00020	rn00020	Citrate cycle (TCA cycle)	2739	1941	1309	2739	1941	29	20	0		23	6	79.31	13	7	65.0	158	23	171	0	69	0	outputs\bigg_prokaryote_bioemma\maps\map00020\iECP_1309\iECP_1309_map00020_map.json	outputs\bigg_prokaryote_bioemma\maps\map00020\iECP_1309\iECP_1309_map00020_map.html	outputs\bigg_prokaryote_bioemma\maps\map00020\iECP_1309\summary.json	outputs\bigg_prokaryote_bioemma\models\iECP_1309.xml	1.493	
built	iECP_1309	Escherichia coli 536	map00030	rn00030	Pentose phosphate pathway	2739	1941	1309	2739	1941	58	37	1	R06837	34	24	58.62	26	11	70.27	206	34	217	0	73	0	outputs\bigg_prokaryote_bioemma\maps\map00030\iECP_1309\iECP_1309_map00030_map.json	outputs\bigg_prokaryote_bioemma\maps\map00030\iECP_1309\iECP_1309_map00030_map.html	outputs\bigg_prokaryote_bioemma\maps\map00030\iECP_1309\summary.json	outputs\bigg_prokaryote_bioemma\models\iECP_1309.xml	2.018	
built	iECP_1309	Escherichia coli 536	map00680	rn00680	Methane metabolism / C1 metabolism	2739	1941	1309	2739	1941	104	86	3	R08323, R08328, R10397	32	72	30.77	36	50	41.86	239	32	229	0	96	0	outputs\bigg_prokaryote_bioemma\maps\map00680\iECP_1309\iECP_1309_map00680_map.json	outputs\bigg_prokaryote_bioemma\maps\map00680\iECP_1309\iECP_1309_map00680_map.html	outputs\bigg_prokaryote_bioemma\maps\map00680\iECP_1309\summary.json	outputs\bigg_prokaryote_bioemma\models\iECP_1309.xml	3.116	
built	iECS88_1305	Escherichia coli S88	map00010	rn00010	Glycolysis / gluconeogenesis	2729	1942	1305	2729	1942	56	31	0		41	15	73.21	22	9	70.97	279	41	294	0	125	0	outputs\bigg_prokaryote_bioemma\maps\map00010\iECS88_1305\iECS88_1305_map00010_map.json	outputs\bigg_prokaryote_bioemma\maps\map00010\iECS88_1305\iECS88_1305_map00010_map.html	outputs\bigg_prokaryote_bioemma\maps\map00010\iECS88_1305\summary.json	outputs\bigg_prokaryote_bioemma\models\iECS88_1305.xml	2.089	
built	iECS88_1305	Escherichia coli S88	map00020	rn00020	Citrate cycle (TCA cycle)	2729	1942	1305	2729	1942	29	20	0		23	6	79.31	13	7	65.0	158	23	171	0	69	0	outputs\bigg_prokaryote_bioemma\maps\map00020\iECS88_1305\iECS88_1305_map00020_map.json	outputs\bigg_prokaryote_bioemma\maps\map00020\iECS88_1305\iECS88_1305_map00020_map.html	outputs\bigg_prokaryote_bioemma\maps\map00020\iECS88_1305\summary.json	outputs\bigg_prokaryote_bioemma\models\iECS88_1305.xml	1.517	
built	iECS88_1305	Escherichia coli S88	map00030	rn00030	Pentose phosphate pathway	2729	1942	1305	2729	1942	58	37	1	R06837	34	24	58.62	26	11	70.27	206	34	217	0	73	0	outputs\bigg_prokaryote_bioemma\maps\map00030\iECS88_1305\iECS88_1305_map00030_map.json	outputs\bigg_prokaryote_bioemma\maps\map00030\iECS88_1305\iECS88_1305_map00030_map.html	outputs\bigg_prokaryote_bioemma\maps\map00030\iECS88_1305\summary.json	outputs\bigg_prokaryote_bioemma\models\iECS88_1305.xml	2.11	
built	iECS88_1305	Escherichia coli S88	map00680	rn00680	Methane metabolism / C1 metabolism	2729	1942	1305	2729	1942	104	86	3	R08323, R08328, R10397	32	72	30.77	36	50	41.86	239	32	229	0	96	0	outputs\bigg_prokaryote_bioemma\maps\map00680\iECS88_1305\iECS88_1305_map00680_map.json	outputs\bigg_prokaryote_bioemma\maps\map00680\iECS88_1305\iECS88_1305_map00680_map.html	outputs\bigg_prokaryote_bioemma\maps\map00680\iECS88_1305\summary.json	outputs\bigg_prokaryote_bioemma\models\iECS88_1305.xml	3.079	
built	iECs_1301	Escherichia coli O157:H7 str. Sakai	map00010	rn00010	Glycolysis / gluconeogenesis	2720	1923	1301	2720	1923	56	31	0		41	15	73.21	21	10	67.74	277	41	292	0	123	0	outputs\bigg_prokaryote_bioemma\maps\map00010\iECs_1301\iECs_1301_map00010_map.json	outputs\bigg_prokaryote_bioemma\maps\map00010\iECs_1301\iECs_1301_map00010_map.html	outputs\bigg_prokaryote_bioemma\maps\map00010\iECs_1301\summary.json	outputs\bigg_prokaryote_bioemma\models\iECs_1301.xml	2.3	
built	iECs_1301	Escherichia coli O157:H7 str. Sakai	map00020	rn00020	Citrate cycle (TCA cycle)	2720	1923	1301	2720	1923	29	20	0		23	6	79.31	13	7	65.0	158	23	171	0	69	0	outputs\bigg_prokaryote_bioemma\maps\map00020\iECs_1301\iECs_1301_map00020_map.json	outputs\bigg_prokaryote_bioemma\maps\map00020\iECs_1301\iECs_1301_map00020_map.html	outputs\bigg_prokaryote_bioemma\maps\map00020\iECs_1301\summary.json	outputs\bigg_prokaryote_bioemma\models\iECs_1301.xml	1.513	
built	iECs_1301	Escherichia coli O157:H7 str. Sakai	map00030	rn00030	Pentose phosphate pathway	2720	1923	1301	2720	1923	58	37	1	R06837	33	25	56.9	26	11	70.27	199	33	209	0	69	0	outputs\bigg_prokaryote_bioemma\maps\map00030\iECs_1301\iECs_1301_map00030_map.json	outputs\bigg_prokaryote_bioemma\maps\map00030\iECs_1301\iECs_1301_map00030_map.html	outputs\bigg_prokaryote_bioemma\maps\map00030\iECs_1301\summary.json	outputs\bigg_prokaryote_bioemma\models\iECs_1301.xml	1.861	
built	iECs_1301	Escherichia coli O157:H7 str. Sakai	map00680	rn00680	Methane metabolism / C1 metabolism	2720	1923	1301	2720	1923	104	86	3	R08323, R08328, R10397	32	72	30.77	36	50	41.86	239	32	229	0	96	0	outputs\bigg_prokaryote_bioemma\maps\map00680\iECs_1301\iECs_1301_map00680_map.json	outputs\bigg_prokaryote_bioemma\maps\map00680\iECs_1301\iECs_1301_map00680_map.html	outputs\bigg_prokaryote_bioemma\maps\map00680\iECs_1301\summary.json	outputs\bigg_prokaryote_bioemma\models\iECs_1301.xml	3.235	
built	iECSE_1348	Escherichia coli SE11	map00010	rn00010	Glycolysis / gluconeogenesis	2768	1957	1348	2768	1957	56	31	0		41	15	73.21	22	9	70.97	277	41	292	0	123	0	outputs\bigg_prokaryote_bioemma\maps\map00010\iECSE_1348\iECSE_1348_map00010_map.json	outputs\bigg_prokaryote_bioemma\maps\map00010\iECSE_1348\iECSE_1348_map00010_map.html	outputs\bigg_prokaryote_bioemma\maps\map00010\iECSE_1348\summary.json	outputs\bigg_prokaryote_bioemma\models\iECSE_1348.xml	2.167	
built	iECSE_1348	Escherichia coli SE11	map00020	rn00020	Citrate cycle (TCA cycle)	2768	1957	1348	2768	1957	29	20	0		23	6	79.31	13	7	65.0	158	23	171	0	69	0	outputs\bigg_prokaryote_bioemma\maps\map00020\iECSE_1348\iECSE_1348_map00020_map.json	outputs\bigg_prokaryote_bioemma\maps\map00020\iECSE_1348\iECSE_1348_map00020_map.html	outputs\bigg_prokaryote_bioemma\maps\map00020\iECSE_1348\summary.json	outputs\bigg_prokaryote_bioemma\models\iECSE_1348.xml	1.397	
built	iECSE_1348	Escherichia coli SE11	map00030	rn00030	Pentose phosphate pathway	2768	1957	1348	2768	1957	58	37	1	R06837	34	24	58.62	26	11	70.27	206	34	217	0	73	0	outputs\bigg_prokaryote_bioemma\maps\map00030\iECSE_1348\iECSE_1348_map00030_map.json	outputs\bigg_prokaryote_bioemma\maps\map00030\iECSE_1348\iECSE_1348_map00030_map.html	outputs\bigg_prokaryote_bioemma\maps\map00030\iECSE_1348\summary.json	outputs\bigg_prokaryote_bioemma\models\iECSE_1348.xml	1.899	
built	iECSE_1348	Escherichia coli SE11	map00680	rn00680	Methane metabolism / C1 metabolism	2768	1957	1348	2768	1957	104	86	3	R08323, R08328, R10397	32	72	30.77	36	50	41.86	239	32	229	0	96	0	outputs\bigg_prokaryote_bioemma\maps\map00680\iECSE_1348\iECSE_1348_map00680_map.json	outputs\bigg_prokaryote_bioemma\maps\map00680\iECSE_1348\iECSE_1348_map00680_map.html	outputs\bigg_prokaryote_bioemma\maps\map00680\iECSE_1348\summary.json	outputs\bigg_prokaryote_bioemma\models\iECSE_1348.xml	3.295	
built	iECSF_1327	Escherichia coli SE15	map00010	rn00010	Glycolysis / gluconeogenesis	2742	1951	1327	2742	1951	56	31	0		41	15	73.21	21	10	67.74	279	41	294	0	125	0	outputs\bigg_prokaryote_bioemma\maps\map00010\iECSF_1327\iECSF_1327_map00010_map.json	outputs\bigg_prokaryote_bioemma\maps\map00010\iECSF_1327\iECSF_1327_map00010_map.html	outputs\bigg_prokaryote_bioemma\maps\map00010\iECSF_1327\summary.json	outputs\bigg_prokaryote_bioemma\models\iECSF_1327.xml	2.16	
built	iECSF_1327	Escherichia coli SE15	map00020	rn00020	Citrate cycle (TCA cycle)	2742	1951	1327	2742	1951	29	20	0		23	6	79.31	13	7	65.0	158	23	171	0	69	0	outputs\bigg_prokaryote_bioemma\maps\map00020\iECSF_1327\iECSF_1327_map00020_map.json	outputs\bigg_prokaryote_bioemma\maps\map00020\iECSF_1327\iECSF_1327_map00020_map.html	outputs\bigg_prokaryote_bioemma\maps\map00020\iECSF_1327\summary.json	outputs\bigg_prokaryote_bioemma\models\iECSF_1327.xml	1.381	
built	iECSF_1327	Escherichia coli SE15	map00030	rn00030	Pentose phosphate pathway	2742	1951	1327	2742	1951	58	37	1	R06837	34	24	58.62	26	11	70.27	206	34	217	0	73	0	outputs\bigg_prokaryote_bioemma\maps\map00030\iECSF_1327\iECSF_1327_map00030_map.json	outputs\bigg_prokaryote_bioemma\maps\map00030\iECSF_1327\iECSF_1327_map00030_map.html	outputs\bigg_prokaryote_bioemma\maps\map00030\iECSF_1327\summary.json	outputs\bigg_prokaryote_bioemma\models\iECSF_1327.xml	1.857	
built	iECSF_1327	Escherichia coli SE15	map00680	rn00680	Methane metabolism / C1 metabolism	2742	1951	1327	2742	1951	104	86	3	R08323, R08328, R10397	32	72	30.77	36	50	41.86	239	32	229	0	96	0	outputs\bigg_prokaryote_bioemma\maps\map00680\iECSF_1327\iECSF_1327_map00680_map.json	outputs\bigg_prokaryote_bioemma\maps\map00680\iECSF_1327\iECSF_1327_map00680_map.html	outputs\bigg_prokaryote_bioemma\maps\map00680\iECSF_1327\summary.json	outputs\bigg_prokaryote_bioemma\models\iECSF_1327.xml	3.233	
built	iEcSMS35_1347	Escherichia coli SMS-3-5	map00010	rn00010	Glycolysis / gluconeogenesis	2746	1947	1347	2746	1947	56	31	0		41	15	73.21	22	9	70.97	278	41	293	0	124	0	outputs\bigg_prokaryote_bioemma\maps\map00010\iEcSMS35_1347\iEcSMS35_1347_map00010_map.json	outputs\bigg_prokaryote_bioemma\maps\map00010\iEcSMS35_1347\iEcSMS35_1347_map00010_map.html	outputs\bigg_prokaryote_bioemma\maps\map00010\iEcSMS35_1347\summary.json	outputs\bigg_prokaryote_bioemma\models\iEcSMS35_1347.xml	2.051	
built	iEcSMS35_1347	Escherichia coli SMS-3-5	map00020	rn00020	Citrate cycle (TCA cycle)	2746	1947	1347	2746	1947	29	20	0		23	6	79.31	13	7	65.0	158	23	171	0	69	0	outputs\bigg_prokaryote_bioemma\maps\map00020\iEcSMS35_1347\iEcSMS35_1347_map00020_map.json	outputs\bigg_prokaryote_bioemma\maps\map00020\iEcSMS35_1347\iEcSMS35_1347_map00020_map.html	outputs\bigg_prokaryote_bioemma\maps\map00020\iEcSMS35_1347\summary.json	outputs\bigg_prokaryote_bioemma\models\iEcSMS35_1347.xml	1.478	
built	iEcSMS35_1347	Escherichia coli SMS-3-5	map00030	rn00030	Pentose phosphate pathway	2746	1947	1347	2746	1947	58	37	1	R06837	34	24	58.62	26	11	70.27	206	34	217	0	73	0	outputs\bigg_prokaryote_bioemma\maps\map00030\iEcSMS35_1347\iEcSMS35_1347_map00030_map.json	outputs\bigg_prokaryote_bioemma\maps\map00030\iEcSMS35_1347\iEcSMS35_1347_map00030_map.html	outputs\bigg_prokaryote_bioemma\maps\map00030\iEcSMS35_1347\summary.json	outputs\bigg_prokaryote_bioemma\models\iEcSMS35_1347.xml	2.012	
built	iEcSMS35_1347	Escherichia coli SMS-3-5	map00680	rn00680	Methane metabolism / C1 metabolism	2746	1947	1347	2746	1947	104	86	3	R08323, R08328, R10397	32	72	30.77	36	50	41.86	239	32	229	0	96	0	outputs\bigg_prokaryote_bioemma\maps\map00680\iEcSMS35_1347\iEcSMS35_1347_map00680_map.json	outputs\bigg_prokaryote_bioemma\maps\map00680\iEcSMS35_1347\iEcSMS35_1347_map00680_map.html	outputs\bigg_prokaryote_bioemma\maps\map00680\iEcSMS35_1347\summary.json	outputs\bigg_prokaryote_bioemma\models\iEcSMS35_1347.xml	3.455	
built	iECSP_1301	Escherichia coli O157:H7 str. TW14359	map00010	rn00010	Glycolysis / gluconeogenesis	2712	1920	1299	2712	1920	56	31	0		41	15	73.21	21	10	67.74	277	41	292	0	123	0	outputs\bigg_prokaryote_bioemma\maps\map00010\iECSP_1301\iECSP_1301_map00010_map.json	outputs\bigg_prokaryote_bioemma\maps\map00010\iECSP_1301\iECSP_1301_map00010_map.html	outputs\bigg_prokaryote_bioemma\maps\map00010\iECSP_1301\summary.json	outputs\bigg_prokaryote_bioemma\models\iECSP_1301.xml	1.907	
built	iECSP_1301	Escherichia coli O157:H7 str. TW14359	map00020	rn00020	Citrate cycle (TCA cycle)	2712	1920	1299	2712	1920	29	20	0		23	6	79.31	13	7	65.0	158	23	171	0	69	0	outputs\bigg_prokaryote_bioemma\maps\map00020\iECSP_1301\iECSP_1301_map00020_map.json	outputs\bigg_prokaryote_bioemma\maps\map00020\iECSP_1301\iECSP_1301_map00020_map.html	outputs\bigg_prokaryote_bioemma\maps\map00020\iECSP_1301\summary.json	outputs\bigg_prokaryote_bioemma\models\iECSP_1301.xml	1.486	
built	iECSP_1301	Escherichia coli O157:H7 str. TW14359	map00030	rn00030	Pentose phosphate pathway	2712	1920	1299	2712	1920	58	37	1	R06837	33	25	56.9	26	11	70.27	199	33	209	0	69	0	outputs\bigg_prokaryote_bioemma\maps\map00030\iECSP_1301\iECSP_1301_map00030_map.json	outputs\bigg_prokaryote_bioemma\maps\map00030\iECSP_1301\iECSP_1301_map00030_map.html	outputs\bigg_prokaryote_bioemma\maps\map00030\iECSP_1301\summary.json	outputs\bigg_prokaryote_bioemma\models\iECSP_1301.xml	1.979	
built	iECSP_1301	Escherichia coli O157:H7 str. TW14359	map00680	rn00680	Methane metabolism / C1 metabolism	2712	1920	1299	2712	1920	104	86	3	R08323, R08328, R10397	32	72	30.77	36	50	41.86	239	32	229	0	96	0	outputs\bigg_prokaryote_bioemma\maps\map00680\iECSP_1301\iECSP_1301_map00680_map.json	outputs\bigg_prokaryote_bioemma\maps\map00680\iECSP_1301\iECSP_1301_map00680_map.html	outputs\bigg_prokaryote_bioemma\maps\map00680\iECSP_1301\summary.json	outputs\bigg_prokaryote_bioemma\models\iECSP_1301.xml	3.211	
built	iECUMN_1333	Escherichia coli UMN026	map00010	rn00010	Glycolysis / gluconeogenesis	2740	1935	1332	2740	1935	56	31	0		41	15	73.21	21	10	67.74	277	41	292	0	123	0	outputs\bigg_prokaryote_bioemma\maps\map00010\iECUMN_1333\iECUMN_1333_map00010_map.json	outputs\bigg_prokaryote_bioemma\maps\map00010\iECUMN_1333\iECUMN_1333_map00010_map.html	outputs\bigg_prokaryote_bioemma\maps\map00010\iECUMN_1333\summary.json	outputs\bigg_prokaryote_bioemma\models\iECUMN_1333.xml	2.04	
built	iECUMN_1333	Escherichia coli UMN026	map00020	rn00020	Citrate cycle (TCA cycle)	2740	1935	1332	2740	1935	29	20	0		23	6	79.31	13	7	65.0	158	23	171	0	69	0	outputs\bigg_prokaryote_bioemma\maps\map00020\iECUMN_1333\iECUMN_1333_map00020_map.json	outputs\bigg_prokaryote_bioemma\maps\map00020\iECUMN_1333\iECUMN_1333_map00020_map.html	outputs\bigg_prokaryote_bioemma\maps\map00020\iECUMN_1333\summary.json	outputs\bigg_prokaryote_bioemma\models\iECUMN_1333.xml	1.491	
built	iECUMN_1333	Escherichia coli UMN026	map00030	rn00030	Pentose phosphate pathway	2740	1935	1332	2740	1935	58	37	1	R06837	34	24	58.62	26	11	70.27	205	34	216	0	72	0	outputs\bigg_prokaryote_bioemma\maps\map00030\iECUMN_1333\iECUMN_1333_map00030_map.json	outputs\bigg_prokaryote_bioemma\maps\map00030\iECUMN_1333\iECUMN_1333_map00030_map.html	outputs\bigg_prokaryote_bioemma\maps\map00030\iECUMN_1333\summary.json	outputs\bigg_prokaryote_bioemma\models\iECUMN_1333.xml	2.038	
built	iECUMN_1333	Escherichia coli UMN026	map00680	rn00680	Methane metabolism / C1 metabolism	2740	1935	1332	2740	1935	104	86	3	R08323, R08328, R10397	32	72	30.77	36	50	41.86	239	32	229	0	96	0	outputs\bigg_prokaryote_bioemma\maps\map00680\iECUMN_1333\iECUMN_1333_map00680_map.json	outputs\bigg_prokaryote_bioemma\maps\map00680\iECUMN_1333\iECUMN_1333_map00680_map.html	outputs\bigg_prokaryote_bioemma\maps\map00680\iECUMN_1333\summary.json	outputs\bigg_prokaryote_bioemma\models\iECUMN_1333.xml	3.091	
built	iECW_1372	Escherichia coli W	map00010	rn00010	Glycolysis / gluconeogenesis	2782	1973	1372	2782	1973	56	31	0		41	15	73.21	22	9	70.97	277	41	292	0	123	0	outputs\bigg_prokaryote_bioemma\maps\map00010\iECW_1372\iECW_1372_map00010_map.json	outputs\bigg_prokaryote_bioemma\maps\map00010\iECW_1372\iECW_1372_map00010_map.html	outputs\bigg_prokaryote_bioemma\maps\map00010\iECW_1372\summary.json	outputs\bigg_prokaryote_bioemma\models\iECW_1372.xml	2.135	
built	iECW_1372	Escherichia coli W	map00020	rn00020	Citrate cycle (TCA cycle)	2782	1973	1372	2782	1973	29	20	0		23	6	79.31	13	7	65.0	158	23	171	0	69	0	outputs\bigg_prokaryote_bioemma\maps\map00020\iECW_1372\iECW_1372_map00020_map.json	outputs\bigg_prokaryote_bioemma\maps\map00020\iECW_1372\iECW_1372_map00020_map.html	outputs\bigg_prokaryote_bioemma\maps\map00020\iECW_1372\summary.json	outputs\bigg_prokaryote_bioemma\models\iECW_1372.xml	1.509	
built	iECW_1372	Escherichia coli W	map00030	rn00030	Pentose phosphate pathway	2782	1973	1372	2782	1973	58	37	1	R06837	34	24	58.62	26	11	70.27	206	34	217	0	73	0	outputs\bigg_prokaryote_bioemma\maps\map00030\iECW_1372\iECW_1372_map00030_map.json	outputs\bigg_prokaryote_bioemma\maps\map00030\iECW_1372\iECW_1372_map00030_map.html	outputs\bigg_prokaryote_bioemma\maps\map00030\iECW_1372\summary.json	outputs\bigg_prokaryote_bioemma\models\iECW_1372.xml	2.023	
built	iECW_1372	Escherichia coli W	map00680	rn00680	Methane metabolism / C1 metabolism	2782	1973	1372	2782	1973	104	86	3	R08323, R08328, R10397	32	72	30.77	36	50	41.86	239	32	229	0	96	0	outputs\bigg_prokaryote_bioemma\maps\map00680\iECW_1372\iECW_1372_map00680_map.json	outputs\bigg_prokaryote_bioemma\maps\map00680\iECW_1372\iECW_1372_map00680_map.html	outputs\bigg_prokaryote_bioemma\maps\map00680\iECW_1372\summary.json	outputs\bigg_prokaryote_bioemma\models\iECW_1372.xml	3.359	
built	iEK1008	Mycobacterium tuberculosis H37Rv	map00010	rn00010	Glycolysis / gluconeogenesis	1226	998	1008	1226	998	56	31	0		34	22	60.71	18	13	58.06	229	34	241	0	100	0	outputs\bigg_prokaryote_bioemma\maps\map00010\iEK1008\iEK1008_map00010_map.json	outputs\bigg_prokaryote_bioemma\maps\map00010\iEK1008\iEK1008_map00010_map.html	outputs\bigg_prokaryote_bioemma\maps\map00010\iEK1008\summary.json	outputs\bigg_prokaryote_bioemma\models\iEK1008.xml	1.506	
built	iEK1008	Mycobacterium tuberculosis H37Rv	map00020	rn00020	Citrate cycle (TCA cycle)	1226	998	1008	1226	998	29	20	0		22	7	75.86	12	8	60.0	155	22	167	0	69	0	outputs\bigg_prokaryote_bioemma\maps\map00020\iEK1008\iEK1008_map00020_map.json	outputs\bigg_prokaryote_bioemma\maps\map00020\iEK1008\iEK1008_map00020_map.html	outputs\bigg_prokaryote_bioemma\maps\map00020\iEK1008\summary.json	outputs\bigg_prokaryote_bioemma\models\iEK1008.xml	1.184	
built	iEK1008	Mycobacterium tuberculosis H37Rv	map00030	rn00030	Pentose phosphate pathway	1226	998	1008	1226	998	58	37	1	R06837	24	34	41.38	23	14	62.16	152	24	155	0	53	0	outputs\bigg_prokaryote_bioemma\maps\map00030\iEK1008\iEK1008_map00030_map.json	outputs\bigg_prokaryote_bioemma\maps\map00030\iEK1008\iEK1008_map00030_map.html	outputs\bigg_prokaryote_bioemma\maps\map00030\iEK1008\summary.json	outputs\bigg_prokaryote_bioemma\models\iEK1008.xml	1.463	
built	iEK1008	Mycobacterium tuberculosis H37Rv	map00680	rn00680	Methane metabolism / C1 metabolism	1226	998	1008	1226	998	104	86	3	R08323, R08328, R10397	36	68	34.62	36	50	41.86	269	36	259	0	108	0	outputs\bigg_prokaryote_bioemma\maps\map00680\iEK1008\iEK1008_map00680_map.json	outputs\bigg_prokaryote_bioemma\maps\map00680\iEK1008\iEK1008_map00680_map.html	outputs\bigg_prokaryote_bioemma\maps\map00680\iEK1008\summary.json	outputs\bigg_prokaryote_bioemma\models\iEK1008.xml	1.913	
built	iEKO11_1354	Escherichia coli KO11FL	map00010	rn00010	Glycolysis / gluconeogenesis	2778	1972	1354	2778	1972	56	31	0		41	15	73.21	22	9	70.97	277	41	292	0	123	0	outputs\bigg_prokaryote_bioemma\maps\map00010\iEKO11_1354\iEKO11_1354_map00010_map.json	outputs\bigg_prokaryote_bioemma\maps\map00010\iEKO11_1354\iEKO11_1354_map00010_map.html	outputs\bigg_prokaryote_bioemma\maps\map00010\iEKO11_1354\summary.json	outputs\bigg_prokaryote_bioemma\models\iEKO11_1354.xml	2.033	
built	iEKO11_1354	Escherichia coli KO11FL	map00020	rn00020	Citrate cycle (TCA cycle)	2778	1972	1354	2778	1972	29	20	0		23	6	79.31	13	7	65.0	158	23	171	0	69	0	outputs\bigg_prokaryote_bioemma\maps\map00020\iEKO11_1354\iEKO11_1354_map00020_map.json	outputs\bigg_prokaryote_bioemma\maps\map00020\iEKO11_1354\iEKO11_1354_map00020_map.html	outputs\bigg_prokaryote_bioemma\maps\map00020\iEKO11_1354\summary.json	outputs\bigg_prokaryote_bioemma\models\iEKO11_1354.xml	1.541	
built	iEKO11_1354	Escherichia coli KO11FL	map00030	rn00030	Pentose phosphate pathway	2778	1972	1354	2778	1972	58	37	1	R06837	32	26	55.17	26	11	70.27	194	32	203	0	67	0	outputs\bigg_prokaryote_bioemma\maps\map00030\iEKO11_1354\iEKO11_1354_map00030_map.json	outputs\bigg_prokaryote_bioemma\maps\map00030\iEKO11_1354\iEKO11_1354_map00030_map.html	outputs\bigg_prokaryote_bioemma\maps\map00030\iEKO11_1354\summary.json	outputs\bigg_prokaryote_bioemma\models\iEKO11_1354.xml	1.905	
built	iEKO11_1354	Escherichia coli KO11FL	map00680	rn00680	Methane metabolism / C1 metabolism	2778	1972	1354	2778	1972	104	86	3	R08323, R08328, R10397	32	72	30.77	36	50	41.86	239	32	229	0	96	0	outputs\bigg_prokaryote_bioemma\maps\map00680\iEKO11_1354\iEKO11_1354_map00680_map.json	outputs\bigg_prokaryote_bioemma\maps\map00680\iEKO11_1354\iEKO11_1354_map00680_map.html	outputs\bigg_prokaryote_bioemma\maps\map00680\iEKO11_1354\summary.json	outputs\bigg_prokaryote_bioemma\models\iEKO11_1354.xml	3.352	
built	iETEC_1333	Escherichia coli ETEC H10407	map00010	rn00010	Glycolysis / gluconeogenesis	2756	1962	1333	2756	1962	56	31	0		41	15	73.21	21	10	67.74	277	41	292	0	123	0	outputs\bigg_prokaryote_bioemma\maps\map00010\iETEC_1333\iETEC_1333_map00010_map.json	outputs\bigg_prokaryote_bioemma\maps\map00010\iETEC_1333\iETEC_1333_map00010_map.html	outputs\bigg_prokaryote_bioemma\maps\map00010\iETEC_1333\summary.json	outputs\bigg_prokaryote_bioemma\models\iETEC_1333.xml	2.112	
built	iETEC_1333	Escherichia coli ETEC H10407	map00020	rn00020	Citrate cycle (TCA cycle)	2756	1962	1333	2756	1962	29	20	0		23	6	79.31	13	7	65.0	158	23	171	0	69	0	outputs\bigg_prokaryote_bioemma\maps\map00020\iETEC_1333\iETEC_1333_map00020_map.json	outputs\bigg_prokaryote_bioemma\maps\map00020\iETEC_1333\iETEC_1333_map00020_map.html	outputs\bigg_prokaryote_bioemma\maps\map00020\iETEC_1333\summary.json	outputs\bigg_prokaryote_bioemma\models\iETEC_1333.xml	1.544	
built	iETEC_1333	Escherichia coli ETEC H10407	map00030	rn00030	Pentose phosphate pathway	2756	1962	1333	2756	1962	58	37	1	R06837	34	24	58.62	26	11	70.27	206	34	217	0	73	0	outputs\bigg_prokaryote_bioemma\maps\map00030\iETEC_1333\iETEC_1333_map00030_map.json	outputs\bigg_prokaryote_bioemma\maps\map00030\iETEC_1333\iETEC_1333_map00030_map.html	outputs\bigg_prokaryote_bioemma\maps\map00030\iETEC_1333\summary.json	outputs\bigg_prokaryote_bioemma\models\iETEC_1333.xml	1.901	
built	iETEC_1333	Escherichia coli ETEC H10407	map00680	rn00680	Methane metabolism / C1 metabolism	2756	1962	1333	2756	1962	104	86	3	R08323, R08328, R10397	32	72	30.77	36	50	41.86	239	32	229	0	96	0	outputs\bigg_prokaryote_bioemma\maps\map00680\iETEC_1333\iETEC_1333_map00680_map.json	outputs\bigg_prokaryote_bioemma\maps\map00680\iETEC_1333\iETEC_1333_map00680_map.html	outputs\bigg_prokaryote_bioemma\maps\map00680\iETEC_1333\summary.json	outputs\bigg_prokaryote_bioemma\models\iETEC_1333.xml	3.224	
built	iG2583_1286	Escherichia coli O55:H7 str. CB9615	map00010	rn00010	Glycolysis / gluconeogenesis	2704	1919	1283	2704	1919	56	31	0		41	15	73.21	21	10	67.74	277	41	292	0	123	0	outputs\bigg_prokaryote_bioemma\maps\map00010\iG2583_1286\iG2583_1286_map00010_map.json	outputs\bigg_prokaryote_bioemma\maps\map00010\iG2583_1286\iG2583_1286_map00010_map.html	outputs\bigg_prokaryote_bioemma\maps\map00010\iG2583_1286\summary.json	outputs\bigg_prokaryote_bioemma\models\iG2583_1286.xml	2.058	
built	iG2583_1286	Escherichia coli O55:H7 str. CB9615	map00020	rn00020	Citrate cycle (TCA cycle)	2704	1919	1283	2704	1919	29	20	0		23	6	79.31	13	7	65.0	158	23	171	0	69	0	outputs\bigg_prokaryote_bioemma\maps\map00020\iG2583_1286\iG2583_1286_map00020_map.json	outputs\bigg_prokaryote_bioemma\maps\map00020\iG2583_1286\iG2583_1286_map00020_map.html	outputs\bigg_prokaryote_bioemma\maps\map00020\iG2583_1286\summary.json	outputs\bigg_prokaryote_bioemma\models\iG2583_1286.xml	1.69	
built	iG2583_1286	Escherichia coli O55:H7 str. CB9615	map00030	rn00030	Pentose phosphate pathway	2704	1919	1283	2704	1919	58	37	1	R06837	33	25	56.9	26	11	70.27	199	33	209	0	69	0	outputs\bigg_prokaryote_bioemma\maps\map00030\iG2583_1286\iG2583_1286_map00030_map.json	outputs\bigg_prokaryote_bioemma\maps\map00030\iG2583_1286\iG2583_1286_map00030_map.html	outputs\bigg_prokaryote_bioemma\maps\map00030\iG2583_1286\summary.json	outputs\bigg_prokaryote_bioemma\models\iG2583_1286.xml	2.07	
built	iG2583_1286	Escherichia coli O55:H7 str. CB9615	map00680	rn00680	Methane metabolism / C1 metabolism	2704	1919	1283	2704	1919	104	86	3	R08323, R08328, R10397	31	73	29.81	36	50	41.86	234	31	223	0	94	0	outputs\bigg_prokaryote_bioemma\maps\map00680\iG2583_1286\iG2583_1286_map00680_map.json	outputs\bigg_prokaryote_bioemma\maps\map00680\iG2583_1286\iG2583_1286_map00680_map.html	outputs\bigg_prokaryote_bioemma\maps\map00680\iG2583_1286\summary.json	outputs\bigg_prokaryote_bioemma\models\iG2583_1286.xml	3.117	
built	iHN637	Clostridium ljungdahlii DSM 13528	map00010	rn00010	Glycolysis / gluconeogenesis	785	698	637	785	698	56	31	0		30	26	53.57	18	13	58.06	201	30	207	0	85	0	outputs\bigg_prokaryote_bioemma\maps\map00010\iHN637\iHN637_map00010_map.json	outputs\bigg_prokaryote_bioemma\maps\map00010\iHN637\iHN637_map00010_map.html	outputs\bigg_prokaryote_bioemma\maps\map00010\iHN637\summary.json	outputs\bigg_prokaryote_bioemma\models\iHN637.xml	1.432	
built	iHN637	Clostridium ljungdahlii DSM 13528	map00020	rn00020	Citrate cycle (TCA cycle)	785	698	637	785	698	29	20	0		13	16	44.83	13	7	65.0	91	13	91	0	36	0	outputs\bigg_prokaryote_bioemma\maps\map00020\iHN637\iHN637_map00020_map.json	outputs\bigg_prokaryote_bioemma\maps\map00020\iHN637\iHN637_map00020_map.html	outputs\bigg_prokaryote_bioemma\maps\map00020\iHN637\summary.json	outputs\bigg_prokaryote_bioemma\models\iHN637.xml	0.965	
built	iHN637	Clostridium ljungdahlii DSM 13528	map00030	rn00030	Pentose phosphate pathway	785	698	637	785	698	58	37	1	R06837	24	34	41.38	21	16	56.76	140	24	145	0	41	0	outputs\bigg_prokaryote_bioemma\maps\map00030\iHN637\iHN637_map00030_map.json	outputs\bigg_prokaryote_bioemma\maps\map00030\iHN637\iHN637_map00030_map.html	outputs\bigg_prokaryote_bioemma\maps\map00030\iHN637\summary.json	outputs\bigg_prokaryote_bioemma\models\iHN637.xml	1.407	
built	iHN637	Clostridium ljungdahlii DSM 13528	map00680	rn00680	Methane metabolism / C1 metabolism	785	698	637	785	698	104	86	3	R08323, R08328, R10397	28	76	26.92	29	57	33.72	222	28	209	0	92	0	outputs\bigg_prokaryote_bioemma\maps\map00680\iHN637\iHN637_map00680_map.json	outputs\bigg_prokaryote_bioemma\maps\map00680\iHN637\iHN637_map00680_map.html	outputs\bigg_prokaryote_bioemma\maps\map00680\iHN637\summary.json	outputs\bigg_prokaryote_bioemma\models\iHN637.xml	1.625	
built	iIT341	Helicobacter pylori 26695	map00010	rn00010	Glycolysis / gluconeogenesis	554	485	339	554	485	56	31	0		24	32	42.86	18	13	58.06	158	24	160	0	62	0	outputs\bigg_prokaryote_bioemma\maps\map00010\iIT341\iIT341_map00010_map.json	outputs\bigg_prokaryote_bioemma\maps\map00010\iIT341\iIT341_map00010_map.html	outputs\bigg_prokaryote_bioemma\maps\map00010\iIT341\summary.json	outputs\bigg_prokaryote_bioemma\models\iIT341.xml	1.027	
built	iIT341	Helicobacter pylori 26695	map00020	rn00020	Citrate cycle (TCA cycle)	554	485	339	554	485	29	20	0		9	20	31.03	12	8	60.0	63	9	59	0	21	0	outputs\bigg_prokaryote_bioemma\maps\map00020\iIT341\iIT341_map00020_map.json	outputs\bigg_prokaryote_bioemma\maps\map00020\iIT341\iIT341_map00020_map.html	outputs\bigg_prokaryote_bioemma\maps\map00020\iIT341\summary.json	outputs\bigg_prokaryote_bioemma\models\iIT341.xml	1.267	
built	iIT341	Helicobacter pylori 26695	map00030	rn00030	Pentose phosphate pathway	554	485	339	554	485	58	37	1	R06837	23	35	39.66	21	16	56.76	135	23	140	0	40	0	outputs\bigg_prokaryote_bioemma\maps\map00030\iIT341\iIT341_map00030_map.json	outputs\bigg_prokaryote_bioemma\maps\map00030\iIT341\iIT341_map00030_map.html	outputs\bigg_prokaryote_bioemma\maps\map00030\iIT341\summary.json	outputs\bigg_prokaryote_bioemma\models\iIT341.xml	1.031	
built	iIT341	Helicobacter pylori 26695	map00680	rn00680	Methane metabolism / C1 metabolism	554	485	339	554	485	104	86	3	R08323, R08328, R10397	17	87	16.35	26	60	30.23	126	17	115	0	42	0	outputs\bigg_prokaryote_bioemma\maps\map00680\iIT341\iIT341_map00680_map.json	outputs\bigg_prokaryote_bioemma\maps\map00680\iIT341\iIT341_map00680_map.html	outputs\bigg_prokaryote_bioemma\maps\map00680\iIT341\summary.json	outputs\bigg_prokaryote_bioemma\models\iIT341.xml	1.407	
built	iJB785	Synechococcus elongatus PCC 7942	map00010	rn00010	Glycolysis / gluconeogenesis	849	768	785	849	768	56	31	0		29	27	51.79	17	14	54.84	195	29	202	0	81	0	outputs\bigg_prokaryote_bioemma\maps\map00010\iJB785\iJB785_map00010_map.json	outputs\bigg_prokaryote_bioemma\maps\map00010\iJB785\iJB785_map00010_map.html	outputs\bigg_prokaryote_bioemma\maps\map00010\iJB785\summary.json	outputs\bigg_prokaryote_bioemma\models\iJB785.xml	1.398	
built	iJB785	Synechococcus elongatus PCC 7942	map00020	rn00020	Citrate cycle (TCA cycle)	849	768	785	849	768	29	20	0		12	17	41.38	12	8	60.0	86	12	86	0	33	0	outputs\bigg_prokaryote_bioemma\maps\map00020\iJB785\iJB785_map00020_map.json	outputs\bigg_prokaryote_bioemma\maps\map00020\iJB785\iJB785_map00020_map.html	outputs\bigg_prokaryote_bioemma\maps\map00020\iJB785\summary.json	outputs\bigg_prokaryote_bioemma\models\iJB785.xml	0.957	
built	iJB785	Synechococcus elongatus PCC 7942	map00030	rn00030	Pentose phosphate pathway	849	768	785	849	768	58	37	1	R06837	22	36	37.93	18	19	48.65	138	22	143	0	49	0	outputs\bigg_prokaryote_bioemma\maps\map00030\iJB785\iJB785_map00030_map.json	outputs\bigg_prokaryote_bioemma\maps\map00030\iJB785\iJB785_map00030_map.html	outputs\bigg_prokaryote_bioemma\maps\map00030\iJB785\summary.json	outputs\bigg_prokaryote_bioemma\models\iJB785.xml	1.413	
built	iJB785	Synechococcus elongatus PCC 7942	map00680	rn00680	Methane metabolism / C1 metabolism	849	768	785	849	768	104	86	3	R08323, R08328, R10397	27	77	25.96	33	53	38.37	202	27	191	0	78	0	outputs\bigg_prokaryote_bioemma\maps\map00680\iJB785\iJB785_map00680_map.json	outputs\bigg_prokaryote_bioemma\maps\map00680\iJB785\iJB785_map00680_map.html	outputs\bigg_prokaryote_bioemma\maps\map00680\iJB785\summary.json	outputs\bigg_prokaryote_bioemma\models\iJB785.xml	1.503	
built	iJN1463	Pseudomonas putida KT2440	map00010	rn00010	Glycolysis / gluconeogenesis	2927	2153	1462	2927	2153	56	31	0		32	24	57.14	19	12	61.29	216	32	226	0	93	0	outputs\bigg_prokaryote_bioemma\maps\map00010\iJN1463\iJN1463_map00010_map.json	outputs\bigg_prokaryote_bioemma\maps\map00010\iJN1463\iJN1463_map00010_map.html	outputs\bigg_prokaryote_bioemma\maps\map00010\iJN1463\summary.json	outputs\bigg_prokaryote_bioemma\models\iJN1463.xml	2.056	
built	iJN1463	Pseudomonas putida KT2440	map00020	rn00020	Citrate cycle (TCA cycle)	2927	2153	1462	2927	2153	29	20	0		22	7	75.86	13	7	65.0	158	22	169	0	72	0	outputs\bigg_prokaryote_bioemma\maps\map00020\iJN1463\iJN1463_map00020_map.json	outputs\bigg_prokaryote_bioemma\maps\map00020\iJN1463\iJN1463_map00020_map.html	outputs\bigg_prokaryote_bioemma\maps\map00020\iJN1463\summary.json	outputs\bigg_prokaryote_bioemma\models\iJN1463.xml	1.361	
built	iJN1463	Pseudomonas putida KT2440	map00030	rn00030	Pentose phosphate pathway	2927	2153	1462	2927	2153	58	37	1	R06837	33	25	56.9	26	11	70.27	198	33	207	0	67	0	outputs\bigg_prokaryote_bioemma\maps\map00030\iJN1463\iJN1463_map00030_map.json	outputs\bigg_prokaryote_bioemma\maps\map00030\iJN1463\iJN1463_map00030_map.html	outputs\bigg_prokaryote_bioemma\maps\map00030\iJN1463\summary.json	outputs\bigg_prokaryote_bioemma\models\iJN1463.xml	2.085	
built	iJN1463	Pseudomonas putida KT2440	map00680	rn00680	Methane metabolism / C1 metabolism	2927	2153	1462	2927	2153	104	86	3	R08323, R08328, R10397	32	72	30.77	34	52	39.53	237	32	229	0	95	0	outputs\bigg_prokaryote_bioemma\maps\map00680\iJN1463\iJN1463_map00680_map.json	outputs\bigg_prokaryote_bioemma\maps\map00680\iJN1463\iJN1463_map00680_map.html	outputs\bigg_prokaryote_bioemma\maps\map00680\iJN1463\summary.json	outputs\bigg_prokaryote_bioemma\models\iJN1463.xml	3.369	
built	iJN678	Synechocystis sp. PCC 6803	map00010	rn00010	Glycolysis / gluconeogenesis	863	795	622	863	795	56	31	0		30	26	53.57	20	11	64.52	208	30	216	0	91	0	outputs\bigg_prokaryote_bioemma\maps\map00010\iJN678\iJN678_map00010_map.json	outputs\bigg_prokaryote_bioemma\maps\map00010\iJN678\iJN678_map00010_map.html	outputs\bigg_prokaryote_bioemma\maps\map00010\iJN678\summary.json	outputs\bigg_prokaryote_bioemma\models\iJN678.xml	1.24	
built	iJN678	Synechocystis sp. PCC 6803	map00020	rn00020	Citrate cycle (TCA cycle)	863	795	622	863	795	29	20	0		16	13	55.17	12	8	60.0	115	16	118	0	49	0	outputs\bigg_prokaryote_bioemma\maps\map00020\iJN678\iJN678_map00020_map.json	outputs\bigg_prokaryote_bioemma\maps\map00020\iJN678\iJN678_map00020_map.html	outputs\bigg_prokaryote_bioemma\maps\map00020\iJN678\summary.json	outputs\bigg_prokaryote_bioemma\models\iJN678.xml	1.488	
built	iJN678	Synechocystis sp. PCC 6803	map00030	rn00030	Pentose phosphate pathway	863	795	622	863	795	58	37	1	R06837	25	33	43.1	24	13	64.86	151	25	155	0	49	0	outputs\bigg_prokaryote_bioemma\maps\map00030\iJN678\iJN678_map00030_map.json	outputs\bigg_prokaryote_bioemma\maps\map00030\iJN678\iJN678_map00030_map.html	outputs\bigg_prokaryote_bioemma\maps\map00030\iJN678\summary.json	outputs\bigg_prokaryote_bioemma\models\iJN678.xml	1.346	
built	iJN678	Synechocystis sp. PCC 6803	map00680	rn00680	Methane metabolism / C1 metabolism	863	795	622	863	795	104	86	3	R08323, R08328, R10397	29	75	27.88	29	57	33.72	221	29	213	0	90	0	outputs\bigg_prokaryote_bioemma\maps\map00680\iJN678\iJN678_map00680_map.json	outputs\bigg_prokaryote_bioemma\maps\map00680\iJN678\iJN678_map00680_map.html	outputs\bigg_prokaryote_bioemma\maps\map00680\iJN678\summary.json	outputs\bigg_prokaryote_bioemma\models\iJN678.xml	1.702	
built	iJN746	Pseudomonas putida KT2440	map00010	rn00010	Glycolysis / gluconeogenesis	1054	907	746	1054	907	56	31	0		29	27	51.79	18	13	58.06	199	29	206	0	85	0	outputs\bigg_prokaryote_bioemma\maps\map00010\iJN746\iJN746_map00010_map.json	outputs\bigg_prokaryote_bioemma\maps\map00010\iJN746\iJN746_map00010_map.html	outputs\bigg_prokaryote_bioemma\maps\map00010\iJN746\summary.json	outputs\bigg_prokaryote_bioemma\models\iJN746.xml	1.395	
built	iJN746	Pseudomonas putida KT2440	map00020	rn00020	Citrate cycle (TCA cycle)	1054	907	746	1054	907	29	20	0		19	10	65.52	12	8	60.0	136	19	144	0	59	0	outputs\bigg_prokaryote_bioemma\maps\map00020\iJN746\iJN746_map00020_map.json	outputs\bigg_prokaryote_bioemma\maps\map00020\iJN746\iJN746_map00020_map.html	outputs\bigg_prokaryote_bioemma\maps\map00020\iJN746\summary.json	outputs\bigg_prokaryote_bioemma\models\iJN746.xml	1.032	
built	iJN746	Pseudomonas putida KT2440	map00030	rn00030	Pentose phosphate pathway	1054	907	746	1054	907	58	37	1	R06837	34	24	58.62	26	11	70.27	203	34	213	0	69	0	outputs\bigg_prokaryote_bioemma\maps\map00030\iJN746\iJN746_map00030_map.json	outputs\bigg_prokaryote_bioemma\maps\map00030\iJN746\iJN746_map00030_map.html	outputs\bigg_prokaryote_bioemma\maps\map00030\iJN746\summary.json	outputs\bigg_prokaryote_bioemma\models\iJN746.xml	1.205	
built	iJN746	Pseudomonas putida KT2440	map00680	rn00680	Methane metabolism / C1 metabolism	1054	907	746	1054	907	104	86	3	R08323, R08328, R10397	28	76	26.92	30	56	34.88	215	28	204	0	87	0	outputs\bigg_prokaryote_bioemma\maps\map00680\iJN746\iJN746_map00680_map.json	outputs\bigg_prokaryote_bioemma\maps\map00680\iJN746\iJN746_map00680_map.html	outputs\bigg_prokaryote_bioemma\maps\map00680\iJN746\summary.json	outputs\bigg_prokaryote_bioemma\models\iJN746.xml	1.994	
built	iJO1366	Escherichia coli str. K-12 substr. MG1655	map00010	rn00010	Glycolysis / gluconeogenesis	2583	1805	1367	2583	1805	56	31	0		40	16	71.43	20	11	64.52	269	40	283	0	118	0	outputs\bigg_prokaryote_bioemma\maps\map00010\iJO1366\iJO1366_map00010_map.json	outputs\bigg_prokaryote_bioemma\maps\map00010\iJO1366\iJO1366_map00010_map.html	outputs\bigg_prokaryote_bioemma\maps\map00010\iJO1366\summary.json	outputs\bigg_prokaryote_bioemma\models\iJO1366.xml	1.922	
built	iJO1366	Escherichia coli str. K-12 substr. MG1655	map00020	rn00020	Citrate cycle (TCA cycle)	2583	1805	1367	2583	1805	29	20	0		22	7	75.86	13	7	65.0	150	22	162	0	64	0	outputs\bigg_prokaryote_bioemma\maps\map00020\iJO1366\iJO1366_map00020_map.json	outputs\bigg_prokaryote_bioemma\maps\map00020\iJO1366\iJO1366_map00020_map.html	outputs\bigg_prokaryote_bioemma\maps\map00020\iJO1366\summary.json	outputs\bigg_prokaryote_bioemma\models\iJO1366.xml	1.462	
built	iJO1366	Escherichia coli str. K-12 substr. MG1655	map00030	rn00030	Pentose phosphate pathway	2583	1805	1367	2583	1805	58	37	1	R06837	34	24	58.62	25	12	67.57	206	34	217	0	73	0	outputs\bigg_prokaryote_bioemma\maps\map00030\iJO1366\iJO1366_map00030_map.json	outputs\bigg_prokaryote_bioemma\maps\map00030\iJO1366\iJO1366_map00030_map.html	outputs\bigg_prokaryote_bioemma\maps\map00030\iJO1366\summary.json	outputs\bigg_prokaryote_bioemma\models\iJO1366.xml	1.975	
built	iJO1366	Escherichia coli str. K-12 substr. MG1655	map00680	rn00680	Methane metabolism / C1 metabolism	2583	1805	1367	2583	1805	104	86	3	R08323, R08328, R10397	31	73	29.81	36	50	41.86	232	31	221	0	92	0	outputs\bigg_prokaryote_bioemma\maps\map00680\iJO1366\iJO1366_map00680_map.json	outputs\bigg_prokaryote_bioemma\maps\map00680\iJO1366\iJO1366_map00680_map.html	outputs\bigg_prokaryote_bioemma\maps\map00680\iJO1366\summary.json	outputs\bigg_prokaryote_bioemma\models\iJO1366.xml	2.97	
built	iJR904	Escherichia coli str. K-12 substr. MG1655	map00010	rn00010	Glycolysis / gluconeogenesis	1075	761	904	1075	761	56	31	0		37	19	66.07	19	12	61.29	252	37	263	0	110	0	outputs\bigg_prokaryote_bioemma\maps\map00010\iJR904\iJR904_map00010_map.json	outputs\bigg_prokaryote_bioemma\maps\map00010\iJR904\iJR904_map00010_map.html	outputs\bigg_prokaryote_bioemma\maps\map00010\iJR904\summary.json	outputs\bigg_prokaryote_bioemma\models\iJR904.xml	1.469	
built	iJR904	Escherichia coli str. K-12 substr. MG1655	map00020	rn00020	Citrate cycle (TCA cycle)	1075	761	904	1075	761	29	20	0		22	7	75.86	12	8	60.0	148	22	160	0	62	0	outputs\bigg_prokaryote_bioemma\maps\map00020\iJR904\iJR904_map00020_map.json	outputs\bigg_prokaryote_bioemma\maps\map00020\iJR904\iJR904_map00020_map.html	outputs\bigg_prokaryote_bioemma\maps\map00020\iJR904\summary.json	outputs\bigg_prokaryote_bioemma\models\iJR904.xml	1.035	
built	iJR904	Escherichia coli str. K-12 substr. MG1655	map00030	rn00030	Pentose phosphate pathway	1075	761	904	1075	761	58	37	1	R06837	32	26	55.17	25	12	67.57	194	32	204	0	68	0	outputs\bigg_prokaryote_bioemma\maps\map00030\iJR904\iJR904_map00030_map.json	outputs\bigg_prokaryote_bioemma\maps\map00030\iJR904\iJR904_map00030_map.html	outputs\bigg_prokaryote_bioemma\maps\map00030\iJR904\summary.json	outputs\bigg_prokaryote_bioemma\models\iJR904.xml	1.383	
built	iJR904	Escherichia coli str. K-12 substr. MG1655	map00680	rn00680	Methane metabolism / C1 metabolism	1075	761	904	1075	761	104	86	3	R08323, R08328, R10397	28	76	26.92	31	55	36.05	215	28	204	0	87	0	outputs\bigg_prokaryote_bioemma\maps\map00680\iJR904\iJR904_map00680_map.json	outputs\bigg_prokaryote_bioemma\maps\map00680\iJR904\iJR904_map00680_map.html	outputs\bigg_prokaryote_bioemma\maps\map00680\iJR904\summary.json	outputs\bigg_prokaryote_bioemma\models\iJR904.xml	1.995	
built	iLF82_1304	Escherichia coli LF82	map00010	rn00010	Glycolysis / gluconeogenesis	2726	1938	1302	2726	1938	56	31	0		41	15	73.21	22	9	70.97	278	41	293	0	124	0	outputs\bigg_prokaryote_bioemma\maps\map00010\iLF82_1304\iLF82_1304_map00010_map.json	outputs\bigg_prokaryote_bioemma\maps\map00010\iLF82_1304\iLF82_1304_map00010_map.html	outputs\bigg_prokaryote_bioemma\maps\map00010\iLF82_1304\summary.json	outputs\bigg_prokaryote_bioemma\models\iLF82_1304.xml	2.011	
built	iLF82_1304	Escherichia coli LF82	map00020	rn00020	Citrate cycle (TCA cycle)	2726	1938	1302	2726	1938	29	20	0		23	6	79.31	13	7	65.0	158	23	171	0	69	0	outputs\bigg_prokaryote_bioemma\maps\map00020\iLF82_1304\iLF82_1304_map00020_map.json	outputs\bigg_prokaryote_bioemma\maps\map00020\iLF82_1304\iLF82_1304_map00020_map.html	outputs\bigg_prokaryote_bioemma\maps\map00020\iLF82_1304\summary.json	outputs\bigg_prokaryote_bioemma\models\iLF82_1304.xml	1.521	
built	iLF82_1304	Escherichia coli LF82	map00030	rn00030	Pentose phosphate pathway	2726	1938	1302	2726	1938	58	37	1	R06837	34	24	58.62	26	11	70.27	206	34	217	0	73	0	outputs\bigg_prokaryote_bioemma\maps\map00030\iLF82_1304\iLF82_1304_map00030_map.json	outputs\bigg_prokaryote_bioemma\maps\map00030\iLF82_1304\iLF82_1304_map00030_map.html	outputs\bigg_prokaryote_bioemma\maps\map00030\iLF82_1304\summary.json	outputs\bigg_prokaryote_bioemma\models\iLF82_1304.xml	2.194	
built	iLF82_1304	Escherichia coli LF82	map00680	rn00680	Methane metabolism / C1 metabolism	2726	1938	1302	2726	1938	104	86	3	R08323, R08328, R10397	32	72	30.77	36	50	41.86	239	32	229	0	96	0	outputs\bigg_prokaryote_bioemma\maps\map00680\iLF82_1304\iLF82_1304_map00680_map.json	outputs\bigg_prokaryote_bioemma\maps\map00680\iLF82_1304\iLF82_1304_map00680_map.html	outputs\bigg_prokaryote_bioemma\maps\map00680\iLF82_1304\summary.json	outputs\bigg_prokaryote_bioemma\models\iLF82_1304.xml	3.24	
built	iLJ478	Thermotoga maritima MSB8	map00010	rn00010	Glycolysis / gluconeogenesis	652	570	482	652	570	56	31	0		26	30	46.43	19	12	61.29	171	26	173	0	67	0	outputs\bigg_prokaryote_bioemma\maps\map00010\iLJ478\iLJ478_map00010_map.json	outputs\bigg_prokaryote_bioemma\maps\map00010\iLJ478\iLJ478_map00010_map.html	outputs\bigg_prokaryote_bioemma\maps\map00010\iLJ478\summary.json	outputs\bigg_prokaryote_bioemma\models\iLJ478.xml	1.303	
built	iLJ478	Thermotoga maritima MSB8	map00020	rn00020	Citrate cycle (TCA cycle)	652	570	482	652	570	29	20	0		13	16	44.83	12	8	60.0	93	13	91	0	37	0	outputs\bigg_prokaryote_bioemma\maps\map00020\iLJ478\iLJ478_map00020_map.json	outputs\bigg_prokaryote_bioemma\maps\map00020\iLJ478\iLJ478_map00020_map.html	outputs\bigg_prokaryote_bioemma\maps\map00020\iLJ478\summary.json	outputs\bigg_prokaryote_bioemma\models\iLJ478.xml	1.079	
built	iLJ478	Thermotoga maritima MSB8	map00030	rn00030	Pentose phosphate pathway	652	570	482	652	570	58	37	1	R06837	31	27	53.45	26	11	70.27	184	31	194	0	62	0	outputs\bigg_prokaryote_bioemma\maps\map00030\iLJ478\iLJ478_map00030_map.json	outputs\bigg_prokaryote_bioemma\maps\map00030\iLJ478\iLJ478_map00030_map.html	outputs\bigg_prokaryote_bioemma\maps\map00030\iLJ478\summary.json	outputs\bigg_prokaryote_bioemma\models\iLJ478.xml	1.213	
built	iLJ478	Thermotoga maritima MSB8	map00680	rn00680	Methane metabolism / C1 metabolism	652	570	482	652	570	104	86	3	R08323, R08328, R10397	22	82	21.15	29	57	33.72	168	22	153	0	60	0	outputs\bigg_prokaryote_bioemma\maps\map00680\iLJ478\iLJ478_map00680_map.json	outputs\bigg_prokaryote_bioemma\maps\map00680\iLJ478\iLJ478_map00680_map.html	outputs\bigg_prokaryote_bioemma\maps\map00680\iLJ478\summary.json	outputs\bigg_prokaryote_bioemma\models\iLJ478.xml	1.479	
built	iML1515	Escherichia coli str. K-12 substr. MG1655	map00010	rn00010	Glycolysis / gluconeogenesis	2712	1877	1516	2712	1877	56	31	0		40	16	71.43	20	11	64.52	270	40	284	0	119	0	outputs\bigg_prokaryote_bioemma\maps\map00010\iML1515\iML1515_map00010_map.json	outputs\bigg_prokaryote_bioemma\maps\map00010\iML1515\iML1515_map00010_map.html	outputs\bigg_prokaryote_bioemma\maps\map00010\iML1515\summary.json	outputs\bigg_prokaryote_bioemma\models\iML1515.xml	2.031	
built	iML1515	Escherichia coli str. K-12 substr. MG1655	map00020	rn00020	Citrate cycle (TCA cycle)	2712	1877	1516	2712	1877	29	20	0		22	7	75.86	13	7	65.0	153	22	165	0	67	0	outputs\bigg_prokaryote_bioemma\maps\map00020\iML1515\iML1515_map00020_map.json	outputs\bigg_prokaryote_bioemma\maps\map00020\iML1515\iML1515_map00020_map.html	outputs\bigg_prokaryote_bioemma\maps\map00020\iML1515\summary.json	outputs\bigg_prokaryote_bioemma\models\iML1515.xml	1.373	
built	iML1515	Escherichia coli str. K-12 substr. MG1655	map00030	rn00030	Pentose phosphate pathway	2712	1877	1516	2712	1877	58	37	1	R06837	34	24	58.62	25	12	67.57	205	34	216	0	72	0	outputs\bigg_prokaryote_bioemma\maps\map00030\iML1515\iML1515_map00030_map.json	outputs\bigg_prokaryote_bioemma\maps\map00030\iML1515\iML1515_map00030_map.html	outputs\bigg_prokaryote_bioemma\maps\map00030\iML1515\summary.json	outputs\bigg_prokaryote_bioemma\models\iML1515.xml	1.87	
built	iML1515	Escherichia coli str. K-12 substr. MG1655	map00680	rn00680	Methane metabolism / C1 metabolism	2712	1877	1516	2712	1877	104	86	3	R08323, R08328, R10397	31	73	29.81	37	49	43.02	232	31	220	0	91	0	outputs\bigg_prokaryote_bioemma\maps\map00680\iML1515\iML1515_map00680_map.json	outputs\bigg_prokaryote_bioemma\maps\map00680\iML1515\iML1515_map00680_map.html	outputs\bigg_prokaryote_bioemma\maps\map00680\iML1515\summary.json	outputs\bigg_prokaryote_bioemma\models\iML1515.xml	3.191	
built	iNF517	Lactococcus lactis subsp. cremoris MG1363	map00010	rn00010	Glycolysis / gluconeogenesis	754	650	516	754	650	56	31	0		30	26	53.57	21	10	67.74	199	30	203	0	78	0	outputs\bigg_prokaryote_bioemma\maps\map00010\iNF517\iNF517_map00010_map.json	outputs\bigg_prokaryote_bioemma\maps\map00010\iNF517\iNF517_map00010_map.html	outputs\bigg_prokaryote_bioemma\maps\map00010\iNF517\summary.json	outputs\bigg_prokaryote_bioemma\models\iNF517.xml	1.32	
built	iNF517	Lactococcus lactis subsp. cremoris MG1363	map00020	rn00020	Citrate cycle (TCA cycle)	754	650	516	754	650	29	20	0		13	16	44.83	12	8	60.0	98	13	98	0	41	0	outputs\bigg_prokaryote_bioemma\maps\map00020\iNF517\iNF517_map00020_map.json	outputs\bigg_prokaryote_bioemma\maps\map00020\iNF517\iNF517_map00020_map.html	outputs\bigg_prokaryote_bioemma\maps\map00020\iNF517\summary.json	outputs\bigg_prokaryote_bioemma\models\iNF517.xml	0.947	
built	iNF517	Lactococcus lactis subsp. cremoris MG1363	map00030	rn00030	Pentose phosphate pathway	754	650	516	754	650	58	37	1	R06837	25	33	43.1	25	12	67.57	149	25	152	0	46	0	outputs\bigg_prokaryote_bioemma\maps\map00030\iNF517\iNF517_map00030_map.json	outputs\bigg_prokaryote_bioemma\maps\map00030\iNF517\iNF517_map00030_map.html	outputs\bigg_prokaryote_bioemma\maps\map00030\iNF517\summary.json	outputs\bigg_prokaryote_bioemma\models\iNF517.xml	1.5	
built	iNF517	Lactococcus lactis subsp. cremoris MG1363	map00680	rn00680	Methane metabolism / C1 metabolism	754	650	516	754	650	104	86	3	R08323, R08328, R10397	20	84	19.23	26	60	30.23	147	20	135	0	50	0	outputs\bigg_prokaryote_bioemma\maps\map00680\iNF517\iNF517_map00680_map.json	outputs\bigg_prokaryote_bioemma\maps\map00680\iNF517\iNF517_map00680_map.html	outputs\bigg_prokaryote_bioemma\maps\map00680\iNF517\summary.json	outputs\bigg_prokaryote_bioemma\models\iNF517.xml	1.452	
built	iNJ661	Mycobacterium tuberculosis H37Rv	map00010	rn00010	Glycolysis / gluconeogenesis	1025	825	661	1025	825	56	31	0		35	21	62.5	17	14	54.84	232	35	245	0	100	0	outputs\bigg_prokaryote_bioemma\maps\map00010\iNJ661\iNJ661_map00010_map.json	outputs\bigg_prokaryote_bioemma\maps\map00010\iNJ661\iNJ661_map00010_map.html	outputs\bigg_prokaryote_bioemma\maps\map00010\iNJ661\summary.json	outputs\bigg_prokaryote_bioemma\models\iNJ661.xml	1.695	
built	iNJ661	Mycobacterium tuberculosis H37Rv	map00020	rn00020	Citrate cycle (TCA cycle)	1025	825	661	1025	825	29	20	0		20	9	68.97	12	8	60.0	134	20	142	0	55	0	outputs\bigg_prokaryote_bioemma\maps\map00020\iNJ661\iNJ661_map00020_map.json	outputs\bigg_prokaryote_bioemma\maps\map00020\iNJ661\iNJ661_map00020_map.html	outputs\bigg_prokaryote_bioemma\maps\map00020\iNJ661\summary.json	outputs\bigg_prokaryote_bioemma\models\iNJ661.xml	1.038	
built	iNJ661	Mycobacterium tuberculosis H37Rv	map00030	rn00030	Pentose phosphate pathway	1025	825	661	1025	825	58	37	1	R06837	24	34	41.38	21	16	56.76	151	24	155	0	53	0	outputs\bigg_prokaryote_bioemma\maps\map00030\iNJ661\iNJ661_map00030_map.json	outputs\bigg_prokaryote_bioemma\maps\map00030\iNJ661\iNJ661_map00030_map.html	outputs\bigg_prokaryote_bioemma\maps\map00030\iNJ661\summary.json	outputs\bigg_prokaryote_bioemma\models\iNJ661.xml	1.375	
built	iNJ661	Mycobacterium tuberculosis H37Rv	map00680	rn00680	Methane metabolism / C1 metabolism	1025	825	661	1025	825	104	86	3	R08323, R08328, R10397	29	75	27.88	30	56	34.88	215	29	204	0	83	0	outputs\bigg_prokaryote_bioemma\maps\map00680\iNJ661\iNJ661_map00680_map.json	outputs\bigg_prokaryote_bioemma\maps\map00680\iNJ661\iNJ661_map00680_map.html	outputs\bigg_prokaryote_bioemma\maps\map00680\iNJ661\summary.json	outputs\bigg_prokaryote_bioemma\models\iNJ661.xml	1.651	
built	iNRG857_1313	Escherichia coli O83:H1 str. NRG 857C	map00010	rn00010	Glycolysis / gluconeogenesis	2735	1943	1311	2735	1943	56	31	0		41	15	73.21	22	9	70.97	277	41	292	0	123	0	outputs\bigg_prokaryote_bioemma\maps\map00010\iNRG857_1313\iNRG857_1313_map00010_map.json	outputs\bigg_prokaryote_bioemma\maps\map00010\iNRG857_1313\iNRG857_1313_map00010_map.html	outputs\bigg_prokaryote_bioemma\maps\map00010\iNRG857_1313\summary.json	outputs\bigg_prokaryote_bioemma\models\iNRG857_1313.xml	1.982	
built	iNRG857_1313	Escherichia coli O83:H1 str. NRG 857C	map00020	rn00020	Citrate cycle (TCA cycle)	2735	1943	1311	2735	1943	29	20	0		23	6	79.31	13	7	65.0	158	23	171	0	69	0	outputs\bigg_prokaryote_bioemma\maps\map00020\iNRG857_1313\iNRG857_1313_map00020_map.json	outputs\bigg_prokaryote_bioemma\maps\map00020\iNRG857_1313\iNRG857_1313_map00020_map.html	outputs\bigg_prokaryote_bioemma\maps\map00020\iNRG857_1313\summary.json	outputs\bigg_prokaryote_bioemma\models\iNRG857_1313.xml	1.555	
built	iNRG857_1313	Escherichia coli O83:H1 str. NRG 857C	map00030	rn00030	Pentose phosphate pathway	2735	1943	1311	2735	1943	58	37	1	R06837	34	24	58.62	26	11	70.27	206	34	217	0	73	0	outputs\bigg_prokaryote_bioemma\maps\map00030\iNRG857_1313\iNRG857_1313_map00030_map.json	outputs\bigg_prokaryote_bioemma\maps\map00030\iNRG857_1313\iNRG857_1313_map00030_map.html	outputs\bigg_prokaryote_bioemma\maps\map00030\iNRG857_1313\summary.json	outputs\bigg_prokaryote_bioemma\models\iNRG857_1313.xml	1.884	
built	iNRG857_1313	Escherichia coli O83:H1 str. NRG 857C	map00680	rn00680	Methane metabolism / C1 metabolism	2735	1943	1311	2735	1943	104	86	3	R08323, R08328, R10397	32	72	30.77	36	50	41.86	239	32	229	0	96	0	outputs\bigg_prokaryote_bioemma\maps\map00680\iNRG857_1313\iNRG857_1313_map00680_map.json	outputs\bigg_prokaryote_bioemma\maps\map00680\iNRG857_1313\iNRG857_1313_map00680_map.html	outputs\bigg_prokaryote_bioemma\maps\map00680\iNRG857_1313\summary.json	outputs\bigg_prokaryote_bioemma\models\iNRG857_1313.xml	3.207	
built	iPC815	Yersinia pestis CO92	map00010	rn00010	Glycolysis / gluconeogenesis	1961	1552	815	1961	1552	56	31	0		34	22	60.71	18	13	58.06	233	34	241	0	100	0	outputs\bigg_prokaryote_bioemma\maps\map00010\iPC815\iPC815_map00010_map.json	outputs\bigg_prokaryote_bioemma\maps\map00010\iPC815\iPC815_map00010_map.html	outputs\bigg_prokaryote_bioemma\maps\map00010\iPC815\summary.json	outputs\bigg_prokaryote_bioemma\models\iPC815.xml	1.909	
built	iPC815	Yersinia pestis CO92	map00020	rn00020	Citrate cycle (TCA cycle)	1961	1552	815	1961	1552	29	20	0		20	9	68.97	13	7	65.0	141	20	150	0	61	0	outputs\bigg_prokaryote_bioemma\maps\map00020\iPC815\iPC815_map00020_map.json	outputs\bigg_prokaryote_bioemma\maps\map00020\iPC815\iPC815_map00020_map.html	outputs\bigg_prokaryote_bioemma\maps\map00020\iPC815\summary.json	outputs\bigg_prokaryote_bioemma\models\iPC815.xml	1.239	
built	iPC815	Yersinia pestis CO92	map00030	rn00030	Pentose phosphate pathway	1961	1552	815	1961	1552	58	37	1	R06837	32	26	55.17	26	11	70.27	191	32	200	0	64	0	outputs\bigg_prokaryote_bioemma\maps\map00030\iPC815\iPC815_map00030_map.json	outputs\bigg_prokaryote_bioemma\maps\map00030\iPC815\iPC815_map00030_map.html	outputs\bigg_prokaryote_bioemma\maps\map00030\iPC815\summary.json	outputs\bigg_prokaryote_bioemma\models\iPC815.xml	1.746	
built	iPC815	Yersinia pestis CO92	map00680	rn00680	Methane metabolism / C1 metabolism	1961	1552	815	1961	1552	104	86	3	R08323, R08328, R10397	29	75	27.88	35	51	40.7	220	29	207	0	86	0	outputs\bigg_prokaryote_bioemma\maps\map00680\iPC815\iPC815_map00680_map.json	outputs\bigg_prokaryote_bioemma\maps\map00680\iPC815\iPC815_map00680_map.html	outputs\bigg_prokaryote_bioemma\maps\map00680\iPC815\summary.json	outputs\bigg_prokaryote_bioemma\models\iPC815.xml	2.699	
built	iS_1188	Shigella flexneri 2a str. 2457T	map00010	rn00010	Glycolysis / gluconeogenesis	2619	1914	1188	2619	1914	56	31	0		39	17	69.64	21	10	67.74	259	39	272	0	111	0	outputs\bigg_prokaryote_bioemma\maps\map00010\iS_1188\iS_1188_map00010_map.json	outputs\bigg_prokaryote_bioemma\maps\map00010\iS_1188\iS_1188_map00010_map.html	outputs\bigg_prokaryote_bioemma\maps\map00010\iS_1188\summary.json	outputs\bigg_prokaryote_bioemma\models\iS_1188.xml	1.974	
built	iS_1188	Shigella flexneri 2a str. 2457T	map00020	rn00020	Citrate cycle (TCA cycle)	2619	1914	1188	2619	1914	29	20	0		23	6	79.31	13	7	65.0	158	23	171	0	69	0	outputs\bigg_prokaryote_bioemma\maps\map00020\iS_1188\iS_1188_map00020_map.json	outputs\bigg_prokaryote_bioemma\maps\map00020\iS_1188\iS_1188_map00020_map.html	outputs\bigg_prokaryote_bioemma\maps\map00020\iS_1188\summary.json	outputs\bigg_prokaryote_bioemma\models\iS_1188.xml	1.467	
built	iS_1188	Shigella flexneri 2a str. 2457T	map00030	rn00030	Pentose phosphate pathway	2619	1914	1188	2619	1914	58	37	1	R06837	33	25	56.9	26	11	70.27	200	33	210	0	70	0	outputs\bigg_prokaryote_bioemma\maps\map00030\iS_1188\iS_1188_map00030_map.json	outputs\bigg_prokaryote_bioemma\maps\map00030\iS_1188\iS_1188_map00030_map.html	outputs\bigg_prokaryote_bioemma\maps\map00030\iS_1188\summary.json	outputs\bigg_prokaryote_bioemma\models\iS_1188.xml	1.976	
built	iS_1188	Shigella flexneri 2a str. 2457T	map00680	rn00680	Methane metabolism / C1 metabolism	2619	1914	1188	2619	1914	104	86	3	R08323, R08328, R10397	30	74	28.85	35	51	40.7	231	30	219	0	94	0	outputs\bigg_prokaryote_bioemma\maps\map00680\iS_1188\iS_1188_map00680_map.json	outputs\bigg_prokaryote_bioemma\maps\map00680\iS_1188\iS_1188_map00680_map.html	outputs\bigg_prokaryote_bioemma\maps\map00680\iS_1188\summary.json	outputs\bigg_prokaryote_bioemma\models\iS_1188.xml	3.333	
built	iSB619	Staphylococcus aureus subsp. aureus N315	map00010	rn00010	Glycolysis / gluconeogenesis	743	655	619	743	655	56	31	0		36	20	64.29	20	11	64.52	235	36	245	0	96	0	outputs\bigg_prokaryote_bioemma\maps\map00010\iSB619\iSB619_map00010_map.json	outputs\bigg_prokaryote_bioemma\maps\map00010\iSB619\iSB619_map00010_map.html	outputs\bigg_prokaryote_bioemma\maps\map00010\iSB619\summary.json	outputs\bigg_prokaryote_bioemma\models\iSB619.xml	1.344	
built	iSB619	Staphylococcus aureus subsp. aureus N315	map00020	rn00020	Citrate cycle (TCA cycle)	743	655	619	743	655	29	20	0		23	6	79.31	12	8	60.0	160	23	172	0	71	0	outputs\bigg_prokaryote_bioemma\maps\map00020\iSB619\iSB619_map00020_map.json	outputs\bigg_prokaryote_bioemma\maps\map00020\iSB619\iSB619_map00020_map.html	outputs\bigg_prokaryote_bioemma\maps\map00020\iSB619\summary.json	outputs\bigg_prokaryote_bioemma\models\iSB619.xml	0.969	
built	iSB619	Staphylococcus aureus subsp. aureus N315	map00030	rn00030	Pentose phosphate pathway	743	655	619	743	655	58	37	1	R06837	25	33	43.1	23	14	62.16	155	25	159	0	53	0	outputs\bigg_prokaryote_bioemma\maps\map00030\iSB619\iSB619_map00030_map.json	outputs\bigg_prokaryote_bioemma\maps\map00030\iSB619\iSB619_map00030_map.html	outputs\bigg_prokaryote_bioemma\maps\map00030\iSB619\summary.json	outputs\bigg_prokaryote_bioemma\models\iSB619.xml	1.392	
built	iSB619	Staphylococcus aureus subsp. aureus N315	map00680	rn00680	Methane metabolism / C1 metabolism	743	655	619	743	655	104	86	3	R08323, R08328, R10397	29	75	27.88	30	56	34.88	215	29	206	0	85	0	outputs\bigg_prokaryote_bioemma\maps\map00680\iSB619\iSB619_map00680_map.json	outputs\bigg_prokaryote_bioemma\maps\map00680\iSB619\iSB619_map00680_map.html	outputs\bigg_prokaryote_bioemma\maps\map00680\iSB619\summary.json	outputs\bigg_prokaryote_bioemma\models\iSB619.xml	1.661	
built	iSbBS512_1146	Shigella boydii CDC 3083-94	map00010	rn00010	Glycolysis / gluconeogenesis	2591	1910	1147	2591	1910	56	31	0		41	15	73.21	21	10	67.74	275	41	290	0	121	0	outputs\bigg_prokaryote_bioemma\maps\map00010\iSbBS512_1146\iSbBS512_1146_map00010_map.json	outputs\bigg_prokaryote_bioemma\maps\map00010\iSbBS512_1146\iSbBS512_1146_map00010_map.html	outputs\bigg_prokaryote_bioemma\maps\map00010\iSbBS512_1146\summary.json	outputs\bigg_prokaryote_bioemma\models\iSbBS512_1146.xml	1.949	
built	iSbBS512_1146	Shigella boydii CDC 3083-94	map00020	rn00020	Citrate cycle (TCA cycle)	2591	1910	1147	2591	1910	29	20	0		23	6	79.31	13	7	65.0	158	23	171	0	69	0	outputs\bigg_prokaryote_bioemma\maps\map00020\iSbBS512_1146\iSbBS512_1146_map00020_map.json	outputs\bigg_prokaryote_bioemma\maps\map00020\iSbBS512_1146\iSbBS512_1146_map00020_map.html	outputs\bigg_prokaryote_bioemma\maps\map00020\iSbBS512_1146\summary.json	outputs\bigg_prokaryote_bioemma\models\iSbBS512_1146.xml	1.47	
built	iSbBS512_1146	Shigella boydii CDC 3083-94	map00030	rn00030	Pentose phosphate pathway	2591	1910	1147	2591	1910	58	37	1	R06837	32	26	55.17	26	11	70.27	194	32	203	0	67	0	outputs\bigg_prokaryote_bioemma\maps\map00030\iSbBS512_1146\iSbBS512_1146_map00030_map.json	outputs\bigg_prokaryote_bioemma\maps\map00030\iSbBS512_1146\iSbBS512_1146_map00030_map.html	outputs\bigg_prokaryote_bioemma\maps\map00030\iSbBS512_1146\summary.json	outputs\bigg_prokaryote_bioemma\models\iSbBS512_1146.xml	2.001	
built	iSbBS512_1146	Shigella boydii CDC 3083-94	map00680	rn00680	Methane metabolism / C1 metabolism	2591	1910	1147	2591	1910	104	86	3	R08323, R08328, R10397	31	73	29.81	36	50	41.86	233	31	222	0	93	0	outputs\bigg_prokaryote_bioemma\maps\map00680\iSbBS512_1146\iSbBS512_1146_map00680_map.json	outputs\bigg_prokaryote_bioemma\maps\map00680\iSbBS512_1146\iSbBS512_1146_map00680_map.html	outputs\bigg_prokaryote_bioemma\maps\map00680\iSbBS512_1146\summary.json	outputs\bigg_prokaryote_bioemma\models\iSbBS512_1146.xml	3.023	
built	iSBO_1134	Shigella boydii Sb227	map00010	rn00010	Glycolysis / gluconeogenesis	2591	1908	1134	2591	1908	56	31	0		39	17	69.64	21	10	67.74	258	39	271	0	110	0	outputs\bigg_prokaryote_bioemma\maps\map00010\iSBO_1134\iSBO_1134_map00010_map.json	outputs\bigg_prokaryote_bioemma\maps\map00010\iSBO_1134\iSBO_1134_map00010_map.html	outputs\bigg_prokaryote_bioemma\maps\map00010\iSBO_1134\summary.json	outputs\bigg_prokaryote_bioemma\models\iSBO_1134.xml	2.077	
built	iSBO_1134	Shigella boydii Sb227	map00020	rn00020	Citrate cycle (TCA cycle)	2591	1908	1134	2591	1908	29	20	0		23	6	79.31	13	7	65.0	158	23	171	0	69	0	outputs\bigg_prokaryote_bioemma\maps\map00020\iSBO_1134\iSBO_1134_map00020_map.json	outputs\bigg_prokaryote_bioemma\maps\map00020\iSBO_1134\iSBO_1134_map00020_map.html	outputs\bigg_prokaryote_bioemma\maps\map00020\iSBO_1134\summary.json	outputs\bigg_prokaryote_bioemma\models\iSBO_1134.xml	1.365	
built	iSBO_1134	Shigella boydii Sb227	map00030	rn00030	Pentose phosphate pathway	2591	1908	1134	2591	1908	58	37	1	R06837	33	25	56.9	26	11	70.27	199	33	209	0	69	0	outputs\bigg_prokaryote_bioemma\maps\map00030\iSBO_1134\iSBO_1134_map00030_map.json	outputs\bigg_prokaryote_bioemma\maps\map00030\iSBO_1134\iSBO_1134_map00030_map.html	outputs\bigg_prokaryote_bioemma\maps\map00030\iSBO_1134\summary.json	outputs\bigg_prokaryote_bioemma\models\iSBO_1134.xml	1.828	
built	iSBO_1134	Shigella boydii Sb227	map00680	rn00680	Methane metabolism / C1 metabolism	2591	1908	1134	2591	1908	104	86	3	R08323, R08328, R10397	30	74	28.85	36	50	41.86	228	30	216	0	91	0	outputs\bigg_prokaryote_bioemma\maps\map00680\iSBO_1134\iSBO_1134_map00680_map.json	outputs\bigg_prokaryote_bioemma\maps\map00680\iSBO_1134\iSBO_1134_map00680_map.html	outputs\bigg_prokaryote_bioemma\maps\map00680\iSBO_1134\summary.json	outputs\bigg_prokaryote_bioemma\models\iSBO_1134.xml	3.179	
built	iSDY_1059	Shigella dysenteriae Sd197	map00010	rn00010	Glycolysis / gluconeogenesis	2539	1888	1059	2539	1888	56	31	0		37	19	66.07	21	10	67.74	249	37	260	0	107	0	outputs\bigg_prokaryote_bioemma\maps\map00010\iSDY_1059\iSDY_1059_map00010_map.json	outputs\bigg_prokaryote_bioemma\maps\map00010\iSDY_1059\iSDY_1059_map00010_map.html	outputs\bigg_prokaryote_bioemma\maps\map00010\iSDY_1059\summary.json	outputs\bigg_prokaryote_bioemma\models\iSDY_1059.xml	1.873	
built	iSDY_1059	Shigella dysenteriae Sd197	map00020	rn00020	Citrate cycle (TCA cycle)	2539	1888	1059	2539	1888	29	20	0		22	7	75.86	13	7	65.0	154	22	165	0	68	0	outputs\bigg_prokaryote_bioemma\maps\map00020\iSDY_1059\iSDY_1059_map00020_map.json	outputs\bigg_prokaryote_bioemma\maps\map00020\iSDY_1059\iSDY_1059_map00020_map.html	outputs\bigg_prokaryote_bioemma\maps\map00020\iSDY_1059\summary.json	outputs\bigg_prokaryote_bioemma\models\iSDY_1059.xml	1.504	
built	iSDY_1059	Shigella dysenteriae Sd197	map00030	rn00030	Pentose phosphate pathway	2539	1888	1059	2539	1888	58	37	1	R06837	32	26	55.17	26	11	70.27	193	32	202	0	66	0	outputs\bigg_prokaryote_bioemma\maps\map00030\iSDY_1059\iSDY_1059_map00030_map.json	outputs\bigg_prokaryote_bioemma\maps\map00030\iSDY_1059\iSDY_1059_map00030_map.html	outputs\bigg_prokaryote_bioemma\maps\map00030\iSDY_1059\summary.json	outputs\bigg_prokaryote_bioemma\models\iSDY_1059.xml	1.991	
built	iSDY_1059	Shigella dysenteriae Sd197	map00680	rn00680	Methane metabolism / C1 metabolism	2539	1888	1059	2539	1888	104	86	3	R08323, R08328, R10397	30	74	28.85	36	50	41.86	229	30	217	0	92	0	outputs\bigg_prokaryote_bioemma\maps\map00680\iSDY_1059\iSDY_1059_map00680_map.json	outputs\bigg_prokaryote_bioemma\maps\map00680\iSDY_1059\iSDY_1059_map00680_map.html	outputs\bigg_prokaryote_bioemma\maps\map00680\iSDY_1059\summary.json	outputs\bigg_prokaryote_bioemma\models\iSDY_1059.xml	3.108	
built	iSF_1195	Shigella flexneri 2a str. 301	map00010	rn00010	Glycolysis / gluconeogenesis	2630	1917	1195	2630	1917	56	31	0		39	17	69.64	21	10	67.74	259	39	272	0	111	0	outputs\bigg_prokaryote_bioemma\maps\map00010\iSF_1195\iSF_1195_map00010_map.json	outputs\bigg_prokaryote_bioemma\maps\map00010\iSF_1195\iSF_1195_map00010_map.html	outputs\bigg_prokaryote_bioemma\maps\map00010\iSF_1195\summary.json	outputs\bigg_prokaryote_bioemma\models\iSF_1195.xml	2.299	
built	iSF_1195	Shigella flexneri 2a str. 301	map00020	rn00020	Citrate cycle (TCA cycle)	2630	1917	1195	2630	1917	29	20	0		23	6	79.31	13	7	65.0	158	23	171	0	69	0	outputs\bigg_prokaryote_bioemma\maps\map00020\iSF_1195\iSF_1195_map00020_map.json	outputs\bigg_prokaryote_bioemma\maps\map00020\iSF_1195\iSF_1195_map00020_map.html	outputs\bigg_prokaryote_bioemma\maps\map00020\iSF_1195\summary.json	outputs\bigg_prokaryote_bioemma\models\iSF_1195.xml	1.377	
built	iSF_1195	Shigella flexneri 2a str. 301	map00030	rn00030	Pentose phosphate pathway	2630	1917	1195	2630	1917	58	37	1	R06837	33	25	56.9	26	11	70.27	200	33	210	0	70	0	outputs\bigg_prokaryote_bioemma\maps\map00030\iSF_1195\iSF_1195_map00030_map.json	outputs\bigg_prokaryote_bioemma\maps\map00030\iSF_1195\iSF_1195_map00030_map.html	outputs\bigg_prokaryote_bioemma\maps\map00030\iSF_1195\summary.json	outputs\bigg_prokaryote_bioemma\models\iSF_1195.xml	1.849	
built	iSF_1195	Shigella flexneri 2a str. 301	map00680	rn00680	Methane metabolism / C1 metabolism	2630	1917	1195	2630	1917	104	86	3	R08323, R08328, R10397	30	74	28.85	35	51	40.7	231	30	219	0	94	0	outputs\bigg_prokaryote_bioemma\maps\map00680\iSF_1195\iSF_1195_map00680_map.json	outputs\bigg_prokaryote_bioemma\maps\map00680\iSF_1195\iSF_1195_map00680_map.html	outputs\bigg_prokaryote_bioemma\maps\map00680\iSF_1195\summary.json	outputs\bigg_prokaryote_bioemma\models\iSF_1195.xml	3.186	
built	iSFV_1184	Shigella flexneri 5 str. 8401	map00010	rn00010	Glycolysis / gluconeogenesis	2621	1917	1184	2621	1917	56	31	0		41	15	73.21	21	10	67.74	275	41	290	0	121	0	outputs\bigg_prokaryote_bioemma\maps\map00010\iSFV_1184\iSFV_1184_map00010_map.json	outputs\bigg_prokaryote_bioemma\maps\map00010\iSFV_1184\iSFV_1184_map00010_map.html	outputs\bigg_prokaryote_bioemma\maps\map00010\iSFV_1184\summary.json	outputs\bigg_prokaryote_bioemma\models\iSFV_1184.xml	2.092	
built	iSFV_1184	Shigella flexneri 5 str. 8401	map00020	rn00020	Citrate cycle (TCA cycle)	2621	1917	1184	2621	1917	29	20	0		23	6	79.31	13	7	65.0	158	23	171	0	69	0	outputs\bigg_prokaryote_bioemma\maps\map00020\iSFV_1184\iSFV_1184_map00020_map.json	outputs\bigg_prokaryote_bioemma\maps\map00020\iSFV_1184\iSFV_1184_map00020_map.html	outputs\bigg_prokaryote_bioemma\maps\map00020\iSFV_1184\summary.json	outputs\bigg_prokaryote_bioemma\models\iSFV_1184.xml	1.394	
built	iSFV_1184	Shigella flexneri 5 str. 8401	map00030	rn00030	Pentose phosphate pathway	2621	1917	1184	2621	1917	58	37	1	R06837	33	25	56.9	26	11	70.27	200	33	210	0	70	0	outputs\bigg_prokaryote_bioemma\maps\map00030\iSFV_1184\iSFV_1184_map00030_map.json	outputs\bigg_prokaryote_bioemma\maps\map00030\iSFV_1184\iSFV_1184_map00030_map.html	outputs\bigg_prokaryote_bioemma\maps\map00030\iSFV_1184\summary.json	outputs\bigg_prokaryote_bioemma\models\iSFV_1184.xml	1.846	
built	iSFV_1184	Shigella flexneri 5 str. 8401	map00680	rn00680	Methane metabolism / C1 metabolism	2621	1917	1184	2621	1917	104	86	3	R08323, R08328, R10397	31	73	29.81	36	50	41.86	236	31	225	0	96	0	outputs\bigg_prokaryote_bioemma\maps\map00680\iSFV_1184\iSFV_1184_map00680_map.json	outputs\bigg_prokaryote_bioemma\maps\map00680\iSFV_1184\iSFV_1184_map00680_map.html	outputs\bigg_prokaryote_bioemma\maps\map00680\iSFV_1184\summary.json	outputs\bigg_prokaryote_bioemma\models\iSFV_1184.xml	3.172	
built	iSFxv_1172	Shigella flexneri 2002017	map00010	rn00010	Glycolysis / gluconeogenesis	2638	1918	1169	2638	1918	56	31	0		37	19	66.07	21	10	67.74	249	37	260	0	107	0	outputs\bigg_prokaryote_bioemma\maps\map00010\iSFxv_1172\iSFxv_1172_map00010_map.json	outputs\bigg_prokaryote_bioemma\maps\map00010\iSFxv_1172\iSFxv_1172_map00010_map.html	outputs\bigg_prokaryote_bioemma\maps\map00010\iSFxv_1172\summary.json	outputs\bigg_prokaryote_bioemma\models\iSFxv_1172.xml	2.088	
built	iSFxv_1172	Shigella flexneri 2002017	map00020	rn00020	Citrate cycle (TCA cycle)	2638	1918	1169	2638	1918	29	20	0		23	6	79.31	13	7	65.0	158	23	171	0	69	0	outputs\bigg_prokaryote_bioemma\maps\map00020\iSFxv_1172\iSFxv_1172_map00020_map.json	outputs\bigg_prokaryote_bioemma\maps\map00020\iSFxv_1172\iSFxv_1172_map00020_map.html	outputs\bigg_prokaryote_bioemma\maps\map00020\iSFxv_1172\summary.json	outputs\bigg_prokaryote_bioemma\models\iSFxv_1172.xml	1.389	
built	iSFxv_1172	Shigella flexneri 2002017	map00030	rn00030	Pentose phosphate pathway	2638	1918	1169	2638	1918	58	37	1	R06837	33	25	56.9	26	11	70.27	200	33	210	0	70	0	outputs\bigg_prokaryote_bioemma\maps\map00030\iSFxv_1172\iSFxv_1172_map00030_map.json	outputs\bigg_prokaryote_bioemma\maps\map00030\iSFxv_1172\iSFxv_1172_map00030_map.html	outputs\bigg_prokaryote_bioemma\maps\map00030\iSFxv_1172\summary.json	outputs\bigg_prokaryote_bioemma\models\iSFxv_1172.xml	1.837	
built	iSFxv_1172	Shigella flexneri 2002017	map00680	rn00680	Methane metabolism / C1 metabolism	2638	1918	1169	2638	1918	104	86	3	R08323, R08328, R10397	30	74	28.85	35	51	40.7	231	30	219	0	94	0	outputs\bigg_prokaryote_bioemma\maps\map00680\iSFxv_1172\iSFxv_1172_map00680_map.json	outputs\bigg_prokaryote_bioemma\maps\map00680\iSFxv_1172\iSFxv_1172_map00680_map.html	outputs\bigg_prokaryote_bioemma\maps\map00680\iSFxv_1172\summary.json	outputs\bigg_prokaryote_bioemma\models\iSFxv_1172.xml	3.239	
built	iSSON_1240	Shigella sonnei Ss046	map00010	rn00010	Glycolysis / gluconeogenesis	2693	1936	1240	2693	1936	56	31	0		41	15	73.21	21	10	67.74	279	41	294	0	125	0	outputs\bigg_prokaryote_bioemma\maps\map00010\iSSON_1240\iSSON_1240_map00010_map.json	outputs\bigg_prokaryote_bioemma\maps\map00010\iSSON_1240\iSSON_1240_map00010_map.html	outputs\bigg_prokaryote_bioemma\maps\map00010\iSSON_1240\summary.json	outputs\bigg_prokaryote_bioemma\models\iSSON_1240.xml	2.083	
built	iSSON_1240	Shigella sonnei Ss046	map00020	rn00020	Citrate cycle (TCA cycle)	2693	1936	1240	2693	1936	29	20	0		23	6	79.31	13	7	65.0	158	23	171	0	69	0	outputs\bigg_prokaryote_bioemma\maps\map00020\iSSON_1240\iSSON_1240_map00020_map.json	outputs\bigg_prokaryote_bioemma\maps\map00020\iSSON_1240\iSSON_1240_map00020_map.html	outputs\bigg_prokaryote_bioemma\maps\map00020\iSSON_1240\summary.json	outputs\bigg_prokaryote_bioemma\models\iSSON_1240.xml	1.809	
built	iSSON_1240	Shigella sonnei Ss046	map00030	rn00030	Pentose phosphate pathway	2693	1936	1240	2693	1936	58	37	1	R06837	34	24	58.62	26	11	70.27	205	34	216	0	72	0	outputs\bigg_prokaryote_bioemma\maps\map00030\iSSON_1240\iSSON_1240_map00030_map.json	outputs\bigg_prokaryote_bioemma\maps\map00030\iSSON_1240\iSSON_1240_map00030_map.html	outputs\bigg_prokaryote_bioemma\maps\map00030\iSSON_1240\summary.json	outputs\bigg_prokaryote_bioemma\models\iSSON_1240.xml	1.879	
built	iSSON_1240	Shigella sonnei Ss046	map00680	rn00680	Methane metabolism / C1 metabolism	2693	1936	1240	2693	1936	104	86	3	R08323, R08328, R10397	31	73	29.81	36	50	41.86	234	31	223	0	94	0	outputs\bigg_prokaryote_bioemma\maps\map00680\iSSON_1240\iSSON_1240_map00680_map.json	outputs\bigg_prokaryote_bioemma\maps\map00680\iSSON_1240\iSSON_1240_map00680_map.html	outputs\bigg_prokaryote_bioemma\maps\map00680\iSSON_1240\summary.json	outputs\bigg_prokaryote_bioemma\models\iSSON_1240.xml	3.28	
built	iSynCJ816	Synechocystis sp. PCC 6803	map00010	rn00010	Glycolysis / gluconeogenesis	1044	928	816	1044	928	56	31	0		30	26	53.57	20	11	64.52	205	30	213	0	88	0	outputs\bigg_prokaryote_bioemma\maps\map00010\iSynCJ816\iSynCJ816_map00010_map.json	outputs\bigg_prokaryote_bioemma\maps\map00010\iSynCJ816\iSynCJ816_map00010_map.html	outputs\bigg_prokaryote_bioemma\maps\map00010\iSynCJ816\summary.json	outputs\bigg_prokaryote_bioemma\models\iSynCJ816.xml	1.396	
built	iSynCJ816	Synechocystis sp. PCC 6803	map00020	rn00020	Citrate cycle (TCA cycle)	1044	928	816	1044	928	29	20	0		16	13	55.17	13	7	65.0	118	16	121	0	52	0	outputs\bigg_prokaryote_bioemma\maps\map00020\iSynCJ816\iSynCJ816_map00020_map.json	outputs\bigg_prokaryote_bioemma\maps\map00020\iSynCJ816\iSynCJ816_map00020_map.html	outputs\bigg_prokaryote_bioemma\maps\map00020\iSynCJ816\summary.json	outputs\bigg_prokaryote_bioemma\models\iSynCJ816.xml	1.32	
built	iSynCJ816	Synechocystis sp. PCC 6803	map00030	rn00030	Pentose phosphate pathway	1044	928	816	1044	928	58	37	1	R06837	26	32	44.83	24	13	64.86	158	26	163	0	53	0	outputs\bigg_prokaryote_bioemma\maps\map00030\iSynCJ816\iSynCJ816_map00030_map.json	outputs\bigg_prokaryote_bioemma\maps\map00030\iSynCJ816\iSynCJ816_map00030_map.html	outputs\bigg_prokaryote_bioemma\maps\map00030\iSynCJ816\summary.json	outputs\bigg_prokaryote_bioemma\models\iSynCJ816.xml	1.256	
built	iSynCJ816	Synechocystis sp. PCC 6803	map00680	rn00680	Methane metabolism / C1 metabolism	1044	928	816	1044	928	104	86	3	R08323, R08328, R10397	30	74	28.85	30	56	34.88	222	30	214	0	87	0	outputs\bigg_prokaryote_bioemma\maps\map00680\iSynCJ816\iSynCJ816_map00680_map.json	outputs\bigg_prokaryote_bioemma\maps\map00680\iSynCJ816\iSynCJ816_map00680_map.html	outputs\bigg_prokaryote_bioemma\maps\map00680\iSynCJ816\summary.json	outputs\bigg_prokaryote_bioemma\models\iSynCJ816.xml	1.922	
built	iUMN146_1321	Escherichia coli UM146	map00010	rn00010	Glycolysis / gluconeogenesis	2735	1942	1319	2735	1942	56	31	0		41	15	73.21	22	9	70.97	279	41	294	0	125	0	outputs\bigg_prokaryote_bioemma\maps\map00010\iUMN146_1321\iUMN146_1321_map00010_map.json	outputs\bigg_prokaryote_bioemma\maps\map00010\iUMN146_1321\iUMN146_1321_map00010_map.html	outputs\bigg_prokaryote_bioemma\maps\map00010\iUMN146_1321\summary.json	outputs\bigg_prokaryote_bioemma\models\iUMN146_1321.xml	2.088	
built	iUMN146_1321	Escherichia coli UM146	map00020	rn00020	Citrate cycle (TCA cycle)	2735	1942	1319	2735	1942	29	20	0		23	6	79.31	13	7	65.0	158	23	171	0	69	0	outputs\bigg_prokaryote_bioemma\maps\map00020\iUMN146_1321\iUMN146_1321_map00020_map.json	outputs\bigg_prokaryote_bioemma\maps\map00020\iUMN146_1321\iUMN146_1321_map00020_map.html	outputs\bigg_prokaryote_bioemma\maps\map00020\iUMN146_1321\summary.json	outputs\bigg_prokaryote_bioemma\models\iUMN146_1321.xml	1.407	
built	iUMN146_1321	Escherichia coli UM146	map00030	rn00030	Pentose phosphate pathway	2735	1942	1319	2735	1942	58	37	1	R06837	34	24	58.62	26	11	70.27	206	34	217	0	73	0	outputs\bigg_prokaryote_bioemma\maps\map00030\iUMN146_1321\iUMN146_1321_map00030_map.json	outputs\bigg_prokaryote_bioemma\maps\map00030\iUMN146_1321\iUMN146_1321_map00030_map.html	outputs\bigg_prokaryote_bioemma\maps\map00030\iUMN146_1321\summary.json	outputs\bigg_prokaryote_bioemma\models\iUMN146_1321.xml	1.895	
built	iUMN146_1321	Escherichia coli UM146	map00680	rn00680	Methane metabolism / C1 metabolism	2735	1942	1319	2735	1942	104	86	3	R08323, R08328, R10397	32	72	30.77	36	50	41.86	239	32	229	0	96	0	outputs\bigg_prokaryote_bioemma\maps\map00680\iUMN146_1321\iUMN146_1321_map00680_map.json	outputs\bigg_prokaryote_bioemma\maps\map00680\iUMN146_1321\iUMN146_1321_map00680_map.html	outputs\bigg_prokaryote_bioemma\maps\map00680\iUMN146_1321\summary.json	outputs\bigg_prokaryote_bioemma\models\iUMN146_1321.xml	3.253	
built	iUMNK88_1353	Escherichia coli UMNK88	map00010	rn00010	Glycolysis / gluconeogenesis	2777	1969	1353	2777	1969	56	31	0		41	15	73.21	22	9	70.97	277	41	292	0	123	0	outputs\bigg_prokaryote_bioemma\maps\map00010\iUMNK88_1353\iUMNK88_1353_map00010_map.json	outputs\bigg_prokaryote_bioemma\maps\map00010\iUMNK88_1353\iUMNK88_1353_map00010_map.html	outputs\bigg_prokaryote_bioemma\maps\map00010\iUMNK88_1353\summary.json	outputs\bigg_prokaryote_bioemma\models\iUMNK88_1353.xml	2.037	
built	iUMNK88_1353	Escherichia coli UMNK88	map00020	rn00020	Citrate cycle (TCA cycle)	2777	1969	1353	2777	1969	29	20	0		23	6	79.31	13	7	65.0	158	23	171	0	69	0	outputs\bigg_prokaryote_bioemma\maps\map00020\iUMNK88_1353\iUMNK88_1353_map00020_map.json	outputs\bigg_prokaryote_bioemma\maps\map00020\iUMNK88_1353\iUMNK88_1353_map00020_map.html	outputs\bigg_prokaryote_bioemma\maps\map00020\iUMNK88_1353\summary.json	outputs\bigg_prokaryote_bioemma\models\iUMNK88_1353.xml	1.529	
built	iUMNK88_1353	Escherichia coli UMNK88	map00030	rn00030	Pentose phosphate pathway	2777	1969	1353	2777	1969	58	37	1	R06837	34	24	58.62	26	11	70.27	206	34	217	0	73	0	outputs\bigg_prokaryote_bioemma\maps\map00030\iUMNK88_1353\iUMNK88_1353_map00030_map.json	outputs\bigg_prokaryote_bioemma\maps\map00030\iUMNK88_1353\iUMNK88_1353_map00030_map.html	outputs\bigg_prokaryote_bioemma\maps\map00030\iUMNK88_1353\summary.json	outputs\bigg_prokaryote_bioemma\models\iUMNK88_1353.xml	2.04	
built	iUMNK88_1353	Escherichia coli UMNK88	map00680	rn00680	Methane metabolism / C1 metabolism	2777	1969	1353	2777	1969	104	86	3	R08323, R08328, R10397	32	72	30.77	36	50	41.86	239	32	229	0	96	0	outputs\bigg_prokaryote_bioemma\maps\map00680\iUMNK88_1353\iUMNK88_1353_map00680_map.json	outputs\bigg_prokaryote_bioemma\maps\map00680\iUMNK88_1353\iUMNK88_1353_map00680_map.html	outputs\bigg_prokaryote_bioemma\maps\map00680\iUMNK88_1353\summary.json	outputs\bigg_prokaryote_bioemma\models\iUMNK88_1353.xml	3.467	
built	iUTI89_1310	Escherichia coli UTI89	map00010	rn00010	Glycolysis / gluconeogenesis	2725	1940	1310	2725	1940	56	31	0		41	15	73.21	22	9	70.97	279	41	294	0	125	0	outputs\bigg_prokaryote_bioemma\maps\map00010\iUTI89_1310\iUTI89_1310_map00010_map.json	outputs\bigg_prokaryote_bioemma\maps\map00010\iUTI89_1310\iUTI89_1310_map00010_map.html	outputs\bigg_prokaryote_bioemma\maps\map00010\iUTI89_1310\summary.json	outputs\bigg_prokaryote_bioemma\models\iUTI89_1310.xml	2.115	
built	iUTI89_1310	Escherichia coli UTI89	map00020	rn00020	Citrate cycle (TCA cycle)	2725	1940	1310	2725	1940	29	20	0		23	6	79.31	13	7	65.0	158	23	171	0	69	0	outputs\bigg_prokaryote_bioemma\maps\map00020\iUTI89_1310\iUTI89_1310_map00020_map.json	outputs\bigg_prokaryote_bioemma\maps\map00020\iUTI89_1310\iUTI89_1310_map00020_map.html	outputs\bigg_prokaryote_bioemma\maps\map00020\iUTI89_1310\summary.json	outputs\bigg_prokaryote_bioemma\models\iUTI89_1310.xml	1.563	
built	iUTI89_1310	Escherichia coli UTI89	map00030	rn00030	Pentose phosphate pathway	2725	1940	1310	2725	1940	58	37	1	R06837	34	24	58.62	26	11	70.27	206	34	217	0	73	0	outputs\bigg_prokaryote_bioemma\maps\map00030\iUTI89_1310\iUTI89_1310_map00030_map.json	outputs\bigg_prokaryote_bioemma\maps\map00030\iUTI89_1310\iUTI89_1310_map00030_map.html	outputs\bigg_prokaryote_bioemma\maps\map00030\iUTI89_1310\summary.json	outputs\bigg_prokaryote_bioemma\models\iUTI89_1310.xml	1.975	
built	iUTI89_1310	Escherichia coli UTI89	map00680	rn00680	Methane metabolism / C1 metabolism	2725	1940	1310	2725	1940	104	86	3	R08323, R08328, R10397	32	72	30.77	36	50	41.86	239	32	229	0	96	0	outputs\bigg_prokaryote_bioemma\maps\map00680\iUTI89_1310\iUTI89_1310_map00680_map.json	outputs\bigg_prokaryote_bioemma\maps\map00680\iUTI89_1310\iUTI89_1310_map00680_map.html	outputs\bigg_prokaryote_bioemma\maps\map00680\iUTI89_1310\summary.json	outputs\bigg_prokaryote_bioemma\models\iUTI89_1310.xml	3.337	
built	iWFL_1372	Escherichia coli W	map00010	rn00010	Glycolysis / gluconeogenesis	2782	1973	1372	2782	1973	56	31	0		41	15	73.21	22	9	70.97	277	41	292	0	123	0	outputs\bigg_prokaryote_bioemma\maps\map00010\iWFL_1372\iWFL_1372_map00010_map.json	outputs\bigg_prokaryote_bioemma\maps\map00010\iWFL_1372\iWFL_1372_map00010_map.html	outputs\bigg_prokaryote_bioemma\maps\map00010\iWFL_1372\summary.json	outputs\bigg_prokaryote_bioemma\models\iWFL_1372.xml	2.121	
built	iWFL_1372	Escherichia coli W	map00020	rn00020	Citrate cycle (TCA cycle)	2782	1973	1372	2782	1973	29	20	0		23	6	79.31	13	7	65.0	158	23	171	0	69	0	outputs\bigg_prokaryote_bioemma\maps\map00020\iWFL_1372\iWFL_1372_map00020_map.json	outputs\bigg_prokaryote_bioemma\maps\map00020\iWFL_1372\iWFL_1372_map00020_map.html	outputs\bigg_prokaryote_bioemma\maps\map00020\iWFL_1372\summary.json	outputs\bigg_prokaryote_bioemma\models\iWFL_1372.xml	1.539	
built	iWFL_1372	Escherichia coli W	map00030	rn00030	Pentose phosphate pathway	2782	1973	1372	2782	1973	58	37	1	R06837	34	24	58.62	26	11	70.27	206	34	217	0	73	0	outputs\bigg_prokaryote_bioemma\maps\map00030\iWFL_1372\iWFL_1372_map00030_map.json	outputs\bigg_prokaryote_bioemma\maps\map00030\iWFL_1372\iWFL_1372_map00030_map.html	outputs\bigg_prokaryote_bioemma\maps\map00030\iWFL_1372\summary.json	outputs\bigg_prokaryote_bioemma\models\iWFL_1372.xml	2.13	
built	iWFL_1372	Escherichia coli W	map00680	rn00680	Methane metabolism / C1 metabolism	2782	1973	1372	2782	1973	104	86	3	R08323, R08328, R10397	32	72	30.77	36	50	41.86	239	32	229	0	96	0	outputs\bigg_prokaryote_bioemma\maps\map00680\iWFL_1372\iWFL_1372_map00680_map.json	outputs\bigg_prokaryote_bioemma\maps\map00680\iWFL_1372\iWFL_1372_map00680_map.html	outputs\bigg_prokaryote_bioemma\maps\map00680\iWFL_1372\summary.json	outputs\bigg_prokaryote_bioemma\models\iWFL_1372.xml	3.204	
built	iY75_1357	Escherichia coli str. K-12 substr. W3110	map00010	rn00010	Glycolysis / gluconeogenesis	2759	1953	1358	2759	1953	56	31	0		41	15	73.21	21	10	67.74	276	41	291	0	122	0	outputs\bigg_prokaryote_bioemma\maps\map00010\iY75_1357\iY75_1357_map00010_map.json	outputs\bigg_prokaryote_bioemma\maps\map00010\iY75_1357\iY75_1357_map00010_map.html	outputs\bigg_prokaryote_bioemma\maps\map00010\iY75_1357\summary.json	outputs\bigg_prokaryote_bioemma\models\iY75_1357.xml	2.254	
built	iY75_1357	Escherichia coli str. K-12 substr. W3110	map00020	rn00020	Citrate cycle (TCA cycle)	2759	1953	1358	2759	1953	29	20	0		23	6	79.31	13	7	65.0	157	23	170	0	68	0	outputs\bigg_prokaryote_bioemma\maps\map00020\iY75_1357\iY75_1357_map00020_map.json	outputs\bigg_prokaryote_bioemma\maps\map00020\iY75_1357\iY75_1357_map00020_map.html	outputs\bigg_prokaryote_bioemma\maps\map00020\iY75_1357\summary.json	outputs\bigg_prokaryote_bioemma\models\iY75_1357.xml	1.424	
built	iY75_1357	Escherichia coli str. K-12 substr. W3110	map00030	rn00030	Pentose phosphate pathway	2759	1953	1358	2759	1953	58	37	1	R06837	34	24	58.62	26	11	70.27	205	34	216	0	72	0	outputs\bigg_prokaryote_bioemma\maps\map00030\iY75_1357\iY75_1357_map00030_map.json	outputs\bigg_prokaryote_bioemma\maps\map00030\iY75_1357\iY75_1357_map00030_map.html	outputs\bigg_prokaryote_bioemma\maps\map00030\iY75_1357\summary.json	outputs\bigg_prokaryote_bioemma\models\iY75_1357.xml	1.911	
built	iY75_1357	Escherichia coli str. K-12 substr. W3110	map00680	rn00680	Methane metabolism / C1 metabolism	2759	1953	1358	2759	1953	104	86	3	R08323, R08328, R10397	32	72	30.77	36	50	41.86	238	32	228	0	95	0	outputs\bigg_prokaryote_bioemma\maps\map00680\iY75_1357\iY75_1357_map00680_map.json	outputs\bigg_prokaryote_bioemma\maps\map00680\iY75_1357\iY75_1357_map00680_map.html	outputs\bigg_prokaryote_bioemma\maps\map00680\iY75_1357\summary.json	outputs\bigg_prokaryote_bioemma\models\iY75_1357.xml	3.52	
built	iYL1228	Klebsiella pneumoniae subsp. pneumoniae MGH 78578	map00010	rn00010	Glycolysis / gluconeogenesis	2262	1658	1229	2262	1658	56	31	0		39	17	69.64	19	12	61.29	259	39	272	0	111	0	outputs\bigg_prokaryote_bioemma\maps\map00010\iYL1228\iYL1228_map00010_map.json	outputs\bigg_prokaryote_bioemma\maps\map00010\iYL1228\iYL1228_map00010_map.html	outputs\bigg_prokaryote_bioemma\maps\map00010\iYL1228\summary.json	outputs\bigg_prokaryote_bioemma\models\iYL1228.xml	1.966	
built	iYL1228	Klebsiella pneumoniae subsp. pneumoniae MGH 78578	map00020	rn00020	Citrate cycle (TCA cycle)	2262	1658	1229	2262	1658	29	20	0		22	7	75.86	13	7	65.0	150	22	162	0	64	0	outputs\bigg_prokaryote_bioemma\maps\map00020\iYL1228\iYL1228_map00020_map.json	outputs\bigg_prokaryote_bioemma\maps\map00020\iYL1228\iYL1228_map00020_map.html	outputs\bigg_prokaryote_bioemma\maps\map00020\iYL1228\summary.json	outputs\bigg_prokaryote_bioemma\models\iYL1228.xml	1.448	
built	iYL1228	Klebsiella pneumoniae subsp. pneumoniae MGH 78578	map00030	rn00030	Pentose phosphate pathway	2262	1658	1229	2262	1658	58	37	1	R06837	34	24	58.62	26	11	70.27	204	34	215	0	71	0	outputs\bigg_prokaryote_bioemma\maps\map00030\iYL1228\iYL1228_map00030_map.json	outputs\bigg_prokaryote_bioemma\maps\map00030\iYL1228\iYL1228_map00030_map.html	outputs\bigg_prokaryote_bioemma\maps\map00030\iYL1228\summary.json	outputs\bigg_prokaryote_bioemma\models\iYL1228.xml	1.952	
built	iYL1228	Klebsiella pneumoniae subsp. pneumoniae MGH 78578	map00680	rn00680	Methane metabolism / C1 metabolism	2262	1658	1229	2262	1658	104	86	3	R08323, R08328, R10397	34	70	32.69	36	50	41.86	262	34	252	0	111	0	outputs\bigg_prokaryote_bioemma\maps\map00680\iYL1228\iYL1228_map00680_map.json	outputs\bigg_prokaryote_bioemma\maps\map00680\iYL1228\iYL1228_map00680_map.html	outputs\bigg_prokaryote_bioemma\maps\map00680\iYL1228\summary.json	outputs\bigg_prokaryote_bioemma\models\iYL1228.xml	2.789	
built	iYO844	Bacillus subtilis subsp. subtilis str. 168	map00010	rn00010	Glycolysis / gluconeogenesis	1250	990	844	1250	990	56	31	0		36	20	64.29	23	8	74.19	240	36	250	0	101	0	outputs\bigg_prokaryote_bioemma\maps\map00010\iYO844\iYO844_map00010_map.json	outputs\bigg_prokaryote_bioemma\maps\map00010\iYO844\iYO844_map00010_map.html	outputs\bigg_prokaryote_bioemma\maps\map00010\iYO844\summary.json	outputs\bigg_prokaryote_bioemma\models\iYO844.xml	1.499	
built	iYO844	Bacillus subtilis subsp. subtilis str. 168	map00020	rn00020	Citrate cycle (TCA cycle)	1250	990	844	1250	990	29	20	0		21	8	72.41	12	8	60.0	146	21	156	0	63	0	outputs\bigg_prokaryote_bioemma\maps\map00020\iYO844\iYO844_map00020_map.json	outputs\bigg_prokaryote_bioemma\maps\map00020\iYO844\iYO844_map00020_map.html	outputs\bigg_prokaryote_bioemma\maps\map00020\iYO844\summary.json	outputs\bigg_prokaryote_bioemma\models\iYO844.xml	1.211	
built	iYO844	Bacillus subtilis subsp. subtilis str. 168	map00030	rn00030	Pentose phosphate pathway	1250	990	844	1250	990	58	37	1	R06837	30	28	51.72	27	10	72.97	180	30	189	0	61	0	outputs\bigg_prokaryote_bioemma\maps\map00030\iYO844\iYO844_map00030_map.json	outputs\bigg_prokaryote_bioemma\maps\map00030\iYO844\iYO844_map00030_map.html	outputs\bigg_prokaryote_bioemma\maps\map00030\iYO844\summary.json	outputs\bigg_prokaryote_bioemma\models\iYO844.xml	1.439	
built	iYO844	Bacillus subtilis subsp. subtilis str. 168	map00680	rn00680	Methane metabolism / C1 metabolism	1250	990	844	1250	990	104	86	3	R08323, R08328, R10397	27	77	25.96	31	55	36.05	201	27	189	0	76	0	outputs\bigg_prokaryote_bioemma\maps\map00680\iYO844\iYO844_map00680_map.json	outputs\bigg_prokaryote_bioemma\maps\map00680\iYO844\iYO844_map00680_map.html	outputs\bigg_prokaryote_bioemma\maps\map00680\iYO844\summary.json	outputs\bigg_prokaryote_bioemma\models\iYO844.xml	2.076	
built	iYS1720	Salmonella pan-reactome	map00010	rn00010	Glycolysis / gluconeogenesis	3357	2436	1707	3357	2436	56	31	0		41	15	73.21	19	12	61.29	280	41	295	0	126	0	outputs\bigg_prokaryote_bioemma\maps\map00010\iYS1720\iYS1720_map00010_map.json	outputs\bigg_prokaryote_bioemma\maps\map00010\iYS1720\iYS1720_map00010_map.html	outputs\bigg_prokaryote_bioemma\maps\map00010\iYS1720\summary.json	outputs\bigg_prokaryote_bioemma\models\iYS1720.xml	2.409	
built	iYS1720	Salmonella pan-reactome	map00020	rn00020	Citrate cycle (TCA cycle)	3357	2436	1707	3357	2436	29	20	0		22	7	75.86	13	7	65.0	156	22	168	0	70	0	outputs\bigg_prokaryote_bioemma\maps\map00020\iYS1720\iYS1720_map00020_map.json	outputs\bigg_prokaryote_bioemma\maps\map00020\iYS1720\iYS1720_map00020_map.html	outputs\bigg_prokaryote_bioemma\maps\map00020\iYS1720\summary.json	outputs\bigg_prokaryote_bioemma\models\iYS1720.xml	1.518	
built	iYS1720	Salmonella pan-reactome	map00030	rn00030	Pentose phosphate pathway	3357	2436	1707	3357	2436	58	37	1	R06837	32	26	55.17	26	11	70.27	191	32	201	0	65	0	outputs\bigg_prokaryote_bioemma\maps\map00030\iYS1720\iYS1720_map00030_map.json	outputs\bigg_prokaryote_bioemma\maps\map00030\iYS1720\iYS1720_map00030_map.html	outputs\bigg_prokaryote_bioemma\maps\map00030\iYS1720\summary.json	outputs\bigg_prokaryote_bioemma\models\iYS1720.xml	2.091	
built	iYS1720	Salmonella pan-reactome	map00680	rn00680	Methane metabolism / C1 metabolism	3357	2436	1707	3357	2436	104	86	3	R08323, R08328, R10397	32	72	30.77	35	51	40.7	239	32	229	0	96	0	outputs\bigg_prokaryote_bioemma\maps\map00680\iYS1720\iYS1720_map00680_map.json	outputs\bigg_prokaryote_bioemma\maps\map00680\iYS1720\iYS1720_map00680_map.html	outputs\bigg_prokaryote_bioemma\maps\map00680\iYS1720\summary.json	outputs\bigg_prokaryote_bioemma\models\iYS1720.xml	3.801	
built	iYS854	Staphylococcus aureus subsp. aureus USA300_TCH1516	map00010	rn00010	Glycolysis / gluconeogenesis	1455	1335	866	1455	1335	56	31	0		36	20	64.29	24	7	77.42	234	36	244	0	95	0	outputs\bigg_prokaryote_bioemma\maps\map00010\iYS854\iYS854_map00010_map.json	outputs\bigg_prokaryote_bioemma\maps\map00010\iYS854\iYS854_map00010_map.html	outputs\bigg_prokaryote_bioemma\maps\map00010\iYS854\summary.json	outputs\bigg_prokaryote_bioemma\models\iYS854.xml	1.641	
built	iYS854	Staphylococcus aureus subsp. aureus USA300_TCH1516	map00020	rn00020	Citrate cycle (TCA cycle)	1455	1335	866	1455	1335	29	20	0		20	9	68.97	14	6	70.0	144	20	154	0	64	0	outputs\bigg_prokaryote_bioemma\maps\map00020\iYS854\iYS854_map00020_map.json	outputs\bigg_prokaryote_bioemma\maps\map00020\iYS854\iYS854_map00020_map.html	outputs\bigg_prokaryote_bioemma\maps\map00020\iYS854\summary.json	outputs\bigg_prokaryote_bioemma\models\iYS854.xml	1.135	
built	iYS854	Staphylococcus aureus subsp. aureus USA300_TCH1516	map00030	rn00030	Pentose phosphate pathway	1455	1335	866	1455	1335	58	37	1	R06837	27	31	46.55	27	10	72.97	157	27	163	0	47	0	outputs\bigg_prokaryote_bioemma\maps\map00030\iYS854\iYS854_map00030_map.json	outputs\bigg_prokaryote_bioemma\maps\map00030\iYS854\iYS854_map00030_map.html	outputs\bigg_prokaryote_bioemma\maps\map00030\iYS854\summary.json	outputs\bigg_prokaryote_bioemma\models\iYS854.xml	1.799	
built	iYS854	Staphylococcus aureus subsp. aureus USA300_TCH1516	map00680	rn00680	Methane metabolism / C1 metabolism	1455	1335	866	1455	1335	104	86	3	R08323, R08328, R10397	28	76	26.92	33	53	38.37	216	28	205	0	88	0	outputs\bigg_prokaryote_bioemma\maps\map00680\iYS854\iYS854_map00680_map.json	outputs\bigg_prokaryote_bioemma\maps\map00680\iYS854\iYS854_map00680_map.html	outputs\bigg_prokaryote_bioemma\maps\map00680\iYS854\summary.json	outputs\bigg_prokaryote_bioemma\models\iYS854.xml	2.28	
built	iZ_1308	Escherichia coli O157:H7 str. EDL933	map00010	rn00010	Glycolysis / gluconeogenesis	2721	1923	1308	2721	1923	56	31	0		41	15	73.21	21	10	67.74	277	41	292	0	123	0	outputs\bigg_prokaryote_bioemma\maps\map00010\iZ_1308\iZ_1308_map00010_map.json	outputs\bigg_prokaryote_bioemma\maps\map00010\iZ_1308\iZ_1308_map00010_map.html	outputs\bigg_prokaryote_bioemma\maps\map00010\iZ_1308\summary.json	outputs\bigg_prokaryote_bioemma\models\iZ_1308.xml	2.092	
built	iZ_1308	Escherichia coli O157:H7 str. EDL933	map00020	rn00020	Citrate cycle (TCA cycle)	2721	1923	1308	2721	1923	29	20	0		23	6	79.31	13	7	65.0	158	23	171	0	69	0	outputs\bigg_prokaryote_bioemma\maps\map00020\iZ_1308\iZ_1308_map00020_map.json	outputs\bigg_prokaryote_bioemma\maps\map00020\iZ_1308\iZ_1308_map00020_map.html	outputs\bigg_prokaryote_bioemma\maps\map00020\iZ_1308\summary.json	outputs\bigg_prokaryote_bioemma\models\iZ_1308.xml	1.387	
built	iZ_1308	Escherichia coli O157:H7 str. EDL933	map00030	rn00030	Pentose phosphate pathway	2721	1923	1308	2721	1923	58	37	1	R06837	33	25	56.9	26	11	70.27	199	33	209	0	69	0	outputs\bigg_prokaryote_bioemma\maps\map00030\iZ_1308\iZ_1308_map00030_map.json	outputs\bigg_prokaryote_bioemma\maps\map00030\iZ_1308\iZ_1308_map00030_map.html	outputs\bigg_prokaryote_bioemma\maps\map00030\iZ_1308\summary.json	outputs\bigg_prokaryote_bioemma\models\iZ_1308.xml	2.051	
built	iZ_1308	Escherichia coli O157:H7 str. EDL933	map00680	rn00680	Methane metabolism / C1 metabolism	2721	1923	1308	2721	1923	104	86	3	R08323, R08328, R10397	32	72	30.77	36	50	41.86	239	32	229	0	96	0	outputs\bigg_prokaryote_bioemma\maps\map00680\iZ_1308\iZ_1308_map00680_map.json	outputs\bigg_prokaryote_bioemma\maps\map00680\iZ_1308\iZ_1308_map00680_map.html	outputs\bigg_prokaryote_bioemma\maps\map00680\iZ_1308\summary.json	outputs\bigg_prokaryote_bioemma\models\iZ_1308.xml	3.113	
built	STM_v1_0	Salmonella enterica subsp. enterica serovar Typhimurium str. LT2	map00010	rn00010	Glycolysis / gluconeogenesis	2545	1802	1271	2545	1802	56	31	0		41	15	73.21	19	12	61.29	277	41	292	0	123	0	outputs\bigg_prokaryote_bioemma\maps\map00010\STM_v1_0\STM_v1_0_map00010_map.json	outputs\bigg_prokaryote_bioemma\maps\map00010\STM_v1_0\STM_v1_0_map00010_map.html	outputs\bigg_prokaryote_bioemma\maps\map00010\STM_v1_0\summary.json	outputs\bigg_prokaryote_bioemma\models\STM_v1_0.xml	2.008	
built	STM_v1_0	Salmonella enterica subsp. enterica serovar Typhimurium str. LT2	map00020	rn00020	Citrate cycle (TCA cycle)	2545	1802	1271	2545	1802	29	20	0		22	7	75.86	13	7	65.0	153	22	165	0	67	0	outputs\bigg_prokaryote_bioemma\maps\map00020\STM_v1_0\STM_v1_0_map00020_map.json	outputs\bigg_prokaryote_bioemma\maps\map00020\STM_v1_0\STM_v1_0_map00020_map.html	outputs\bigg_prokaryote_bioemma\maps\map00020\STM_v1_0\summary.json	outputs\bigg_prokaryote_bioemma\models\STM_v1_0.xml	1.508	
built	STM_v1_0	Salmonella enterica subsp. enterica serovar Typhimurium str. LT2	map00030	rn00030	Pentose phosphate pathway	2545	1802	1271	2545	1802	58	37	1	R06837	32	26	55.17	26	11	70.27	191	32	201	0	65	0	outputs\bigg_prokaryote_bioemma\maps\map00030\STM_v1_0\STM_v1_0_map00030_map.json	outputs\bigg_prokaryote_bioemma\maps\map00030\STM_v1_0\STM_v1_0_map00030_map.html	outputs\bigg_prokaryote_bioemma\maps\map00030\STM_v1_0\summary.json	outputs\bigg_prokaryote_bioemma\models\STM_v1_0.xml	1.986	
built	STM_v1_0	Salmonella enterica subsp. enterica serovar Typhimurium str. LT2	map00680	rn00680	Methane metabolism / C1 metabolism	2545	1802	1271	2545	1802	104	86	3	R08323, R08328, R10397	32	72	30.77	35	51	40.7	238	32	228	0	95	0	outputs\bigg_prokaryote_bioemma\maps\map00680\STM_v1_0\STM_v1_0_map00680_map.json	outputs\bigg_prokaryote_bioemma\maps\map00680\STM_v1_0\STM_v1_0_map00680_map.html	outputs\bigg_prokaryote_bioemma\maps\map00680\STM_v1_0\summary.json	outputs\bigg_prokaryote_bioemma\models\STM_v1_0.xml	3.007	
